Date,Open,High,Low,Close,Volume
2018-06-12,94.00394559113876,94.40739600140115,92.79359436035156,92.79359436035156,3722148.0
2018-06-13,93.19704319880559,94.81084481263773,93.19704319880559,94.40739440917969,3516769.0
2018-06-14,93.19705330698115,93.6005037541975,91.98670196533203,91.98670196533203,3848258.0
2018-06-15,92.79358784007606,92.79358784007606,90.77633593050919,91.58323669433594,6726881.0
2018-06-19,89.96943740499505,90.3728877969457,88.75908622914311,89.16253662109375,6285033.0
2018-06-20,89.56598663330078,90.37288741378097,88.75908585282059,89.56598663330078,3110038.0
2018-06-21,90.77633818889636,90.77633818889636,89.16253662109375,89.16253662109375,2773849.0
2018-06-22,89.16253662109375,89.5659870130444,88.75908622914311,89.16253662109375,3225526.0
2018-06-25,89.16254466663707,89.5659950949929,88.75909423828125,88.75909423828125,3074375.0
2018-06-26,88.75908816302264,89.16253856376366,86.74183615931759,87.1452865600586,5244992.0
2018-06-27,87.54873735294785,87.952187755496,86.33838614530342,86.74183654785156,4791206.0
2018-06-28,86.33838653564453,87.54873774876104,85.93493613127237,86.33838653564453,3181918.0
2018-06-29,86.74183501500517,88.35563659667969,86.33838461958655,88.35563659667969,5454133.0
2018-07-02,89.20113737845536,89.62389158404045,88.35562896728516,88.35562896728516,3761108.0
2018-07-03,88.35563846734854,88.77839271838849,87.9328842163086,87.9328842163086,2750900.0
2018-07-04,88.35563238735857,88.35563238735857,85.39635283371499,85.81910705566406,4749470.0
2018-07-05,85.81910929558781,86.241863528571,83.11348478478246,83.62078857421875,9746190.0
2018-07-06,83.70534392957822,84.55085245411942,83.45168879192862,83.87444305419922,5531706.0
2018-07-09,84.97359679726993,87.93287628772212,84.5508425843482,86.24185943603516,5602877.0
2018-07-10,87.08737368699981,87.51012792819884,85.81911096340272,86.66461944580078,5075756.0
2018-07-11,86.24186520460175,86.66461944580078,85.3963567222037,86.66461944580078,3984429.0
2018-07-12,86.24186127761315,86.66461549956223,85.39635283371499,85.81910705566406,5433658.0
2018-07-13,86.6646252586728,88.77839660644531,86.6646252586728,88.77839660644531,4494421.0
2018-07-16,88.77839271838849,89.20114696942844,87.9328842163086,87.9328842163086,2849659.0
2018-07-17,87.93287628772212,88.35563050064387,86.24185943603516,86.24185943603516,3321716.0
2018-07-18,87.0873795282273,88.77839660644531,86.6646252586728,88.77839660644531,4150140.0
2018-07-19,88.77839653237352,88.77839653237352,86.66462518636463,87.0873794555664,2737705.0
2018-07-20,87.5101318359375,88.35564035609148,87.0873775758605,87.5101318359375,2121100.0
2018-07-23,87.9328842163086,88.35563846734854,87.51012996526865,87.9328842163086,1884433.0
2018-07-24,88.35562896728516,88.35562896728516,87.51012055611497,88.35562896728516,2447062.0
2018-07-25,88.35564035609148,88.35564035609148,87.5101318359375,87.5101318359375,2695813.0
2018-07-26,88.77838317287026,89.20113737845536,87.93287476170006,88.35562896728516,4012289.0
2018-07-27,88.35563875127723,91.73767277046487,88.35563875127723,91.3149185180664,7484011.0
2018-07-30,91.31490840638084,91.31490840638084,87.93287476170006,88.35562896728516,9679729.0
2018-07-31,88.35562928965393,90.04664611816406,87.93287508252641,90.04664611816406,5461428.0
2018-08-01,91.31492806368097,91.31492806368097,89.20115658072538,90.89217376708984,8534681.0
2018-08-02,90.89215453241913,91.31490873954665,89.62389191103654,90.04664611816406,5947835.0
2018-08-03,90.89216426566796,91.73767277046487,90.4694100132695,91.3149185180664,4629424.0
2018-08-06,91.31491459641501,91.31491459641501,90.46940612792969,90.46940612792969,2696406.0
2018-08-07,90.4694100132695,91.3149185180664,90.4694100132695,91.3149185180664,3285253.0
2018-08-08,91.31492050379923,92.58318328857422,90.89216624220757,92.58318328857422,5042383.0
2018-08-09,92.16042702286332,92.58318127526178,91.3149185180664,91.3149185180664,4069771.0
2018-08-10,91.31491060077019,91.31491060077019,89.62389373779297,89.62389373779297,4305526.0
2018-08-13,89.6239051455543,90.46941368466331,88.77839660644531,88.77839660644531,5022072.0
2018-08-14,89.62389191103654,90.46940032529159,89.201137703909,90.04664611816406,5886494.0
2018-08-15,90.04665750801846,90.46941176861948,89.2011489868164,89.2011489868164,4210252.0
2018-08-16,88.35564226317175,88.77839653237352,87.0873794555664,87.0873794555664,3632210.0
2018-08-17,87.93288806733631,89.20115087599982,87.5101337977818,88.77839660644531,4179565.0
2018-08-20,88.77839660644531,90.0466594151088,87.93288806733631,88.77839660644531,3071394.0
2018-08-21,88.77839472621538,89.62390324741743,88.77839472621538,89.2011489868164,1967622.0
2018-08-22,89.20113952204866,89.62389373779297,88.77838530630436,89.62389373779297,1725129.0
2018-08-23,90.04664611816406,90.46940032529159,89.62389191103654,90.04664611816406,4419779.0
2018-08-24,89.62389158404045,90.04664578962554,87.93287476170006,88.35562896728516,3438063.0
2018-08-27,88.35564046561436,89.2011489868164,88.35564046561436,89.2011489868164,1724684.0
2018-08-28,90.04664877482823,95.96520784923008,89.6238945552281,94.69694519042969,21153489.0
2018-08-29,93.85144294062748,102.30652789023355,93.42868869314717,100.19275665283203,40310611.0
2018-08-30,103.1520346649422,104.84305162666257,101.03826346279176,102.30652618408203,23611342.0
2018-08-31,102.72928061136386,105.26580605855803,101.46101788776677,103.99754333496094,18600048.0
2018-09-03,104.84304972833075,104.84304972833075,101.03826163335101,102.72927856445312,10438330.0
2018-09-04,103.99753964331842,105.68855654808783,102.72927696474137,104.84304809570312,8677570.0
2018-09-05,105.26580985647733,105.68856411292906,102.72928431776704,103.15203857421875,5889228.0
2018-09-06,101.88377009890208,103.15203279722866,101.46101586612654,102.72927856445312,4625512.0
2018-09-07,101.03826530741459,103.15203654815548,100.19275681111823,101.88377380371094,9139141.0
2018-09-10,101.46102330674687,101.46102330674687,98.50174346030008,101.03826904296875,7502118.0
2018-09-11,100.61551090031233,101.88377364275325,100.19275665283203,100.19275665283203,7027608.0
2018-09-12,99.77000224232162,100.61551073590063,98.07898525516363,98.50173950195312,5902341.0
2018-09-13,98.07898712158203,99.77000414091965,97.65623286674763,98.07898712158203,5629240.0
2018-09-14,98.07898525516363,99.77000224232162,97.65623100837414,98.50173950195312,9890452.0
2018-09-17,98.50173422495524,102.3065222422282,98.0789800008138,101.46101379394531,10446683.0
2018-09-18,99.76999689737956,102.3065222422282,99.34724267323813,101.46101379394531,7861375.0
2018-09-19,101.46102330674687,102.30653183430309,100.19276051541253,101.03826904296875,4754284.0
2018-09-20,101.46101379394531,102.72927646636963,100.192751121521,101.46101379394531,6453078.0
2018-09-21,102.72927244170373,103.15202664928276,100.6155014038086,100.6155014038086,8218692.0
2018-09-25,101.03825956980388,102.72927646636963,100.61550534566244,101.46101379394531,5524621.0
2018-09-26,101.88377757052497,102.7292860980812,101.03826904296875,101.03826904296875,4514299.0
2018-09-27,106.95682133526442,107.80232980431789,104.84305016263073,106.11131286621094,18457158.0
2018-09-28,106.95682374211668,112.02987467059653,105.68856100999673,110.76161193847656,31475991.0
2018-10-01,112.02986477885007,112.87537319227535,108.64783112514893,109.49333953857422,15789092.0
2018-10-02,110.33886131644249,110.7616155743599,106.53407299518585,108.22509002685547,11768864.0
2018-10-03,107.80233169555663,108.2250859375,104.84305200195313,105.68856048583984,10521609.0
2018-10-04,105.68855841632796,106.53406688365858,103.5747872480014,104.42029571533203,8907697.0
2018-10-05,103.15203638519417,103.15203638519417,98.50173966291082,100.19275665283203,12519029.0
2018-10-08,98.92449358144702,99.77000207359615,96.38796810499966,96.81072235107422,12519759.0
2018-10-09,98.07898910197805,100.61551468220162,97.65623483860746,99.34725189208984,6949979.0
2018-10-11,93.85143858221079,95.11970126575419,92.1604216708196,94.2741928100586,15179872.0
2018-10-12,96.8107226729896,100.61551090031233,96.3879684255093,100.19275665283203,13472043.0
2018-10-15,99.77000035995091,101.03826307639098,98.50173764351086,98.92449188232422,7777579.0
2018-10-16,98.92448457349248,101.46100981896664,98.50173036591346,100.6155014038086,5700449.0
2018-10-17,103.15203427045772,103.57478850927107,98.92449188232422,98.92449188232422,6833031.0
2018-10-18,99.77000625163441,101.03826904296875,98.9244977240782,101.03826904296875,3815909.0
2018-10-19,99.34724815787142,101.46101939527294,98.50173966291082,100.19275665283203,4223979.0
2018-10-22,100.1927569642359,103.99754520338409,100.1927569642359,103.57479095458984,6609694.0
2018-10-23,102.72927646636963,103.57478491465251,101.03825956980388,101.46101379394531,5122204.0
2018-10-24,102.30652637016483,104.42029757615997,99.77000092297065,103.99754333496094,12861395.0
2018-10-25,101.03826163335101,103.9975412627797,100.61550740057548,102.72927856445312,10252652.0
2018-10-26,104.42029549555524,105.68855819388182,100.61550740057548,102.72927856445312,10323605.0
2018-10-29,103.99754888941554,104.42030315319364,100.61551477919063,101.03826904296875,9998853.0
2018-10-30,103.15203503417969,105.68856048583984,102.72928079223632,105.68856048583984,17685367.0
2018-10-31,109.07059866098257,109.91610717773438,107.80233588585486,109.91610717773438,26241499.0
2018-11-01,109.07059866098257,112.02987846961388,108.64784440260667,109.91610717773438,16187949.0
2018-11-02,111.60712024777435,111.60712024777435,107.37957781414653,109.07059478759766,12550477.0
2018-11-05,109.91610327432322,110.76161176104878,107.37957781414653,109.07059478759766,7979512.0
2018-11-06,109.49333920946309,109.91609341490503,105.26579715504366,107.80232238769531,10603836.0
2018-11-07,108.64784440260667,109.91610717773438,106.95682736910305,109.91610717773438,7208728.0
2018-11-08,111.18436995286207,111.18436995286207,109.91610717773438,109.91610717773438,8207761.0
2018-11-09,109.91610705852509,110.33886131644249,107.37958151102066,108.22509002685547,5657408.0
2018-11-12,108.22508815661479,109.9161051590619,106.95682540477947,108.64784240722656,4252126.0
2018-11-13,106.95682357078375,109.07059478759766,105.26580659733263,109.07059478759766,6908353.0
2018-11-14,109.07059866098257,109.91610717773438,107.80233588585486,109.91610717773438,5623725.0
2018-11-15,110.33884762034697,110.33884762034697,106.95681397681143,107.80232238769531,6707532.0
2018-11-16,108.22508815661479,108.64784240722656,106.95682540477947,108.64784240722656,4469434.0
2018-11-19,109.07058500402114,109.07058500402114,106.95681397681143,107.80232238769531,4078738.0
2018-11-20,106.95682133526442,107.37957556979116,105.6885586316842,106.11131286621094,5713094.0
2018-11-21,105.6885586316842,106.95682133526442,103.99754169357726,106.11131286621094,7979415.0
2018-11-22,106.53406858838294,106.53406858838294,102.30652618408203,102.30652618408203,7973665.0
2018-11-23,102.3065222422282,103.15203069051107,99.76999689737956,101.46101379394531,8874819.0
2018-11-26,102.72928431776704,104.42030134357391,102.30653006131533,103.15203857421875,5031673.0
2018-11-27,103.9975529244766,107.37958716592298,103.15204436411499,106.95683288574219,8075105.0
2018-11-28,107.80233576893806,109.07059854269028,106.95682725310326,108.22509002685547,8267565.0
2018-11-29,109.49335090845011,110.76161366028545,108.64784240722656,108.64784240722656,14108817.0
2018-11-30,109.07059866098257,109.91610717773438,107.37958162747896,109.91610717773438,14770418.0
2018-12-03,110.76161569448617,110.76161569448617,108.22509014423076,109.91610717773438,8871799.0
2018-12-04,109.91610717773438,109.91610717773438,108.22509014423076,109.91610717773438,7157852.0
2018-12-05,108.22508630087209,109.49334903096043,107.80233205750932,109.07059478759766,2981011.0
2018-12-06,108.64783079857921,108.64783079857921,105.6885513604856,107.80232238769531,7614449.0
2018-12-07,107.80232238769531,107.80232238769531,106.95681397681143,107.80232238769531,1579444.0
2018-12-10,106.53407860556138,108.22509572628458,106.53407860556138,106.95683288574219,2779351.0
2018-12-11,107.37958151102066,109.49335280060768,107.37958151102066,108.22509002685547,5202470.0
2018-12-12,109.49335090845011,109.49335090845011,108.22508815661479,108.64784240722656,3980220.0
2018-12-13,109.91610345039659,111.18436618251656,109.07059496231662,110.76161193847656,12044446.0
2018-12-14,109.91609406561906,111.60711089739782,109.49333985767437,111.18435668945312,7405486.0
2018-12-17,111.18436618251656,111.18436618251656,109.91610345039659,110.76161193847656,2801544.0
2018-12-18,109.91610729333127,111.60712432861328,109.49335303451076,111.60712432861328,4376454.0
2018-12-19,112.02987670898438,112.45263096071639,110.76161395378833,112.02987670898438,6002818.0
2018-12-20,110.76160459590136,113.7208841080056,110.76160459590136,112.45262145996094,9684975.0
2018-12-21,111.1843698322773,111.6071240901947,108.22509002685547,108.22509002685547,10228594.0
2018-12-24,108.22509002685547,109.07059854269028,107.80233576893806,108.22509002685547,1738282.0
2018-12-25,107.802331879383,107.802331879383,106.53406915139026,107.37957763671875,2707764.0
2018-12-26,107.37958139086525,108.22508990575396,106.53407287597656,106.53407287597656,1559780.0
2018-12-27,107.80232238769531,108.64783079857921,106.53405977136948,107.80232238769531,3825119.0
2018-12-28,108.64783112514893,109.49333953857422,107.80232271172365,109.49333953857422,2764729.0
2019-01-02,109.49334885003998,109.91610309270423,106.95682339405451,107.37957763671875,2743002.0
2019-01-03,106.95682736910305,109.91610717773438,106.53407311072715,109.91610717773438,4493915.0
2019-01-04,108.22508647423665,112.45262891463652,107.80233223019665,110.76161193847656,11556459.0
2019-01-07,112.45263318048006,116.68017578125,112.02987892040308,116.68017578125,19188005.0
2019-01-08,118.79393005371094,119.63943845266974,117.10291325579334,118.79393005371094,16380932.0
2019-01-09,119.216692386614,122.59872621318462,119.216692386614,122.17597198486328,15588449.0
2019-01-10,122.1759701432853,122.59872436523438,120.06219903353988,122.59872436523438,9136605.0
2019-01-11,121.75321938957967,122.59872785756286,118.79393975163849,120.06220245361328,9997002.0
2019-01-14,120.48495668760488,121.33046515558807,118.3711855176469,120.06220245361328,5857107.0
2019-01-15,121.753212890625,126.82626342773438,121.33045867919921,126.82626342773438,19051578.0
2019-01-16,127.24901180203543,127.67176599406878,125.13524084186874,126.40350341796875,8452382.0
2019-01-17,126.82626342773438,130.6310513305664,125.13524658203124,126.82626342773438,15027937.0
2019-01-18,125.55800651474253,128.09453189887876,123.86698959198506,127.2490234375,10216757.0
2019-01-21,128.51730346679688,128.9400577545166,126.82628631591797,128.51730346679688,9012849.0
2019-01-22,128.51728241671825,128.51728241671825,127.2490197612901,128.0945281982422,4365138.0
2019-01-23,126.82625761000209,127.67176599406878,125.55799503390207,126.40350341796875,9572651.0
2019-01-24,127.6718005571209,129.78557208952358,127.24904625064038,128.9400634765625,9068154.0
2019-01-25,130.2082977294922,131.05380615630708,128.5172808758624,130.2082977294922,9983386.0
2019-01-28,130.6310749053955,131.05382919311523,128.09454917907715,128.51730346679688,3467145.0
2019-01-29,126.82627479502018,127.24902904433692,124.28974929911978,125.98076629638672,10239651.0
2019-01-30,126.40352825139533,128.51729962683672,125.55801970121877,127.67179107666016,7630267.0
2019-02-11,129.78554507214636,129.78554507214636,126.82626554281404,128.0945281982422,8166860.0
2019-02-12,128.94003874336192,130.20830141952615,128.51728451797385,129.36279296875,6951939.0
2019-02-13,131.0538157112047,131.0538157112047,129.36279873428595,129.78555297851562,9855024.0
2019-02-14,129.78554927492604,132.32207466792133,129.78554927492604,130.6310577392578,9376144.0
2019-02-15,131.47655669181577,131.89931089339717,130.20829408707158,131.05380249023438,7828143.0
2019-02-18,131.89931458312196,131.89931458312196,129.78554351608474,130.2082977294922,4343117.0
2019-02-19,130.2083263960041,130.2083263960041,128.09455486360145,128.9400634765625,6202945.0
2019-02-20,130.6310577392578,132.7448289000872,130.20830350709193,130.6310577392578,9239300.0
2019-02-21,131.89931089339717,131.89931089339717,129.78553988549018,131.05380249023438,5578452.0
2019-02-22,131.47656036971452,131.47656036971452,129.3627893026773,130.2082977294922,5993405.0
2019-02-25,131.47656036971452,131.89931458312196,129.3627893026773,130.2082977294922,5060145.0
2019-02-26,130.2083263960041,130.2083263960041,128.9400634765625,128.9400634765625,7575348.0
2019-02-27,130.20830722274533,131.0538157112047,129.78555297851562,129.78555297851562,9522023.0
2019-03-04,131.89933397815486,135.70412245829394,131.05382542701284,132.74484252929688,17139792.0
2019-03-05,132.74483268812347,133.16758693235317,128.94004449005624,129.78555297851562,8701432.0
2019-03-06,130.20830350709193,130.6310577392578,128.0945323462625,130.6310577392578,6293865.0
2019-03-07,130.631061466975,130.631061466975,129.36279873428595,129.78555297851562,4322417.0
2019-03-08,128.5172861295681,128.5172861295681,126.82626920681064,127.2490234375,6709637.0
2019-03-11,127.67179489135742,129.78556632995605,127.2490406036377,128.51730346679688,5335683.0
2019-03-12,128.5172873602973,128.5172873602973,121.33046536975436,121.75321960449219,22712117.0
2019-03-13,124.28973785606591,125.55800048725025,123.02147522488157,125.13524627685547,11709540.0
2019-03-14,125.13524658203124,126.82626342773438,124.28973815917968,126.82626342773438,7578145.0
2019-03-15,126.40352054570344,126.82627479502018,125.55801204706998,125.98076629638672,7312453.0
2019-03-18,126.82626554281404,128.51728241671825,126.403511324338,128.0945281982422,5957398.0
2019-03-19,128.0945323462625,130.6310577392578,127.24902388193074,130.6310577392578,7716999.0
2019-03-20,131.4765625,132.32207094051446,130.2082998392283,131.4765625,9385357.0
2019-03-21,132.32208275720708,136.54962533730955,131.89932849919686,135.70411682128906,16912537.0
2019-03-22,136.97237582841524,136.97237582841524,134.85860459649527,136.54962158203125,8306770.0
2019-03-25,132.74484634399414,133.5903549194336,131.05382919311523,131.8993377685547,5910429.0
2019-03-26,134.4358410305447,136.9723663330078,134.0130868134675,136.9723663330078,7516368.0
2019-03-27,135.2813701923077,137.81789588341346,135.2813701923077,137.3951416015625,6889351.0
2019-03-28,136.12686733564726,136.54962158203125,134.01309610372726,136.54962158203125,4330397.0
2019-03-29,135.28137590900155,135.7041302087172,132.32209581099215,134.4358673095703,7750757.0
2019-04-01,134.85861778259277,135.2813720703125,131.47658348083496,131.8993377685547,7193470.0
2019-04-02,134.01309577094185,134.43585001627602,132.32207878960503,133.16758728027344,4470744.0
2019-04-03,134.4358483314514,136.12686529159546,133.16758561134338,135.28135681152344,5222601.0
2019-04-08,137.8178789543383,139.50889587402344,136.54961626457447,139.50889587402344,9875208.0
2019-04-09,138.6634063720703,139.08616065979004,136.9723892211914,138.6634063720703,4286724.0
2019-04-10,138.6633988345962,140.77717015829433,138.24064456985658,140.3544158935547,8042576.0
2019-04-11,141.1999186259382,141.62267287332125,137.8178846468738,139.93165588378906,6465535.0
2019-04-12,140.77716612084512,140.77716612084512,136.97237784730876,137.81788635253906,6759374.0
2019-04-15,138.66338320131655,138.66338320131655,136.5496121159306,136.9723663330078,4771009.0
2019-04-16,136.9723663330078,137.39512055008498,136.12685789885344,136.9723663330078,3108643.0
2019-04-17,137.81787476716218,138.24062898423935,136.12685789885344,136.9723663330078,3204494.0
2019-04-18,137.3951242577215,137.8178784862068,135.70410734378032,136.12686157226562,2326565.0
2019-04-19,136.54963880814844,136.9723931078641,134.01311300985466,134.4358673095703,2470302.0
2019-04-22,135.28135681152344,136.12686529159546,134.4358483314514,135.28135681152344,2490053.0
2019-04-23,135.2813625632788,135.70411682128906,133.59034553123783,135.70411682128906,2161702.0
2019-04-24,136.54961953163146,136.54961953163146,133.5903398513794,135.28135681152344,4484279.0
2019-04-25,135.2813701923077,137.3951416015625,134.0131073467548,137.3951416015625,4106356.0
2019-04-26,136.97237002923623,136.97237002923623,134.43584465832444,136.12686157226562,4547048.0
2019-04-29,135.28134946469908,136.9723663330078,135.28134946469908,136.9723663330078,3071258.0
2019-04-30,135.70412447415865,137.3951416015625,135.2813701923077,137.3951416015625,4682562.0
2019-05-02,136.54961368955415,136.54961368955415,133.59033413591058,134.8585968017578,6015285.0
2019-05-03,135.2813625632788,136.12687107929932,133.59034553123783,135.70411682128906,7668999.0
2019-05-06,133.59034117658285,133.59034117658285,128.94004449005624,129.78555297851562,9289415.0
2019-05-07,130.2082998392283,132.7448251607717,130.2082998392283,131.4765625,6352304.0
2019-05-08,128.9400371784566,133.16757938102896,128.51728295819936,131.4765625,4716414.0
2019-05-09,130.20831672718984,130.6310710022781,126.8262825264836,127.67179107666016,8116717.0
2019-05-10,127.67177766818938,128.94004036025748,125.9807607454319,127.2490234375,6679467.0
2019-05-13,127.24901763916016,127.67177185058593,125.98075500488281,126.82626342773438,2872316.0
2019-05-14,125.13525779775324,127.24902904433692,123.02148655116957,125.98076629638672,8684661.0
2019-05-15,125.98076425326072,127.24902698064254,124.7125015258789,124.7125015258789,4833141.0
2019-05-16,124.71249924765692,125.55800771713257,121.75321960449219,121.75321960449219,6068047.0
2019-05-17,124.28975862201891,125.13526718407346,119.63946153071888,120.48497009277344,6078379.0
2019-05-20,121.75321592133622,122.59872436523438,120.06219903353988,122.59872436523438,5290608.0
2019-05-21,122.59873183457168,123.0214860822771,120.90771484375,120.90771484375,7542380.0
2019-05-22,120.90770105110794,121.75320945006672,117.94842165475214,118.79393005371094,6804091.0
2019-05-23,117.52566673642113,118.37117513020833,114.98914155505952,115.41189575195312,9765270.0
2019-05-24,114.1436356135777,120.06219449724469,114.1436356135777,118.37117767333984,9151000.0
2019-05-27,118.37117767333984,120.06219449724469,116.68016084943498,118.37117767333984,5617489.0
2019-05-28,119.63945560178894,119.63945560178894,116.68017578125,116.68017578125,23045374.0
2019-05-29,115.83466540174794,117.9484366682032,115.83466540174794,117.1029281616211,5688205.0
2019-05-30,117.10293584455523,121.75323293585525,117.10293584455523,120.48497009277344,6582855.0
2019-05-31,119.21670724969161,121.75323293585525,118.37119868763705,120.48497009277344,8837705.0
2019-06-03,122.175966804092,125.98075469764504,120.48494996251287,125.13524627685547,9010346.0
2019-06-04,126.82625761000209,128.0945201861021,125.98074922593541,126.40350341796875,5603019.0
2019-06-05,127.6718027820326,128.51731140972817,123.4442596435547,123.44425964355469,5938387.0
2019-06-06,123.44422943527634,126.40350890803983,123.02147522488157,125.13524627685547,4861375.0
2019-06-10,128.51728241671825,128.51728241671825,126.82626554281404,128.0945281982422,4362357.0
2019-06-11,128.94005390192498,128.94005390192498,126.8262825264836,127.67179107666016,4207298.0
2019-06-12,127.67177397976614,128.51728241671825,127.2490197612901,128.0945281982422,2106665.0
2019-06-13,128.09453189887876,128.5172861295681,126.82626920681064,127.2490234375,3710761.0
2019-06-14,126.8262631184346,127.24901732882938,125.13524627685547,125.13524627685547,3906399.0
2019-06-17,126.4035133910335,129.78554719413808,125.55800494025735,129.36279296875,4581114.0
2019-06-18,129.36281204223633,129.78556632995605,128.51730346679688,128.51730346679688,3456026.0
2019-06-19,130.20829830893987,134.8585946771163,130.20829830893987,133.59033203125,10290321.0
2019-06-20,133.59035871013904,134.85862160928593,132.74485011070777,134.4358673095703,4955176.0
2019-06-21,134.43584257980874,135.704105245656,133.59033413591058,134.8585968017578,11882135.0
2019-06-24,134.85858515309235,134.85858515309235,133.59032259679367,134.01307678222656,7232717.0
2019-06-25,132.32206509497857,132.74481929655997,130.20829408707158,131.05380249023438,9259109.0
2019-06-26,130.20830141952615,131.05380987030227,129.36279296875,129.36279296875,4018692.0
2019-06-27,130.20832061767578,132.74484634399414,130.20832061767578,131.8993377685547,5082802.0
2019-06-28,131.89932454427083,133.59034152560764,130.6310618082682,133.16758728027344,4918308.0
2019-07-01,135.2813625632788,136.12687107929932,134.0130997892481,135.70411682128906,8271578.0
2019-07-02,135.70410884734125,136.5768040810862,134.3950659967238,135.26776123046875,6365003.0
2019-07-03,135.26777468229594,135.70412234256142,132.64968872070312,132.64968872070312,2451632.0
2019-07-04,133.95871837985132,135.26776123046875,133.52237076297882,135.26776123046875,2430531.0
2019-07-05,135.26776123046875,135.70410884734125,133.52237076297882,135.26776123046875,1134285.0
2019-07-08,134.8314129222523,135.26776053688744,133.52237007834694,134.3950653076172,1932176.0
2019-07-09,133.95873108920674,134.39507874747775,131.77699279785156,131.77699279785156,2724318.0
2019-07-10,131.7769854957908,132.64968076397483,131.34063786169878,132.2133331298828,2832242.0
2019-07-11,133.52238404123406,134.395079361765,132.64968872070312,132.64968872070312,4590808.0
2019-07-12,132.64968811439363,133.5223834309357,131.77699279785156,131.77699279785156,2581148.0
2019-07-15,132.64968269619743,134.8314208984375,131.34063977485337,134.8314208984375,4369430.0
2019-07-16,134.39507325798948,134.8314208984375,132.64968269619743,134.8314208984375,5587613.0
2019-07-17,133.52236724853515,133.52236724853515,130.90428161621094,130.90428161621094,5202106.0
2019-07-18,130.46793993933727,130.90428756455245,127.41350656283103,128.72254943847656,7264948.0
2019-07-19,129.59523737108384,130.90428017281195,128.72254216993176,129.1588897705078,4062311.0
2019-07-22,129.1588897705078,130.46793257223592,129.1588897705078,129.1588897705078,2878511.0
2019-07-23,130.46792602539062,130.90427360407085,128.7225357106697,130.46792602539062,5486561.0
2019-07-24,130.46794259351472,132.64968076397483,130.46794259351472,132.2133331298828,6297083.0
2019-07-25,132.21331634011156,132.64966391879182,130.46792602539062,130.46792602539062,6178584.0
2019-07-26,130.03159431128012,132.21333247086534,129.59524667936307,131.34063720703125,3023216.0
2019-07-29,130.0315864054362,131.3406292215983,130.0315864054362,130.90428161621094,2235449.0
2019-07-30,130.90429626055212,131.34064391475397,129.5952532979466,130.03160095214844,3480223.0
2019-07-31,130.0315949594227,133.5223760321589,129.5952473253307,132.2133331298828,5355527.0
2019-08-01,133.08602177239712,135.7041074466082,132.64967416002858,133.52236938476562,11153382.0
2019-08-02,131.34065356645428,133.08604431152344,129.59526282138512,133.08604431152344,10214897.0
2019-08-05,132.21334669325086,133.52238972981772,129.5952606201172,129.5952606201172,5890282.0
2019-08-06,126.5408268681279,130.4679559778284,126.5408268681279,129.5952606201172,7080042.0
2019-08-07,130.0315784467104,131.77696876143133,129.15888328934992,130.46792602539062,4619523.0
2019-08-08,130.46794194319716,132.21333247086534,130.46794194319716,131.34063720703125,2748827.0
2019-08-12,130.03160095214844,131.7769915689558,130.03160095214844,130.03160095214844,2871138.0
2019-08-13,130.46793257223592,130.46793257223592,129.1588897705078,129.1588897705078,3138876.0
2019-08-14,130.90429626055212,131.34064391475397,129.5952532979466,130.03160095214844,2598417.0
2019-08-15,127.84985418804621,129.59524468890692,127.84985418804621,128.72254943847656,3041472.0
2019-08-16,128.72255644293776,129.15890409189686,127.41351349606043,127.84986114501953,4004279.0
2019-08-19,128.72254216993176,130.0315849716599,128.28619456935573,129.1588897705078,2252922.0
2019-08-20,129.15890743857935,132.64968872070312,128.7225597783139,132.64968872070312,4315988.0
2019-08-21,132.6496720377604,132.6496720377604,130.90428161621094,130.90428161621094,2571664.0
2019-08-22,131.77696876143133,132.21331634011156,130.0315784467104,130.46792602539062,2666603.0
2019-08-23,130.4679559778284,130.4679559778284,129.15891294126158,129.5952606201172,2403727.0
2019-08-26,126.9771572507661,127.41350487018454,126.54080963134766,126.54080963134766,6084762.0
2019-08-27,127.8498528339609,127.8498528339609,126.54080997217972,126.97715759277344,6751801.0
2019-08-28,126.97715690639191,127.41350452462694,125.66811405168684,126.10446166992188,3166674.0
2019-08-29,126.54081630374496,126.54081630374496,125.23177337646484,125.23177337646484,3081498.0
2019-08-30,126.5408181981422,128.28620879397866,126.5408181981422,127.84986114501953,4532198.0
2019-09-02,128.72257154281826,128.72257154281826,127.41352844238281,127.41352844238281,1972080.0
2019-09-03,127.84987614252796,127.84987614252796,126.54083304209252,127.41352844238281,2309515.0
2019-09-04,127.8498528339609,127.8498528339609,126.97715759277344,126.97715759277344,3258178.0
2019-09-05,127.84985418804621,128.72254943847656,127.41350656283103,128.72254943847656,4761038.0
2019-09-06,128.72256526240596,130.0316082989728,128.28621758355035,129.5952606201172,2698455.0
2019-09-10,129.59525174085599,129.59525174085599,127.41351349606043,127.84986114501953,1826423.0
2019-09-11,127.41352844238281,127.41352844238281,126.10448534194737,127.41352844238281,4425046.0
2019-09-12,128.2862004545546,128.72254807514832,126.97715759277344,126.97715759277344,2894258.0
2019-09-16,126.54081850635762,128.72255675646724,126.1044708563357,128.2862091064453,6737044.0
2019-09-17,127.8498528339609,128.2862004545546,126.104462351586,126.97715759277344,4788576.0
2019-09-18,127.41351349606043,128.72255644293776,126.5408181981422,127.84986114501953,6126362.0
2019-09-19,129.15891294126158,130.0316082989728,128.28621758355035,129.5952606201172,6278338.0
2019-09-20,129.5952433163358,129.5952433163358,126.97715759277344,126.97715759277344,8759802.0
2019-09-23,126.97718074223766,128.2862238426731,126.97718074223766,127.41352844238281,4422156.0
2019-09-24,126.9771636215957,127.41351126290702,124.35907777372775,124.79542541503906,10382700.0
2019-09-25,122.1773349537569,122.1773349537569,118.68655395507812,118.68655395507812,24487266.0
2019-09-26,119.12290020843051,119.55924782824161,116.941162109375,116.941162109375,16506852.0
2019-09-27,115.19577820975826,116.50482114396006,114.32308292029039,115.63212585449219,10822119.0
2019-10-01,114.3230763905084,116.941162109375,114.3230763905084,116.941162109375,9520216.0
2019-10-02,116.06848229617434,118.25022068520018,116.06848229617434,117.37752532958984,6332557.0
2019-10-03,115.63211856928086,116.94116142100857,115.1957709520383,116.06846618652344,4100233.0
2019-10-04,115.19576225715898,116.06845742577381,114.32306708854414,114.75941467285156,11273030.0
2019-10-07,116.06846652941756,117.3775093850125,115.63211891088592,116.50481414794922,6746213.0
2019-10-08,116.94115259438865,116.94115259438865,114.75941467285156,114.75941467285156,5305313.0
2019-10-09,113.45038406492219,113.45038406492219,110.8322982788086,110.8322982788086,15594343.0
2019-10-14,110.83229477961261,116.94116142100857,110.83229477961261,116.06846618652344,15890825.0
2019-10-15,116.06846618652344,116.94116142100857,115.1957709520383,116.06846618652344,6535258.0
2019-10-16,116.06847349922612,117.37751643342791,115.19577820975826,115.63212585449219,9263402.0
2019-10-17,115.19577163013061,116.941162109375,114.3230763905084,116.941162109375,5406029.0
2019-10-18,117.37750389462425,119.12289428710938,116.94115629650298,119.12289428710938,8902047.0
2019-10-21,119.55924920474783,119.99559682958267,117.3775110805736,118.68655395507812,8773431.0
2019-10-22,119.55924188523066,119.99558948335194,117.81385149274554,119.12289428710938,7436098.0
2019-10-23,119.12291015625,120.43195312499999,118.6865625,119.99560546875,6810653.0
2019-10-24,121.30464965382785,122.17734497507841,120.86830199320256,121.74099731445312,9513428.0
2019-10-25,122.61369263570369,122.61369263570369,121.30464965382785,121.74099731445312,5681138.0
2019-10-28,122.6136703491211,123.05001793043469,121.7409751864939,122.6136703491211,5916974.0
2019-10-29,120.86829068767491,121.74098592729712,116.5048144895639,116.941162109375,21723451.0
2019-10-30,116.9411631228739,118.25020599365234,116.5048154992811,118.25020599365234,7922762.0
2019-10-31,118.2502049688083,119.55924782824161,116.941162109375,116.941162109375,11228749.0
2019-11-01,116.94116176648086,117.81385700354414,116.06846652941756,116.50481414794922,6090603.0
2019-11-04,116.94117765178467,117.813873007395,116.50482997397951,117.37752532958984,7585356.0
2019-11-05,117.8138619280876,123.48638120610663,117.37751429131691,123.05003356933594,18437627.0
2019-11-06,124.79540825568908,125.66810341831628,121.7409751864939,122.6136703491211,13237571.0
2019-11-07,122.17734497507841,123.48638795695425,119.12291135070144,121.74099731445312,15753508.0
2019-11-08,123.48638795695425,123.48638795695425,120.43195433257729,121.74099731445312,7336177.0
2019-11-11,122.17734405959862,122.17734405959862,119.99560577282007,120.43195343017578,4814053.0
2019-11-12,120.86830139160156,121.74099670850843,119.99560607469469,120.86830139160156,3996051.0
2019-11-13,119.55924886443078,120.43194411161642,117.81385837005953,118.25020599365234,6112459.0
2019-11-14,118.25022068520018,118.68656836300534,116.94117765178467,117.37752532958984,3607437.0
2019-11-15,116.94116176648086,117.81385700354414,116.06846652941756,116.50481414794922,7705576.0
2019-11-18,116.94115629650298,119.12289428710938,116.94115629650298,119.12289428710938,2473277.0
2019-11-19,119.55925901132673,121.74099731445312,118.68656369007617,121.74099731445312,7991543.0
2019-11-20,121.30464038709654,121.30464038709654,119.12290225063796,119.55924987792969,4008970.0
2019-11-21,118.25021484375,119.99560546875,117.8138671875,119.99560546875,3674511.0
2019-11-22,120.86830139160156,120.86830139160156,119.55925841624126,120.86830139160156,2253341.0
2019-11-25,121.304649050055,121.74099670850843,120.43195373314813,120.86830139160156,2495878.0
2019-11-26,121.74099670850843,122.6136920254153,120.86830139160156,120.86830139160156,11651573.0
2019-11-27,121.30464172363281,121.74098935573221,120.86829409153341,121.30464172363281,3504217.0
2019-11-28,121.30464365784552,123.9227294921875,121.30464365784552,123.9227294921875,8479199.0
2019-11-29,124.35906805310931,124.7954156603132,121.74098240988596,122.17733001708984,8392553.0
2019-12-02,123.05001793043469,123.05001793043469,121.3046276051803,122.6136703491211,5131011.0
2019-12-03,121.74099097909018,123.92272916867961,121.74099097909018,123.48638153076172,2727679.0
2019-12-04,122.61367762429374,123.05002523149763,121.30463480268206,122.17733001708984,3283407.0
2019-12-05,122.6136703491211,123.48636551174829,121.7409751864939,122.6136703491211,4891514.0
2019-12-06,122.61368625492595,123.92272916867961,122.17733861700806,123.48638153076172,4175102.0
2019-12-09,123.92273013241642,125.66812069766172,123.48638249110509,124.79542541503906,7142286.0
2019-12-10,124.79543274996574,124.79543274996574,123.05004208213404,124.35908508300781,3945314.0
2019-12-11,123.48638974909197,124.35908508300781,123.05004208213404,124.35908508300781,3146511.0
2019-12-12,124.79542541503906,125.66812069766172,124.35907777372775,124.79542541503906,4480626.0
2019-12-13,125.66811473099227,127.41350521336717,124.79541948980483,126.97715759277344,9578009.0
2019-12-16,127.41352222583912,130.0316082989728,126.9771745469835,129.5952606201172,55396.0
2019-12-17,129.15888328934992,130.46792602539062,128.28618813198943,130.46792602539062,7288156.0
2019-12-18,130.46793401082357,131.77697682698567,128.7225435892741,130.90428161621094,8887892.0
2019-12-19,130.9042895751142,131.7769848389483,130.46794194319716,131.34063720703125,6476054.0
2019-12-20,131.3406423366924,131.3406423366924,127.84986114501953,127.84986114501953,8524521.0
2019-12-23,128.28621758355035,129.5952606201172,127.84986990469473,129.5952606201172,5274084.0
2019-12-24,129.15890409189686,129.15890409189686,126.97716584710132,127.84986114501953,3952171.0
2019-12-25,127.84986145642338,129.15890440648917,127.41351380640147,128.2862091064453,1566582.0
2019-12-26,128.72257154281826,129.1589192429634,126.97718074223766,127.41352844238281,3056984.0
2019-12-27,128.72254216993176,129.59523737108384,127.84984696877969,129.1588897705078,3497322.0
2019-12-30,130.03160275911029,133.52238404123406,129.59525509884483,132.64968872070312,12644447.0
2019-12-31,132.64968076397483,133.5223760321589,131.7769854957908,132.2133331298828,4698935.0
2020-01-02,133.08603577266467,133.08603577266467,131.34064513958054,131.77699279785156,2721085.0
2020-01-03,132.64968076397483,133.08602839806684,130.0315949594227,132.2133331298828,6932546.0
2020-01-06,130.90429626055212,131.7769915689558,128.7225579895429,130.03160095214844,6311505.0
2020-01-07,129.15890564374476,131.7769915689558,127.84986268113924,130.03160095214844,7947026.0
2020-01-08,129.59523737108384,130.0315849716599,128.28619456935573,129.1588897705078,5376586.0
2020-01-09,130.03160275911029,133.08603638096858,130.03160275911029,132.64968872070312,10099849.0
2020-01-10,133.08603577266467,134.83142640574877,130.46794982303848,131.77699279785156,6079101.0
2020-01-13,133.08601149747204,133.08601149747204,129.59523086803014,130.46792602539062,5115905.0
2020-01-14,131.34064513958054,132.2133404561226,130.46794982303848,131.77699279785156,4665147.0
2020-01-15,131.77699901439524,131.77699901439524,128.72256526240596,129.5952606201172,7133097.0
2020-01-16,129.59525450649642,131.77699279785156,129.15890684822537,131.77699279785156,6949114.0
2020-01-17,132.21334106043764,132.64968872070312,130.46795041937577,132.64968872070312,5197796.0
2020-01-20,132.64969662525615,134.3950873703253,131.77700125272156,133.08604431152344,9947821.0
2020-01-30,131.77698767602027,131.77698767602027,123.92273013241642,124.79542541503906,14343231.0
2020-01-31,126.10446833897305,128.28620654552967,123.92273013241642,124.79542541503906,7267146.0
2020-02-03,121.3046276051803,123.05001793043469,119.99558486123951,122.6136703491211,5632380.0
2020-02-04,127.41351875171327,127.8498664186712,124.35908508300781,124.35908508300781,4574291.0
2020-02-05,123.48637662802366,127.41350521336717,123.48637662802366,126.97715759277344,6903967.0
2020-02-06,127.41351380640147,128.72255675646724,126.54081850635762,128.2862091064453,3054143.0
2020-02-07,126.54081630374496,127.41351158859837,124.79542573403813,125.23177337646484,4951145.0
2020-02-10,123.92273013241642,124.79542541503906,123.48638249110509,124.79542541503906,5037828.0
2020-02-11,124.79543274996574,125.66812808388158,123.48638974909197,124.35908508300781,6373141.0
2020-02-12,124.35907085736592,126.54080894258287,123.92272324032254,125.6681137084961,6651708.0
2020-02-13,125.66811473099227,127.41350521336717,125.23176711039855,126.97715759277344,4462817.0
2020-02-14,125.66812290022398,128.28620879397866,125.66812290022398,127.84986114501953,5708755.0
2020-02-17,126.5408092881569,126.97715690639191,125.66811405168684,126.10446166992188,3363519.0
2020-02-18,125.2317724093585,125.66812004841549,123.9227294921875,123.9227294921875,4853272.0
2020-02-19,126.10446866131825,126.54081630374496,124.35907809161142,125.23177337646484,2856938.0
2020-02-20,125.6681137084961,126.54080894258287,124.35907085736592,125.6681137084961,4093280.0
2020-02-21,126.10446166992188,126.5408092881569,124.35907119698177,126.10446166992188,3571904.0
2020-02-24,123.92272916867961,124.79542444451538,123.05003389284384,123.48638153076172,4298383.0
2020-02-25,122.17733829579456,123.48638120610663,121.74099065902385,123.05003356933594,4551467.0
2020-02-26,122.17733893595951,124.7954247703015,122.17733893595951,123.9227294921875,4398411.0
2020-02-27,123.92272044590541,124.7954156603132,122.17733001708984,122.17733001708984,6585642.0
2020-03-02,118.68656280075294,122.17734405959862,118.68656280075294,120.43195343017578,7135220.0
2020-03-03,121.74099640224291,122.17734405959862,120.43195343017578,120.43195343017578,4003159.0
2020-03-04,120.43193958827428,122.17733001708984,120.43193958827428,122.17733001708984,2465646.0
2020-03-05,123.05004208213404,124.35908508300781,122.61369441517613,124.35908508300781,3036158.0
2020-03-06,123.05003968386875,123.05003968386875,120.86830139160156,120.86830139160156,5126918.0
2020-03-09,118.25020427273628,119.559247124464,116.06846618652344,116.06846618652344,10050978.0
2020-03-10,114.32307571755317,118.25020427273628,114.32307571755317,116.06846618652344,6663277.0
2020-03-11,116.94116142100857,118.25020427273628,116.06846618652344,116.06846618652344,6982601.0
2020-03-12,116.06846736027644,116.06846736027644,107.77786254882812,107.77786254882812,16543675.0
2020-03-13,99.48725547790528,105.59612204233807,97.30551741917928,104.72342681884766,24175226.0
2020-03-16,106.46882370770987,106.46882370770987,101.23265204995366,102.97804260253906,10164723.0
2020-03-17,99.48725990196327,103.85073621345288,99.05091227081431,100.79630279541016,8779939.0
2020-03-18,101.23265778914742,103.85074376645296,100.3599624633789,100.3599624633789,7516116.0
2020-03-19,99.05091703260267,101.23265529323268,95.99648346772065,96.86917877197266,11899271.0
2020-03-20,98.61457324738198,103.41439760898021,97.74187790890957,102.54170227050781,13619005.0
2020-03-23,97.741875,102.1053515625,94.68744140625,98.17822265625,8552340.0
2020-03-24,99.92361480049466,103.85074376645296,99.92361480049466,100.3599624633789,6085189.0
2020-03-25,102.97803567838268,104.28707850480279,102.97803567838268,103.8507308959961,8293471.0
2020-03-26,105.59612204233807,105.59612204233807,102.97803637186686,104.72342681884766,4537205.0
2020-03-27,107.34151898400259,108.2142142602953,102.10534732624636,102.97804260253906,6649766.0
2020-03-30,102.10534827579515,104.2870864868164,100.35995770697814,104.2870864868164,4758804.0
2020-03-31,106.03247769937475,106.90517298908155,104.28708711996119,105.15978240966797,4984744.0
2020-04-01,105.59612204233807,106.03246965408326,103.85073159535726,104.72342681884766,3194870.0
2020-04-06,104.7234261136095,104.7234261136095,101.23264524315586,103.8507308959961,8104734.0
2020-04-07,105.59613037109375,106.46882566341684,105.1597827249322,105.59613037109375,6979309.0
2020-04-08,107.34151593017577,110.83229693603515,106.46882067871094,109.08690643310547,6482715.0
2020-04-09,109.52325405883789,110.83229693603515,107.7778635559082,109.08690643310547,4468466.0
2020-04-10,110.39595884084702,112.5776971578598,109.5232635140419,111.70500183105469,6537037.0
2020-04-13,111.26864456176757,111.26864456176757,109.08690643310547,109.08690643310547,4315075.0
2020-04-14,110.83230145772299,115.1957778930664,110.39595381418864,115.1957778930664,9378126.0
2020-04-15,116.94115629650298,120.43193708147322,115.19576590401786,119.12289428710938,11666393.0
2020-04-16,117.8138573489972,118.2502049688083,116.0684668697528,116.941162109375,5379191.0
2020-04-17,118.25022068520018,119.99561139642084,117.37752532958984,117.37752532958984,6566191.0
2020-04-20,115.63212489353792,116.5048201757533,113.88673432910716,114.32308197021484,7384361.0
2020-04-21,114.32308033746504,116.50481851184415,111.70499452821012,112.14134216308594,5284793.0
2020-04-22,109.95960555913794,114.75942961132253,109.52325791803025,114.32308197021484,5063438.0
2020-04-23,115.63211610418489,116.50481132006553,112.57768284860265,113.01403045654297,5115276.0
2020-04-24,113.01403904689178,114.32308197021484,112.57769140578408,114.32308197021484,2666278.0
2020-04-27,116.06846652941756,117.81385700354414,114.75942367382264,116.50481414794922,5445481.0
2020-04-28,117.8138656616211,118.25021331221969,116.9411703604239,117.8138656616211,3975866.0
2020-04-29,118.68656280075294,120.43195343017578,118.25021514339723,120.43195343017578,6067575.0
2020-04-30,121.30463480268206,124.7954156603132,120.86828719547817,122.17733001708984,15700190.0
2020-05-04,123.92272545309629,123.92272545309629,117.81385870540844,118.68655395507812,8943086.0
2020-05-05,119.99559882733462,122.17733698783161,118.68655593103641,121.30464172363281,6418731.0
2020-05-06,120.86830139160156,121.304649050055,119.12291075778782,120.86830139160156,5461768.0
2020-05-07,120.86829409153341,122.17733698783161,119.99559882733462,121.30464172363281,2693070.0
2020-05-08,122.61367762429374,123.05002523149763,120.86828719547817,122.17733001708984,5600668.0
2020-05-11,123.48637283870153,123.48637283870153,121.30463480268206,122.17733001708984,4854469.0
2020-05-12,119.55924987792969,121.30464038709654,118.68655462334625,119.55924987792969,7171547.0
2020-05-13,116.50480421073071,122.6136703491211,116.50480421073071,122.6136703491211,8285650.0
2020-05-14,122.61367762429374,124.35906805310931,120.86828719547817,122.17733001708984,7928006.0
2020-05-15,120.86830139160156,123.05003968386875,119.55925841624126,120.86830139160156,5793597.0
2020-05-18,120.86829275980483,121.30464038709654,119.55924987792969,119.55924987792969,4127933.0
2020-05-19,123.05003356933594,123.48638120610663,121.30464302225316,123.05003356933594,5147999.0
2020-05-20,123.92272884287733,123.92272884287733,121.30464302225316,123.05003356933594,4247196.0
2020-05-21,123.05003389284384,123.92272916867961,122.17733861700806,123.48638153076172,4290445.0
2020-05-22,123.48638703166574,123.48638703166574,119.99560577282007,120.43195343017578,3260510.0
2020-05-25,120.43195433257729,121.74099731445312,119.55925901132673,121.74099731445312,3071619.0
2020-05-26,122.17733001708984,123.05002523149763,121.30463480268206,122.17733001708984,3256558.0
2020-05-27,122.17733829579456,123.48638120610663,121.74099065902385,123.05003356933594,3782347.0
2020-05-28,123.0500322520304,123.0500322520304,120.43194645943402,121.30464172363281,4313673.0
2020-05-29,120.86830108753149,121.3046487448872,119.99560577282007,120.43195343017578,6073740.0
2020-06-01,122.17733277214897,126.10446132553948,121.3046375380622,125.6681137084961,10782682.0
2020-06-02,126.54080963134766,127.41350487018454,125.23176677309233,126.54080963134766,8152296.0
2020-06-03,128.2862044230546,132.64968076397483,127.84985678896258,132.2133331298828,16144277.0
2020-06-04,133.08604431152344,134.8314350565926,131.77700125272156,133.08604431152344,12406706.0
2020-06-05,133.95872497558594,134.3950726139429,133.086029698872,133.95872497558594,7955209.0
2020-06-08,134.83141361359628,135.26776123046875,133.08602314610636,135.26776123046875,7348146.0
2020-06-09,136.57682181304355,143.55838458942915,136.14047413951945,138.75856018066406,24471895.0
2020-06-10,138.75855347820533,142.68568235023,138.75855347820533,140.06759643554688,13761299.0
2020-06-11,140.06759390054037,141.3766368341903,135.2677698104907,136.57681274414062,12499559.0
2020-06-12,133.52237076297882,136.5768040810862,133.08602314610636,135.26776123046875,9953078.0
2020-06-15,136.1404550589767,137.44949789608225,132.64967416002858,133.52236938476562,9064412.0
2020-06-16,136.14047299524782,138.75855901438717,135.70412532539123,137.01316833496094,10871550.0
2020-06-17,137.88586483361587,138.75856018066406,135.70412646599536,138.75856018066406,10009396.0
2020-06-18,141.376640625,143.12203125,139.63125,141.81298828125,17024540.0
2020-06-19,143.12201862507038,145.3037567138672,142.68567100731102,145.3037567138672,18824251.0
2020-06-22,144.86741827789848,147.48550415039062,143.5583753416524,147.48550415039062,13681875.0
2020-06-23,147.04912688311407,149.23086467069737,144.4310415380141,148.35816955566406,14072873.0
2020-06-24,148.35819880167645,150.1035893758138,145.7401129404704,146.61280822753906,10000369.0
2020-06-29,144.43106282853938,148.79453904692426,144.43106282853938,147.0491485595703,16089004.0
2020-06-30,147.92187399793028,148.79456941974698,145.74013544338854,146.17648315429688,8697730.0
2020-07-01,146.17645398705406,148.79453973010578,146.17645398705406,147.92184448242188,7606726.0
2020-07-02,146.57302294036774,150.61951743872143,146.57302294036774,148.82107543945312,11401074.0
2020-07-03,148.82106963301126,153.7667849380358,148.82106963301126,152.41795349121094,12728030.0
2020-07-06,153.7667935725312,162.3093932154496,153.7667935725312,158.71250915527344,17973611.0
2020-07-07,160.9605464390346,161.8597673688616,154.66599993024553,157.36366271972656,9135303.0
2020-07-08,157.36367695842944,161.85978201438456,156.91406645283394,161.41017150878906,9783424.0
2020-07-09,163.65823406525925,165.45667619784453,162.3094024658203,162.3094024658203,10770372.0
2020-07-10,160.96055515715472,165.45666004981265,159.16211320009154,165.00704956054688,11400159.0
2020-07-13,166.35588045094673,169.0535433771783,164.55743850012567,167.7047119140625,7361438.0
2020-07-14,166.35586547851562,166.80547592575488,165.00703413679793,166.35586547851562,7007020.0
2020-07-15,166.80547086720867,168.60391260162604,165.45663956639567,165.90625,7584204.0
2020-07-16,166.80547592575488,167.2550863729941,163.65820279508026,166.35586547851562,9539511.0
2020-07-17,166.3558707029923,170.40236485522726,165.007039318914,165.45664978027344,11048128.0
2020-07-20,165.45664491758242,167.25508671016485,160.9605404361264,163.658203125,7720671.0
2020-07-21,165.90626003543002,170.40236464343624,165.45664957462938,166.80548095703125,9879211.0
2020-07-22,168.1543212890625,174.44886807528408,167.25510031960226,173.10003662109375,13926213.0
2020-07-23,173.1000267831903,173.1000267831903,169.05353265059622,170.8519744873047,6748573.0
2020-07-24,168.15430216802167,170.40235433604337,165.90625,165.90625,8768086.0
2020-07-27,168.60392239112753,170.8519746896759,167.2550910119985,169.50314331054688,9754593.0
2020-07-28,169.5031435145414,172.6504167362968,168.15431213378906,168.15431213378906,10441480.0
2020-07-29,167.25510058977216,174.4488683570742,165.00704816249026,171.75120544433594,14013721.0
2020-07-30,174.89849768529965,182.99148729541633,174.89849768529965,177.59616088867188,20483146.0
2020-07-31,177.5961400985718,182.54185539245606,174.89847721099855,179.8441925048828,18032797.0
2020-08-03,180.74340797706887,187.03795452353395,180.74340797706887,182.0922393798828,14126764.0
2020-08-04,182.54185408626694,186.58834838867188,182.09224360822196,186.58834838867188,11547591.0
2020-08-05,187.03795939028117,188.38679082819186,181.1930231593349,183.89068603515625,10630317.0
2020-08-06,183.89068603515625,186.13873843167406,179.8441917214242,183.89068603515625,8173162.0
2020-08-07,182.99147094574357,183.44108143946775,178.9449765022259,180.29380798339844,7327559.0
2020-08-10,181.6426494588923,182.5418704958175,179.39459686657926,181.1930389404297,7555436.0
2020-08-11,184.34029218248259,184.34029218248259,178.49535608889167,179.3945770263672,8219496.0
2020-08-12,180.74342918876437,181.1930397091344,174.44888190358353,178.49537658691406,10201869.0
2020-08-13,180.74342842196708,182.9914810142801,178.49537582965405,181.1930389404297,7843664.0
2020-08-14,183.89070205120532,183.89070205120532,179.84420738504187,181.1930389404297,4379274.0
2020-08-17,182.09223915548887,183.44107055664062,180.74340775433708,183.44107055664062,3502261.0
2020-08-18,182.5418704958175,182.9914810142801,179.39459686657926,181.1930389404297,4327719.0
2020-08-19,183.44107635498048,184.34029731750488,179.8441925048828,179.8441925048828,4342665.0
2020-08-20,181.19302035754748,182.09224130224993,169.05353760406413,171.3015899658203,11158231.0
2020-08-21,175.34808932798694,177.59614175526883,169.05354253159766,171.75120544433594,12193314.0
2020-08-24,170.8519981113182,177.5961559315018,170.40238758997262,177.14654541015625,5683829.0
2020-08-25,179.84420893442294,180.293819456759,175.34810371106238,175.79771423339844,4015354.0
2020-08-26,177.14654541015625,177.5961559315018,173.99927176073723,177.14654541015625,3473396.0
2020-08-27,177.5961360882111,178.0457465593205,172.65042090600775,173.99925231933594,4770717.0
2020-08-28,173.99927253329878,175.34810410332435,171.7512199165895,174.44888305664062,5529994.0
2020-08-31,174.4488635189319,176.69691588386658,169.9527587890625,169.9527587890625,6997181.0
2020-09-01,170.8519794934691,173.10003185522524,167.70470618701043,171.3015899658203,7381033.0
2020-09-02,174.8984791295195,174.8984791295195,169.0535428089957,170.40237426757812,6661935.0
2020-09-03,171.7511952054096,173.99924749867412,169.95275337079798,172.2008056640625,5954594.0
2020-09-04,168.60392785841418,169.9527592812815,165.45665453839047,167.25509643554688,11207777.0
2020-09-07,166.80547626201923,168.15430760645606,161.85976133241758,163.658203125,7794587.0
2020-09-08,165.00702913279133,166.35586043360433,163.65819783197833,165.90625,4195908.0
2020-09-09,164.1078183961951,165.90626024163288,160.5109347053196,165.45664978027344,6699797.0
2020-09-10,165.45664957462938,166.80548095703125,163.6582077314269,166.80548095703125,3499176.0
2020-09-11,166.3558752441406,169.0535380859375,165.456654296875,168.6039276123047,4377242.0
2020-09-14,170.8519797350364,171.75120068101026,168.6039273701017,169.9527587890625,4392422.0
2020-09-15,170.8519746896759,171.75119560909525,169.0535328508372,169.50314331054688,5894338.0
2020-09-16,170.8519844734232,171.75120544433594,169.9527635025104,171.75120544433594,4442883.0
2020-09-17,170.8519844734232,173.10003690070505,170.8519844734232,171.75120544433594,2599798.0
2020-09-18,170.8519844734232,171.75120544433594,169.05354253159766,171.75120544433594,6870617.0
2020-09-21,171.75119540565893,172.65041632401318,169.95275356895047,170.8519744873047,2976117.0
2020-09-22,169.95275418263563,170.85197510423686,166.35587049623064,166.80548095703125,3939906.0
2020-09-23,167.70469682023332,169.05352816195102,165.00703413679793,166.35586547851562,5445713.0
2020-09-24,164.55743408203125,166.35587598456712,161.85977122822746,164.55743408203125,8655837.0
2020-09-25,163.20861423049365,164.1078352455377,158.26289864775143,158.71250915527344,8279854.0
2020-09-28,160.51093490809612,164.10781860351562,159.1621035223138,164.10781860351562,5556682.0
2020-09-29,165.45664458403718,168.6039177147118,164.5574236895587,166.35586547851562,4787722.0
2020-09-30,168.6039273701017,170.40236926204943,166.80548547815394,169.9527587890625,5363374.0
2020-10-05,169.952763781384,172.6504266985488,169.0535428089957,170.40237426757812,8077771.0
2020-10-06,171.3015847467567,172.2008056640625,169.50314291214508,172.2008056640625,5266598.0
2020-10-07,172.6504264152487,172.6504264152487,169.9527635025104,171.75120544433594,5769108.0
2020-10-08,173.5496368408203,173.5496368408203,171.3015845501361,173.5496368408203,5057573.0
2020-10-12,177.1465354452328,177.59614594128666,173.54965147680167,176.247314453125,9359096.0
2020-10-13,175.79771960731645,175.79771960731645,172.6504458547558,174.89849853515625,7794846.0
2020-10-14,176.24732515000807,176.24732515000807,173.99927253329878,174.44888305664062,3944607.0
2020-10-15,175.34810907123637,175.79771960731645,173.549666926916,174.89849853515625,5776707.0
2020-10-16,173.9992672259991,176.69693028376653,173.9992672259991,175.3480987548828,4688086.0
2020-10-19,174.898487896713,178.04576145783636,173.99926687924918,176.69692993164062,4660675.0
2020-10-20,177.59615094910444,177.59615094910444,175.3480984054449,176.69692993164062,2860195.0
2020-10-21,178.04576145783636,178.49537196656826,175.7977089141768,176.69692993164062,3706540.0
2020-10-22,174.89849853515625,176.69694067947663,174.44888799907616,174.89849853515625,2458542.0
2020-10-23,175.3480839729309,175.3480839729309,172.20081067085266,172.65042114257812,3966258.0
2020-10-26,173.549666926916,176.69694067947663,173.10005639083587,174.89849853515625,2980731.0
2020-10-27,174.89847669930293,182.54185485839844,174.44886621935615,182.54185485839844,9224322.0
2020-10-28,182.09224995829518,183.89069193319193,178.0457555147775,180.29380798339844,8975688.0
2020-10-29,177.14654079339445,178.04576181265026,174.89848824525492,175.3480987548828,6235646.0
2020-10-30,176.2472999974301,176.2472999974301,169.95275356895047,170.8519744873047,13388941.0
2020-11-02,168.60391738566946,169.05352783203125,165.45664426113697,169.05352783203125,6030909.0
2020-11-03,168.60391738566946,170.40235917111661,167.7046964929459,169.05352783203125,4454772.0
2020-11-04,169.0535373687744,172.65042114257812,168.1543164253235,172.65042114257812,4023500.0
2020-11-05,172.6504266985488,173.10003718474294,169.0535428089957,170.40237426757812,7871056.0
2020-11-06,171.7512247825956,177.59616175163683,170.8520037104354,174.89849853515625,8955949.0
2020-11-09,178.4953819564626,179.39460302425334,175.79771875309038,177.59616088867188,4018880.0
2020-11-10,177.14652050591505,177.59613096405187,171.75119500827296,173.5496368408203,5457030.0
2020-11-11,173.5496567163712,176.24731977413862,173.5496567163712,175.3480987548828,5535341.0
2020-11-12,177.14651934935316,182.9914552669714,176.24729843895034,181.6426239013672,11774793.0
2020-11-13,182.09224995829518,182.09224995829518,177.14653452732915,180.29380798339844,4621335.0
2020-11-16,182.54184481176998,182.54184481176998,179.39457162536016,181.6426239013672,7379861.0
2020-11-17,184.34027604523075,185.239496903988,182.0922238983377,184.78988647460938,7065167.0
2020-11-18,184.34029677818563,184.34029677818563,181.19302341855806,182.54185485839844,6334716.0
2020-11-19,183.89067543469943,187.9371695151696,183.44106498131384,187.03794860839844,8189736.0
2020-11-20,188.8363851884906,189.28599562941557,184.3402807792408,187.93716430664062,5153321.0
2020-11-23,191.08445239516925,192.43328382384104,188.38678953782568,190.6348419189453,7490506.0
2020-11-24,191.08444250284344,191.5340529557913,185.68911706746906,188.38677978515625,4319730.0
2020-11-25,187.93717982280685,191.08445316912182,185.6891274325819,186.58834838867188,7874907.0
2020-11-26,188.83640925089517,194.2317352294922,188.38679875267874,194.2317352294922,8779867.0
2020-11-27,195.1309503728693,199.62705522017043,195.1309503728693,197.82861328125,8606577.0
2020-11-30,200.07668000287094,205.47200620519556,197.82862741856903,201.8751220703125,15918427.0
2020-12-01,205.92158017599635,205.92158017599635,200.52625493121042,204.12313842773438,10924463.0
2020-12-02,205.9215847541546,209.51846833064639,204.57275341297017,208.61924743652344,8986604.0
2020-12-03,206.8208248605205,213.5649821929288,205.92160388286607,213.11537170410156,8717593.0
2020-12-04,213.11536497046592,223.0067954121331,212.66575449584468,222.10757446289062,11851116.0
2020-12-07,228.40212060546875,236.04549865722655,223.90601586914062,224.80523681640625,16865191.0
2020-12-08,224.8052420865101,227.5029049915482,221.20835821312593,223.90602111816406,11644308.0
2020-12-09,223.4564001987655,227.9525048305314,223.4564001987655,225.70445251464844,6967093.0
2020-12-10,224.80523201727098,225.70445294534008,220.30912737692557,223.0067901611328,5839883.0
2020-12-11,225.25485229492188,225.25485229492188,218.9603055242055,225.25485229492188,7890615.0
2020-12-14,221.20835876464844,223.00680070582445,218.51069585288442,221.20835876464844,8620759.0
2020-12-15,219.8595375325189,226.1540846193395,218.5107060139145,220.75875854492188,11969201.0
2020-12-16,224.80523201727098,225.70445294534008,220.7587378409601,223.0067901611328,6936786.0
2020-12-17,223.0067954121331,224.80523731061805,221.20835351364815,222.10757446289062,6482149.0
2020-12-18,219.85951691289102,224.35562155323643,219.40990644885647,223.0067901611328,7308195.0
2020-12-21,223.45640904034755,231.99900817871094,221.6579671164816,231.99900817871094,7968761.0
2020-12-22,230.65017348069412,230.65017348069412,220.75874303902694,222.10757446289062,7462262.0
2020-12-23,222.10756923306374,225.25484248130553,220.30912737692557,223.0067901611328,3657846.0
2020-12-24,223.45639559042576,226.6036687677557,222.10756422871293,222.5571746826172,4501429.0
2020-12-25,223.90602111816406,226.60368402320216,223.45641063399103,223.90602111816406,2488279.0
2020-12-28,226.60366287681114,230.2005464145383,225.25483155016346,228.85171508789062,4762482.0
2020-12-29,229.30133558299445,231.0997774307042,227.05328327335724,229.75094604492188,2577709.0
2020-12-30,230.20057091346155,234.69667581411508,228.85173944326547,233.79745483398438,6373510.0
2020-12-31,238.29357451812396,238.29357451812396,233.79746933853673,236.49513244628906,7180868.0
2021-01-04,236.94471717690521,243.68887421230102,236.04549623885245,238.29354858398438,9557973.0
2021-01-05,242.78966148335076,254.47953407328987,242.34005099912233,248.6345977783203,17970813.0
2021-01-06,255.3787415779677,272.91354953842676,253.58029973586935,267.96783447265625,30775304.0
2021-01-07,267.9678609341006,289.099554665481,267.9678609341006,284.1538391113281,24705690.0
2021-01-08,286.8515035321636,292.246829617408,275.1616303474672,278.7585144042969,29381806.0
2021-01-11,276.0608506857778,282.3553977698183,271.5647456257488,281.4561767578125,16416371.0
2021-01-12,283.7042086169978,290.89797618890265,281.00654577753346,282.3553771972656,18488250.0
2021-01-13,280.55695078125,283.7042242675781,279.20811928710935,281.0065612792969,13523606.0
2021-01-14,280.556946997549,280.556946997549,272.4639581418505,275.16162109375,17536526.0
2021-01-15,273.36317527911103,281.4561640209268,267.06862847992096,269.3166809082031,19587752.0
2021-01-18,260.7741039322242,262.5725460283085,254.47955659592913,260.3244934082031,25851194.0
2021-01-19,262.12288894134315,267.9678247153354,262.12288894134315,264.3709411621094,10458587.0
2021-01-20,265.7198081672293,268.8670816988208,262.12292413112465,264.8205871582031,12332882.0
2021-01-21,267.06859320701165,269.76625576465824,263.4717097968162,268.8670349121094,12918547.0
2021-01-22,269.31668777728,269.31668777728,260.77408833192385,261.6733093261719,14543821.0
2021-01-25,258.97563055203045,266.619008537073,258.97563055203045,265.71978759765625,7928935.0
2021-01-26,267.51825669232534,267.51825669232534,258.97565689878894,259.8748779296875,10803829.0
2021-01-27,256.27800929857335,262.12294635275134,254.92917767068613,258.52606201171875,11315540.0
2021-01-28,253.5803460427989,261.2237252674932,252.68112495754076,258.52606201171875,10906075.0
2021-01-29,267.9678152438814,267.9678152438814,254.02989196777344,254.02989196777344,16621413.0
2021-02-01,249.08418696888708,258.07639588473137,249.08418696888708,256.2779541015625,8580481.0
2021-02-02,258.97562691215035,263.0221210826527,256.7275745952046,257.17718505859375,12052100.0
2021-02-03,259.87487400753395,260.7740950248611,253.58032688624422,255.37876892089844,10273226.0
2021-02-04,256.2779740921712,258.52602649648844,254.47953216871733,258.076416015625,9260796.0
2021-02-05,258.5260224639838,258.97563293783423,248.18498156542447,252.23147583007812,23719764.0
2021-02-17,252.6810929389151,270.6655123651724,252.6810929389151,269.3166809082031,36972888.0
2021-02-18,274.71201060176674,281.45616798151553,273.363179125817,275.16162109375,20323345.0
2021-02-19,272.463928527832,273.3631494140625,267.0686032104492,269.7662658691406,10231363.0
2021-02-22,273.81277004508087,276.5104328041457,269.7662759064836,270.6654968261719,10381912.0
2021-02-23,268.8670446817631,272.46392822265625,265.27016114086996,272.46392822265625,10102295.0
2021-02-24,271.56470826856133,272.0143187127146,263.4717202738029,264.3709411621094,10607310.0
2021-02-25,269.3166922033339,269.3166922033339,260.32448211307235,264.8205871582031,12635835.0
2021-02-26,259.4252434116846,259.4252434116846,252.23147583007812,252.23147583007812,21096376.0
2021-03-02,267.06863594055176,267.5182464387682,255.82837348514133,258.97564697265625,12680787.0
2021-03-03,261.22370947603537,261.6733199914846,254.92916225974534,259.8748779296875,9296074.0
2021-03-04,257.6268066189043,258.5260275844153,249.98342841206073,252.68109130859375,12519455.0
2021-03-05,249.08423928000713,251.3322919810902,245.93696549849076,247.28579711914062,11820537.0
2021-03-08,251.78187231039163,251.78187231039163,242.7896625850205,243.23927307128906,10820965.0
2021-03-09,240.09200615493805,240.54161665335553,232.89823818025823,236.94473266601562,17334230.0
2021-03-10,242.78965327424825,244.58809515035378,237.843938114958,238.29354858398438,12590581.0
2021-03-11,240.99119445909193,254.4795075818023,239.1927527093972,253.13067626953125,14670775.0
2021-03-12,255.37876426750884,256.72759576892173,250.4330487623282,253.580322265625,10993548.0
2021-03-15,250.4330497398033,252.68110225093258,249.0842182331257,249.53382873535156,8281126.0
2021-03-16,250.4330487623282,255.82837476797982,249.98343826185726,253.580322265625,8761741.0
2021-03-17,254.47954790357133,255.37876892089844,252.23149536025355,255.37876892089844,6876524.0
2021-03-18,258.0764259762234,262.12292046017114,256.27798398335773,258.97564697265625,9619500.0
2021-03-19,258.5260323837873,258.5260323837873,254.4795379638672,254.4795379638672,11019237.0
2021-03-22,256.2779740921712,258.52602649648844,254.47953216871733,258.076416015625,4098207.0
2021-03-23,258.5260364744398,260.7740889655219,257.1772049797906,258.97564697265625,5365531.0
2021-03-24,258.9756526379159,259.8748736540198,254.9291580654485,256.72760009765625,4953663.0
2021-03-25,256.7276004468891,257.6268214642162,251.78188485159,255.37876892089844,6228684.0
2021-03-26,255.82837348514133,258.97564697265625,254.47954199049207,258.97564697265625,5271209.0
2021-03-29,259.87486796908905,260.7740889655219,257.1772049797906,258.97564697265625,5392245.0
2021-03-30,258.97563100961537,264.82056712615184,257.17718912760415,263.0221252441406,8447204.0
2021-03-31,265.2701939476861,265.2701939476861,258.97564697265625,258.97564697265625,7768583.0
2021-04-01,260.774072430864,266.1693980673646,260.32446196115563,265.71978759765625,10478453.0
2021-04-07,269.76628135796165,269.76628135796165,265.2701766686623,268.4174499511719,5278713.0
2021-04-08,270.215876621028,270.215876621028,267.068603515625,267.068603515625,5847491.0
2021-04-09,269.76625576465824,269.76625576465824,267.06859320701165,268.8670349121094,5794158.0
2021-04-12,269.766298274404,270.215908771528,261.22369882904786,261.6733093261719,7944815.0
2021-04-13,263.4717306894799,267.51822484682685,262.572509765625,262.572509765625,5676551.0
2021-04-14,262.57253531035593,265.71980885003484,257.6268197480033,262.1229248046875,6517011.0
2021-04-15,259.4252410217388,265.71978759765625,258.97563055203045,265.71978759765625,6286712.0
2021-04-16,264.3709358614171,267.06859847224786,262.12288368572473,266.6189880371094,4032348.0
2021-04-19,267.0686135516071,268.8670553937054,264.8205612489841,267.96783447265625,5773684.0
2021-04-20,269.3166992683721,282.8050147576061,267.9678677194487,276.5104675292969,23138791.0
2021-04-21,275.16160142461325,276.0608223443015,270.6654968261719,270.6654968261719,10429203.0
2021-04-22,272.4639187445006,273.36313959844284,262.57248935113586,263.4717102050781,13382492.0
2021-04-23,262.57249907933505,268.417434846512,261.223667748448,267.068603515625,8593125.0
2021-04-26,268.41744493318083,271.1151076963284,266.6190030910825,267.96783447265625,3781368.0
2021-04-27,268.41742428406974,272.46391811749794,266.61898258032386,271.564697265625,7142910.0
2021-04-28,272.91356367994644,275.16161609905635,269.7662902931925,274.7120056152344,8197440.0
2021-04-29,278.75846925845815,281.905742298473,270.6654814412771,272.0143127441406,15696456.0
2021-05-03,275.1616260721477,278.75851007309086,272.4639630714404,275.6112365722656,11476952.0
2021-05-04,276.51046098607685,276.9600714917453,258.97565126500854,262.1229248046875,12782925.0
2021-05-05,262.57250050808807,264.82055273846555,254.9291229248047,254.9291229248047,11033524.0
2021-05-06,254.4795379638672,256.7275904193784,248.18499108843582,254.4795379638672,11266016.0
2021-05-07,258.07641986281544,264.3709666887377,256.2779779125519,263.9213562011719,8009072.0
2021-05-10,265.2702201511549,266.16944123641304,258.52606201171875,258.52606201171875,4225794.0
2021-05-11,251.78186170289436,253.13069310487415,242.78965235636244,243.68887329101562,13253880.0
2021-05-12,243.68887421230102,243.68887421230102,220.30912982292895,238.29354858398438,16213359.0
2021-05-13,233.79745396864664,245.9369371554802,231.09979103823918,237.8439483642578,12302219.0
2021-05-14,240.09202080417083,244.1385155368254,237.84396817491827,239.6424102783203,9351658.0
2021-05-17,233.7974734422637,243.68890501097488,229.30136818375865,239.6424102783203,8584940.0
2021-05-18,242.7896568423412,248.18498254994878,240.54160446417137,246.83615112304688,9169583.0
2021-05-19,246.38656119672646,247.7353927361246,245.0377296573283,245.93695068359375,5226549.0
2021-05-20,247.28576551552771,254.4795332396158,246.38654455001668,252.68109130859375,7807643.0
2021-05-21,256.7276043215425,260.32448844513675,254.47955174429606,259.8748779296875,8624909.0
2021-05-24,257.17717499314693,258.07639588473137,253.58029142680923,256.2779541015625,3123942.0
2021-05-25,258.07641548945986,261.2236888490874,257.1771945295663,260.7740783691406,4516093.0
2021-05-26,262.12290980898103,263.0221307688746,260.32446788919384,260.7740783691406,2949623.0
2021-05-27,259.87486181307895,263.9213562011719,255.37875693742012,263.9213562011719,11409019.0
2021-05-28,262.57253531035593,264.820587838698,260.77409328768226,262.1229248046875,4134366.0
2021-05-31,264.37093085211677,266.618982985213,259.8748265859243,266.16937255859375,5848692.0
2021-06-01,265.270161741109,267.068603515625,264.82055129748,267.068603515625,3902100.0
2021-06-02,267.9678394822419,268.8670604201018,266.61900807545214,268.4174499511719,5705982.0
2021-06-03,268.417434846512,269.31665573377,265.270161741109,267.068603515625,5474528.0
2021-06-04,264.37094085385104,268.417434846512,263.921330410222,267.068603515625,4688395.0
2021-06-07,267.967824402883,268.867045290141,264.37094085385104,267.068603515625,4927910.0
2021-06-08,268.8670503504136,268.8670503504136,266.16938763786766,267.5182189941406,2609253.0
2021-06-09,267.06861396401615,268.8670558088917,263.92134073548397,265.2701721191406,5359415.0
2021-06-10,266.6190035027973,267.06861396401615,264.3709511967029,265.2701721191406,3726268.0
2021-06-11,265.270156731694,267.96781934252476,265.270156731694,266.6189880371094,2884626.0
2021-06-15,268.41742428406974,276.06080152498964,267.9678138581333,271.564697265625,7648145.0
2021-06-16,271.56470733743294,273.3631491078795,270.6654864522097,272.46392822265625,4877092.0
2021-06-17,270.21590187951597,271.5647333364853,267.06862847992096,269.3166809082031,4212210.0
2021-06-18,270.6655123651724,276.0608381930496,268.8670704225467,269.3166809082031,10130964.0
2021-06-21,267.5182142711821,269.3166560477951,263.4717202738029,264.3709411621094,6096411.0
2021-06-22,264.37093085211677,270.6654768247862,264.37093085211677,266.16937255859375,5928065.0
2021-06-23,266.16937255859375,267.06859341183224,264.37093085211677,266.16937255859375,5412917.0
2021-06-24,266.16940412850215,266.16940412850215,259.87485740924706,260.7740783691406,7629277.0
2021-06-25,260.7740675069518,268.4174453476728,260.7740675069518,265.2701721191406,8163402.0
2021-06-28,266.16938262836703,267.967824402883,263.921330410222,267.068603515625,3518361.0
2021-06-29,267.9678494512338,270.6655123651724,267.06862847992096,269.3166809082031,5311720.0
2021-06-30,271.1150968948213,273.3631491078795,270.215876009598,272.46392822265625,6856340.0
2021-07-01,272.46393396714154,274.2623757755055,267.0686085420496,267.5182189941406,4793026.0
2021-07-02,270.6654766172071,274.2623600274025,268.41742448583494,268.8670349121094,6457836.0
2021-07-05,272.0143278021562,274.2623800980418,271.1151068838019,273.3631591796875,4054190.0
2021-07-06,274.26237505389594,274.26237505389594,271.1151018975398,272.9135437011719,2509271.0
2021-07-07,272.9135437011719,273.8127646029879,271.1151018975398,272.9135437011719,3102705.0
2021-07-08,273.3631954161484,274.2624164537015,267.06864815327657,271.1151428222656,4213294.0
2021-07-09,267.518224425235,268.4174453476728,264.3709511967029,265.2701721191406,4592079.0
2021-07-12,269.3166809082031,269.76629139385955,266.16940750860806,269.3166809082031,2890751.0
2021-07-13,272.463967984973,280.5569571330415,270.66552595206895,276.06085205078125,13559688.0
2021-07-14,274.7119977732561,291.34758519978715,274.7119977732561,290.4483642578125,17997184.0
2021-07-15,294.0452536167853,301.2390212893672,285.05304402605793,288.2003173828125,18264870.0
2021-07-16,289.0995282813417,292.24680152857246,282.80498178688015,287.30108642578125,6815070.0
2021-07-19,284.15382008738334,285.50265151184874,271.56472679237265,276.9600524902344,12399686.0
2021-07-20,276.5022835286458,279.7067801920573,272.8400016276042,274.671142578125,6196752.0
2021-07-21,277.41783949908086,280.16455078125,275.1289134306066,280.16455078125,5194371.0
2021-07-22,282.4534841606719,286.11576596502425,276.0444910030554,277.4178466796875,5425645.0
2021-07-23,279.24897495069,282.9112565893876,277.87561933617843,278.3334045410156,3004883.0
2021-07-26,279.24897669151073,281.53790272996577,273.29776899152773,273.75555419921875,4297749.0
2021-07-27,274.6711208395762,275.1289060409755,266.43098721438895,267.3465576171875,6859069.0
2021-07-28,262.7687056031946,269.63548362418396,262.7687056031946,267.3465576171875,6138241.0
2021-07-29,271.0088301015759,271.4666152875583,265.51540786978717,266.8887634277344,5074213.0
2021-07-30,262.3109525354897,266.43101985280106,260.93759676305257,262.76873779296875,6845664.0
2021-08-02,263.2265230504478,263.6843083079268,260.0220262480945,262.76873779296875,5606790.0
2021-08-03,269.6355258046026,269.6355258046026,259.5642497983186,263.2265319824219,8161612.0
2021-08-04,264.1420845710794,264.5998698129704,261.39537311973373,262.3109436035156,5120891.0
2021-08-05,261.8531672780107,264.1420935654059,261.39538202053166,262.76873779296875,3493677.0
2021-08-06,262.31091661955185,263.22648700914885,260.93756103515625,260.93756103515625,5184945.0
2021-08-09,259.1064489984597,259.1064489984597,254.98638178823683,257.73309326171875,5407553.0
2021-08-10,259.10641633177835,259.10641633177835,254.07077926525966,254.528564453125,5124460.0
2021-08-11,253.1552444458008,257.27531171526226,253.1552444458008,256.3597412109375,4479527.0
2021-08-12,254.98633781005418,256.8174784765537,251.78184164368005,253.1551971435547,5588362.0
2021-08-13,253.155228607846,254.07079905489064,248.11959114910042,250.86630249023438,5019848.0
2021-08-16,254.52859759587113,256.8175238332441,251.7818861110236,255.4441680908203,6086921.0
2021-08-17,255.4441680908203,255.4441680908203,255.4441680908203,255.4441680908203,0.0
2021-08-18,234.3860311329588,246.74623199348594,233.01267548178913,244.45730590820312,13123851.0
2021-08-19,245.8306516909688,249.49293328040596,243.99951089625023,246.28843688964844,10432306.0
2021-08-20,251.3240570242414,251.3240570242414,240.7949981689453,240.7949981689453,6871970.0
2021-08-23,243.9995135837131,249.0351508246528,242.62615797254776,247.20401000976562,5312768.0
2021-08-24,249.95073124899793,250.86630169313347,244.91509380625254,245.3728790283203,3979710.0
2021-08-25,247.20399268897805,254.52855543531814,244.91506683074678,254.07077026367188,5573452.0
2021-08-26,256.8174784765537,257.7330488098034,250.8662713104303,253.1551971435547,5760801.0
2021-08-27,254.52859759587113,256.3597385857695,251.324100863549,255.4441680908203,5127582.0
2021-08-30,254.07079092718408,256.3597169715731,252.23965009167284,255.9019317626953,3369663.0
2021-08-31,252.2396564025315,254.52858250418785,241.7105963349122,247.66180419921875,13596682.0
2021-09-01,247.6617702596328,249.9506960476146,245.8306296292473,249.03512573242188,6343603.0
2021-09-02,247.20401359004015,248.57736922109592,243.54173190722474,245.83065795898438,5148078.0
2021-09-03,248.5773405748255,249.03512573242188,244.9150593140546,249.03512573242188,5250975.0
2021-09-06,249.95070786275636,251.3240634004638,247.66178196657728,250.4084930419922,5350022.0
2021-09-07,251.32408867093082,251.78187389619663,245.83066596774108,248.57737731933594,5449144.0
2021-09-08,250.86630074153766,250.86630074153766,246.28844853822494,247.66180419921875,4119319.0
2021-09-09,245.83066064838135,249.03515715590214,244.457305002301,246.74623107910156,3236036.0
2021-09-10,245.8306516909688,247.20400728700773,244.45729609492986,246.28843688964844,4525576.0
2021-09-13,244.9150893267463,246.74623018152573,239.87945197610293,241.2528076171875,8035550.0
2021-09-14,242.1683780445772,243.99951889935662,240.33723718979778,241.2528076171875,4250034.0
2021-09-15,241.7105854832849,242.6261558828428,236.2171630859375,236.2171630859375,7072101.0
2021-09-16,236.67495369544397,239.4216649568998,235.7593832749587,238.04830932617188,4345266.0
2021-09-17,235.75938776135445,237.1327434182167,233.47046166658401,234.3860321044922,8292541.0
2021-09-22,224.31475646972658,232.55489038085938,224.31475646972658,228.89260864257812,8970073.0
2021-09-23,233.4704571642411,233.92824237436707,229.35039027310745,230.26596069335938,3836704.0
2021-09-24,239.87945016714244,244.45730226956883,237.1327389056866,238.04830932617188,8007932.0
2021-09-27,235.30159268637962,238.50608908483224,234.3860222868217,236.2171630859375,6111931.0
2021-09-28,235.30161628345454,236.21718677482983,229.80819333520267,231.18154907226562,5582900.0
2021-09-29,228.8925969144948,228.8925969144948,226.14588575152086,227.5192413330078,7186676.0
2021-09-30,227.06145804268974,231.63931001935686,227.06145804268974,230.72373962402344,6903790.0
2021-10-01,230.72374405399444,231.1815292604508,224.77253637006206,227.06146240234375,6207548.0
2021-10-04,225.68810021082558,226.145885403951,218.82132231394448,219.7368927001953,7434328.0
2021-10-05,217.9057652064732,226.14589918486925,216.9901947644292,224.31475830078125,8903015.0
2021-10-06,224.77254983788865,226.1459055395458,220.65248273291715,223.8569793701172,5889341.0
2021-10-07,227.06145613917883,230.26595249598176,225.23031536386287,227.5192413330078,3907186.0
2021-10-08,230.7237431874532,231.63931359692722,228.43481716376817,229.3503875732422,3262048.0
2021-10-12,226.14588928222656,227.51924488515508,219.73689646856025,226.14588928222656,4823574.0
2021-10-13,227.97703642003677,229.80817727481616,224.77253992417278,225.6881103515625,4124746.0
2021-10-14,222.94138422032577,223.85695458673368,215.6168212890625,215.6168212890625,9493873.0
2021-10-15,216.99018154144287,221.11024827957152,214.70125557581582,219.7368927001953,8452604.0
2021-10-18,222.48362172342732,233.4704672406336,221.56805126366012,228.43482971191406,11619726.0
2021-10-19,232.5548991199626,239.87946287177246,227.06147630610522,237.13275146484375,10739877.0
2021-10-20,236.21716116734711,236.67494636340788,230.72373881461812,233.01266479492188,8878035.0
2021-10-21,233.01268370255178,236.21718033500338,229.8081870701002,231.6393280029297,5544615.0
2021-10-22,227.97703733600554,229.80817819814214,222.48361474959577,223.39918518066406,8722997.0
2021-10-25,222.94140357577925,225.2303296905203,220.6524774610382,222.0258331298828,5511221.0
2021-10-26,225.23033507177436,228.89261694286012,223.39919413623147,223.8569793701172,6503126.0
2021-10-27,225.23033507177436,227.51926124120297,221.56805320068858,223.8569793701172,5428240.0
2021-10-28,225.23034087832613,232.5549048093286,223.3991998955755,231.18154907226562,9046939.0
2021-10-29,229.80818095304528,230.72375139508927,224.31475830078125,224.31475830078125,9703833.0
2021-11-01,225.68810949232972,237.59052500308138,224.31475385647374,235.75938415527344,11485773.0
2021-11-02,237.59051758902413,237.59051758902413,229.35038403102328,230.72373962402344,9387889.0
2021-11-03,230.72374129198823,230.72374129198823,225.23031888027424,226.14588928222656,7200313.0
2021-11-04,229.80818082971217,234.38603303747536,227.51925472583056,232.09710693359375,7958668.0
2021-11-05,235.30158839334968,240.7950106904707,233.01266243621592,239.8794403076172,10637637.0
2021-11-08,240.79502695190195,241.71059739658597,235.30160428379773,237.5905303955078,6751550.0
2021-11-09,241.25279161266815,243.54171752929688,240.33722124601667,243.54171752929688,7030050.0
2021-11-10,243.54173008181013,245.37287090949292,240.33723363336526,242.62615966796875,6120368.0
2021-11-11,239.87946287177246,240.7950333407487,236.67496623035564,237.13275146484375,4487025.0
2021-11-12,238.96388244628906,241.25280852336078,236.6749563692173,238.96388244628906,3726272.0
2021-11-15,239.87945016714244,241.25280579787037,237.59052411592924,238.04830932617188,4490883.0
2021-11-16,237.1327434182167,238.04831385612488,233.47046166658401,234.3860321044922,6463726.0
2021-11-17,235.3016095425841,240.33724710088842,233.01268337971848,239.4216766357422,6813010.0
2021-11-18,240.7950205876277,241.25280579787037,237.1327389056866,238.04830932617188,6024426.0
2021-11-19,239.87945287711776,239.87945287711776,238.04831201546037,238.96388244628906,3589329.0
2021-11-22,238.96389240279623,239.87946287177246,237.13275146484375,237.13275146484375,2280851.0
2021-11-23,236.21715482823987,236.67494001201555,233.47044372558594,233.47044372558594,4285585.0
2021-11-24,235.75938776135445,238.04831385612488,233.9282468855381,234.3860321044922,3196688.0
2021-11-25,238.96389240279623,240.33724810626057,236.21718099586752,237.13275146484375,4097542.0
2021-11-26,233.92823600769043,236.217161996024,230.72373962402344,230.72373962402344,5776606.0
2021-11-29,229.80818082971217,233.92824781669904,228.89261038815954,232.09710693359375,3157124.0
2021-11-30,234.3860321044922,237.1327434182167,233.47046166658401,234.3860321044922,9761784.0
2021-12-01,234.3860222868217,237.59051868527436,234.3860222868217,236.2171630859375,2793210.0
2021-12-02,236.67496524030346,239.8794618683153,234.38603907743786,239.4216766357422,5643450.0
2021-12-03,241.7106027986078,242.1683880311809,238.50610617059596,239.4216766357422,4565537.0
2021-12-06,238.96388244628906,240.3372380925321,236.6749563692173,238.96388244628906,3633839.0
2021-12-07,240.7949981689453,242.62613883943158,238.0482871632159,240.7949981689453,3571998.0
2021-12-08,242.62616416960384,243.54173460043253,238.96388244628906,238.96388244628906,4135985.0
2021-12-09,242.16837010153165,246.28843688964844,240.33722930681307,246.28843688964844,7468533.0
2021-12-10,246.28844229497594,249.95072396478972,244.91508666879577,248.1195831298828,7171934.0
2021-12-13,250.86629163953995,251.32407684326174,245.3728691948785,247.20401000976562,5764469.0
2021-12-14,244.91508129360952,248.57736288304667,243.5417256975706,246.28843688964844,4325261.0
2021-12-15,245.37288533148364,246.74624103296583,242.62617392851925,244.91510009765625,4282767.0
2021-12-16,249.49292491253158,249.49292491253158,243.08393234597114,243.54171752929688,5685104.0
2021-12-17,243.99951089625023,246.7462220883281,241.71058490285202,246.28843688964844,5677521.0
2021-12-20,246.28845411358458,247.20402457497337,241.25281657594624,241.71060180664062,3239403.0
2021-12-21,242.6261471626454,245.37285826259986,242.16836197931966,243.54171752929688,2258089.0
2021-12-22,243.9995089888348,245.37286457413782,243.0839385986328,243.0839385986328,1601355.0
2021-12-23,243.54172837999133,247.20401000976562,243.54172837999133,247.20401000976562,3818504.0
2021-12-24,248.11958941955004,249.49294508054385,247.2040189788875,247.66180419921875,2108407.0
2021-12-27,248.119602597993,253.15524028909618,248.119602597993,252.2396697998047,4520189.0
2021-12-28,253.15519992037937,254.9863406069644,252.23962957708687,254.07077026367188,3770984.0
2021-12-29,254.98634964099034,256.3597052045863,253.61299407739435,254.528564453125,3610412.0
2021-12-30,254.52857155539772,254.52857155539772,251.7818603515625,251.7818603515625,2272848.0
2022-01-03,252.69743444564494,258.6486421409228,251.7818640309868,258.19085693359375,5888040.0
2022-01-04,261.8531335901331,272.8399783561527,261.39534839154896,271.9244079589844,15548338.0
2022-01-05,276.5022653392588,276.5022653392588,265.0576351513756,265.97320556640625,10172224.0
2022-01-06,263.6842884181701,267.3465702017558,260.02200663458444,266.4309997558594,7272144.0
2022-01-07,267.34654812762255,268.26211849792264,258.1908444246218,259.1064147949219,6692949.0
2022-01-10,255.44414217509922,260.9375645874669,253.155216169946,259.564208984375,5729943.0
2022-01-11,255.90195893078317,266.43101985280106,255.90195893078317,262.76873779296875,7526835.0
2022-01-12,263.68427942154256,266.43099066551696,255.90193089694841,258.19085693359375,6709009.0
2022-01-13,259.5641987108582,259.5641987108582,252.69742096718468,253.6129913330078,6180022.0
2022-01-14,249.9507329951334,250.866303445665,245.37288074247527,248.57737731933594,6667600.0
2022-01-17,247.66178196657728,250.866278221228,247.20399678734145,250.4084930419922,3393651.0
2022-01-18,251.32408771375668,253.6130138313683,250.86630249023438,250.86630249023438,2492696.0
2022-01-19,252.6974307528409,253.6130011541193,249.49293434836648,251.7818603515625,4741817.0
2022-01-20,250.86632147272795,252.23967724721368,246.2884688911088,249.4929656982422,5538212.0
2022-01-21,249.9507509564041,252.23967724721368,247.20403940743265,249.4929656982422,4385695.0
2022-01-24,246.74619994444006,249.9506960476146,246.2884147868437,249.03512573242188,2378221.0
2022-01-25,246.28843688964844,247.66179248568739,243.5417256975706,246.28843688964844,5697799.0
2022-01-26,244.4573085841848,247.66180513865913,243.99952336211703,245.3728790283203,4044914.0
2022-02-07,248.57736833860955,254.0707908433302,246.74622750370267,248.1195831298828,8686008.0
2022-02-08,248.11957768436702,249.49293328040596,246.28843688964844,246.28843688964844,9562776.0
2022-02-09,246.28844586374146,248.1195867251819,245.83066064838135,246.74623107910156,5081218.0
2022-02-10,247.2040162944617,248.1195867251819,245.37287543302122,246.74623107910156,5238991.0
2022-02-11,244.91507937903683,246.28843496433984,243.0839385986328,243.0839385986328,7143298.0
2022-02-14,241.71059560775757,241.71059560775757,233.9282468855381,234.3860321044922,7142153.0
2022-02-15,233.47046259592273,234.84381825825167,230.7237512712648,232.09710693359375,8154774.0
2022-02-16,235.30160162388933,237.59052770972482,234.84381640672223,236.67495727539062,4369497.0
2022-02-17,238.04831201546037,240.3372380925321,236.6749563692173,238.96388244628906,4778897.0
2022-02-18,236.67496524030346,239.8794618683153,236.21718000773035,239.4216766357422,2333536.0
2022-02-21,236.67495369544397,238.04830932617188,235.30159806471605,238.04830932617188,2174876.0
2022-02-22,235.75937516030635,236.21716035479236,234.38601957684824,235.3015899658203,4271945.0
2022-02-23,235.7593957613794,238.96389240279623,235.3016105268913,237.13275146484375,3158838.0
2022-02-24,233.92824781669904,235.301603479028,230.7237512712648,232.09710693359375,6130739.0
2022-02-25,232.55488855698528,233.92824419806985,225.23032513786762,225.6881103515625,14130109.0
2022-03-01,227.9770329347131,234.84381103515625,226.60367731462446,234.84381103515625,8626670.0
2022-03-02,233.01265854181028,236.21715482823987,230.72373262293198,233.47044372558594,5681260.0
2022-03-03,233.9282468855381,236.21717298030853,233.01267644762993,234.3860321044922,6209627.0
2022-03-04,231.63930920673963,235.30159077522563,230.26595361855738,233.01266479492188,3171154.0
2022-03-07,228.4348152871074,228.8926004880836,225.23031888027424,226.14588928222656,8601256.0
2022-03-08,221.5680286707139,228.89259160197716,214.24346573945064,215.6168212890625,13041761.0
2022-03-09,216.5323928927783,222.48360030843605,216.5323928927783,221.11024475097656,6350583.0
2022-03-10,230.72373881461812,236.21716116734711,228.43481283431439,233.01266479492188,9832666.0
2022-03-11,235.75937358477643,241.7105810733242,233.01266243621592,239.8794403076172,10775338.0
2022-03-14,241.25280669869727,241.25280669869727,234.38602851941747,235.75938415527344,4342888.0
2022-03-15,235.75938321487092,235.75938321487092,228.43481985285553,230.26596069335938,6369525.0
2022-03-16,230.2659615819234,232.55488764138585,226.14589467489097,227.97703552246094,7822678.0
2022-03-17,233.47045107674919,239.87944385140506,231.63931028399037,238.50608825683594,8182081.0
2022-03-18,238.04831385612488,240.3372399508953,233.01267644762993,234.3860321044922,10297139.0
2022-03-21,238.96388244628906,242.62616416960384,238.04831201546037,238.96388244628906,5578053.0
2022-03-22,241.25279588189744,241.7105810733242,238.50608473333693,239.8794403076172,3944770.0
2022-03-23,243.5417363936599,243.5417363936599,239.8794546433793,242.1683807373047,3060714.0
2022-03-24,242.6261712909863,244.91509743524088,240.3372451467317,243.99952697753906,4664658.0
2022-03-25,246.28844947245585,247.20401991659136,243.54173814004926,245.3728790283203,4838490.0
2022-03-28,241.71058925412734,243.08394487488943,236.6749519779997,242.62615966796875,2708029.0
2022-03-29,241.25279161266815,245.8306434459256,241.25279161266815,243.54171752929688,3124763.0
2022-03-30,246.28844947245585,247.20401991659136,242.62616769591375,245.3728790283203,4674913.0
2022-03-31,246.2884431693363,246.74622837968823,243.54173190722474,245.83065795898438,3503336.0
2022-04-01,243.08394669687283,245.83065795898438,240.7950206451132,245.83065795898438,4892578.0
2022-04-06,244.9150893267463,246.28844496783088,240.79502240349262,241.2528076171875,5970828.0
2022-04-07,237.13274158463167,241.71059373877515,237.13274158463167,238.96388244628906,6654945.0
2022-04-08,238.04831201546037,242.62616416960384,237.13274158463167,238.96388244628906,4173598.0
2022-04-11,240.79501769166745,240.79501769166745,229.3503875732422,229.3503875732422,5472520.0
2022-04-12,226.60367094534985,232.09709327129772,226.14588575152086,227.5192413330078,5738549.0
2022-04-13,231.6393119080426,235.30159351923695,228.89260069964683,233.92823791503906,3778360.0
2022-04-14,235.75939510179603,235.75939510179603,231.1815427697223,231.6393280029297,2687244.0
2022-04-15,231.63932632109925,232.09711155098282,227.97704448203046,228.43482971191406,2204279.0
2022-04-18,225.68811303341027,228.89260956735322,224.77254259514086,226.6036834716797,2327584.0
2022-04-19,230.72375044389204,231.63932088216146,226.6036834716797,226.6036834716797,1874868.0
2022-04-20,227.06147042688622,230.72375220796502,227.06147042688622,229.8081817626953,4663273.0
2022-04-21,232.55489846934444,233.01268370255178,229.8081870701002,231.6393280029297,3007639.0
2022-04-22,227.0614723267594,228.43482800615513,224.7725461944332,225.23033142089844,5823134.0
2022-04-25,218.36355055311014,221.56804710210756,216.0746244466834,216.53240966796875,7374069.0
2022-04-26,219.7368948800223,230.72373962402344,218.8213244846889,230.72373962402344,8487324.0
2022-04-27,223.39918785873724,228.43482528997927,223.39918785873724,224.31475830078125,7040354.0
2022-04-28,226.14589556525735,228.43482163373162,222.94139906939338,225.6881103515625,5022354.0
2022-04-29,230.2659642944336,230.72374951171875,226.1458973388672,228.89260864257812,5162064.0
2022-05-03,228.892611474106,228.892611474106,220.19469223808997,222.0258331298828,3752988.0
2022-05-04,222.48362200091984,225.23033338364723,220.19469584864697,220.65248107910156,3061828.0
2022-05-05,224.31476292273808,224.31476292273808,219.7369106181924,220.65248107910156,2971792.0
2022-05-06,215.15903961964145,216.99018038236179,211.95454328488083,214.24346923828125,7663635.0
2022-05-09,210.58119201660156,212.41233281674593,208.7500512164572,210.58119201660156,5075197.0
2022-05-10,205.54555294213705,209.20783450903483,203.25662696282595,207.37669372558594,5421293.0
2022-05-11,206.9189156824577,207.83448610583142,203.25663398896288,204.62998962402344,4135782.0
2022-05-12,203.2566357924682,203.2566357924682,199.13656885072896,200.05213928222656,4688068.0
2022-05-13,200.05213838465073,202.79884966681985,198.67878274356616,202.341064453125,4935635.0
2022-05-16,206.46115225206043,208.29229329199,202.79887017220125,204.17222595214844,2888742.0
2022-05-17,206.91891208224828,206.91891208224828,203.71441565619577,206.0033416748047,4393790.0
2022-05-18,209.66563943970255,213.32792135131308,208.7500689617999,211.4967803955078,5048360.0
2022-05-19,204.1722080127613,205.08777845228042,201.88328191396354,203.2566375732422,4430469.0
2022-05-20,205.08776774627484,207.83447892144815,203.71441215868816,207.37669372558594,4368825.0
2022-05-23,210.58119371202258,210.58119371202258,206.0033416748047,206.0033416748047,2814966.0
2022-05-24,205.54557377208363,208.2922852256081,201.42550659179688,201.42550659179688,2506749.0
2022-05-25,204.172201709533,205.08777212078652,201.42549047577248,203.71441650390625,4505551.0
2022-05-26,205.54553845950537,206.91889395032612,203.7143978050777,205.08775329589844,2667918.0
2022-05-27,206.91890695131107,213.78568483686342,206.00333656657077,211.9545440673828,5419829.0
2022-05-30,215.61682944627677,218.82132584993695,213.32790344366236,218.36354064941406,5241412.0
2022-05-31,216.99017807859812,221.11024475097656,216.5323928927783,221.11024475097656,7719352.0
2022-06-01,222.02581512261622,222.02581512261622,219.27910400769724,221.11024475097656,2433464.0
2022-06-02,217.9057653318248,219.7369062169662,216.53240966796875,216.53240966796875,2733008.0
2022-06-06,216.9901636993536,219.27908947677292,211.95452698903105,218.82130432128906,3480827.0
2022-06-07,214.70125167257285,216.07460722698164,211.03897019414944,213.32789611816406,5461195.0
2022-06-08,214.24347821786714,215.15904863760161,213.32790779813266,214.70126342773438,2547311.0
2022-06-09,214.70127238821476,216.07462807513298,212.41234624335107,215.1590576171875,3503804.0
2022-06-10,216.0746181826048,218.82132943068876,212.87012172650685,216.9901885986328,3178462.0
2022-06-13,212.41234280770286,214.7012689155445,207.37670537045128,208.75006103515625,4606352.0
2022-06-14,204.17220267999096,209.2078399658203,204.17220267999096,209.2078399658203,4450039.0
2022-06-15,206.91891208224828,208.29226769341363,204.17220085991755,206.0033416748047,4602648.0
2022-06-16,209.66563781067566,212.41234922304258,206.91892639830874,208.2922821044922,6179689.0
2022-06-17,200.5099097432544,208.75004302037445,200.5099097432544,207.83447265625,7204965.0
2022-06-20,206.00335901433772,207.37671474109996,201.42550659179688,201.42550659179688,4482545.0
2022-06-21,207.37669480846773,212.8701171875,204.6299836189516,212.8701171875,4675560.0
2022-06-22,211.0389752924837,211.95454568420814,207.37669372558594,207.37669372558594,3793161.0
2022-06-23,211.49675809420074,216.07461000100162,208.7500469501202,214.24346923828125,7481808.0
2022-06-24,219.27908947677292,220.65244494322454,215.1590230774181,218.82130432128906,7573675.0
2022-06-27,218.8213357743955,220.19469143825154,216.53240966796875,216.53240966796875,6077910.0
2022-06-28,217.4479710853706,218.82132669222557,214.24347466937567,216.07461547851562,5687285.0
2022-06-29,213.26235961914062,214.1997765844995,210.91881720574347,213.26235961914062,6688257.0
2022-06-30,209.51268174147765,210.91880712229295,206.70043097984708,207.63784790039062,6214337.0
2022-07-01,206.70043097984708,212.79364096338,205.29430559903182,207.63784790039062,8243287.0
2022-07-04,204.35690976495613,207.63786932540268,200.60724169587436,205.29432678222656,7078357.0
2022-07-05,208.10656489158163,210.45010728900937,203.88818857621175,206.700439453125,6841010.0
2022-07-06,207.16915719582747,208.5752826971566,197.32627868652344,197.32627868652344,7179289.0
2022-07-07,202.01336538737715,209.5127014574422,199.66982286548182,207.16915893554688,7589572.0
2022-07-08,207.63785782698747,215.13719354985835,206.23173237894918,213.26235961914062,7086233.0
2022-07-11,212.79366447099673,215.60591554330065,212.79366447099673,215.13720703125,3580265.0
2022-07-12,216.07461121794464,218.41815363896356,215.13719424953706,216.54331970214844,5310206.0
2022-07-13,224.04265930558046,227.79232724374918,222.16782533649612,224.51136779785156,11264037.0
2022-07-14,224.51136779785156,228.72974422829137,223.57395081330938,224.51136779785156,9033953.0
2022-07-15,225.91747710558832,231.54197861029178,224.0426432706872,229.66714477539062,8157340.0
2022-07-18,231.54197861029178,232.94810398646763,229.19843631666535,229.66714477539062,6417910.0
2022-07-19,230.6045684814453,232.47940237153836,229.66715153639876,230.6045684814453,4020371.0
2022-07-20,232.94813108635717,235.2916736526183,232.47942257310493,233.41683959960938,5619108.0
2022-07-21,236.22908203125,236.22908203125,231.5419970703125,234.354248046875,5897761.0
2022-07-22,232.9481243933401,234.82295839248167,230.60458189441312,232.4794158935547,6043083.0
2022-07-25,229.66714398351732,235.29164546882797,229.1984355264081,234.82293701171875,5085149.0
2022-07-26,234.35425662611385,236.22909067912275,231.54200554660048,233.41683959960938,3538189.0
2022-07-27,233.41681250624768,238.10389709472656,232.01068712970402,238.10389709472656,5016556.0
2022-07-28,242.79099011603202,248.4154918175617,241.85357316577708,245.60324096679688,11552644.0
2022-07-29,247.0093855451244,247.0093855451244,240.44746638453285,241.8535919189453,8031735.0
2022-08-01,243.25969783111512,244.66582325210422,239.97873851547388,242.32228088378906,5192623.0
2022-08-02,240.91615546279994,243.72840630477816,236.2290707261696,242.32228088378906,10633808.0
2022-08-03,241.85357145829633,247.4780731201172,239.97873757102272,247.4780731201172,8164692.0
2022-08-04,247.9467764960395,248.88419342041016,242.32227494981552,244.6658172607422,11656117.0
2022-08-05,248.41550292968748,248.41550292968748,245.60325195312498,246.07196044921875,5289534.0
2022-08-08,246.07194348859878,248.4154858075378,244.19710963344752,247.94677734375,3141830.0
2022-08-09,247.00938654485736,251.22776316516803,244.66584397801813,248.41551208496094,6410161.0
2022-08-10,249.82163858413696,254.97743225097656,248.41551303863525,254.97743225097656,8013322.0
2022-08-11,254.50871946002366,255.44613647460938,249.82163438709503,255.44613647460938,8242612.0
2022-08-12,251.6964697677098,253.57130380694787,248.41551019904318,250.29034423828125,7320848.0
2022-08-15,251.22776226405682,257.3209729159836,251.22776226405682,256.8522644042969,6645298.0
2022-08-16,256.852261996488,256.852261996488,254.0400109527308,255.44613647460938,3567962.0
2022-08-17,256.852261996488,258.25838751836653,254.0400109527308,255.44613647460938,5063045.0
2022-08-18,254.0400109527308,255.44613647460938,252.63388543085222,255.44613647460938,3214449.0
2022-08-19,255.44613647460938,256.852261996488,253.57130244543794,255.44613647460938,2910680.0
2022-08-22,254.50871031019423,256.85225276240595,251.69645936754014,253.1025848388672,2534000.0
2022-08-23,252.63386455335115,252.63386455335115,247.47807139920113,249.3529052734375,6318459.0
2022-08-24,251.22776125790028,254.04001231675738,249.35292721866222,250.29034423828125,4086267.0
2022-08-25,252.16515435745467,253.10257128815152,249.3529035653641,251.2277374267578,3130759.0
2022-08-26,252.6338628228031,253.57127975349997,250.75902896140937,251.2277374267578,5206334.0
2022-08-29,247.4780859375,247.94679443359374,244.6658349609375,246.07196044921875,6279501.0
2022-08-30,247.94678159193558,250.2903239510276,246.07194770466197,247.4780731201172,5593105.0
2022-08-31,245.13453920893795,247.00937316082275,243.25970525705316,246.54066467285156,4828766.0
2022-09-01,247.47807409408244,247.47807409408244,238.57261309448478,242.32228088378906,7411790.0
2022-09-02,239.97873774509804,241.85357163373163,238.10390385646446,239.04132080078125,5186787.0
2022-09-05,240.9161657643178,243.2597082328423,239.04133178949823,239.51004028320312,3206306.0
2022-09-06,242.79098255935224,242.79098255935224,239.9787317961165,241.38485717773438,4041862.0
2022-09-07,239.041334219016,241.38487671135928,237.16650022514136,240.91616821289062,4311268.0
2022-09-08,241.85356811978923,252.16515435745467,240.91615118909237,251.2277374267578,7725265.0
2022-09-12,254.04000181975186,255.91483578152128,251.69645936754014,253.1025848388672,5072030.0
2022-09-13,255.91484444203428,255.91484444203428,251.22775937899337,252.16517639160156,5416697.0
2022-09-14,246.0719443079251,253.57127975349997,245.60323584257665,251.2277374267578,5847757.0
2022-09-15,248.8842042369455,254.03999754505546,248.8842042369455,253.5712890625,4573145.0
2022-09-16,253.10257044541586,253.57127890920367,247.94677734375,247.94677734375,6856982.0
2022-09-19,250.29034236638518,254.50871892312202,247.47809132856062,252.16517639160156,3588861.0
2022-09-20,253.57130004207147,255.44613405347312,251.69646603066982,254.04000854492188,4374422.0
2022-09-21,252.63388678732883,254.04001231675738,249.35292721866222,250.29034423828125,3420568.0
2022-09-22,247.00937446311667,253.1025848388672,245.60324899178963,253.1025848388672,3910477.0
2022-09-23,251.22775022352837,253.57129266964336,248.88420777741337,249.82162475585938,2552816.0
2022-09-26,245.60325379472317,249.35292179158918,242.32229429746542,244.19712829589844,5848435.0
2022-09-27,243.2596985911595,247.0093663921793,242.79099011603202,245.60324096679688,4950709.0
2022-09-28,245.6032500494094,247.47808401925224,236.2290802001953,236.2290802001953,6943098.0
2022-09-29,238.10392522528622,239.97875928217823,233.88554859727918,236.6977996826172,6424983.0
2022-09-30,229.66715303805506,238.57261407422456,228.72973608687934,237.16648864746094,6074617.0
2022-10-03,233.8855377378918,238.57262266249884,232.9481207529704,236.2290802001953,2758861.0
2022-10-04,239.97873851547388,243.25969783111512,238.57261309448478,242.32228088378906,3844626.0
2022-10-05,248.41548912600376,254.03999076659252,245.13452983566032,252.6338653564453,7642321.0
2022-10-06,254.97743737376572,262.47677376711175,254.50872884918158,261.0706481933594,11359968.0
2022-10-07,262.00804931640624,263.4141748046875,256.85225585937496,257.7896728515625,5540612.0
2022-10-11,250.29031966268903,252.16515351784025,242.7909842420841,247.94677734375,11169930.0
2022-10-12,248.8842215538025,257.78968334198,247.47809600830078,254.97743225097656,8868688.0
2022-10-13,253.57127975349997,255.9148220802421,247.9467781693188,251.2277374267578,7344658.0
2022-10-14,256.3835323018239,256.852240770383,249.3529052734375,249.3529052734375,5897695.0
2022-10-17,247.4780955394553,254.50872325364438,247.4780955394553,251.69647216796875,8285987.0
2022-10-18,256.3835534891951,258.7270960256594,252.16517692355933,255.44613647460938,7639403.0
2022-10-19,254.97740514954523,255.9148220802421,250.29032049606096,251.2277374267578,4353310.0
2022-10-20,248.4155078033045,250.29034182446154,243.72842275041197,248.88421630859375,7240593.0
2022-10-21,253.10259529713835,254.97742933637642,248.8842187088527,250.29034423828125,5848809.0
2022-10-24,255.44614028220292,255.44614028220292,249.35292959657238,251.69647216796875,6919482.0
2022-10-25,251.2277488634995,251.2277488634995,237.1664942629305,243.25970458984375,11902400.0
2022-10-26,239.04134273529053,242.32230234146118,236.69780015945435,239.978759765625,7441402.0
2022-10-27,242.79100894188696,244.66584298777028,240.44746638453285,241.8535919189453,5806732.0
2022-10-28,246.07196852218274,247.94680256806603,239.97875787306202,241.8535919189453,7232875.0
2022-10-31,246.54065024366656,246.54065024366656,239.9787317961165,241.38485717773438,7506288.0
2022-11-01,243.2596918741862,245.60323418511285,240.91614956325955,244.6658172607422,7038739.0
2022-11-02,247.4780955394553,254.0400147393651,246.54067851089675,251.69647216796875,8670563.0
2022-11-03,249.35292721866222,250.75905274809077,247.47809317942415,250.29034423828125,3995598.0
2022-11-04,250.75903147624908,254.03999076659252,248.41548912600376,252.6338653564453,3863239.0
2022-11-07,254.97740849645146,255.91482543945312,248.88419836694067,255.91482543945312,5456668.0
2022-11-08,255.91484738092353,258.72709845104356,254.50872184586353,256.8522644042969,6364760.0
2022-11-09,258.2583899393569,259.1958069627303,255.91484738092353,256.8522644042969,5204749.0
2022-11-10,254.9774255506227,256.38355105917395,252.63388303637066,254.04000854492188,3569518.0
2022-11-11,262.00802283985064,267.16381577587634,259.6644805962026,265.7576904296875,13038628.0
2022-11-14,266.6951208966417,269.5073717321072,264.8202870063314,267.6325378417969,6883328.0
2022-11-15,269.976092550128,274.6631774902344,266.22642459804285,274.6631774902344,10584892.0
2022-11-16,274.19446155144806,275.6005869953017,269.50737673860283,270.4447937011719,9200343.0
2022-11-17,269.0386839566165,274.19447755160394,269.0386839566165,273.72576904296875,4242747.0
2022-11-18,274.19446899622375,277.4754284542982,272.3196350201812,274.6631774902344,4185501.0
2022-11-21,274.19447994719576,278.412856561768,271.3822288708143,275.13189697265625,5515962.0
2022-11-22,272.788354409005,275.6006054853865,269.9761033326235,275.13189697265625,5787619.0
2022-11-23,278.8815478019908,278.8815478019908,275.60058841608503,277.0067138671875,4672679.0
2022-11-24,277.47541293718956,283.09991455078125,277.47541293718956,283.09991455078125,6906855.0
2022-11-25,280.2876637439854,284.97474842197846,280.2876637439854,283.09991455078125,6978610.0
2022-11-28,277.9441369483088,278.41284544231945,273.72576050221306,274.6631774902344,7848122.0
2022-11-29,276.53799940275667,280.2876671912686,274.66316550850064,279.3502502441406,6435263.0
2022-11-30,282.16249761518264,283.09991455078125,278.41282987278817,283.09991455078125,8181265.0
2022-12-01,284.03733650582734,287.31829583840295,283.0999195536629,285.91217041015625,7282288.0
2022-12-02,280.2876686971696,287.31829583840295,280.2876686971696,285.91217041015625,4354675.0
2022-12-05,285.4434679772243,286.3808849492349,283.5686340332031,283.5686340332031,2960255.0
2022-12-06,282.16253662109375,285.443496349246,279.35028542553465,282.16253662109375,5617960.0
2022-12-07,280.2876819034181,280.2876819034181,273.25705443092437,276.0693054199219,6713723.0
2022-12-08,273.7257629290906,277.9441394125869,270.9135119400931,276.0693054199219,4980293.0
2022-12-09,277.4754309144206,278.4128479107531,273.7257629290906,276.0693054199219,4343552.0
2022-12-12,271.85093738354453,275.6006054853865,271.85093738354453,275.13189697265625,2716143.0
2022-12-13,275.1318835197959,279.3502599281062,269.97609013186104,273.2570495605469,7062679.0
2022-12-14,274.6631714486834,277.0067138671875,272.3196290301792,277.0067138671875,6866648.0
2022-12-15,275.1318799323842,277.4754223508883,273.72575448128174,277.0067138671875,4275855.0
2022-12-16,271.8509131362758,275.1318724327481,271.3822046653512,272.788330078125,6685173.0
2022-12-19,269.97611799568966,272.78836922481145,269.5074094575027,271.8509521484375,2776657.0
2022-12-20,273.25707711263595,273.7257856497074,264.35161490827903,265.2890319824219,4435897.0
2022-12-21,263.8828566347691,268.1012326733355,263.8828566347691,265.7576904296875,4127728.0
2022-12-22,266.22643425160885,269.50739382865333,264.35160020758343,268.5699768066406,3485621.0
2022-12-23,263.4141540527344,265.7576963485772,260.1331948385544,263.4141540527344,5070128.0
2022-12-26,263.88285405585106,265.7576878324468,262.0080202792553,264.3515625,1897459.0
2022-12-27,265.28899297579915,268.10124378472983,264.35157603948886,266.2264099121094,1516931.0
2022-12-28,264.3516039823009,266.22643805309735,260.60193584070794,264.8203125,3531444.0
2022-12-29,262.47673713439724,264.8202794302401,261.07061175689154,263.4141540527344,3206167.0
2022-12-30,266.22643425160885,270.44481085066604,266.22643425160885,268.5699768066406,4026590.0
2023-01-03,266.2264124240641,269.97608020468476,265.7577039514866,267.6325378417969,4589158.0
2023-01-04,268.10124378472983,269.97607765735034,264.35157603948886,266.2264099121094,5347370.0
2023-01-05,266.69515048836894,268.1012760621213,259.664522619607,261.0706481933594,6515157.0
2023-01-06,260.6019344329834,261.07064294815063,254.50872373580933,254.97743225097656,8409973.0
2023-01-09,257.7896953892792,265.2890319824219,257.7896953892792,265.2890319824219,7305951.0
2023-01-10,263.8828566347691,268.1012326733355,263.4141481860395,265.7576904296875,4190126.0
2023-01-11,267.1638403405676,268.5699658160443,266.2264233569165,268.10125732421875,4937253.0
2023-01-12,267.1638251900242,267.6325336552699,258.7270728156024,259.66448974609375,6880576.0
2023-01-13,261.07062619870845,263.4141686241906,259.1957922583228,260.1332092285156,6049946.0
2023-01-16,263.4141650564082,266.6951244076446,262.4767480989121,263.88287353515625,5910488.0
2023-01-17,264.3515893896143,269.5073827996954,263.8828808977887,268.10125732421875,5410461.0
2023-01-30,276.5380039578707,276.5380039578707,266.2264173696111,270.4447937011719,16308214.0
2023-01-31,270.44477421849655,273.2570249036109,268.56994042842035,270.9134826660156,9340160.0
2023-02-01,273.7257629290906,276.0693054199219,270.9135119400931,276.0693054199219,6778489.0
2023-02-02,277.00670787632066,280.2876671912686,275.13187398206463,279.3502502441406,8757140.0
2023-02-03,280.75639158536745,283.09993408608,279.3502660849399,282.6312255859375,8898606.0
2023-02-06,279.35028939295296,281.69383208920254,278.4128723144531,278.4128723144531,4707300.0
2023-02-07,281.22507043786953,281.6937788885993,276.53798593057166,277.47540283203125,4334191.0
2023-02-08,279.35023663495036,279.8189450856802,276.53798593057166,277.47540283203125,6434441.0
2023-02-09,275.6006030775096,277.0067286034153,271.8509350084279,273.72576904296875,8649462.0
2023-02-10,276.06929441698554,276.5380028964711,272.78833506058675,275.6005859375,4847984.0
2023-02-13,276.5380028964711,277.0067113759566,273.2570435400723,275.6005859375,5057295.0
2023-02-14,276.5380028964711,277.47541985544217,275.13187745801446,275.6005859375,3633393.0
2023-02-15,275.60059447825563,275.60059447825563,273.25705200820244,274.6631774902344,4672549.0
2023-02-16,276.06931261553814,282.162523250516,275.6006041051552,280.2876892089844,6294069.0
2023-02-17,277.9441394125869,279.3502649070856,274.1944714272569,276.0693054199219,4527456.0
2023-02-20,276.0692859197067,277.9441197799424,274.6631605245299,276.5379943847656,2894524.0
2023-02-21,276.5379884864102,279.8189476718422,276.06928003134846,278.88153076171875,2832638.0
2023-02-22,276.5380375303071,277.00674606849407,271.8509521484375,271.8509521484375,6506557.0
2023-02-23,273.2570777629984,275.13191191574623,270.9135350720636,271.8509521484375,7839880.0
2023-02-24,273.2570619167042,275.1318959607296,268.10126829563427,268.5699768066406,8552790.0
2023-03-01,264.3516048767406,272.7883582238706,264.3516048767406,271.3822326660156,6760142.0
2023-03-02,272.7883582238706,272.7883582238706,268.10127303102064,271.3822326660156,4559023.0
2023-03-03,273.7257419162326,273.7257419162326,269.97607421875,269.97607421875,3904004.0
2023-03-06,273.2570777629984,274.6632033775593,271.38224361025055,271.8509521484375,6869404.0
2023-03-07,274.1944725833722,287.7870190875052,272.78834708294465,282.6312255859375,17364119.0
2023-03-08,283.56863766259687,284.03734615460115,277.94413575854537,279.8189697265625,6784662.0
2023-03-09,280.28767325309326,282.16250718789655,276.5380053834867,277.0067138671875,3970170.0
2023-03-10,273.72578630118534,273.72578630118534,270.9135350720636,271.8509521484375,6474886.0
2023-03-13,271.8509350084279,273.72576904296875,268.56997544798134,273.72576904296875,4124355.0
2023-03-14,269.0386829041598,269.9760999177632,266.2264318633498,267.1638488769531,7906747.0
2023-03-15,270.44477421849655,273.2570249036109,269.50735732345845,270.9134826660156,4553407.0
2023-03-16,270.9135193616724,272.31964489469146,266.6951427626152,268.5699768066406,3952222.0
2023-03-17,269.038685317647,270.44481085066604,268.10126829563427,268.5699768066406,5029009.0
2023-03-20,269.50738525390625,270.9135107421875,267.63255126953123,269.50738525390625,2846026.0
2023-03-21,271.85092652617055,275.60059447825563,270.91350953814924,274.6631774902344,3446521.0
2023-03-22,277.9441197799424,279.35024517511914,275.60057745464775,276.5379943847656,3939280.0
2023-03-23,273.25705443092437,277.0067224162544,272.7883459327581,276.0693054199219,3751662.0
2023-03-24,278.41285753805505,282.63123416741956,276.5380234805598,281.6938171386719,6974042.0
2023-03-27,281.22509765625,282.1625146484375,278.4128466796875,281.22509765625,5249267.0
2023-03-28,284.50605464660543,284.9747631386097,279.3502612345582,279.8189697265625,6330215.0
2023-03-29,281.2250902204949,281.2250902204949,276.06929689978585,277.0067138671875,5279559.0
2023-03-30,278.8815478019908,279.3502562856916,275.60058841608503,277.0067138671875,3708073.0
2023-03-31,278.4128683603483,282.16253662109375,278.4128683603483,282.16253662109375,6126101.0
2023-04-06,276.5380139180881,277.9441394125869,274.6631799254231,276.0693054199219,7433278.0
2023-04-07,275.6005859375,277.9441283349277,274.1944604990434,275.6005859375,3628003.0
2023-04-10,275.60057745464775,277.47541131488344,275.60057745464775,276.5379943847656,2560007.0
2023-04-11,277.9441466570698,281.2251062297502,276.06931261553814,280.2876892089844,5443239.0
2023-04-12,283.0999291705926,283.56863766259687,278.41284425054965,279.8189697265625,4200460.0
2023-04-13,281.22510862429806,282.1625256530457,278.8815660524289,281.6938171386719,4972576.0
2023-04-14,284.5060700869901,303.2544107846501,284.5060700869901,294.8176574707031,21236434.0
2023-04-17,295.755036187941,295.755036187941,288.7244093371976,290.5992431640625,7726543.0
2023-04-18,293.4115309800559,293.4115309800559,287.7870287887449,288.2557373046875,5263244.0
2023-04-19,288.7244323630575,291.0679748335369,285.4434729043864,286.3808898925781,6237353.0
2023-04-20,290.59922683491794,291.0679352652968,285.9121425311289,287.3182678222656,5342084.0
2023-04-21,286.8495737207998,289.1931159897606,282.16248918287823,284.0373229980469,7219844.0
2023-04-24,281.2250916031766,283.5686340332031,279.3502576591555,283.5686340332031,3290742.0
2023-04-25,284.974791863952,286.8496260209517,277.0067466967034,278.4128723144531,7131432.0
2023-04-26,278.41283681441325,278.41283681441325,271.85091810161566,275.6005859375,9896004.0
2023-04-27,276.5380053834867,280.28767325309326,275.60058841608503,277.0067138671875,5536886.0
2023-04-28,280.28768066406246,281.22509765625,277.00672119140626,281.22509765625,7383326.0
2023-05-02,283.09991803265257,284.03733497978055,276.53799940275667,279.3502502441406,9648194.0
2023-05-03,281.2250952025754,281.6938036945797,278.41284425054965,279.8189697265625,3013501.0
2023-05-04,280.7564156180934,286.38091810126053,280.28770707782945,284.97479248046875,5665304.0
2023-05-05,282.16248918287823,284.506031451839,280.2876553677096,284.0373229980469,3949886.0
2023-05-08,284.9747644102905,287.31830688076985,283.09993043390705,286.3808898925781,4068301.0
2023-05-09,286.38091810126053,287.7870437220523,284.0373753999409,284.97479248046875,3139744.0
2023-05-10,287.7870190875052,287.7870190875052,281.22510008550995,282.6312255859375,3308589.0
2023-05-11,281.2251235499526,282.6312491677024,277.9441637752032,278.4128723144531,3465093.0
2023-05-12,277.4754053965336,279.35023921678044,274.66315466616334,278.88153076171875,4834059.0
2023-05-15,276.5380234805598,283.5686511961672,276.5380234805598,281.6938171386719,4156945.0
2023-05-16,281.6938171386719,283.0999426817934,279.35027456680274,281.6938171386719,3825260.0
2023-05-17,284.03733650582734,286.84958736232073,283.0999195536629,285.91217041015625,6317047.0
2023-05-18,287.78697625264454,290.13051840453903,286.8495593918867,287.3182678222656,7670543.0
2023-05-19,289.6618099741601,290.13051840453903,285.9121425311289,287.3182678222656,6340880.0
2023-05-22,286.3808898925781,287.31830688076985,283.09993043390705,286.3808898925781,3580478.0
2023-05-23,285.91217646322957,286.3808849492349,282.63121706119256,283.5686340332031,3704405.0
2023-05-24,283.0999195536629,285.91217041015625,282.1625026014985,285.91217041015625,3178766.0
2023-05-25,285.91220558463755,289.6618738546,284.0373714496563,288.7244567871094,6968511.0
2023-05-26,293.4115173531778,299.9734362716195,291.5366833764802,298.0986022949219,14377215.0
2023-05-29,303.7231104831121,303.7231104831121,294.81764891030485,295.75506591796875,7364522.0
2023-05-30,294.3489074707031,295.75503282486255,292.4740736651572,294.3489074707031,4986738.0
2023-05-31,299.9734337973934,299.9734337973934,292.942806442767,296.6924743652344,10391549.0
2023-06-01,296.6924743652344,297.62989134585126,292.4740979524585,296.6924743652344,4039271.0
2023-06-02,292.9428342788938,296.69250255766366,291.0680001395089,295.286376953125,9237870.0
2023-06-05,299.0360217266053,299.9734387226135,296.2237707385808,299.5047302246094,7566450.0
2023-06-06,298.5672972473917,299.5047141932234,295.75504640989664,296.2237548828125,5661114.0
2023-06-07,299.036006282998,308.87888423275183,298.0985893354024,307.94146728515625,13081816.0
2023-06-08,310.2849933330829,310.2849933330829,302.78565814678484,304.6604919433594,9425060.0
2023-06-09,307.47275980190597,307.94146827721374,302.7856750488281,302.7856750488281,7395981.0
2023-06-12,306.535383769444,321.5340569814046,305.12925815582275,314.9721374511719,16110012.0
2023-06-13,320.5966101109808,326.2211120427524,314.0346911905806,321.5340270996094,17939329.0
2023-06-14,325.2836710900153,334.1891318259091,324.34625417044754,330.9081726074219,18987883.0
2023-06-15,339.34493325723184,349.65651962692675,335.5952654864337,346.8442687988281,22353717.0
2023-06-16,351.5313560516645,360.90552554637554,347.7816882537801,348.2503967285156,26551004.0
2023-06-19,344.03204687044877,354.3436341063478,340.75108729539,352.0000915527344,13244021.0
2023-06-20,347.7816942830073,351.0626536630357,345.4381518687013,345.9068603515625,12521966.0
2023-06-21,345.4381640926822,346.37558109157686,337.93882810152496,341.21978759765625,14971700.0
2023-06-26,325.7524218504456,335.5953007840562,324.34629628850126,326.22113037109375,17890023.0
2023-06-27,324.3462915392889,331.3769192460654,323.40887451171875,323.40887451171875,9300932.0
2023-06-28,328.09594234059796,328.09594234059796,324.346274428134,325.28369140625,5470564.0
2023-06-29,328.0959362635797,332.7830210673451,326.2211023420735,327.6272277832031,7624476.0
2023-06-30,328.4374799797601,332.7780634156159,327.4729058829032,332.2957763671875,7763518.0
2023-07-03,334.707213008486,353.0341209253772,332.77806480670796,349.6581115722656,14633528.0
2023-07-04,351.58725254152387,357.3746970278041,345.3175210147203,353.9986877441406,10611053.0
2023-07-05,351.10497046298667,356.4101279837186,350.14039636830813,353.03411865234375,7850777.0
2023-07-06,346.28209897488523,348.21124715858934,340.01236737784694,341.459228515625,11427482.0
2023-07-07,334.7072093568999,339.5300798087285,334.2249223117171,335.6717834472656,7899739.0
2023-07-10,340.01234889201487,341.94149697083486,333.7426176358501,336.154052734375,5278772.0
2023-07-11,340.49467236939324,348.693552582254,339.5300982267037,346.764404296875,7932830.0
2023-07-12,349.17583724092844,354.9632820570764,346.7644019008668,350.1404113769531,7376081.0
2023-07-13,354.963259636471,369.91415780050716,353.9986855613719,357.37469482421875,14361457.0
2023-07-14,356.89240497091544,359.3038401396378,348.2112383635148,354.9632568359375,10016643.0
2023-07-17,353.9986650940521,357.37467416170654,351.5872300457275,355.4455261230469,5869269.0
2023-07-18,356.8924021166425,363.1621335051781,350.14038369821947,352.55181884765625,7820536.0
2023-07-19,353.9986762893634,357.8569724887025,342.90607471626345,344.3529357910156,8453497.0
2023-07-20,345.3174970073085,346.28207102129534,343.8706359863281,343.8706359863281,3197927.0
2023-07-21,337.60094994132476,349.17583965359876,333.74265337056676,346.764404296875,7058998.0
2023-07-24,344.35294635804405,349.1758167552155,340.49465004030685,348.21124267578125,6338027.0
2023-07-25,350.1403759128445,357.37468120029996,350.1403759128445,351.1049499511719,9002331.0
2023-07-26,349.6580909591442,354.96324820128297,347.72894287109375,347.72894287109375,4024071.0
2023-07-27,345.31751765167365,351.10496208159,344.8352306158473,345.7998046875,4099534.0
2023-07-28,342.42381596792933,355.4455667160055,339.5300935794679,353.51641845703125,7688409.0
2023-07-31,361.23298538562864,374.7370222224746,349.6580966683321,352.55181884765625,23324811.0
2023-08-01,363.6444162253565,368.46728646707214,349.1758055002097,359.3038330078125,16759870.0
2023-08-02,361.7152797878614,368.46729834390146,345.3175204374784,348.21124267578125,24843115.0
2023-08-04,337.6009106141403,350.62266002354284,337.6009106141403,348.6935119628906,10019147.0
2023-08-07,353.51640292538906,357.8569863173788,350.1403936205081,350.6226806640625,8897380.0
2023-08-08,352.06952606920726,352.55181309121986,344.8352207390181,347.72894287109375,4985950.0
2023-08-09,345.3175226384943,347.24667080965907,342.4238003817471,344.8352355957031,4141453.0
2023-08-10,341.45922573735334,344.3529479893648,332.7780589813189,339.04779052734375,7980504.0
2023-08-11,339.53006554184174,346.2820838906852,339.53006554184174,344.3529357910156,7236258.0
2023-08-14,339.0477955337938,340.97694373028764,335.6717861899296,338.0832214355469,4784995.0
2023-08-15,343.388373905361,348.693531367382,337.600929401338,339.04779052734375,8198314.0
2023-08-16,336.6363475690569,339.53006975446425,336.15406053815565,337.6009216308594,5676866.0
2023-08-17,335.1894964020828,337.60093162799706,331.33120004061993,335.6717834472656,7921856.0
2023-08-18,333.74262180579706,335.1894828829898,323.1323072397168,329.40203857421875,9476800.0
2023-08-21,330.3666204335738,332.77805561922037,326.9906111736687,330.8489074707031,3920291.0
2023-08-22,334.2248997504107,337.1186218261719,332.2957516999033,337.1186218261719,4700450.0
2023-08-23,337.11864458281417,338.0832186731799,332.29577413098565,335.6717834472656,3813531.0
2023-08-24,339.53006554184174,344.83522281593304,338.08320446708956,344.3529357910156,8312355.0
2023-08-25,339.5300769943922,339.5300769943922,333.2603454589844,333.2603454589844,4557248.0
2023-08-28,332.7780427584683,333.2603297769588,326.9905985365819,330.3666076660156,4438982.0
2023-08-29,329.40204421094313,334.22491455078125,328.43747014297554,334.22491455078125,5011776.0
2023-08-30,337.60092378866796,338.0832108226518,333.7426275167974,334.22491455078125,4179046.0
2023-08-31,330.3666056373905,335.6717628082099,330.3666056373905,333.74261474609375,5413397.0
2023-09-01,336.636336839268,336.636336839268,330.8488926529195,333.74261474609375,3536166.0
2023-09-04,335.18947579268087,338.5654849013841,330.8488926529195,333.74261474609375,3935391.0
2023-09-05,335.67176571467,336.63633975408,333.7426176358501,336.154052734375,3527950.0
2023-09-06,337.60091588117075,337.60091588117075,332.7780456542969,332.7780456542969,6801750.0
2023-09-07,331.33119450783244,334.2249167306083,329.40204635931525,330.8489074707031,4349426.0
2023-09-08,329.88434843175554,331.8134966681985,327.9552001953125,327.9552001953125,3528912.0
2023-09-11,327.9551970653045,328.4374841198123,318.30945597514847,319.7563171386719,6398224.0
2023-09-12,318.3094509956532,322.1677473713581,318.3094509956532,320.72088623046875,4932578.0
2023-09-13,321.2031783021953,322.6500394657187,316.86259481162506,319.7563171386719,4998593.0
2023-09-14,322.6500222922782,327.4728925806531,321.68544823460326,326.0260314941406,5786983.0
2023-09-15,324.57919078153725,330.36663549086626,322.1677554859835,327.9552001953125,5635141.0
2023-09-18,324.0968747045197,325.06144873637834,318.7917175292969,318.7917175292969,5095564.0
2023-09-19,320.2385785770849,321.2031526089436,316.38028244965017,318.7917175292969,4361492.0
2023-09-20,317.8271434974382,322.1677266408023,314.9334214018621,318.7917175292969,3775074.0
2023-09-21,317.8271555739183,317.8271555739183,309.6282759915865,313.486572265625,7913989.0
2023-09-22,309.6282738811894,317.3448663766707,308.6636998192542,316.8625793457031,3977354.0
2023-09-25,319.27403542687244,325.5437672403911,318.3094613017157,324.5791931152344,6966017.0
2023-09-26,318.79173753162985,321.20317276258015,314.9334411621094,314.9334411621094,7013332.0
2023-09-27,311.55743408203125,313.4865822806816,309.6282858833809,311.55743408203125,7920100.0
2023-09-28,314.45116416331615,318.7917477177178,311.5574417937151,313.0043029785156,4544858.0
2023-10-02,314.45114003848033,326.5083156534527,314.45114003848033,323.6145935058594,6158668.0
2023-10-03,326.02605430296944,330.3666378661747,322.65004486492097,324.5791931152344,7922427.0
2023-10-04,320.23861190291854,323.6146213657505,315.41574124173,321.20318603515625,5865565.0
2023-10-05,326.0260314941406,329.40204069600304,324.57917040762817,326.0260314941406,5336610.0
2023-10-06,326.990592719184,327.95516673900465,325.5437316894531,325.5437316894531,3083791.0
2023-10-11,325.5437572034106,329.4020535850807,324.09689606028434,326.5083312988281,7963276.0
2023-10-12,326.9906155722482,327.47290261586505,323.1323192233131,324.0968933105469,5555567.0
2023-10-13,322.1677366863466,322.1677366863466,316.3802923147355,316.8625793457031,7195284.0
2023-10-16,313.486572265625,316.38029447115383,313.0042852313702,313.486572265625,5044846.0
2023-10-17,315.41572259929654,316.86258371213734,310.1105651855469,310.1105651855469,4118960.0
2023-10-18,308.66372416338584,310.1105853704017,306.2522888183594,306.2522888183594,5481594.0
2023-10-19,302.393992266317,307.21686295636994,299.50026985228527,306.2522888183594,4410769.0
2023-10-20,300.9471281477548,301.42941521209417,296.60654456870066,298.05340576171875,11328173.0
2023-10-23,298.05338801320806,300.9471102269285,297.0888139419679,298.5356750488281,3917083.0
2023-10-24,299.0179542442421,299.0179542442421,293.2305099685471,297.08880615234375,7126725.0
2023-10-25,297.08883402273426,298.5356952273904,292.265963340547,294.6773986816406,7667448.0
2023-10-26,289.3722329363727,292.2659552657364,287.4430847167969,287.4430847167969,8388052.0
2023-10-27,286.4785257630429,290.8191094867254,284.0670903609971,284.54937744140625,7685565.0
2023-10-30,282.6202291197696,286.4785257630429,282.6202291197696,284.54937744140625,4986029.0
2023-10-31,284.54935411988356,287.92536340605164,279.2441966701908,280.2087707519531,8191015.0
2023-11-01,279.7264859402221,281.1733470743957,274.9036154929769,276.832763671875,9573190.0
2023-11-02,280.2087913014781,288.8899586739852,280.2087913014781,287.9253845214844,10026299.0
2023-11-03,289.854490229958,295.15964728907534,287.92534220846073,293.2304992675781,9049467.0
2023-11-06,298.0533801982929,301.429389359115,296.6065191293692,297.08880615234375,9878341.0
2023-11-07,295.15966796875,296.6065290862439,294.19509389042076,295.15966796875,4147832.0
2023-11-08,288.4076438726381,292.26594011173694,287.9253568427507,290.3367919921875,6778704.0
2023-11-09,289.37224331281044,292.74825281812656,289.37224331281044,291.3013916015625,4823784.0
2023-11-10,289.37222073851933,293.71280404959714,289.37222073851933,292.74822998046875,4910800.0
2023-11-13,290.81907116312016,293.7127932642457,288.8899230957031,288.8899230957031,3678656.0
2023-11-14,285.031626960869,290.33678414626587,285.031626960869,288.8899230957031,6207623.0
2023-11-15,294.19510659346963,298.05340307338395,290.81909717354455,295.6419677734375,8474277.0
2023-11-16,293.7128118296139,299.0179693503458,293.2305247822746,294.1950988769531,5183819.0
2023-11-17,293.2305247822746,297.08882116098874,293.2305247822746,294.1950988769531,4026571.0
2023-11-20,292.7482327729269,297.08881612540847,292.26594573376224,295.15966796875,3857768.0
2023-11-21,297.08880900261676,299.9825311682266,295.6419479198118,299.500244140625,5825043.0
2023-11-22,296.12421934546495,299.5002283608041,296.12421934546495,296.60650634765625,2995001.0
2023-11-23,298.05340341796875,302.8762740234375,297.08882929687496,301.4294128417969,4564683.0
2023-11-24,306.2522632665167,310.11055949664603,304.32311515145204,305.2876892089844,6982483.0
2023-11-27,304.80538149592604,306.25224248403964,302.3939465157368,303.3585205078125,4145463.0
2023-11-28,302.3939572608265,309.14597544527874,299.5002351817755,307.2168273925781,6222287.0
2023-11-29,311.07514655176396,311.07514655176396,304.80541491583693,305.7699890136719,5783194.0
2023-11-30,308.66369841034754,308.66369841034754,303.8408281226859,305.2876892089844,7897593.0
2023-12-01,304.8054176294748,308.6637140551643,302.3939823634188,308.1814270019531,3816371.0
2023-12-04,308.1814220029739,310.1105701845261,305.76998677603353,309.14599609375,3830489.0
2023-12-05,303.3585403614382,305.2876884718448,299.01795711302333,299.500244140625,7934731.0
2023-12-06,299.9825489659463,304.32313247188443,298.5356877973003,299.0179748535156,4347959.0
2023-12-07,298.05336543141453,301.9116614240542,298.05336543141453,299.9825134277344,3274255.0
2023-12-08,302.3939869628906,302.8762740234375,300.4648387207031,301.4294128417969,3006150.0
2023-12-11,299.500244140625,302.87625333383653,297.57109603021837,299.500244140625,4603790.0
2023-12-12,296.12423635083576,298.0533844703852,289.3722179324128,290.3367919921875,9662222.0
2023-12-13,289.3722080948329,292.26593017578125,289.3722080948329,292.26593017578125,6397971.0
2023-12-14,294.1951116134219,297.08883402273426,293.23053747698447,294.6773986816406,4912096.0
2023-12-15,302.87625619321585,305.76997838614466,299.5002469681323,301.91168212890625,12618433.0
2023-12-18,299.98253330889276,301.9116814330657,296.1242370605469,296.1242370605469,5689265.0
2023-12-19,296.1242442737926,296.1242442737926,291.3013738458807,291.7836608886719,5498557.0
2023-12-20,293.23053747698447,296.1242598862968,292.7482504087657,294.6773986816406,4692701.0
2023-12-21,293.71280404959714,294.19509108416133,291.78365591134036,292.74822998046875,2305314.0
2023-12-22,294.6773986816406,297.57112109095294,294.1951116134219,294.6773986816406,2958062.0
2023-12-25,295.6419677734375,297.08882895340537,293.71281953348034,295.6419677734375,1816011.0
2023-12-26,297.57109603021837,300.4648181958283,296.1242349474134,299.500244140625,4795026.0
2023-12-27,300.94710806459665,302.3939691610611,300.4648210324419,301.91168212890625,4706224.0
2023-12-28,302.87625619321585,303.3585432253707,300.94710806459665,301.91168212890625,4537485.0
2023-12-29,300.94712077601673,302.39398193359375,299.5002596184397,302.39398193359375,3771677.0
2024-01-02,299.9825489659463,301.4294101345924,298.05340074108494,299.0179748535156,3109841.0
2024-01-03,297.0888082570043,297.57109528339555,292.2659379930919,293.7127990722656,4579539.0
2024-01-04,293.2304992675781,294.67736028370103,292.7482122622038,293.2304992675781,2509212.0
2024-01-05,293.7127990722656,297.0888082570043,293.2305120458744,293.7127990722656,3784034.0
2024-01-08,295.15966796875,298.05339020373776,294.67738092958535,295.15966796875,2569327.0
2024-01-09,296.1242171802295,296.60650417889434,285.0316162109375,285.0316162109375,12261247.0
2024-01-10,280.2087834938285,283.1025058707011,277.3150611169559,280.6910705566406,12612037.0
2024-01-11,279.7264864664436,284.54935692276155,279.7264864664436,282.6202087402344,6607509.0
2024-01-12,282.1379039965862,284.0670520581013,280.69104295044986,283.10247802734375,4568518.0
2024-01-15,286.4784772069321,287.44305120426185,282.62018121761315,285.0316162109375,4568498.0
2024-01-16,282.1379239571527,282.1379239571527,278.27962756115744,279.24420166015625,12306065.0
2024-01-17,273.939063984934,275.8682123228561,269.5984802246094,269.5984802246094,17044138.0
2024-01-18,269.59844684256547,271.5275949416178,266.7047246939869,267.18701171875,10672844.0
2024-01-19,269.1161508660567,275.8681689881442,269.1161508660567,274.9035949707031,8213576.0
2024-01-22,277.79734817976805,282.1379317450769,277.3150611169559,280.6910705566406,11402735.0
2024-01-23,282.620191011965,283.58476504272255,280.69104295044986,283.10247802734375,7415838.0
2024-01-24,284.549346184648,284.549346184648,278.76190185546875,278.76190185546875,5680329.0
2024-01-25,275.868173948476,278.2796090354382,273.93902587890625,273.93902587890625,9033993.0
2024-01-26,271.5275887928838,279.7264680281929,271.5275887928838,277.3150329589844,5448236.0
2024-01-29,279.24419942081175,282.6202087402344,277.79733828391636,282.6202087402344,4539149.0
2024-01-30,278.7619169008482,280.6910651146949,275.8681945800781,275.8681945800781,8196904.0
2024-01-31,272.0098669869559,273.9390149797712,270.0807189941406,270.0807189941406,12591570.0
2024-02-01,272.0098729183799,274.9035949707031,271.5275859096594,274.9035949707031,6348860.0
2024-02-02,276.8327686870015,278.7619169008482,275.8681945800781,275.8681945800781,5138944.0
2024-02-05,273.45673684825067,278.27960698666783,272.4921628205673,277.3150329589844,5900421.0
2024-02-15,283.1024924011767,283.1024924011767,272.00989048426516,274.42132568359375,17232417.0
2024-02-16,275.86818248820754,282.13791390839407,275.86818248820754,281.17333984375,7861288.0
2024-02-19,282.6201831347322,284.5493311424778,280.6910351269866,281.6556091308594,5481542.0
2024-02-20,280.2087608402611,283.10248298318976,280.2087608402611,282.1379089355469,4283504.0
2024-02-21,278.7619223053922,281.1733576194527,278.2796352425801,280.6910705566406,5206800.0
2024-02-22,280.69104295044986,283.58476504272255,280.69104295044986,283.10247802734375,4508796.0
2024-02-23,283.58477000701123,284.5493440546541,281.65562191172546,282.1379089355469,9056901.0
2024-02-26,281.1733678785421,284.54937744140625,280.69108079813293,284.54937744140625,3448207.0
2024-02-27,283.1024851023532,283.5847721297848,277.3150407731739,278.76190185546875,7324920.0
2024-02-29,277.79734587224107,284.06707763671875,276.83277175462916,284.06707763671875,8800844.0
2024-03-01,284.5493390734801,285.0316260888589,280.69104295044986,283.10247802734375,5104529.0
2024-03-04,284.5493390734801,286.4784871349952,283.10247802734375,283.10247802734375,15229456.0
2024-03-05,281.65563187459657,283.5847800381212,278.7619096293096,280.2087707519531,9729251.0
2024-03-06,279.7265066373146,285.99623868263376,278.76193247649627,284.54937744140625,8247652.0
2024-03-07,285.9961980954565,289.372207179214,285.51391108349117,286.4784851074219,9722159.0
2024-03-08,285.9962147932786,303.35854823772723,285.9962147932786,300.9471130371094,34679985.0
2024-03-11,301.429389359115,301.9116763820896,293.2305099685471,297.08880615234375,12692967.0
2024-03-12,299.0179775390625,306.2522834472656,298.05340341796875,301.4294128417969,11740932.0
2024-03-13,305.2876684919639,306.25224248403964,301.4293725236611,303.3585205078125,12757407.0
2024-03-14,305.2876884718448,305.2876884718448,298.5356700854217,299.500244140625,9178712.0
2024-03-15,296.12422628371235,297.5710873241865,290.8190691353071,292.26593017578125,12754217.0
2024-03-18,293.2305198120915,295.64195500791465,292.26594573376224,295.15966796875,5915661.0
2024-03-19,292.7482244491577,310.5928443908691,292.7482244491577,308.6636962890625,20195502.0
2024-03-20,308.6637163765823,312.03972577445114,303.3585587513598,304.805419921875,13513844.0
2024-03-21,305.76997628296624,326.0260314941406,305.76997628296624,326.0260314941406,34760173.0
2024-03-22,335.6717645229574,352.06952313471106,335.18947750496466,345.3175048828125,63351844.0
2024-03-25,349.1758132826352,352.0695354921598,338.0832114794576,340.0123596191406,20721428.0
2024-03-26,337.60093899967023,339.5300872225255,326.99062377396626,331.3312072753906,22050628.0
2024-03-27,336.63634396018256,339.5300661145681,325.5437423683714,329.40203857421875,13322434.0
2024-03-28,326.9905985365819,334.7071908324304,326.5083115180913,330.3666076660156,9056096.0
2024-03-29,334.2249217786287,340.9769404004192,328.91976429007906,329.88433837890625,9454000.0
2024-04-01,331.3311909902256,333.74262615027095,321.2031633180353,322.6500244140625,12150199.0
2024-04-02,322.6500222922782,327.4728925806531,317.3448649750659,326.0260314941406,8812613.0
2024-04-03,320.23858642578125,323.1323085922793,319.2740123702819,320.23858642578125,5893050.0
2024-04-08,324.0968726609281,329.40202980269925,320.72086357071015,322.167724609375,10654070.0
2024-04-09,323.1322986351515,325.54373369959296,318.3094285062687,322.167724609375,5531984.0
2024-04-10,322.6500418128037,324.0969029868521,316.38031005859375,316.38031005859375,6572451.0
2024-04-11,312.0397234276427,312.52201048085385,304.32313057626357,308.1814270019531,14121531.0
2024-04-12,305.7699890136719,310.5928595028465,304.80541491583693,305.7699890136719,8179651.0
2024-04-15,300.94710233614046,302.3939634050642,296.6065191293692,297.08880615234375,9393926.0
2024-04-16,294.1950978353975,295.15967192666113,282.13792169460254,282.6202087402344,16149891.0
2024-04-17,286.9607701357113,290.33677919613143,284.0670480839226,289.8544921875,9850265.0
2024-04-18,289.3722386036104,301.42941521209417,287.9253774105924,298.05340576171875,13827593.0
2024-04-19,294.19511651273945,299.9825614277442,284.5493749877316,287.9253845214844,13722446.0
2024-04-22,289.85450993855795,292.26594512939454,283.5847784423828,289.3722229003906,7663871.0
2024-04-23,292.2659422802324,293.7128033806296,284.5493497447807,286.9607849121094,7696142.0
2024-04-24,289.3722032245837,294.19507327832673,287.92534220846073,293.2304992675781,6477064.0
2024-04-25,292.26594573376224,299.98253836039623,290.33679757710377,295.15966796875,9839162.0
2024-04-26,298.05337611607143,307.6991164434524,293.23050595238095,303.8408203125,13462374.0
2024-04-29,309.14600883317513,312.0397312247493,305.7699993763386,309.6282958984375,11108134.0
2024-04-30,308.66370904836197,314.4511535930187,306.7345608668097,309.14599609375,9168151.0
2024-05-02,298.5356750488281,302.3939713337887,294.1950917282474,298.5356750488281,12183392.0
2024-05-03,308.181417637017,321.68545471657325,307.69913059846135,315.89801025390625,21683530.0
2024-05-06,324.09687075407606,324.09687075407606,308.1813994224027,310.59283447265625,13319894.0
2024-05-07,311.0751321710692,314.9334283840437,308.6636970379601,314.4511413574219,6464447.0
2024-05-08,313.4865924205364,314.9334536163235,308.66372176791276,309.6282958984375,5413599.0
2024-05-09,308.66371178405575,314.93344342966935,308.66371178405575,311.55743408203125,4567244.0
2024-05-10,310.1105623633884,312.0397104962866,306.73455313081655,307.6991271972656,6605839.0
2024-05-13,304.8054021802182,306.7345502952829,302.3939670363873,305.2876892089844,7082093.0
2024-05-14,306.73456814922866,308.6637163765823,303.8408458081982,304.805419921875,3941317.0
2024-05-15,307.6991271972656,312.52199752951117,306.252266097592,307.6991271972656,6397231.0
2024-05-16,310.5928443908691,312.5219924926758,307.6991222381592,308.6636962890625,4572912.0
2024-05-17,308.66369912790697,314.4511434865552,307.6991250681323,311.07513427734375,6769579.0
2024-05-20,311.0751105254551,312.52197150464326,305.76995360176517,306.7345275878906,7917556.0
2024-05-21,307.2168273925781,311.0751234979794,306.734540379403,307.2168273925781,3505355.0
2024-05-22,309.6282787526837,317.344871369573,307.69913059846135,315.89801025390625,8572037.0
2024-05-23,315.8980003437974,323.1323056951821,313.9688522500948,317.8271484375,11081177.0
2024-05-24,315.41573594256147,320.7208935807391,313.48658771049685,316.38031005859375,7841722.0
2024-05-27,320.2385783112807,336.15404982373894,319.27400428022264,333.74261474609375,18024622.0
2024-05-28,340.4946459925708,341.4592200605384,333.7426275167974,334.22491455078125,14465139.0
2024-05-29,331.33118667714245,338.56549206310626,328.4374645227569,329.40203857421875,10582351.0
2024-05-30,323.61460571289064,324.0968927556818,318.3094482421875,318.3094482421875,9667565.0
2024-05-31,320.2385907451923,322.65002591646635,312.52199819711535,313.486572265625,20471487.0
2024-06-03,320.72087907649643,327.95518461957533,316.8625827868544,325.06146240234375,9056672.0
2024-06-04,329.8843508035963,332.77807317906644,322.1677578023426,324.5791931152344,11383907.0
2024-06-05,325.5437354821001,334.7071887771518,324.579161451042,333.74261474609375,13179253.0
2024-06-06,339.0477769492329,339.5300639719203,331.3311845862347,332.7780456542969,10257557.0
2024-06-07,330.8488975635473,332.7780456542969,326.9906013820482,332.7780456542969,7913632.0
2024-06-11,323.13231211926967,330.84890464749105,320.2385899211867,328.4374694824219,11064870.0
2024-06-12,330.36661547283796,339.04778201081035,330.36661547283796,331.8134765625,10540277.0
2024-06-13,335.671771404261,341.4592157388172,329.40204004182505,340.9769287109375,14755006.0
2024-06-14,344.3529379060953,344.835224933975,337.6009195157797,340.9769287109375,9740263.0
2024-06-17,345.79982211373067,349.6581185947765,336.6363679712469,339.53009033203125,15084073.0
2024-06-18,339.4612979231209,345.35642900138066,337.4962542303677,341.9176025390625,11058221.0
2024-06-19,351.74281381716196,364.5155975591259,350.2690310777046,360.58551025390625,27262125.0
2024-06-20,362.05928727125445,364.51559179819645,357.6379391227588,363.04180908203125,15658314.0
2024-06-21,360.58549846121286,380.72719524174386,356.6554112845239,376.30584716796875,27328765.0
2024-06-24,371.39324683687124,375.3233341049863,365.9893768432131,369.9194641113281,14788504.0
2024-06-25,368.4456995291303,384.65731030841204,363.0418292693697,380.2359619140625,19342112.0
2024-06-26,380.23594820096895,385.6398182658406,376.7971217960506,378.2709045410156,13606956.0
2024-06-27,376.3058635124414,380.7272117782534,374.34081983874717,379.74468994140625,8110428.0
2024-06-28,381.2184642767137,389.07863879788306,380.2359424615675,380.7272033691406,14517508.0
2024-07-01,381.7097305122014,389.07864422865316,378.2709041111906,383.6747741699219,8171543.0
2024-07-02,377.288368962141,381.70971703591607,375.32332537379654,376.30584716796875,10480225.0
2024-07-03,376.30586132104844,379.2534268144248,370.41073033429575,372.8670349121094,10079137.0
2024-07-04,375.3233337402344,381.2184646366778,372.8670292000496,375.3233337402344,8370304.0
2024-07-05,378.27091818324044,385.63983217382304,377.28839631782944,380.2359619140625,11011210.0
2024-07-08,378.7621748055985,396.93882910885026,378.27091387848355,394.9737854003906,19276224.0
2024-07-09,393.0087354706555,405.7815193734518,389.0786481159489,402.8339538574219,18394935.0
2024-07-10,405.2902466618632,415.11546476275686,402.8339421366398,413.1504211425781,16984440.0
2024-07-11,413.1504445581392,427.39701161186815,409.2203570950416,426.41448974609375,14686355.0
2024-07-12,416.09798926764756,420.51933744168394,412.6591629100637,414.62420654296875,11593686.0
2024-07-15,413.6416823789298,416.5892478115587,404.7989860810429,407.7465515136719,9957443.0
2024-07-16,400.8689044744318,410.202861809008,400.8689044744318,405.2902526855469,9149976.0
2024-07-17,402.83394546694416,407.74655455800445,399.886380012308,403.81646728515625,8138419.0
2024-07-18,392.0262088609365,397.92133982125137,389.0786433807791,394.4825134277344,12596981.0
2024-07-19,389.07864907630403,395.95630196401646,386.6223444735496,392.0262145996094,9753619.0
2024-07-22,387.6048511673648,389.0786338714232,365.49811060648847,366.9718933105469,16977855.0
2024-07-23,373.3583031631098,384.1660435178314,371.8845203874659,382.6922607421875,10284203.0
2024-07-26,364.51560399950165,383.18351902912576,362.5505603121728,381.2184753417969,15418212.0
2024-07-29,390.55242654049033,397.92134024880147,386.13107831550366,389.0786437988281,12455583.0
2024-07-30,389.0786407470703,393.00872802734375,382.20098800659184,393.00872802734375,9070732.0
2024-07-31,395.95630869388003,410.6941365608979,393.0087431204765,407.25531005859375,17954450.0
2024-08-01,415.6067420671571,419.53682946259124,407.7465672762889,416.5892639160156,21610324.0
2024-08-02,385.63980669853015,397.9213292048528,382.2009803967598,383.1835021972656,21524543.0
2024-08-05,344.86517333984375,353.70787009214746,344.86517333984375,344.86517333984375,22193364.0
2024-08-06,363.53308629094755,370.41073927483035,340.93508362961836,366.48065185546875,22656609.0
2024-08-07,368.4456866720448,382.2009923078012,366.9719039253566,372.8670349121094,15060540.0
2024-08-08,373.3583016231142,379.7446936245622,366.9719096216662,370.4107360839844,13918520.0
2024-08-09,376.79711610855594,390.5524215206023,376.79711610855594,380.7272033691406,14785272.0
2024-08-12,396.93882380511826,399.8863893284236,388.09612723520223,392.0262145996094,13303160.0
2024-08-13,398.41261778486535,398.90387871924867,389.07866003158244,392.5174865722656,6194292.0
2024-08-14,397.92135299272235,405.290266937032,395.4650483446191,401.8514404296875,8988188.0
2024-08-15,406.2727887962733,406.2727887962733,398.9038748519636,401.8514404296875,7223463.0
2024-08-16,408.72907637621654,409.7115981944286,401.8514236487321,403.81646728515625,8601345.0
2024-08-19,399.8863888281974,403.32521526775196,396.93882330857923,397.4300842285156,6549779.0
2024-08-20,400.8688967876553,404.7989840110637,394.9737659525427,395.46502685546875,5535444.0
2024-08-21,392.02620620727544,399.8863807678223,390.0611625671387,393.00872802734375,11392681.0
2024-08-22,393.00874169193094,396.44756818173533,392.51748076481607,394.9737854003906,4367333.0
2024-08-23,393.00874169193094,395.95630725462047,389.5699152021266,394.9737854003906,4590172.0
2024-08-26,397.9213488615012,400.8689144086234,387.113608522053,388.09613037109375,6359095.0
2024-08-27,384.1660316467285,393.00872802734375,383.67477073669437,393.00872802734375,3095579.0
2024-08-28,393.00873907615477,393.5,387.6048689138577,393.5,3109258.0
2024-08-29,387.1136027785967,393.0087337853774,385.63982002690153,390.55242919921875,3811373.0
2024-08-30,395.9563131129488,398.41261778486535,392.5174865722656,392.5174865722656,9353162.0
2024-09-02,397.92133751930845,397.92133751930845,385.14855384584916,387.6048583984375,6586239.0
2024-09-03,387.60487527057626,390.0611799300856,385.1485706110669,385.63983154296875,5984980.0
2024-09-04,365.98936880788494,372.37576047835813,357.637933546497,365.49810791015625,12529472.0
2024-09-05,368.4456988078792,374.3408299888053,362.05930669520933,362.5505676269531,7722618.0
2024-09-06,364.02434148674166,370.4107334426494,362.550558727686,368.93695068359375,7390351.0
2024-09-09,352.7253277377425,359.6029803677263,352.23406683560074,356.1641540527344,9215501.0
2024-09-10,360.0942629682339,365.00687228567233,359.1117411047463,362.5505676269531,7282460.0
2024-09-11,358.62047234680426,362.5505597149884,354.1991240575971,358.12921142578125,8409792.0
2024-09-12,370.4107269051755,382.69224968054607,369.4282050831459,382.20098876953125,8894805.0
2024-09-13,385.6398182658406,385.6398182658406,375.3233390510856,378.2709045410156,4663800.0
2024-09-16,378.2709155843416,382.20100301898407,374.34082814969906,378.7621765136719,3624545.0
2024-09-18,374.3408287449887,378.27091618588094,369.91948037398487,373.3583068847656,6556263.0
2024-09-19,375.81459133104346,384.65728759765625,375.81459133104346,384.65728759765625,7207787.0
2024-09-20,388.09613683735057,390.5524415008781,380.2359619140625,380.2359619140625,9136601.0
2024-09-23,385.63981782764233,386.6223396565026,382.20099142663156,383.6747741699219,5020496.0
2024-09-24,383.6747654835583,390.0611572265625,380.2359391604022,390.0611572265625,3850774.0
2024-09-25,388.09613558515235,394.48252768971815,388.09613558515235,391.043701171875,8606574.0
2024-09-26,387.11360014327846,392.02620928215254,387.11360014327846,389.0786437988281,7370610.0
2024-09-27,391.04368438720707,396.93881530761723,390.55242347717285,393.00872802734375,8232728.0
2024-09-30,382.69224462120667,388.0961145709285,373.84954833984375,373.84954833984375,8344665.0
2024-10-01,372.8670235622689,381.21845887262276,372.8670235622689,377.7796325683594,5868987.0
2024-10-04,365.4981279216829,369.9194762433161,359.6029968261719,359.6029968261719,16627056.0
2024-10-07,365.00685805762373,370.9019890087563,357.1466834561137,365.9893798828125,15414148.0
2024-10-08,364.51559376342135,375.3233337402344,363.5330719473474,375.3233337402344,10171348.0
2024-10-09,380.23596255401173,380.72722348754405,372.37578761749467,374.83209228515625,9331512.0
2024-10-11,374.3408287449887,379.74469897621555,371.884524094431,373.3583068847656,5817406.0
2024-10-14,369.91946340253276,382.2009860918599,369.91946340253276,380.7272033691406,6546725.0
2024-10-15,381.2184635865943,393.4999862536882,380.72720267991053,391.5349426269531,11524844.0
2024-10-16,386.1310760576498,389.0786415237388,380.23594512547197,382.20098876953125,9403088.0
2024-10-17,387.6048641594089,387.6048641594089,378.76216763866194,385.1485595703125,6769479.0
2024-10-18,390.06117612924146,397.9213509630801,388.0961324207818,394.9737854003906,12959796.0
2024-10-21,395.95629348754886,396.93881530761723,390.55242347717285,393.00872802734375,5116616.0
2024-10-22,393.00873594908836,397.4300842285156,389.0786485895975,397.4300842285156,6272355.0
2024-10-23,393.0087253470044,394.4825080670557,390.0611599069019,391.5349426269531,3487185.0
2024-10-24,388.0961277342509,391.5349541825291,386.6223449707031,386.6223449707031,5396460.0
2024-10-25,386.1310887123222,394.9737854003906,386.1310887123222,394.9737854003906,6453110.0
2024-10-28,396.93883433400845,405.78153113847895,394.4825296661,397.9213562011719,8652651.0
2024-10-29,394.48252132021145,398.90386962890625,389.56991208832835,398.90386962890625,8256951.0
2024-10-30,399.8863776934029,400.37763859966014,392.02620319328685,396.9388122558594,11943686.0
2024-11-01,374.3408167957497,389.07864422865316,374.3408167957497,383.6747741699219,13189106.0
2024-11-04,381.2184774278086,388.09613037109375,381.2184774278086,388.09613037109375,8698905.0
2024-11-05,385.14855084006433,395.9562907871069,384.1660290266968,391.5349426269531,5569740.0
2024-11-06,389.07864599488215,395.956298828125,388.0961241615617,395.956298828125,7211207.0
2024-11-07,395.95630196401646,395.95630196401646,390.06117091740583,392.0262145996094,6116649.0
2024-11-08,393.00872802734375,395.95629348754886,391.04368438720707,393.00872802734375,6679657.0
2024-11-11,393.0087196559383,394.973763254218,389.56989335894883,393.9912414550781,6098507.0
2024-11-12,393.00872264641055,401.8514189059548,388.5873745166384,390.0611572265625,12544916.0
2024-11-13,385.1485622071553,390.0611714189813,384.6573012859727,386.6223449707031,6205958.0
2024-11-14,388.09611970170914,388.58738061272396,379.25342330344233,382.20098876953125,6985748.0
2024-11-15,385.14854881800517,386.62233153031895,379.25341796875,379.25341796875,5062478.0
2024-11-18,379.74468994140625,382.200994533524,376.7971244308649,379.74468994140625,4209054.0
2024-11-19,378.27090981080363,381.2184753417969,375.3233442798103,381.2184753417969,5048593.0
2024-11-20,379.74468994140625,379.74468994140625,379.74468994140625,379.74468994140625,6252197.0
2024-11-21,373.3582984744094,375.81460306963584,369.42821112204723,374.3408203125,9970868.0
2024-11-22,379.25344198004245,387.1136169433594,379.25344198004245,387.1136169433594,6811218.0
2024-11-25,390.0611714189813,393.00873694607685,386.6223449707031,386.6223449707031,9755212.0
2024-11-26,384.1660297221522,386.13107335244456,380.7272033691406,380.7272033691406,3536692.0
2024-11-27,379.25341796875,386.13107062621435,379.25341796875,379.25341796875,2711116.0
2024-11-28,379.2534348169963,381.2184785207113,371.884520928065,377.28839111328125,5038111.0
2024-11-29,369.9194720410925,379.25342950295277,367.9544283649114,374.3408203125,6334609.0
2024-12-02,379.2534123129826,384.1660212807674,379.2534123129826,381.709716796875,2840583.0
2024-12-03,384.1660461425781,387.11361171400455,383.183524285436,384.1660461425781,4794785.0
2024-12-04,386.13108667301225,388.09613037109375,383.18352112589,388.09613037109375,3312822.0
2024-12-05,389.56989663466334,391.5349402494662,384.65728759765625,384.65728759765625,4924741.0
2024-12-06,382.2009961885916,392.51747552016025,382.2009961885916,392.0262145996094,6341198.0
2024-12-09,392.02622499819154,399.39513900191696,391.04370313102817,397.9213562011719,7631308.0
2024-12-10,397.4300815781056,397.4300815781056,391.53495057818316,395.956298828125,7292463.0
2024-12-11,395.95630869388003,410.6941365608979,394.4825259071782,407.25531005859375,12553245.0
2024-12-12,404.79899966745353,413.6416962621309,404.79899966745353,409.71160888671875,8575396.0
2024-12-13,414.13293727577155,424.94067703860304,411.1853718859084,415.6067199707031,14190436.0
2024-12-16,418.5542907714844,421.99311710411394,414.13294262953207,418.5542907714844,8747143.0
2024-12-17,411.1853858847726,417.57177778023504,408.72908130959473,412.16790771484375,8338235.0
2024-12-18,407.25530891104677,418.06304931640625,407.25530891104677,418.06304931640625,6226938.0
2024-12-19,407.74655418808146,412.1679023660245,405.7815105534401,409.2203369140625,7012984.0
2024-12-20,400.86889352150337,410.20285060104817,399.8863717236565,404.7989807128906,8318027.0
2024-12-23,412.6591796875,417.57178896949404,409.71161411830354,412.6591796875,4464278.0
2024-12-24,413.6417009687592,420.02809302647165,412.6591791137265,418.06304931640625,5490650.0
2024-12-25,417.57178312222635,419.5368268075074,412.1679129877034,415.115478515625,1990180.0
2024-12-26,415.6067389372353,420.51934814453125,415.11547801650573,420.51934814453125,2472540.0
2024-12-27,418.55429045322455,425.4319431132541,418.06302954893675,423.9581604003906,3045217.0
2024-12-30,423.4669048278598,430.344557574484,421.99312209644035,426.9057312011719,4956839.0
2024-12-31,422.4843860586346,425.92321245678625,420.5193424025479,422.97564697265625,3638189.0
2025-01-02,422.9756537787348,428.87078484185304,405.29026058938007,409.71160888671875,11192962.0
2025-01-03,412.1679081571275,414.6242127349411,405.2902553392493,406.7640380859375,9296991.0
2025-01-06,414.62422076262885,414.62422076262885,407.74656781158995,411.1853942871094,5850642.0
2025-01-07,417.5717795336688,426.4144760414406,416.0979967823735,424.4494323730469,7409053.0
2025-01-08,432.8008711627711,438.2047412907966,418.0630435408833,420.51934814453125,11336057.0
2025-01-09,420.5193292126684,422.4843728071201,409.7115894431839,410.2028503417969,5111761.0
2025-01-10,412.6591796875,413.1504406156994,408.7290922619048,412.6591796875,3864851.0
2025-01-13,406.2727725982666,408.23781623840335,393.00872802734375,393.00872802734375,8744187.0
2025-01-14,402.8339538574219,405.2902584541134,395.9563009866854,402.8339538574219,10130114.0
2025-01-15,397.4300873907615,399.3951310861423,391.5349563046192,393.5,7451745.0
2025-01-16,401.3601757856253,417.08052538799984,398.41261023518007,411.1853942871094,9382557.0
2025-01-17,413.6416847265162,418.5542938087789,407.25529291957474,414.62420654296875,6489319.0
2025-01-20,417.57179099446995,423.95818309203247,417.57179099446995,419.5368347167969,4669776.0
2025-01-21,417.5717916070072,421.0106181261237,411.18539950007647,414.1329650878906,6449745.0
2025-01-22,416.5892572544643,430.3445629185268,416.5892572544643,429.8533020019531,9474389.0
2025-02-03,393.0087364407112,399.8863893284236,387.60486631465136,392.0262145996094,20139532.0
2025-02-04,394.48250535633457,400.86889709933877,389.56989632325445,390.0611572265625,9534874.0
2025-02-05,395.95629310843094,402.8339458423243,395.95629310843094,398.41259765625,6548251.0
2025-02-06,406.2727824332331,410.20286980864523,404.307738745527,409.71160888671875,8811916.0
2025-02-07,410.6941169463008,411.18537785173896,401.851420648414,407.7465515136719,4812142.0
2025-02-10,397.92134514845196,402.3426934278792,396.93882330857923,397.4300842285156,5268719.0
2025-02-11,397.9213509630801,400.8689165257696,394.9737854003906,394.9737854003906,6778905.0
2025-02-12,395.9562850533578,399.3951113503473,393.9912414550781,393.9912414550781,3916708.0
2025-02-13,393.9912687325183,398.90387806833525,393.5000077989366,397.9213562011719,5636862.0
2025-02-14,394.973763254218,398.9038504507774,393.0087196559383,393.9912414550781,4860464.0
2025-02-17,393.0087385506465,401.36017424484777,393.0087385506465,398.90386962890625,4526789.0
2025-02-18,394.9737865711417,396.44756935685496,383.67478521400704,384.1660461425781,20018112.0
2025-02-19,379.2534285564812,387.1136032415896,379.2534285564812,385.1485595703125,7986505.0
2025-02-20,385.63980669853015,387.60485029954174,383.1835021972656,383.1835021972656,7510785.0
2025-02-21,379.7446864349673,389.0786437988281,379.7446864349673,389.0786437988281,8569868.0
2025-02-24,384.65728462691857,389.0786327260785,382.6922410272919,388.5873718261719,6950019.0
2025-02-25,382.6922466481915,390.06116025502445,382.6922466481915,386.1310729980469,7103863.0
2025-02-26,385.14856171189695,392.0262145996094,384.16603987079515,392.0262145996094,8789809.0
2025-02-27,387.113610566552,399.88639467153973,387.113610566552,394.9737854003906,19590848.0
2025-03-03,390.06115480080626,393.00872020232373,383.1835021972656,383.1835021972656,11721984.0
2025-03-04,378.27089100010346,380.23593458971436,366.4806294624379,370.9019775390625,19452498.0
2025-03-05,372.37578241103864,376.3058698243477,370.9019996310477,371.884521484375,10116547.0
2025-03-06,374.83207549452004,380.7272064328349,373.84955367146756,376.797119140625,8270692.0
2025-03-07,374.8320704752604,374.8320704752604,368.4456787109375,368.4456787109375,8921265.0
2025-03-10,368.44568976390855,374.3408208001311,368.44568976390855,368.93695068359375,5451626.0
2025-03-11,365.4981358331225,366.9719186389012,359.111743674748,364.02435302734375,9403893.0
2025-03-12,365.0068543268019,382.69224699943294,365.0068543268019,380.7272033691406,13031685.0
2025-03-13,385.6398039711028,391.043673835666,381.2184559000965,381.709716796875,11384379.0
2025-03-14,378.2709135310023,379.2534353843296,370.4107387043841,371.884521484375,9108047.0
2025-03-17,378.2709201096278,389.0786606841886,376.3058763687986,387.1136169433594,11902227.0
2025-03-18,386.13107528686527,393.00872802734375,385.63981437683105,393.00872802734375,8162071.0
2025-03-19,391.0436878863737,393.00873154409413,383.6747741699219,383.6747741699219,6964005.0
2025-03-20,384.16604036479015,393.99125878844205,384.16604036479015,386.6223449707031,7133147.0
2025-03-21,385.63981740161626,391.04368745437773,383.1835128321792,389.0786437988281,8097221.0
2025-03-24,393.0087342554209,398.90386526925226,385.1485595703125,385.1485595703125,10078008.0
2025-03-25,385.6398204881318,388.58738599504744,383.67477681685466,385.1485595703125,4649203.0
2025-03-26,389.5699099968549,393.49999736126205,387.1136053941005,392.0262145996094,9411426.0
2025-03-27,388.0961250772282,388.0961250772282,374.83208029610773,385.1485595703125,5016744.0
2025-03-28,376.30585592201504,379.7446822816157,368.445681385785,369.9194641113281,9435073.0
2025-03-31,358.6204643249512,363.0418125152588,353.7078552246094,353.7078552246094,8691223.0
2025-04-01,358.62046357435037,365.00685539142785,356.16415902932056,364.5155944824219,6160920.0
2025-04-02,358.6204609335356,366.9718963251385,357.6379391227588,363.04180908203125,3389999.0
2025-04-07,327.1797790527344,327.1797790527344,327.1797790527344,327.1797790527344,2196910.0
2025-04-08,295.2478106889568,305.56428993100025,294.756549772669,299.6691589355469,28156853.0
2025-04-09,287.8789048356381,299.177906219972,270.1935113645067,275.5973815917969,16901587.0
2025-04-10,303.10797119140625,303.10797119140625,303.10797119140625,303.10797119140625,3270591.0
2025-04-11,301.14293436078884,329.1448059082031,295.2478035087016,329.1448059082031,22014107.0
2025-04-14,343.391384194114,343.8826451157079,322.2671645655777,324.2322082519531,17476535.0
2025-04-15,323.74095834798425,326.68852397785963,318.3370880265459,324.7234802246094,7198521.0
2025-04-16,319.31960274016427,321.77590737662706,314.89825439453125,314.89825439453125,7262799.0
2025-04-17,308.0205826313484,310.96814801538045,301.63419096594566,309.9856262207031,11970974.0
2025-04-18,310.4768842001663,314.40697134194056,309.49436241472273,313.91571044921875,2443456.0
2025-04-21,310.96816224318286,313.42446684226013,304.0905093657665,306.54681396484375,3215675.0
2025-04-22,303.10797389861074,311.45940915999876,303.10797389861074,304.5817565917969,4505507.0
2025-04-23,310.9681527538618,325.7059798985946,309.00310913456406,323.7409362792969,7128300.0
2025-04-24,326.197235341094,328.65353982408413,318.8283218921235,320.7933654785156,5268652.0
2025-04-25,328.1623067927974,333.56617711423564,323.74095834798425,324.7234802246094,8015088.0
2025-04-28,337.0049800564714,337.9875018642162,329.6360664983853,334.5486755371094,6256932.0
2025-04-29,333.0749122170841,334.05743408203125,326.19725916245403,334.05743408203125,7308691.0
2025-04-30,331.601107710305,332.5836295109281,327.1797596075009,327.6710205078125,7771275.0
2025-05-02,333.5661476695605,349.77775720283813,331.10984319482145,347.8127136230469,12799777.0
2025-05-05,357.6379595708581,357.6379595708581,346.3389581008996,351.7428283691406,10719987.0
2025-05-06,348.79525442309364,356.6554291706563,346.83021073620296,352.725341796875,7370329.0
2025-05-07,353.7078714698676,361.56804639142024,353.2166105372706,357.1466979980469,7607451.0
2025-05-08,356.65541175103954,368.44567329652847,356.16415085331084,365.49810791015625,9611005.0
2025-05-09,370.9019916962812,371.3932526124352,364.024338870125,367.4631652832031,9755813.0
2025-05-12,368.4456902581292,368.9369511784734,361.5680373733108,363.5330810546875,4638215.0
2025-05-13,369.4281981095024,371.3932417164678,361.0767627798993,361.5680236816406,6316275.0
2025-05-14,363.0418034215127,368.44567329652847,363.0418034215127,365.49810791015625,9096626.0
2025-05-15,367.46317957416073,369.42822331519903,361.5680483510459,364.02435302734375,4578850.0
2025-05-16,360.5855072103742,365.4981163004338,357.6379417563385,364.5155944824219,4282212.0
2025-05-19,360.5855133645134,362.55055703407476,355.6729041906099,356.6554260253906,3935670.0
2025-05-20,354.6903766679046,362.05929031058963,354.6903766679046,359.1117248535156,4213227.0
2025-05-21,362.55056387776585,372.37578241103864,360.09425924444764,371.884521484375,6185556.0
2025-05-22,369.91946677556115,376.79711954429666,365.98937947914084,371.39324951171875,6923417.0
2025-05-23,371.39324142272216,373.84954592948617,365.49811060648847,366.9718933105469,5281106.0
2025-05-26,367.46317957416073,369.91948425045865,363.04183115682457,364.02435302734375,6179396.0
2025-05-27,361.5680431547619,365.98939150855654,358.6204775855655,361.0767822265625,4513583.0
2025-05-28,364.5156028953758,366.9719074970967,360.5855155326225,363.5330810546875,4201968.0
2025-05-29,366.48064345089506,374.83207902551334,365.9893825347411,367.4631652832031,13005295.0
2025-06-02,374.3408272879464,374.3408272879464,359.6029994419643,361.0767822265625,5906314.0
2025-06-03,367.9544257564821,379.2534268144248,366.48064300979394,372.8670349121094,14118434.0
2025-06-04,375.3233360153238,382.20098876953125,372.3757705492348,382.20098876953125,10651570.0
2025-06-05,388.09613558515235,391.53496210299545,383.1835262739479,391.043701171875,11147342.0
2025-06-06,388.09612197105326,392.02620928215254,385.63981740161626,389.0786437988281,7562289.0
2025-06-09,390.55242919921875,391.0436901164505,386.13108094413326,390.55242919921875,3767191.0
2025-06-10,391.0436979834713,396.44756818173533,391.0436979834713,394.9737854003906,6805847.0
2025-06-11,394.9737854003906,396.93882910885026,389.5699152021266,394.9737854003906,6391497.0
2025-06-12,398.41261778486535,398.41261778486535,392.0262256378823,392.5174865722656,4715311.0
2025-06-13,388.09613558515235,395.46504955195905,386.622352791791,391.043701171875,6256987.0
2025-06-16,391.043695380774,393.9912609238452,389.56991260923843,393.5,4977272.0
2025-06-17,395.0,398.5,393.0,395.0,6977658.0
2025-06-18,395.0,402.0,394.0,400.5,5519023.0
2025-06-19,400.5,408.0,400.5,404.0,9073025.0
2025-06-20,402.0,406.0,398.5,400.0,19669788.0
2025-06-23,396.0,403.0,396.0,400.0,6099946.0
2025-06-24,402.0,418.0,402.0,417.0,11116100.0
2025-06-25,420.0,428.5,420.0,423.5,11108825.0
2025-06-26,422.5,424.5,418.0,420.0,7336581.0
2025-06-27,421.0,426.5,419.5,424.0,7345295.0
2025-06-30,420.5,425.0,413.0,413.0,5198117.0
2025-07-01,417.0,432.5,417.0,428.0,10078725.0
2025-07-02,421.5,434.5,421.0,429.5,6626261.0
2025-07-03,431.5,460.0,431.0,459.0,22317749.0
2025-07-04,451.5,461.5,450.5,457.0,14577748.0
2025-07-07,452.0,458.5,448.0,450.0,8986785.0
2025-07-08,450.0,455.0,446.5,451.5,10717852.0
2025-07-09,442.0,452.0,440.0,451.0,11825025.0
2025-07-10,458.0,485.5,458.0,482.5,22619776.0
2025-07-11,471.0,491.5,471.0,483.0,13587750.0
2025-07-14,478.5,482.5,472.5,473.0,6912679.0
2025-07-15,483.0,496.0,480.0,494.0,15644025.0
2025-07-16,500.0,513.0,495.5,500.0,23245466.0
2025-07-17,494.0,503.0,490.0,499.0,9166864.0
2025-07-18,499.0,509.0,499.0,509.0,7238844.0
2025-07-21,513.0,517.0,511.0,515.0,9627700.0
2025-07-22,515.0,533.0,508.0,513.0,13326683.0
2025-07-23,517.0,527.0,517.0,520.0,10567662.0
2025-07-24,515.0,519.0,508.0,518.0,9134695.0
2025-07-25,512.0,518.0,508.0,517.0,8134464.0
2025-07-28,524.0,529.0,520.0,522.0,7048224.0
2025-07-29,520.0,529.0,516.0,525.0,7290167.0
2025-07-30,528.0,533.0,520.0,530.0,7441150.0
2025-07-31,581.0,582.0,561.0,567.0,14290496.0
2025-08-04,579.0,594.0,578.0,593.0,11241547.0
2025-08-05,600.0,636.0,600.0,632.0,20244945.0
2025-08-06,607.0,632.0,605.0,621.0,20094089.0
2025-08-07,623.0,633.0,618.0,623.0,14701639.0
2025-08-08,626.0,637.0,626.0,637.0,11940640.0
2025-08-11,635.0,643.0,628.0,638.0,9087647.0
2025-08-12,642.0,649.0,636.0,642.0,8669434.0
2025-08-13,665.0,681.0,662.0,675.0,23398116.0
2025-08-14,667.0,675.0,663.0,670.0,11571094.0
2025-08-15,670.0,695.0,669.0,686.0,14052732.0
2025-08-18,690.0,695.0,681.0,688.0,12090726.0
2025-08-19,683.0,691.0,660.0,661.0,12791048.0
2025-08-20,628.0,657.0,624.0,625.0,23360715.0
2025-08-21,620.0,655.0,619.0,648.0,17291029.0
2025-08-22,668.0,672.0,658.0,664.0,9862231.0
2025-08-25,680.0,685.0,667.0,676.0,9498974.0
2025-08-26,675.0,685.0,672.0,685.0,10083437.0
2025-08-27,690.0,730.0,687.0,720.0,15231644.0
2025-08-28,717.0,717.0,705.0,709.0,8589429.0
2025-08-29,709.0,718.0,705.0,711.0,10833614.0
2025-09-01,706.0,724.0,678.0,688.0,13704967.0
2025-09-02,698.0,704.0,678.0,685.0,11127649.0
2025-09-03,683.0,687.0,675.0,680.0,11506701.0
2025-09-04,689.0,705.0,685.0,691.0,9965095.0
2025-09-05,720.0,726.0,711.0,726.0,14205816.0
2025-09-08,745.0,745.0,726.0,726.0,11029416.0
2025-09-09,729.0,798.0,728.0,784.0,20739103.0
2025-09-10,807.0,844.0,806.0,837.0,22858768.0
2025-09-11,825.0,853.0,825.0,831.0,25892416.0
2025-09-12,834.0,854.0,834.0,837.0,19279803.0
2025-09-15,842.0,848.0,829.0,836.0,11977009.0
2025-09-16,833.0,841.0,821.0,841.0,14964160.0
2025-09-17,840.0,853.0,831.0,836.0,10046309.0
2025-09-18,837.0,899.0,837.0,892.0,21414831.0
2025-09-19,894.0,909.0,885.0,888.0,19564182.0
2025-09-22,880.0,915.0,880.0,907.0,14261438.0
2025-09-23,913.0,917.0,890.0,893.0,16298095.0
2025-09-24,888.0,893.0,866.0,891.0,15633116.0
2025-09-25,886.0,903.0,883.0,884.0,11493170.0
2025-09-26,867.0,869.0,837.0,848.0,18652130.0
2025-09-30,852.0,888.0,851.0,854.0,16138286.0
2025-10-01,870.0,878.0,860.0,871.0,9681582.0
2025-10-02,893.0,910.0,893.0,894.0,17801201.0
2025-10-03,900.0,944.0,895.0,942.0,17752218.0
2025-10-07,942.0,995.0,941.0,987.0,25013368.0
2025-10-08,963.0,985.0,962.0,981.0,11682890.0
2025-10-09,1000.0,1005.0,986.0,999.0,14545045.0
2025-10-13,968.0,1045.0,968.0,1030.0,23036958.0
2025-10-14,1050.0,1060.0,990.0,992.0,19658119.0
2025-10-15,1000.0,1015.0,987.0,1015.0,12815338.0
2025-10-16,1005.0,1025.0,1000.0,1025.0,7584072.0
2025-10-17,1005.0,1050.0,996.0,999.0,12240453.0
2025-10-20,998.0,1020.0,986.0,1015.0,11890513.0
2025-10-21,1015.0,1030.0,1000.0,1020.0,7639845.0
2025-10-22,1005.0,1020.0,1000.0,1020.0,5599702.0
2025-10-23,1005.0,1020.0,1000.0,1010.0,5140862.0
2025-10-27,1035.0,1075.0,1035.0,1070.0,13894647.0
2025-10-28,1060.0,1080.0,1055.0,1075.0,8604771.0
2025-10-29,1075.0,1085.0,1035.0,1060.0,12152233.0
2025-10-30,1070.0,1070.0,1005.0,1010.0,21746938.0
2025-10-31,1000.0,1015.0,990.0,995.0,18521789.0
2025-11-03,992.0,1005.0,982.0,983.0,14781907.0
2025-11-04,980.0,1010.0,975.0,975.0,17580080.0
2025-11-05,930.0,972.0,930.0,967.0,16538385.0
2025-11-06,980.0,994.0,977.0,978.0,9760798.0
2025-11-07,960.0,972.0,956.0,965.0,9119881.0
2025-11-10,980.0,994.0,968.0,982.0,10503689.0
2025-11-11,993.0,998.0,972.0,972.0,10930686.0
2025-11-12,965.0,981.0,954.0,967.0,13794867.0
2025-11-13,965.0,973.0,958.0,958.0,10534466.0
2025-11-14,938.0,945.0,922.0,922.0,17956984.0
2025-11-17,931.0,946.0,916.0,916.0,10205990.0
2025-11-18,906.0,930.0,898.0,898.0,12776058.0
2025-11-19,890.0,911.0,889.0,894.0,11496641.0
2025-11-20,939.0,965.0,934.0,954.0,15713499.0
2025-11-21,907.0,913.0,895.0,895.0,16093630.0
2025-11-24,904.0,909.0,893.0,893.0,18570764.0
2025-11-25,913.0,926.0,899.0,910.0,10214403.0
2025-11-26,928.0,950.0,916.0,945.0,11021726.0
2025-11-27,955.0,959.0,938.0,942.0,8485835.0
2025-11-28,946.0,946.0,928.0,932.0,7920998.0
2025-12-01,936.0,978.0,932.0,973.0,16772623.0
2025-12-02,988.0,998.0,974.0,989.0,19606844.0
2025-12-03,997.0,1005.0,984.0,997.0,12394746.0
2025-12-04,999.0,1005.0,991.0,999.0,6602493.0
2025-12-05,998.0,1005.0,973.0,979.0,9363660.0
2025-12-08,985.0,993.0,970.0,979.0,5590132.0
2025-12-09,976.0,980.0,966.0,971.0,7569165.0
2025-12-10,973.0,978.0,965.0,968.0,6126655.0
2025-12-11,970.0,976.0,945.0,945.0,11239205.0
2025-12-12,945.0,948.0,929.0,938.0,9026719.0
2025-12-15,917.0,933.0,916.0,922.0,6527359.0
2025-12-16,908.0,915.0,899.0,901.0,10227812.0
2025-12-17,900.0,907.0,890.0,890.0,12462736.0
2025-12-18,889.0,896.0,886.0,891.0,6069232.0
2025-12-19,899.0,923.0,895.0,911.0,12394315.0
2025-12-22,911.0,957.0,909.0,953.0,13468014.0
2025-12-23,962.0,965.0,943.0,943.0,5730016.0
2025-12-24,952.0,960.0,948.0,955.0,4891620.0
2025-12-26,960.0,962.0,952.0,956.0,3106463.0
2025-12-29,960.0,974.0,960.0,962.0,6073574.0
2025-12-30,964.0,970.0,957.0,961.0,4433797.0
2025-12-31,959.0,974.0,950.0,963.0,8863603.0
2026-01-02,970.0,998.0,969.0,995.0,13024209.0
2026-01-05,1010.0,1025.0,1000.0,1010.0,12466679.0
2026-01-06,1005.0,1050.0,983.0,1050.0,16032166.0
2026-01-07,1080.0,1085.0,988.0,1030.0,18172207.0
2026-01-08,1035.0,1040.0,1010.0,1010.0,9003951.0
2026-01-09,1000.0,1030.0,995.0,1015.0,7391100.0
2026-01-12,1040.0,1065.0,1035.0,1055.0,11344658.0
2026-01-13,1070.0,1080.0,1025.0,1030.0,11474459.0
2026-01-14,1040.0,1070.0,1040.0,1060.0,8593128.0
2026-01-15,1055.0,1060.0,1025.0,1045.0,8172566.0
2026-01-16,1075.0,1135.0,1060.0,1125.0,22782095.0
2026-01-19,1145.0,1160.0,1110.0,1120.0,12008197.0
2026-01-20,1105.0,1140.0,1100.0,1130.0,7198430.0
2026-01-21,1130.0,1185.0,1115.0,1135.0,18083264.0
2026-01-22,1200.0,1245.0,1195.0,1245.0,19318986.0
2026-01-23,1280.0,1285.0,1245.0,1260.0,17512693.0
2026-01-26,1220.0,1240.0,1205.0,1230.0,11798393.0
2026-01-27,1230.0,1260.0,1220.0,1250.0,8618449.0
2026-01-28,1250.0,1280.0,1235.0,1280.0,10930051.0
2026-01-29,1310.0,1315.0,1240.0,1255.0,12829784.0
2026-01-30,1250.0,1255.0,1215.0,1220.0,10202205.0
2026-02-02,1185.0,1200.0,1160.0,1175.0,12433041.0
2026-02-03,1205.0,1220.0,1175.0,1215.0,11004255.0
2026-02-04,1220.0,1220.0,1195.0,1210.0,7111184.0
2026-02-05,1175.0,1180.0,1130.0,1150.0,14283127.0
2026-02-06,1135.0,1170.0,1115.0,1160.0,10257879.0
2026-02-09,1200.0,1210.0,1180.0,1180.0,8765470.0
2026-02-10,1205.0,1210.0,1170.0,1185.0,7916235.0
2026-02-11,1200.0,1265.0,1190.0,1260.0,14422679.0
2026-02-23,1320.0,1380.0,1295.0,1305.0,21053140.0
2026-02-24,1355.0,1385.0,1335.0,1385.0,13399510.0
2026-02-25,1425.0,1480.0,1380.0,1435.0,13893910.0
2026-02-26,1450.0,1455.0,1415.0,1430.0,16681606.0
2026-03-02,1355.0,1445.0,1355.0,1425.0,14087742.0
2026-03-03,1410.0,1435.0,1340.0,1340.0,16095323.0
2026-03-04,1295.0,1320.0,1250.0,1255.0,16961184.0
2026-03-05,1335.0,1365.0,1310.0,1335.0,13120905.0
2026-03-06,1340.0,1345.0,1310.0,1320.0,10254707.0
2026-03-09,1210.0,1230.0,1195.0,1220.0,21625496.0
2026-03-10,1280.0,1325.0,1275.0,1290.0,11474848.0
2026-03-11,1350.0,1415.0,1325.0,1400.0,13726816.0
2026-03-12,1390.0,1410.0,1365.0,1370.0,7368490.0
2026-03-13,1355.0,1405.0,1340.0,1385.0,7461038.0
2026-03-16,1395.0,1395.0,1350.0,1360.0,5929443.0
2026-03-17,1385.0,1470.0,1385.0,1440.0,12515796.0
2026-03-18,1465.0,1490.0,1450.0,1465.0,10696722.0
2026-03-19,1450.0,1480.0,1445.0,1455.0,7980699.0
2026-03-20,1450.0,1530.0,1410.0,1475.0,15113545.0
2026-03-23,1405.0,1425.0,1385.0,1410.0,12888516.0
2026-03-24,1455.0,1470.0,1410.0,1415.0,12355449.0
2026-03-25,1485.0,1555.0,1485.0,1550.0,15224832.0
2026-03-26,1535.0,1565.0,1515.0,1515.0,12323637.0
2026-03-27,1460.0,1520.0,1440.0,1510.0,10081583.0
2026-03-30,1480.0,1495.0,1450.0,1485.0,11069480.0
2026-03-31,1465.0,1470.0,1365.0,1380.0,18001261.0
2026-04-01,1465.0,1495.0,1450.0,1475.0,11380012.0
2026-04-02,1480.0,1510.0,1420.0,1430.0,9316602.0
2026-04-07,1495.0,1515.0,1490.0,1515.0,9471155.0
2026-04-08,1630.0,1665.0,1615.0,1665.0,11931374.0
2026-04-09,1685.0,1705.0,1635.0,1645.0,14632032.0
2026-04-10,1690.0,1750.0,1675.0,1735.0,10973678.0
2026-04-13,1730.0,1760.0,1710.0,1740.0,6680545.0
2026-04-14,1805.0,1820.0,1750.0,1750.0,9707370.0
2026-04-15,1785.0,1835.0,1785.0,1785.0,9811750.0
2026-04-16,1835.0,1845.0,1785.0,1845.0,9212364.0
2026-04-17,1865.0,1870.0,1830.0,1840.0,8436351.0
2026-04-20,1860.0,1980.0,1860.0,1900.0,9692483.0
2026-04-21,1950.0,2035.0,1930.0,2015.0,8888821.0
2026-04-22,2040.0,2045.0,1995.0,2015.0,10117948.0
2026-04-23,2100.0,2115.0,1935.0,1980.0,15088821.0
2026-04-24,2005.0,2090.0,1990.0,2075.0,10846873.0
2026-04-27,2070.0,2080.0,1995.0,2020.0,13935817.0
2026-04-28,2030.0,2160.0,2030.0,2125.0,13898931.0
2026-04-29,2040.0,2170.0,2035.0,2165.0,11741236.0
2026-04-30,2220.0,2280.0,2150.0,2165.0,13424815.0
2026-05-04,2250.0,2260.0,2150.0,2220.0,11783423.0
2026-05-05,2185.0,2195.0,2145.0,2165.0,9420938.0
2026-05-06,2215.0,2270.0,2150.0,2210.0,14353798.0
2026-05-07,2275.0,2370.0,2250.0,2280.0,14784421.0
2026-05-08,2230.0,2250.0,2170.0,2200.0,10393004.0
2026-05-11,2215.0,2270.0,2205.0,2245.0,8790271.0
2026-05-12,2225.0,2260.0,2190.0,2195.0,11944561.0
2026-05-13,2160.0,2185.0,2140.0,2165.0,6913371.0
2026-05-14,2210.0,2250.0,2155.0,2155.0,6872103.0
2026-05-15,2185.0,2195.0,2075.0,2075.0,10469059.0
2026-05-18,1985.0,2040.0,1985.0,2020.0,8419378.0
2026-05-19,2020.0,2025.0,1910.0,1915.0,13603182.0
2026-05-20,1880.0,1960.0,1880.0,1915.0,9789768.0
2026-05-21,2015.0,2060.0,1990.0,2030.0,10651255.0
2026-05-22,2125.0,2125.0,2050.0,2095.0,7818792.0
2026-05-25,2205.0,2300.0,2185.0,2290.0,10142736.0
2026-05-26,2350.0,2410.0,2290.0,2350.0,10816822.0
2026-05-27,2490.0,2585.0,2490.0,2520.0,12553894.0
2026-05-28,2485.0,2520.0,2370.0,2390.0,10222545.0
2026-05-29,2470.0,2525.0,2445.0,2445.0,16536758.0
2026-06-01,2450.0,2520.0,2410.0,2420.0,8049328.0
2026-06-02,2430.0,2455.0,2330.0,2360.0,10988523.0
2026-06-03,2420.0,2460.0,2410.0,2455.0,9586099.0
2026-06-04,2440.0,2465.0,2405.0,2425.0,7468543.0
2026-06-05,2380.0,2380.0,2275.0,2300.0,10553680.0
2026-06-08,2090.0,2260.0,2090.0,2255.0,13577277.0
2026-06-09,2265.0,2435.0,2215.0,2415.0,14588560.0
2026-06-10,2370.0,2410.0,2190.0,2200.0,15899110.0
2026-06-11,2170.0,2230.0,2080.0,2160.0,13885654.0
2026-06-12,2260.0,2280.0,2170.0,2215.0,9226158.0
