Date,Open,High,Low,Close,Volume
2018-06-12,79.31916930873962,80.13689270367507,79.13745299875396,79.68260192871094,32705860.0
2018-06-13,79.95516905208926,80.31860163868967,79.31916202553855,79.77345275878906,19736389.0
2018-06-14,78.86487947876691,79.31917025917456,77.68372344970703,77.68372344970703,50041681.0
2018-06-15,77.04769962086397,77.41113216624541,76.7751252118279,77.22941589355469,44029548.0
2018-06-19,75.95741852909686,76.50256746590856,75.41226959228516,75.41226959228516,52722952.0
2018-06-20,74.77626249933817,75.77570221682629,74.32197171866176,75.41226959228516,37314816.0
2018-06-21,75.41226102190122,75.86655175094882,75.13968658447266,75.13968658447266,23720154.0
2018-06-22,74.50367831372694,74.86711089086707,74.32196202515686,74.77625274658203,26679439.0
2018-06-25,74.59454928907148,74.68540744898509,74.04940032958984,74.04940032958984,28695423.0
2018-06-26,73.50424225418656,74.14024929470486,72.95909336231374,73.59510040283203,33393759.0
2018-06-27,73.68596588813773,74.04939851890536,73.5042495727539,73.5042495727539,26338176.0
2018-06-28,73.50424069232822,73.68595698575795,72.95909181203902,73.14080810546875,22453360.0
2018-06-29,73.68595034342546,75.5939712524414,73.5950922049009,75.5939712524414,31787527.0
2018-07-02,75.68483782167789,75.68483782167789,73.59510040283203,73.59510040283203,27297955.0
2018-07-03,73.68595761437399,74.23110649931387,73.1408087294341,73.32252502441406,19194058.0
2018-07-04,73.41338595222024,74.14025115966797,73.41338595222024,74.14025115966797,13962236.0
2018-07-05,74.23110806883263,74.32196621824367,73.59510102295523,73.77681732177734,13979266.0
2018-07-06,73.50424069232822,73.77681513247282,72.86823366532414,73.14080810546875,31423124.0
2018-07-09,73.9585323711433,74.1402486668955,73.32252533601063,73.41338348388672,15299233.0
2018-07-10,73.77681513247282,73.8676732791877,72.95909181203902,73.14080810546875,25041964.0
2018-07-11,73.23166965035831,74.50368376339183,73.23166965035831,74.14025115966797,29404060.0
2018-07-12,73.41338472413312,74.32196621824367,73.41338472413312,73.77681732177734,20967731.0
2018-07-13,74.23111326357999,75.3214111328125,74.23111326357999,75.3214111328125,28979532.0
2018-07-16,75.41226898414502,75.77570160575534,75.23055267333984,75.23055267333984,19780872.0
2018-07-17,75.3214111328125,75.86656006742875,74.957978509735,75.3214111328125,18204702.0
2018-07-18,76.13913056399677,76.68427947018291,75.77569795987269,76.41170501708984,37352167.0
2018-07-19,76.7751334194846,77.41114044189453,76.59341712736747,77.41114044189453,31130595.0
2018-07-20,77.68372284150207,77.95629730761262,76.50256682168977,77.50200653076172,31184604.0
2018-07-23,77.77458160578857,77.86543976187009,77.13857451321786,77.68372344970703,28538121.0
2018-07-24,77.32028229583597,78.13800561036302,77.2294241497774,77.41114044189453,51556430.0
2018-07-25,77.03897271853981,77.41114166887093,76.6668037682087,76.94593048095703,30354254.0
2018-07-26,76.75983954332546,77.69026184082031,76.48071285407701,77.69026184082031,21443237.0
2018-07-27,77.50417503943811,77.8763439471905,77.2250483586238,77.4111328125,19002229.0
2018-07-30,77.59722249808051,78.43460259698067,77.31809579844713,78.34156036376953,29675366.0
2018-07-31,77.78330640405915,78.1554753342221,77.59722193897767,77.96939086914062,20707232.0
2018-08-01,78.06244303808768,78.43461201562326,77.6902740605521,78.24852752685547,23742560.0
2018-08-02,78.62069673584278,78.62069673584278,76.85289408734455,77.03897857666016,22842141.0
2018-08-03,77.78330640405915,77.96939086914062,77.2250530088147,77.96939086914062,18473730.0
2018-08-06,77.78330751964668,78.99285656002397,77.78330751964668,78.71372985839844,18488156.0
2018-08-07,79.27197912857996,79.27197912857996,78.52764129638672,78.52764129638672,24845871.0
2018-08-08,79.08589935302734,79.17894158756032,78.5276459458295,79.08589935302734,26145400.0
2018-08-09,79.64414920717338,79.64414920717338,79.08589582488011,79.27198028564453,20805246.0
2018-08-10,79.45806005475686,80.0163134040877,79.36501782986838,79.92327117919922,25760288.0
2018-08-13,79.92327775249618,80.01631998503693,77.69026417151841,77.96939086914062,28042868.0
2018-08-14,77.31810138322331,77.31810138322331,75.17812986479474,75.64334106445312,59249690.0
2018-08-15,75.36421788753034,75.82942910905831,74.71292217739119,75.45726013183594,37646316.0
2018-08-16,75.36420850330973,76.10854636507081,74.71291287426878,75.55029296875,20949308.0
2018-08-17,76.29464033058628,76.38768257489187,75.45726013183594,75.45726013183594,19087311.0
2018-08-20,75.45725427321446,75.9224654586227,75.36421203613281,75.36421203613281,16867433.0
2018-08-21,75.5502965102961,75.64333874737775,75.36421203613281,75.36421203613281,17415579.0
2018-08-22,75.55029177344706,76.20158739218367,75.55029177344706,76.0155029296875,13418093.0
2018-08-23,76.38767008326747,76.38767008326747,75.3642055632724,76.1085433959961,17029659.0
2018-08-24,75.82942910905831,75.9224713533639,74.89900666600238,75.45726013183594,17189495.0
2018-08-27,75.45725427321446,75.64333874737775,75.17812756196953,75.36421203613281,15902831.0
2018-08-28,75.64333520147014,75.82941966691041,75.36420850330973,75.55029296875,18467742.0
2018-08-29,75.55029705525615,75.73638153076172,75.45725481750338,75.73638153076172,17455293.0
2018-08-30,75.92245954930856,75.92245954930856,75.27116394042969,75.27116394042969,21364048.0
2018-08-31,75.08507890405123,75.17812113317645,74.71290998755035,74.89899444580078,34669629.0
2018-09-03,75.08508600813619,75.08508600813619,74.5268325805664,74.5268325805664,19007812.0
2018-09-04,74.61987481849471,74.8990015322796,74.5268325805664,74.5268325805664,13959788.0
2018-09-05,74.8990015322796,74.8990015322796,74.5268325805664,74.5268325805664,18018246.0
2018-09-06,74.43378155048077,74.52682377741887,73.59640150803786,73.78248596191406,31412452.0
2018-09-07,73.59640688509555,73.59640688509555,72.10773114532117,72.29381561279297,49261782.0
2018-09-10,72.0146890937409,72.10773132771213,69.59559101048862,69.87471771240234,62290696.0
2018-09-11,70.15384423686731,72.29381561279297,70.15384423686731,72.29381561279297,38918984.0
2018-09-12,72.57294711818942,72.85207383787477,71.27035575965782,71.64252471923828,35146614.0
2018-09-13,71.64251949912624,71.64251949912624,70.52601270173726,70.71209716796875,28930405.0
2018-09-14,71.36339730690013,72.57294641379673,71.36339730690013,72.47990417480469,25355916.0
2018-09-17,72.57295584004459,72.57295584004459,72.10774458465968,72.38687133789062,12293253.0
2018-09-18,71.73556532645917,71.82860756423668,70.52601623535156,70.52601623535156,27709529.0
2018-09-19,70.89818980431681,71.17731653582987,70.52602082896607,71.08427429199219,24462112.0
2018-09-20,70.89817337762742,70.99121559990778,69.96775115482392,70.33992004394531,21282019.0
2018-09-21,70.52601623535156,70.89818518646159,69.874720570909,70.52601623535156,36897023.0
2018-09-25,70.24689181875462,70.99122974531096,69.96776509629599,70.80514526367188,16418112.0
2018-09-26,71.45644253315007,72.47990720484883,71.17731580450494,71.9216537475586,25844777.0
2018-09-27,72.10774379279441,73.22425079345703,71.92165929268397,73.22425079345703,24585896.0
2018-09-28,73.41032640861742,73.96857984138258,72.66598849826389,73.689453125,30414720.0
2018-10-01,74.34075164794922,74.80596285976367,74.06162492086054,74.34075164794922,21893979.0
2018-10-02,74.71291426537742,74.80595649982995,72.66598510742188,72.66598510742188,31390971.0
2018-10-03,72.66599809112157,72.75904034219855,72.20078683573666,72.38687133789062,14156884.0
2018-10-04,72.29381930734229,72.38686154583309,70.89818572998047,70.89818572998047,24244027.0
2018-10-05,70.89817337762742,71.17730004446847,69.96775115482392,70.33992004394531,25313910.0
2018-10-08,70.15384497231996,70.80514061529905,70.06080273760865,70.24688720703125,15148312.0
2018-10-09,70.43297523204707,70.71210195027183,70.06080627441406,70.06080627441406,17571152.0
2018-10-11,67.1764975206318,67.26953976096509,65.12956823329952,65.22261047363281,77677171.0
2018-10-12,65.12955942803862,66.99040398312543,64.8504327447756,66.8973617553711,37269571.0
2018-10-15,66.24607565588985,66.24607565588985,65.31565324499252,65.59477996826172,30235586.0
2018-10-16,65.22261277112094,65.59478174556385,65.12957052751021,65.50173950195312,44156946.0
2018-10-17,65.78084926633232,66.05997592517107,63.36175155639648,63.361751556396484,68614752.0
2018-10-18,63.36175155639648,63.36175155639648,63.36175155639648,63.361751556396484,0.0
2018-10-19,63.36175155639648,63.36175155639648,63.36175155639648,63.361751556396484,0.0
2018-10-22,63.36175155639648,63.36175155639648,63.36175155639648,63.361751556396484,0.0
2018-10-23,63.36175155639648,63.36175155639648,63.36175155639648,63.361751556396484,0.0
2018-10-24,63.36175155639648,63.36175155639648,63.36175155639648,63.361751556396484,0.0
2018-10-25,63.36175155639648,63.36175155639648,63.36175155639648,63.361751556396484,0.0
2018-10-26,59.398172898849715,59.398172898849715,56.19751732283134,56.71855163574219,94812656.0
2018-10-29,58.20721976385014,58.20721976385014,56.197509765625,56.197509765625,37754156.0
2018-10-30,56.197511139764615,56.94184903565554,56.048645832125416,56.86741638183594,25299205.0
2018-10-31,58.13278395910521,58.65382385253906,57.835047688406874,58.65382385253906,38499406.0
2018-11-01,58.802697559061684,59.54703550284727,58.57939390438687,59.47260284423828,27690014.0
2018-11-02,59.32372884241287,60.7379719997195,58.579390936340694,60.2913703918457,33316756.0
2018-11-05,60.2913770198822,60.2913770198822,59.17487003803253,59.54703903198242,22308657.0
2018-11-06,59.17486805984209,59.24930072037418,57.38845581283197,57.53732681274414,26881925.0
2018-11-07,58.356089985012915,58.356089985012915,57.611752117037874,57.98392105102539,23677091.0
2018-11-08,58.207220613856265,58.35609159887672,57.01628112792969,57.01628112792969,30369462.0
2018-11-09,56.94184408685319,57.01627673420386,56.19750625565249,56.644107818603516,29029195.0
2018-11-12,56.495253649715295,57.23959162750114,56.42082098770633,56.71855163574219,20715466.0
2018-11-13,55.37873840332031,55.6764746856895,54.932136819190156,55.37873840332031,30588718.0
2018-11-14,55.5276067275234,55.60203938245535,54.33666721206947,54.55997085571289,35069438.0
2018-11-15,54.5599638593294,56.12307212784872,53.96449133853784,55.45316696166992,37801181.0
2018-11-16,55.7509076166472,55.82534026790161,54.9321370951541,55.30430603027344,23944773.0
2018-11-19,54.857701192403525,54.93213952579897,54.41109958626848,54.634403228759766,29552164.0
2018-11-20,53.59232598962918,54.113360220767255,52.84798812866211,52.84798812866211,41220804.0
2018-11-21,51.359311584371326,52.77355463333358,51.28487893523587,52.55025100708008,43230083.0
2018-11-22,52.55024625420932,52.84798250266974,51.65704318767467,51.731475830078125,32741087.0
2018-11-23,52.02921649068885,52.40138541311317,51.80591286569543,52.1036491394043,22499145.0
2018-11-26,53.071291758491114,53.22015705914565,52.550251848505845,52.84798812866211,25454931.0
2018-11-27,52.84798700520892,52.84798700520892,52.1780818088101,52.62468338012695,23732315.0
2018-11-28,52.84798634599274,54.63439828782387,52.84798634599274,54.411094665527344,48605161.0
2018-11-29,55.37874001584815,55.45317266889598,53.89006423950195,53.89006423950195,44157607.0
2018-11-30,54.038925137859316,55.006566585096685,53.51789093017578,53.51789093017578,77449359.0
2018-12-03,54.4110998446283,55.30430873998714,54.4110998446283,55.08100509643555,44718298.0
2018-12-04,55.08100483489481,55.08100483489481,54.41109958626848,54.634403228759766,23349621.0
2018-12-05,53.81562990912773,53.96449521058354,53.22015734560998,53.29458999633789,23887867.0
2018-12-06,52.3269554849957,52.84798973194067,51.21044865967301,51.35931396484375,70095497.0
2018-12-07,51.50818281028919,51.805919119942146,51.43375015258789,51.43375015258789,29761587.0
2018-12-10,50.763842995317376,50.912713984053646,50.317241386803694,50.39167404174805,34091628.0
2018-12-11,50.98714474935376,51.50817899350165,50.91271209716797,50.91271209716797,27835901.0
2018-12-12,52.47582242626329,53.36902564283088,52.17808612779158,52.996856689453125,47974303.0
2018-12-13,52.99685563025629,54.336666107177734,52.99685563025629,54.336666107177734,46293838.0
2018-12-14,54.03893201664934,54.03893201664934,52.9224251333349,53.22016143798828,31581440.0
2018-12-17,53.29459711328968,53.74119875614349,52.922428131103516,52.922428131103516,17772612.0
2018-12-18,52.475819750389505,52.69912338256837,52.17808346710011,52.69912338256836,22905185.0
2018-12-19,52.77356090697273,53.44346618652344,52.699128248988835,53.44346618652344,17919150.0
2018-12-20,52.9224251333349,53.74119571199596,52.77355982043204,53.22016143798828,25126106.0
2018-12-21,52.550252680503824,53.14572525024414,52.25251639563367,53.14572525024414,33056429.0
2018-12-24,52.69912366236255,53.14572525024414,52.62468533200954,53.14572525024414,11791597.0
2018-12-25,52.10364916006513,52.77355435646396,52.10364916006513,52.62468338012695,10943586.0
2018-12-26,52.77355763143845,52.99685559153056,52.25251770019531,52.25251770019531,9507306.0
2018-12-27,53.44346125136821,53.44346125136821,52.69912338256837,52.69912338256836,17074054.0
2018-12-28,52.773556033678894,52.92242133589996,52.624685052610566,52.69912338256836,16169241.0
2019-01-02,53.14572297718096,53.14572297718096,52.02921621580676,52.17808151245117,16775306.0
2019-01-03,51.359318065021704,51.657054377979804,50.98714909353604,51.28488540649414,36198461.0
2019-01-04,50.7638432797169,50.7638432797169,49.87064005768545,50.31724166870117,37013571.0
2019-01-07,51.13601143054472,51.657051367568776,50.83828081378526,51.582618713378906,24084557.0
2019-01-08,51.80591471467617,51.80591471467617,50.76384055892648,51.06157684326172,18303188.0
2019-01-09,51.28488267768866,52.25251854475597,51.21045002312156,52.02922058105469,31946504.0
2019-01-10,51.954787663175736,51.954787663175736,51.28488241777195,51.582618713378906,19041006.0
2019-01-11,51.95478354372824,52.25251413688091,51.65704727172852,51.657047271728516,23895923.0
2019-01-14,51.58261647980428,51.88034708367173,51.06157656534173,51.136009216308594,14186528.0
2019-01-15,51.73148887030919,52.550259500832254,51.73148887030919,52.326961517333984,34095247.0
2019-01-16,51.95478708673917,52.47582133913487,51.95478708673917,52.25251770019531,16978789.0
2019-01-17,52.62469187265137,52.77356287301304,52.10365756850551,52.40139389038086,14229333.0
2019-01-18,52.475819750389505,52.69912338256837,52.326954448168436,52.69912338256836,13989609.0
2019-01-21,53.07129502320672,53.14572767811276,52.773558724735004,52.996856689453125,13812012.0
2019-01-22,52.99685230269885,52.99685230269885,52.32695278514711,52.62468338012695,9804658.0
2019-01-23,52.475816925391086,52.475816925391086,51.80591174376564,51.88034439086914,13311510.0
2019-01-24,51.73148021697998,52.17808178811975,51.73148021697998,52.1036491394043,21008129.0
2019-01-25,52.25251445755506,52.77355435646396,52.25251445755506,52.62468338012695,30878222.0
2019-01-28,52.69912338256837,52.84798868478943,52.55025240150003,52.69912338256836,19776596.0
2019-01-29,52.02922058105469,52.55025484187189,51.95478792648759,52.02922058105469,24642535.0
2019-01-30,52.02921649068885,52.47581806182862,51.95478384197341,52.1036491394043,25665168.0
2019-02-11,53.07129478153663,53.07129478153663,52.02922058105469,52.02922058105469,37551372.0
2019-02-12,52.47582777341207,53.59233474731445,52.25252410709234,53.59233474731445,39354433.0
2019-02-13,53.74120007229552,54.18780740493498,53.294598418504194,53.59233474731445,31353987.0
2019-02-14,53.59232683812573,53.74119214113716,53.14572525024414,53.14572525024414,15001817.0
2019-02-15,53.22016480902313,53.22016480902313,52.326961517333984,52.326961517333984,24217212.0
2019-02-18,52.69912282800758,53.36902235980018,52.69912282800758,52.84798812866211,24104159.0
2019-02-19,53.14573309352313,53.81563841363419,53.14573309352313,53.59233474731445,26849801.0
2019-02-20,54.03893304193906,54.93214197284622,53.890067726211754,54.48553466796875,46550905.0
2019-02-21,54.78326936016384,54.9321403503418,54.336667747325215,54.9321403503418,29935136.0
2019-02-22,54.708831787109375,54.708831787109375,54.33666286338754,54.708831787109375,24033042.0
2019-02-25,54.708835883307685,54.708835883307685,54.11336328922927,54.634403228759766,23324206.0
2019-02-26,54.78326441682404,54.9321353935687,54.18779754638672,54.18779754638672,19709421.0
2019-02-27,54.26223616646657,54.33666882360608,53.81563454478182,54.113365173339844,24412855.0
2019-03-04,53.815630193982834,53.89006284510473,53.22015762731315,53.74119186401367,35967079.0
2019-03-05,53.29458731039887,53.592323577152435,53.0712893694689,53.51789093017578,15266318.0
2019-03-06,53.81563130722558,53.96449661254883,53.59232767039332,53.96449661254883,12965399.0
2019-03-07,53.890062559855636,53.96449521058354,53.22015734560998,53.29458999633789,18481684.0
2019-03-08,53.220155927780816,53.220155927780816,52.55025073138199,52.62468338012695,26489333.0
2019-03-11,52.62469187265137,52.69913021225621,52.326961229624025,52.40139389038086,16883254.0
2019-03-12,52.847991379641044,53.14572767811276,52.69912606982897,52.996856689453125,17317165.0
2019-03-13,52.699121707719,52.92241965395389,52.55025073138199,52.62468338012695,15570731.0
2019-03-14,52.84799547043588,53.07129913128678,52.62469180958498,52.922428131103516,15826574.0
2019-03-15,52.84798728246905,52.92241993160451,52.55025100708008,52.55025100708008,39278305.0
2019-03-18,52.9224294272034,53.59233474731445,52.84799676471287,53.59233474731445,19365627.0
2019-03-19,53.592324428433855,54.03892599623473,53.369020805109905,53.81562805175781,15694654.0
2019-03-20,53.74119325455889,53.96449689254978,53.59232794846323,53.89006423950195,13949626.0
2019-03-21,54.03892981465658,54.41109876059616,53.96449716123816,54.336666107177734,18642534.0
2019-03-22,54.63440239969888,54.708835053117305,53.89006450781973,54.336666107177734,15792364.0
2019-03-25,53.592329286396556,53.592329286396556,52.922424034547085,52.996856689453125,20943727.0
2019-03-26,53.44346618652344,53.517898844507336,53.220162533723936,53.44346618652344,6931426.0
2019-03-27,53.592323577152435,53.592323577152435,53.44345828319913,53.51789093017578,8550359.0
2019-03-28,53.59233150249124,53.59233150249124,53.220162533723936,53.44346618652344,7024350.0
2019-03-29,53.51789236696893,54.708831787109375,53.29458874119699,54.708831787109375,37626532.0
2019-04-01,57.3140193046336,60.14250564575196,57.0907156591804,60.14250564575195,168930589.0
2019-04-02,60.88683265260642,62.22663724879385,60.51466376274659,61.03569793701172,100156317.0
2019-04-03,61.259013312921596,61.55674393893887,60.068068093461775,60.96127700805664,42366852.0
2019-04-08,61.40787152118365,61.85447308738649,61.03570260287344,61.333438873291016,50206746.0
2019-04-09,61.63118252500144,61.70561518180855,61.0357099128492,61.40787887573242,28246484.0
2019-04-10,61.70560809271094,62.077777012837245,61.33343917258463,61.7800407409668,34543224.0
2019-04-11,62.22664400471611,63.045414515532,62.003346053864796,62.37551498413086,44939031.0
2019-04-12,63.71531819452321,64.53408868566177,63.71531819452321,64.38522338867188,58914750.0
2019-04-15,65.35286127811125,66.84153688190561,64.90625405389554,66.46936798095703,72325290.0
2019-04-16,68.03248431354888,68.03248431354888,66.61824118611878,66.91597747802734,80576870.0
2019-04-17,67.73475047808377,69.0001226660254,67.06484521670683,68.3302230834961,91422037.0
2019-04-18,69.96777063840793,72.34964992051658,67.3625876891055,68.18135833740234,156478595.0
2019-04-19,68.92568636578066,69.14899000071554,65.94833485383465,66.17163848876953,84815908.0
2019-04-22,66.09720499497197,66.76710453355058,65.27842879653632,65.35286712646484,42019217.0
2019-04-23,65.65059829053057,65.8739019245255,64.60852980881366,65.72503662109375,66167792.0
2019-04-24,66.2460610507827,66.32049369147497,64.08748039762835,64.68295288085938,52576993.0
2019-04-25,64.01306314026922,64.90626640091989,63.86419782311006,64.60853576660156,32202088.0
2019-04-26,65.05513763427734,65.35287394852979,64.38523234692131,65.05513763427734,31089333.0
2019-04-29,65.1295634943738,66.09720499497197,65.05513084329255,65.35286712646484,33405276.0
2019-04-30,65.50172328616716,65.50172328616716,64.08748039762835,64.68295288085938,34255579.0
2019-05-02,64.38521663924386,64.98068912247489,64.23635135785935,64.68295288085938,24879608.0
2019-05-03,64.980697091422,65.72503494731986,64.53408983480556,65.65059661865234,25168371.0
2019-05-06,63.78974553429156,64.16191442464063,63.119846074740515,63.194278717041016,48477706.0
2019-05-07,63.49203500745702,64.98071103877983,63.49203500745702,64.45967102050781,31286229.0
2019-05-08,63.86419649336084,64.23636545735748,63.492027529364215,63.938629150390625,24225963.0
2019-05-09,63.64089538589077,64.01306436475564,62.74769210815429,62.7476921081543,37217280.0
2019-05-10,63.268720319876735,63.715321915776975,61.854477200486485,62.30107879638672,26540533.0
2019-05-13,62.15221065473174,62.15221065473174,60.36579867379637,60.44023132324219,36817422.0
2019-05-14,58.87712127667397,59.91919537549546,58.65382333475671,59.32372283935547,58728717.0
2019-05-15,58.132794290947906,58.3560979533708,57.686192644950154,57.90949630737305,68954827.0
2019-05-16,58.13278797078219,58.28165895582829,56.495246887207024,56.49524688720703,61070947.0
2019-05-17,57.01627858337896,57.38844751104965,55.527602872696235,55.60203552246094,50083428.0
2019-05-20,56.04864390361899,56.64411079253458,55.6020366383732,55.825340270996094,31140335.0
2019-05-21,56.04864390361899,56.12307655487753,55.52760398711466,55.825340270996094,36661660.0
2019-05-22,55.899775658045485,56.04864664669573,55.08100509643555,55.08100509643555,30618177.0
2019-05-23,54.11336467310077,54.18780300839987,53.22016143798828,53.22016143798828,62459307.0
2019-05-24,53.22015790174986,53.74119214113716,52.922421616879696,53.14572525024414,40844359.0
2019-05-27,53.294590553255574,53.51789418662001,52.922421616879696,53.14572525024414,25409320.0
2019-05-28,53.07129502320672,53.592329286396556,52.996856689453125,52.996856689453125,136700059.0
2019-05-29,52.252516126186734,53.815630193982834,52.17808347506484,53.74119186401367,43871336.0
2019-05-30,53.74119433764214,54.857701192403525,53.369025386055014,54.634403228759766,44666687.0
2019-05-31,54.33666369990939,55.75090676759427,54.18779839966769,55.006568908691406,52374507.0
2019-06-03,54.559970574211846,54.857701192403525,53.74119433764214,54.634403228759766,30691063.0
2019-06-04,54.41110209800974,54.634405750809236,53.44346618652344,53.44346618652344,39322197.0
2019-06-05,53.96449492011272,54.187798549941725,52.84798812866211,52.84798812866211,48066800.0
2019-06-06,52.84799547043588,53.59233343480822,52.84799547043588,52.922428131103516,38757260.0
2019-06-10,53.59232683945923,53.81563047282923,52.996854269704095,53.6667594909668,35654410.0
2019-06-11,53.66676060151106,54.18780053054068,53.5178952954154,53.89006423950195,27727014.0
2019-06-12,53.96450465455197,55.0065789836509,53.592335656934374,54.85770797729492,40554559.0
2019-06-13,54.78326823883194,55.37874082966008,54.48553194341786,55.2298698425293,42030922.0
2019-06-14,55.22986742835566,56.19750892644257,55.22986742835566,55.89977264404297,40758143.0
2019-06-17,56.271943793584214,56.94184903565554,55.974207499458345,56.86741638183594,33117649.0
2019-06-18,57.46288273519329,57.68618637333873,55.89977430471747,56.49524688720703,36656969.0
2019-06-19,57.611753981326224,57.611753981326224,56.867416089264765,57.46288299560547,49543345.0
2019-06-20,57.537325668723085,57.90949464283165,57.165156694614524,57.83505630493164,26823796.0
2019-06-21,58.20721814543534,58.65382540270981,57.01627871001349,57.1651496887207,58532183.0
2019-06-24,56.867416367108866,57.46288327635891,56.048645817610385,57.388450622558594,28060800.0
2019-06-25,57.314017983601,57.61175427772686,56.644112741529675,56.86741638183594,21534885.0
2019-06-26,56.64411682626424,57.09071846023475,56.64411682626424,56.79298782348633,17510518.0
2019-06-27,57.165153760852995,57.9839243261023,57.09071542677322,57.61175537109375,30881055.0
2019-06-28,57.76062068155814,58.207222291798885,57.61175537109374,57.61175537109375,21112390.0
2019-07-01,58.579389605193086,59.32372749435105,58.50495695204677,59.10042953491211,37776031.0
2019-07-02,58.80269213463422,59.1748610721952,58.57938850055871,58.87712478637695,21546017.0
2019-07-03,58.356092995648545,58.65382929396846,57.686187744140625,57.686187744140625,30692214.0
2019-07-04,58.05835996093593,58.35609627599236,57.68619098682736,57.83505630493164,14276447.0
2019-07-05,57.98392022028108,58.28165649897483,57.98392022028108,58.207218170166016,10943297.0
2019-07-08,58.3560908219097,58.802692413330085,58.28165816981419,58.80269241333008,19426333.0
2019-07-09,58.87712422105655,58.87712422105655,57.90948839999734,57.98392105102539,20888735.0
2019-07-10,58.57938793809708,58.57938793809708,57.83505007012203,57.98392105102539,20106457.0
2019-07-11,58.13278552020437,58.579387098821414,57.909487570319435,58.207218170166016,20457120.0
2019-07-12,58.05834874533326,58.20721403468002,57.68617984311959,57.76061248779297,26468868.0
2019-07-15,57.3884517021162,58.20722226701691,56.644113792416,58.132789611816406,32661975.0
2019-07-16,58.35609938711241,60.14251169384151,58.35609938711241,59.54703903198242,59184035.0
2019-07-17,59.69590058019952,59.84477157566716,59.0260009765625,59.0260009765625,31541667.0
2019-07-18,58.9515577175211,59.32372665684597,58.802692413330085,58.80269241333008,20198449.0
2019-07-19,59.249298951492236,59.84477157566716,59.0260009765625,59.0260009765625,24476592.0
2019-07-22,59.17485895795531,60.14250043258022,59.10042630887196,59.993629455566406,38577555.0
2019-07-23,60.36580715329864,60.5891108118504,59.770340195240514,60.216941833496094,38227545.0
2019-07-24,60.440225375321575,60.66352898053087,60.14249480683795,60.51466369628906,73095922.0
2019-07-25,61.06267130344907,62.08038488092303,60.90610274047208,61.53238296508789,62909028.0
2019-07-26,61.375816345214844,61.767243737757404,61.1409575206061,61.375816345214844,22089564.0
2019-07-29,61.297532061247935,61.61066919711557,61.06267323663919,61.375816345214844,18209593.0
2019-07-30,61.61066571540079,61.68895596765141,60.749526695013074,60.90610122680664,27716754.0
2019-07-31,61.21923986642607,61.610667246576384,60.827812486275754,61.53238296508789,23732224.0
2019-08-01,60.90609835354467,61.375809981351225,60.74952382913756,60.98438262939453,31383363.0
2019-08-02,59.88838448429739,59.966668759670036,59.10552978515625,59.10552978515625,51771742.0
2019-08-05,58.63581879521857,58.63581879521857,56.83525057861147,56.991825103759766,49484279.0
2019-08-06,55.58268670834627,57.618107843969526,55.34782789655187,57.38325500488281,40168974.0
2019-08-07,57.6181100876582,57.852968908598164,56.99182985299818,57.07011413574219,26458601.0
2019-08-08,56.9918241163257,57.69638856280983,56.91353386875429,57.22667694091797,18743614.0
2019-08-12,57.304968477394496,58.166113528144635,56.991831338257796,57.69639587402344,17609546.0
2019-08-13,57.77468462585415,57.77468462585415,57.07011413574219,57.07011413574219,18041979.0
2019-08-14,57.93124864502056,58.1661074475293,56.83525085449219,56.83525085449219,34110030.0
2019-08-15,55.97411059212521,56.28725366410514,55.8175420424889,56.05239486694336,29341797.0
2019-08-16,55.89583169864111,56.91353931467084,55.73925716122338,56.365543365478516,33475801.0
2019-08-19,56.75696851388987,57.148395882951185,56.52210970337003,56.67868423461914,19816447.0
2019-08-20,56.75696851388987,57.07011160368045,56.67868423461915,56.67868423461914,18777661.0
2019-08-21,57.14839047801738,57.77467659836616,56.83524741784299,57.539817810058594,27098920.0
2019-08-22,57.93124676796038,58.16610556285934,57.383250876805825,57.852962493896484,23080538.0
2019-08-23,57.53982356427395,57.85296665576392,57.304964752479556,57.38325500488281,16397789.0
2019-08-26,56.20897480076868,56.44382764783344,56.05240026335095,56.365543365478516,29641247.0
2019-08-27,56.75696496649512,56.83524924087297,56.3655376218986,56.5221061706543,37138289.0
2019-08-28,56.600399955348415,56.75696851388987,56.36554114482857,56.67868423461914,14696633.0
2019-08-29,56.67868168494919,56.67868168494919,56.20897005774696,56.287254333496094,20188936.0
2019-08-30,56.991826310053185,58.08781814575195,56.83525178159082,58.08781814575195,39791593.0
2019-09-02,58.24439078524301,58.24439078524301,57.77467916050463,57.93124771118164,18506890.0
2019-09-03,58.08781463895898,58.166104884817514,57.61810302734375,57.61810302734375,14880467.0
2019-09-04,57.85296410007768,58.32267573020901,57.69638957489561,58.166107177734375,22256326.0
2019-09-05,58.5575342056438,58.94896155735878,58.24439112973034,58.63581848144531,26853451.0
2019-09-06,59.105531056722,59.41867413765673,58.71410369873047,58.71410369873047,29147446.0
2019-09-10,58.55753481014938,58.55753481014938,57.774680098637795,58.0095329284668,24330390.0
2019-09-11,58.322669982910156,58.948956076507365,58.0878112046345,58.322669982910156,35738526.0
2019-09-12,58.71410118906122,59.49695587158203,58.400958121511444,59.49695587158203,61561226.0
2019-09-16,59.731814665421176,59.810098939131805,58.71410118906122,59.49695587158203,40895700.0
2019-09-17,58.635821642362465,59.1055332952,58.32267854956821,58.400962829589844,43926799.0
2019-09-18,58.4792413974471,58.63581591490412,58.0095297904903,58.244388580322266,33122317.0
2019-09-19,58.40095674600785,58.55753126244859,57.539817810058594,57.539817810058594,31821479.0
2019-09-20,57.77467413054273,58.322669982910156,57.77467413054273,58.322669982910156,33275500.0
2019-09-23,58.32267567983832,58.479244232177734,58.08781687862177,58.479244232177734,10657229.0
2019-09-24,58.47924395713489,58.94896155735878,58.322675405531854,58.63581848144531,19777743.0
2019-09-25,58.47924682650709,58.55753707885742,58.00953517594348,58.55753707885742,18380995.0
2019-09-26,58.71410240998139,58.71410240998139,57.93124771118164,57.93124771118164,21861993.0
2019-09-27,58.009536450581095,58.16611098601448,57.30496597290039,57.30496597290039,25514894.0
2019-10-01,56.52210777538302,57.14839393360136,56.52210777538302,56.83525085449219,45392934.0
2019-10-02,56.52210495723233,56.75696374803118,56.52210495723233,56.60039520263672,25487396.0
2019-10-03,56.20897480076868,56.52211193018836,55.974115980996025,56.365543365478516,27606086.0
2019-10-04,56.522108709598115,56.913536071777344,56.36554015380944,56.913536071777344,18814662.0
2019-10-07,57.4615364074707,57.931248034833274,57.30496188321158,57.4615364074707,25366095.0
2019-10-08,57.85296343584314,58.08781626185865,57.539820361781764,57.93124771118164,28493260.0
2019-10-09,57.53982580491419,57.77468462585415,57.07011413574219,57.07011413574219,18869984.0
2019-10-14,58.16610144586427,58.322669982910156,57.77467413054273,58.322669982910156,48248401.0
2019-10-15,58.71410303339428,59.02724611078053,58.32267567983832,58.479244232177734,39808855.0
2019-10-16,59.02724677966519,59.02724677966519,58.47924489485255,58.71410369873047,35414100.0
2019-10-17,58.948963096513715,60.67124109994527,58.71410429026962,60.43638229370117,81667038.0
2019-10-18,60.74952253381758,61.2192341516088,60.2015266418457,60.2015266418457,79307262.0
2019-10-21,60.43637629513568,60.74951934814453,59.81009616182495,60.74951934814453,32380971.0
2019-10-22,61.454091437957565,62.47180489543972,61.375807165699044,62.23694610595703,84067950.0
2019-10-23,62.62837096030668,63.332941328151506,61.92380059246185,63.019798278808594,89180610.0
2019-10-24,63.332941328151506,63.567794135628525,62.784939498624695,63.019798278808594,40227260.0
2019-10-25,63.176373803438004,63.176373803438004,62.31523480204677,62.78494644165039,35236261.0
2019-10-28,63.01980430364534,63.25466310628227,62.628376947722074,62.706661224365234,24589303.0
2019-10-29,62.70666347318607,63.72437702416734,62.70666347318607,63.25466537475586,43338927.0
2019-10-30,63.33294833177758,63.33294833177758,62.39351907986278,62.78494644165039,31199154.0
2019-10-31,63.411226550142025,63.724369604190294,63.09808349609375,63.09808349609375,39460853.0
2019-11-01,63.72437815283522,66.3860855102539,63.332950775941526,66.3860855102539,124277985.0
2019-11-04,67.40379231186647,69.75235654553921,67.40379231186647,69.674072265625,155824158.0
2019-11-05,70.45692443847656,70.77006751941128,69.7523539995503,70.45692443847656,114554576.0
2019-11-06,70.84835722006136,71.16150032496786,69.59579077314329,70.77007293701172,102692823.0
2019-11-07,70.77006311531032,71.23977472112799,70.30035150949267,71.08320617675781,91907245.0
2019-11-08,71.39634421371733,72.72720074936753,71.16149139404297,71.16149139404297,107939604.0
2019-11-11,71.23977554825098,71.47463434024017,67.87349805084415,68.81292724609375,112360283.0
2019-11-12,69.75234403941782,71.2397689819336,69.43920100319767,71.2397689819336,87919854.0
2019-11-13,70.45691994612983,70.92663155122928,69.8306338241925,70.22206115722656,52397137.0
2019-11-14,71.55291380337556,71.55291380337556,69.90892028808594,69.90892028808594,89212854.0
2019-11-15,71.0049136168707,71.08320385921039,70.30034921746889,70.53520202636719,43361570.0
2019-11-18,70.53521504526114,71.00492672246072,70.37864647709728,70.84835815429688,35921688.0
2019-11-19,70.84834252231393,72.64891052246094,70.69177398869536,72.64891052246094,108575561.0
2019-11-20,72.64891394680173,72.64891394680173,71.39634172798581,71.94434356689453,44527871.0
2019-11-21,71.3963489622683,72.4140625,71.00492159740345,72.4140625,52752786.0
2019-11-22,72.80549151121359,72.80549151121359,71.4746408296616,71.55292510986328,30090529.0
2019-11-25,71.709500850366,71.709500850366,69.67407949778148,70.14379119873047,56144076.0
2019-11-26,70.77005890212644,70.77005890212644,69.98720428146731,70.37863159179688,71764119.0
2019-11-27,70.14378102986157,71.08321026827716,70.14378102986157,70.9266357421875,19965877.0
2019-11-28,70.92663417631591,71.0049184512787,70.22206375623612,70.30035400390625,19363801.0
2019-11-29,70.45692831782972,70.84835569737322,69.04778736239,69.28264617919922,37571546.0
2019-12-02,69.36092376708984,69.90892562919208,67.95178892034245,69.36092376708984,31236074.0
2019-12-03,69.12607381038833,70.69178324235448,68.73464645239679,70.45692443847656,33514279.0
2019-12-04,70.45692571714604,70.45692571714604,69.43921217881534,70.06549835205078,23893634.0
2019-12-05,70.45691585932143,71.00491170470012,70.14377281651643,70.37863159179688,19851813.0
2019-12-06,70.9266424383788,71.16150126333261,70.2220719362254,70.84835815429688,20657992.0
2019-12-09,71.08320045017683,71.78776481578889,70.6917731480783,71.2397689819336,39013354.0
2019-12-10,70.84835628375669,71.08321510250974,70.53521318298857,70.69178771972656,14099519.0
2019-12-11,70.84835371376016,71.47463989257812,70.77006943458484,71.47463989257812,32362218.0
2019-12-12,72.02262358613066,72.17919211788742,71.2397689819336,71.2397689819336,32664180.0
2019-12-13,72.02262358613066,72.02262358613066,71.16148471605521,71.2397689819336,33488249.0
2019-12-16,71.63121126218589,72.33578174783094,71.31806816048721,71.7094955444336,457107.0
2019-12-17,71.86607008163686,71.94435436388457,71.31806816048721,71.7094955444336,30639698.0
2019-12-18,71.70949868131557,72.64892802750627,71.31807128024649,72.33578491210938,58840462.0
2019-12-19,72.02263828443543,72.17920684814453,71.4746423387457,72.17920684814453,28904382.0
2019-12-20,72.41405960089807,72.4923438761954,71.31806182861328,71.31806182861328,39053336.0
2019-12-23,71.47464176469681,71.78777888960006,71.00492413192632,71.63121032714844,16995564.0
2019-12-24,71.6312030060989,71.6312030060989,71.08320712081817,71.16149139404297,11775451.0
2019-12-25,71.31805324781197,71.47462775227537,71.08320045017683,71.2397689819336,11310473.0
2019-12-26,71.23977472112799,71.47463351039038,71.0049159318656,71.08320617675781,10097183.0
2019-12-27,71.55292604592263,71.9443534247595,71.31806722953738,71.63121032714844,19597995.0
2019-12-30,71.70948727932368,71.86606179848046,71.16149139404297,71.16149139404297,15811376.0
2019-12-31,71.0049159318656,71.55291778257548,71.0049159318656,71.08320617675781,14491239.0
2020-01-02,71.23977472112799,71.63120205476056,70.69177884312523,71.08320617675781,20758722.0
2020-01-03,71.55292697993819,72.17920721062765,71.08321531374413,71.7094955444336,37936877.0
2020-01-06,71.31806983149646,71.31806983149646,70.53521504526114,70.84835815429688,26352522.0
2020-01-07,70.84834758528802,71.23977492001337,69.12606970157935,69.75234985351562,42728140.0
2020-01-08,68.81293202159964,68.96950057865325,67.71693420410156,67.71693420410156,56101121.0
2020-01-09,68.34321238987899,68.65634946738722,68.1083536090409,68.18663787841797,28192381.0
2020-01-10,68.89121752106742,69.674072265625,68.49979014878862,69.674072265625,32264863.0
2020-01-13,70.22207548677058,70.22207548677058,69.3609363729127,70.14379119873047,23369554.0
2020-01-14,70.45692443847656,70.53520871553337,70.14378135754183,70.45692443847656,18618838.0
2020-01-15,70.45691585932143,70.69177463460187,70.06548854899187,70.37863159179688,23798041.0
2020-01-16,70.30035588436294,70.61349299259018,69.9872128034282,70.45692443847656,19281565.0
2020-01-17,71.23977855414465,72.33577634182683,71.23977855414465,72.25749206542969,77634511.0
2020-01-20,72.57062917101823,73.11863105121303,72.10091753992799,72.25749206542969,35277412.0
2020-01-30,66.9340739507769,67.48206982795773,65.05522155761719,65.05522155761719,153608274.0
2020-01-31,64.97693061743996,66.4643555249106,64.66378758859774,65.13349914550781,69486948.0
2020-02-03,62.23694927974614,64.42894485100885,60.51467131140218,64.35065460205078,66666856.0
2020-02-04,71.63120577480217,71.78777432730347,64.35065460205078,64.35065460205078,45872853.0
2020-02-05,64.35065460205078,64.74208195601145,63.88094297183947,64.35065460205078,47188064.0
2020-02-06,64.5855162512951,65.4466552734375,64.4289476918902,65.4466552734375,43379109.0
2020-02-07,65.44665467808127,65.44665467808127,64.74208422175313,64.8986587524414,26495116.0
2020-02-10,61.845512762302306,64.74207236335283,61.76722849765083,64.19407653808594,42505477.0
2020-02-11,64.66379994276282,65.29008612010064,64.27237257510359,64.8986587524414,28310130.0
2020-02-12,64.97694512975146,67.01236631276838,64.97694512975146,66.93408203125,56443491.0
2020-02-13,67.16892990875118,67.56035722529936,66.30778503417969,66.30778503417969,36012520.0
2020-02-14,66.30778096810795,66.77749849732761,65.99464391223682,66.46435546875,21292704.0
2020-02-17,65.91635609642707,65.91635609642707,65.60321902905557,65.68150329589844,16771107.0
2020-02-18,65.75979647629926,65.99465528136905,64.97694175634331,65.29008483886719,22611466.0
2020-02-19,64.97693956409029,66.22950587921802,64.58551221731865,65.60322570800781,25476407.0
2020-02-20,65.7597968148569,65.83808109271403,64.58551472887731,64.82037353515625,35212272.0
2020-02-21,64.27236776616691,64.3506520392999,63.88094042779475,63.959224700927734,29778377.0
2020-02-24,63.09809587178116,63.724382102713776,62.78495275631485,63.1763801574707,32852370.0
2020-02-25,62.78494028292575,64.74207689988363,62.55008747251499,64.42893981933594,47213818.0
2020-02-26,63.56780530953109,64.35066008414456,63.176377922224354,63.48952102661133,43075406.0
2020-02-27,63.254662827833,63.802658734630285,62.62837667202973,62.86323547363281,53384898.0
2020-03-02,61.21924327954938,62.863243146004,61.140958993696344,62.002098083496094,53792166.0
2020-03-03,63.48952009109241,64.19409057240428,63.09809270955336,63.41123580932617,34822180.0
2020-03-04,63.802656154661754,64.11579921990092,63.48951308942259,63.959224700927734,29037913.0
2020-03-05,65.21180596694649,65.44665881877616,64.66380403392786,64.7420883178711,36950021.0
2020-03-06,63.88094558306861,63.959229862519244,63.176375122597555,63.25466537475586,38712605.0
2020-03-09,62.002093331366645,62.706663795458745,61.92380905151368,61.92380905151367,45009955.0
2020-03-10,61.454094275100395,62.471807779567186,61.454094275100395,62.15866470336914,37383665.0
2020-03-11,62.08038488092303,62.70666510553883,61.53238296508789,61.53238296508789,30546137.0
2020-03-12,60.59295552500438,60.67123980117409,58.32267567983832,58.479244232177734,85760356.0
2020-03-13,54.79983219422516,58.7141059223841,54.721547914203526,58.400962829589844,108780196.0
2020-03-16,57.85296832622932,58.166111426761084,55.660972595214844,55.660972595214844,65223917.0
2020-03-17,54.878111541760425,56.99182274860891,54.79982726877504,55.26953887939453,69146874.0
2020-03-18,55.34782731520161,55.817544933856695,54.79983139038086,54.79983139038086,75494240.0
2020-03-19,53.7821172856171,54.25183489937005,51.43355310768259,51.90327072143555,107246149.0
2020-03-20,53.23411765948289,55.89582473699846,53.23411765948289,55.42611312866211,102757524.0
2020-03-23,52.84269714355469,53.547267633343665,52.45126975730613,52.84269714355469,61288202.0
2020-03-24,55.26953950382517,55.347823777695005,54.095257477655906,54.330116271972656,41628933.0
2020-03-25,55.73925371932107,56.83525152273569,55.66096944180021,55.89582824707031,53652986.0
2020-03-26,55.974110912269275,56.13067946280107,55.191256214195576,55.58268356323242,38685860.0
2020-03-27,55.89582239766318,56.522102524998395,54.79982470894294,54.878108978271484,59785740.0
2020-03-30,54.40840402330671,55.0346901997084,54.01697665623256,54.79983139038086,33595577.0
2020-03-31,54.87811472815734,55.19125781098814,54.7215461730957,54.7215461730957,38298560.0
2020-04-01,55.19125875745501,55.19125875745501,54.79983139038086,54.79983139038086,24517865.0
2020-04-06,54.79982945802822,55.034688259074166,54.33011782864374,54.956398010253906,48957455.0
2020-04-07,55.8958323517472,56.28725974080326,55.426120679421516,55.7392578125,46626787.0
2020-04-08,55.97411219278971,58.94896250260838,55.8958279157329,58.71410369873047,90172291.0
2020-04-09,59.10552975938127,59.41867283344264,57.69638891245877,57.93124771118164,55267837.0
2020-04-10,57.539819424933626,57.852962493896484,57.46153515086973,57.852962493896484,19079314.0
2020-04-13,57.77467881038124,57.85296308524533,57.226676940917976,57.22667694091797,25076651.0
2020-04-14,57.53981818353349,58.32267285269721,57.304959393701516,58.244388580322266,36772932.0
2020-04-15,58.32267600761292,58.870671916588044,58.0095329284668,58.0095329284668,42208905.0
2020-04-16,57.93124771118164,58.71410240998139,57.77467916050463,57.93124771118164,42182293.0
2020-04-17,59.10553045024095,59.88838515819116,58.94896189773388,59.340389251708984,70153153.0
2020-04-20,59.575249649347526,59.96667705305245,59.02725367324391,59.653533935546875,32197766.0
2020-04-21,58.87066834991589,59.10552713822346,57.539817810058594,57.539817810058594,50476839.0
2020-04-22,56.835249012944004,57.852962493896484,56.75696473888011,57.852962493896484,27664535.0
2020-04-23,58.08781626185865,58.8706709606584,57.61810463712027,57.93124771118164,26918129.0
2020-04-24,57.93125347225309,58.08782203850033,57.69639465017429,57.77468490600586,18097847.0
2020-04-27,58.08781660541991,58.870671308849865,58.08781660541991,58.63581848144531,28422746.0
2020-04-28,58.79238604411879,59.02724484028025,58.55753322066464,58.870670318603516,21837772.0
2020-04-29,58.87067192325979,59.65352663486009,58.79238764664125,59.183815002441406,31292555.0
2020-04-30,59.65352948553643,60.279815673828125,59.49696092481737,60.279815673828125,49682112.0
2020-05-04,57.93124266758861,58.7140972982317,57.85295839906567,58.322669982910156,50274654.0
2020-05-05,58.47924456083226,58.714103363368714,57.931248651857125,58.0095329284668,30499283.0
2020-05-06,58.00953265255231,58.87067163657767,58.00953265255231,58.166107177734375,26782236.0
2020-05-07,58.322674424503184,59.340387910926424,58.322674424503184,58.870670318603516,31856315.0
2020-05-08,60.12325159815933,60.12325159815933,59.418681076948836,59.653533935546875,38394983.0
2020-05-11,60.20152174057779,62.00208379097041,60.20152174057779,61.76723098754883,58601957.0
2020-05-12,61.2975298978362,61.37581417904017,60.27981632406113,60.51467514038086,45434634.0
2020-05-13,60.827804680964505,61.68894958496094,60.827804680964505,61.68894958496094,42897241.0
2020-05-14,61.06266591738595,61.76723633405109,61.06266591738595,61.219234466552734,41840911.0
2020-05-15,61.21923606472865,61.53237914394437,59.8101011673191,60.358097076416016,46922082.0
2020-05-18,59.96667004976189,59.96667004976189,58.63581942167366,58.71410369873047,57099171.0
2020-05-19,59.027248729421025,59.496960379984635,58.400962546864434,58.55753707885742,48852505.0
2020-05-20,58.63581302970876,58.948956076507365,58.322669982910156,58.322669982910156,30828720.0
2020-05-21,58.32267567983832,58.71410303339428,58.166107127498904,58.479244232177734,24213322.0
2020-05-22,58.08781463895898,58.244389157968854,57.53981875419241,57.61810302734375,46433168.0
2020-05-25,57.53981875419241,57.61810302734375,56.83524835041596,57.61810302734375,26982259.0
2020-05-26,57.696392084665185,58.94896444977837,57.618107805022525,58.55753707885742,28310825.0
2020-05-27,58.55753201352416,59.10552789632778,58.55753201352416,58.94895935058594,22380029.0
2020-05-28,59.26209644206962,59.418670960518625,58.55753201352416,58.94895935058594,26184820.0
2020-05-29,58.166107189783666,59.340389251708984,58.166107189783666,59.340389251708984,44636709.0
2020-06-01,59.49696536314818,60.12325159815933,59.418681076948836,59.653533935546875,25890941.0
2020-06-02,59.88838544394616,60.671240155631736,59.8101011673191,60.358097076416016,41692048.0
2020-06-03,61.062668785704176,61.37581187145443,60.74952569995392,61.140953063964844,42871656.0
2020-06-04,61.45410062918175,61.61066919711557,60.74953012806354,61.375816345214844,43657351.0
2020-06-05,61.14095844916857,61.4541015625,60.90610559370108,61.4541015625,33935695.0
2020-06-08,61.92380113406095,62.471802968380715,61.68894832452986,62.39351272583008,53575560.0
2020-06-09,62.08037756143998,62.7849419844738,61.76723449969877,62.23694610595703,38143498.0
2020-06-10,62.315239594969896,62.55009841918945,61.92381220307598,62.55009841918945,25863059.0
2020-06-11,62.55009654256184,62.86323964122365,61.14095558493757,61.53238296508789,41363010.0
2020-06-12,60.51466059318568,61.0626564025879,59.966658811077096,61.06265640258789,30382486.0
2020-06-15,60.82781160905256,60.98438614247936,60.279815673828125,60.279815673828125,26332046.0
2020-06-16,60.906104668705375,61.45410062918175,60.82781441203045,61.375816345214844,22339775.0
2020-06-17,61.76723633405109,61.84552060863449,60.98438164280255,61.219234466552734,18039312.0
2020-06-18,61.37581727734417,61.61067013281166,60.827815335837144,61.4541015625,17726756.0
2020-06-19,61.53237506936747,61.76723385640415,61.140947739444385,61.68894958496094,35336232.0
2020-06-22,61.61065647922765,61.76723098754883,61.21922916748489,61.76723098754883,16769227.0
2020-06-23,62.31523480204677,63.176373803438004,62.08038196859872,62.78494644165039,45708143.0
2020-06-24,63.489524916809856,65.36837768554688,63.41124062909338,65.36837768554688,88391479.0
2020-06-29,65.44665241141317,67.16893635308907,65.2900838588551,66.69921875,96673392.0
2020-06-30,67.32550496777002,67.63864804588252,67.09064616600877,67.56036376953125,57741437.0
2020-07-01,67.716934546635,68.57807356020098,66.93407981199182,67.24722290039062,44576514.0
2020-07-02,67.16893194599596,67.32550048828125,66.22950277416317,67.32550048828125,34070431.0
2020-07-03,67.40379180398213,67.48207608330648,66.62093706532333,66.77751159667969,42663049.0
2020-07-06,67.0906470993193,67.795217541697,67.01236282187901,67.6386489868164,44150881.0
2020-07-07,68.18664456758415,68.49978764851888,67.01236249360954,68.10836029052734,52059744.0
2020-07-08,68.10836029052734,68.34321909440526,67.79521720959261,68.10836029052734,37038208.0
2020-07-09,68.34321584768934,68.42150012102718,67.16893382950023,67.48207092285156,49514490.0
2020-07-10,67.48207738739004,67.48207738739004,66.3860855102539,66.3860855102539,52271243.0
2020-07-13,66.85579704425638,67.87350463867188,66.85579704425638,67.87350463867188,36625700.0
2020-07-14,67.95179112399504,68.49978703116135,67.56036376953125,67.56036376953125,34124410.0
2020-07-15,67.79522705078125,68.26493875401317,67.71694276236066,67.79522705078125,47807002.0
2020-07-16,68.10835996145937,68.89121467366004,68.03007568478078,68.57807159423828,50530654.0
2020-07-17,69.12607125858696,69.36092408108776,68.5780693940039,68.8912124633789,48813379.0
2020-07-20,68.89121310005669,68.89121310005669,66.54264901710022,67.95178985595703,71647567.0
2020-07-21,67.3255075246578,67.40379180398213,66.62093706532333,66.77751159667969,74962395.0
2020-07-22,66.77751125414625,67.32550717931342,66.62093672359303,67.24722290039062,73724655.0
2020-07-23,66.91797846230077,67.90569515262088,66.75335482741437,67.57645416259766,78361972.0
2020-07-24,67.08259515762329,67.41183614440816,65.84794616699219,65.84794616699219,46595732.0
2020-07-27,65.51870946244945,65.76564178861474,64.20175170898438,64.20175170898438,66336332.0
2020-07-28,64.03713981521095,68.07032210228748,63.62559008961126,64.53099822998047,80001664.0
2020-07-29,64.69561008156504,65.68333310647628,64.20175170898438,64.20175170898438,39362154.0
2020-07-30,64.7779187637035,64.86023372559187,63.79020201854217,64.20175170898438,40501045.0
2020-07-31,64.61330691915032,65.35409768117984,64.53099822998047,64.53099822998047,43374202.0
2020-08-03,64.53098820572681,64.94253786739631,63.460956573486335,63.46095657348633,61172243.0
2020-08-04,63.9548166230909,64.36636629577424,63.79019926591742,64.2840576171875,23051382.0
2020-08-05,64.44868682332863,64.61330419472722,64.11944580078125,64.11944580078125,27876127.0
2020-08-06,65.2717812559818,65.6010159736402,64.61329926116558,65.02484893798828,33250505.0
2020-08-07,65.51870237453102,65.51870237453102,64.44867706298828,64.44867706298828,21862438.0
2020-08-10,65.18946691441512,66.58873959671871,65.10715823422073,66.2594985961914,49798520.0
2020-08-11,66.67104337033366,66.75335204447063,65.51870309316816,65.6833267211914,30816578.0
2020-08-12,66.58874781487299,67.08260623673937,65.76564835184551,67.00029754638672,45677601.0
2020-08-13,67.49414983785377,67.74108216623371,65.18946903880756,65.4364013671875,85508728.0
2020-08-14,65.68334187884466,66.42412639677651,65.51871821283143,66.17720031738281,34369498.0
2020-08-17,66.42412296634016,66.42412296634016,65.84795586442661,66.0125732421875,23393631.0
2020-08-18,66.25949371989951,66.25949371989951,65.27177707075725,65.6833267211914,27191399.0
2020-08-19,66.58873964469501,66.58873964469501,65.27178192138672,65.27178192138672,32048778.0
2020-08-20,65.51870488183381,65.7656371907353,62.226307588477844,63.46095657348633,61942250.0
2020-08-21,64.36637115478516,64.5309948041357,63.790204081433544,64.36637115478516,24487793.0
2020-08-24,64.36637120632969,64.53099485581207,63.87251281738281,63.87251281738281,21801923.0
2020-08-25,64.28405343677069,64.61329440945663,64.03712741706818,64.44867706298828,17655262.0
2020-08-26,64.44868611933549,64.5309948041357,64.11944510038451,64.36637115478516,16266412.0
2020-08-27,64.36637400807213,64.77792373006683,63.790206909179695,63.79020690917969,24154047.0
2020-08-28,63.707898220730826,64.36637400807213,63.460965875633846,63.79020690917969,25083462.0
2020-08-31,64.03713546883004,64.20175283599669,63.29634475708008,63.29634475708008,30580373.0
2020-09-01,63.2963457950474,63.62558681452979,62.884796090631944,63.37865447998047,18151104.0
2020-09-02,63.543275197461476,64.03713989257812,63.378657818922896,64.03713989257812,24934189.0
2020-09-03,64.86022919035193,65.27177885201723,63.87250623450551,63.95481491088867,41374369.0
2020-09-04,63.3786534406634,63.6255857711634,63.049412426580076,63.29634475708008,35776710.0
2020-09-07,63.214037754766494,63.79020483492379,63.214037754766494,63.625587463378906,20795188.0
2020-09-08,63.95482428607742,64.28406531962327,63.625589532281964,63.79020690917969,22118917.0
2020-09-09,63.62558740683529,64.11944580078125,63.04941404743984,64.11944580078125,22505471.0
2020-09-10,64.20175443029707,64.77792150943813,64.20175443029707,64.6133041381836,29117204.0
2020-09-11,64.6133041381836,64.6133041381836,64.20175443029707,64.6133041381836,16102726.0
2020-09-14,64.8602294892654,65.43639650635234,64.6956058559909,65.35408782958984,27029525.0
2020-09-15,65.35408715367453,65.35408715367453,64.94253749436895,65.1071548461914,16938546.0
2020-09-16,65.3540878325342,65.3540878325342,64.6956058589056,64.8602294921875,18122360.0
2020-09-17,64.69560728987084,65.10715696255417,64.20174893860076,64.2840576171875,20754040.0
2020-09-18,64.11944515173131,64.36637120632969,63.790204132516685,63.87251281738281,31389875.0
2020-09-21,63.87250691139563,64.44868021168276,63.62558087962933,63.707889556884766,19006472.0
2020-09-22,63.62557704601488,63.62557704601488,62.96709510814766,63.214027404785156,23201394.0
2020-09-23,63.378661487829476,63.54327887589753,63.04942043194253,63.13172912597656,17803854.0
2020-09-24,62.63786430903206,62.884796645761234,61.73245620727539,61.73245620727539,57338020.0
2020-09-25,62.061696234206764,62.308622287225106,60.99166449854368,61.156288146972656,38124876.0
2020-09-28,61.6501459664135,63.29634475708008,61.56783728283017,63.29634475708008,31682528.0
2020-09-29,63.62558681452979,64.53099490829378,63.37865447998047,63.37865447998047,31662973.0
2020-09-30,64.20174790016691,64.20174790016691,63.62558087962933,63.707889556884766,19229698.0
2020-10-05,64.36636457255398,64.61329688145295,63.790197558122344,63.95481491088867,19075464.0
2020-10-06,64.28406596038599,64.36637464965528,63.87251623428909,64.03713989257812,16976308.0
2020-10-07,63.707889556884766,64.03713054565604,63.46095724536892,63.707889556884766,17236406.0
2020-10-08,64.03713434470745,64.20175170898438,63.79020201854217,64.20175170898438,14942266.0
2020-10-12,64.5309899188825,64.8602309129086,64.2840576034255,64.77791595458984,37807427.0
2020-10-13,65.0248593517761,65.10716804437251,64.284068558907,64.94255065917969,22946661.0
2020-10-14,64.28406039112284,64.86023372559187,64.20175170898438,64.20175170898438,36842974.0
2020-10-15,63.9548166230909,64.6132986112841,63.87250794450416,64.2840576171875,26260704.0
2020-10-16,64.53099268219931,65.76564175285459,64.366369038262,64.69561004638672,48409062.0
2020-10-19,65.84794476506252,67.08259372940744,65.60101246029379,66.91797637939453,85721985.0
2020-10-20,67.08260623673937,67.4941559682531,66.50643912452034,67.00029754638672,45166857.0
2020-10-21,67.08260850132788,67.08260850132788,66.09489162425157,66.17720031738281,29912692.0
2020-10-22,66.50643157958984,66.50643157958984,66.09488189476502,66.50643157958984,23803904.0
2020-10-23,66.83566773563464,67.0002913809416,66.2595006764352,66.42411804199219,18545821.0
2020-10-26,66.75336400161238,66.75336400161238,65.84795586442661,66.0125732421875,14302954.0
2020-10-27,65.76563749023335,65.84794616699219,65.35408782668965,65.84794616699219,16558440.0
2020-10-28,65.35408502806267,65.60101104776518,64.36636211000487,64.44867706298828,32904050.0
2020-10-29,63.87251070068062,64.3663690732613,63.21403496382304,64.20175170898438,30542424.0
2020-10-30,63.872515597628556,64.36637400807213,63.460965875633846,63.79020690917969,25967547.0
2020-11-02,63.79019511761641,64.44867706298828,63.70788644438224,64.44867706298828,17779122.0
2020-11-03,64.61329440945663,64.86022670890839,64.28405343677069,64.44867706298828,14572543.0
2020-11-04,64.5309885053732,65.3540878325342,64.20174751855889,64.8602294921875,18883924.0
2020-11-05,65.02484893798828,65.2717812559818,64.61329926116558,65.02484893798828,14635844.0
2020-11-06,65.51871212750181,65.76564446371138,65.27178607104243,65.60102081298828,20743330.0
2020-11-09,66.4241207607044,67.0826028093837,66.25950338840967,66.8356704711914,40370761.0
2020-11-10,66.75335762263484,66.83566630364983,66.09488189476502,66.50643157958984,21803806.0
2020-11-11,66.50642606017598,67.24721040758259,66.1771850836901,67.16490173339844,36673265.0
2020-11-12,67.2472186977791,67.49415103052252,66.50643425904904,67.4118423461914,40247491.0
2020-11-13,67.41184727790046,67.4941559682531,66.58874781487299,67.00029754638672,32154345.0
2020-11-16,67.49414822657677,68.23493891428184,67.41183954566505,67.98800659179688,50569861.0
2020-11-17,68.39955416176585,68.56417779825033,67.74107845507685,68.31724548339844,38225431.0
2020-11-18,68.23493888656438,68.6464885707056,68.070315245058,68.48186492919922,30867662.0
2020-11-19,68.07031593202754,68.48186562032215,67.90569856860965,68.23493957519531,23168892.0
2020-11-20,68.56418271727408,68.56418271727408,67.57645966675358,67.90570068359375,24772897.0
2020-11-23,68.23493957519531,68.48186562032215,67.90569856860965,68.23493957519531,24562403.0
2020-11-24,68.3995563042962,68.3995563042962,67.49414825439453,67.49414825439453,22681919.0
2020-11-25,67.8233892579269,67.90569793887255,67.08259856991651,67.49414825439453,23261567.0
2020-11-26,67.98800449017912,68.48186284013327,67.9056958118117,68.31724548339844,33348687.0
2020-11-27,68.31724759519355,68.31724759519355,67.90569791088515,67.98800659179688,20952764.0
2020-11-30,68.0703159647872,68.31724828978275,67.49414891279741,67.74108123779297,60143496.0
2020-12-01,67.90569856860965,68.23493957519531,67.65876624373294,68.23493957519531,24728091.0
2020-12-02,68.31724481242667,68.56417712485334,67.82338646732289,68.0703125,34377676.0
2020-12-03,67.74108057698128,67.8233892579269,67.41183957344889,67.49414825439453,30592924.0
2020-12-04,68.31724825690426,68.64648926348993,67.9880072503186,68.23493957519531,47939163.0
2020-12-07,68.56417763592525,72.5150507059545,68.39955399983052,72.35043334960938,163202466.0
2020-12-08,72.76198234497981,73.83200771079228,71.85657433398478,72.10350036621094,118078656.0
2020-12-09,72.84429443016481,73.50277643973855,72.59736210663719,73.25584411621094,67687451.0
2020-12-10,72.76198724396184,73.00891329281325,71.69195552635578,72.1858139038086,54001144.0
2020-12-11,72.84429102238853,72.84429102238853,70.6219253336053,72.10350036621094,61132200.0
2020-12-14,72.67967856101137,73.25584562141464,72.1858139038086,72.1858139038086,47831161.0
2020-12-15,72.67967860161362,72.67967860161362,71.19809718867756,71.69195556640625,38829235.0
2020-12-16,72.43274896090584,72.59736633300781,71.93889056484971,72.59736633300781,46567554.0
2020-12-17,72.67967712779296,72.76198580912033,72.10350379900166,72.26812744140625,28002430.0
2020-12-18,72.51505491536045,72.59736359831092,72.02119653790764,72.1858139038086,27662859.0
2020-12-21,72.51505557090158,72.8442965854298,71.52733880706695,72.43274688720703,28796357.0
2020-12-22,72.43274623240998,74.49049470492163,72.02119653790764,72.1858139038086,93748698.0
2020-12-23,72.84429235392072,73.58508302363934,72.67967499609422,73.09122467041016,56084453.0
2020-12-24,73.6673937723874,73.99663477704078,73.25584408650815,73.74970245361328,41068845.0
2020-12-25,74.81973330464177,75.88975870800533,74.73742462434454,75.5605239868164,113953143.0
2020-12-28,76.05438234834956,76.54824070988272,75.5605239868164,75.5605239868164,67270084.0
2020-12-29,75.56053604287771,75.56053604287771,74.40819549560547,74.40819549560547,45541806.0
2020-12-30,74.9020385725869,75.3958969116211,74.16124792416088,75.3958969116211,40032714.0
2020-12-31,75.31359374004862,75.72514343261719,74.98435273004377,75.72514343261719,32172356.0
2021-01-04,76.87748456082649,82.30993929858296,76.7951758774779,82.22763061523438,232054808.0
2021-01-05,83.13304240886983,86.42544012803299,83.13304240886983,85.60234069824219,232720464.0
2021-01-06,88.4831786382766,89.71782764253162,83.95613228934151,86.42543029785156,220680394.0
2021-01-07,88.8947317533404,88.8947317533404,86.83698333312418,88.0716323852539,113608177.0
2021-01-08,89.71782896253798,90.12937863667807,87.24853091769748,88.89472961425781,114222138.0
2021-01-11,88.89473451126455,89.71783390488736,87.66008542083031,88.48318481445312,70025114.0
2021-01-12,87.66008927271916,88.07163898761456,84.7792412684514,85.60234069824219,105949230.0
2021-01-13,86.42543094258913,88.07162962720987,86.42543094258913,87.66007995605469,78943569.0
2021-01-14,89.7178345384269,96.30262973390776,88.89473513899179,95.47953033447266,316406354.0
2021-01-15,97.12572634478153,97.94882572058475,93.01022946576535,95.06797790527344,170231060.0
2021-01-18,95.06797730295281,95.47952698824699,91.3640301353053,93.83332824707031,94781807.0
2021-01-19,94.65642547607422,95.89107450402302,93.83332612410837,94.65642547607422,86180045.0
2021-01-20,95.89108722803374,97.53728615040342,93.83333857507165,94.24488830566406,132669313.0
2021-01-21,95.89107787303435,96.71417725391876,94.65642880170773,96.30262756347656,86888141.0
2021-01-22,96.71417157836412,100.0065689086914,96.3026219120732,100.0065689086914,220512284.0
2021-01-25,100.4181192289523,102.06431790483677,96.71417220821226,101.24121856689453,140354341.0
2021-01-26,100.82967867616748,102.88742722057906,98.7719301317559,100.41812896728516,128809261.0
2021-01-27,102.06431790483677,102.47586757380789,100.82966889792343,101.24121856689453,88077943.0
2021-01-28,98.77192630043513,99.5950256862721,97.1257275287612,97.53727722167969,123343574.0
2021-01-29,97.94882674281374,98.77192612720712,91.77558135986328,91.77558135986328,180839900.0
2021-02-01,91.36403223898557,94.24488010237701,88.89473407036435,93.0102310180664,125774649.0
2021-02-02,94.65643362937567,97.12573189796808,93.83333420651154,95.89108276367188,83620277.0
2021-02-03,97.12573189796808,97.53728160940015,94.65643362937567,95.89108276367188,56279288.0
2021-02-04,94.24487793236447,95.47952698824699,93.01022887648197,93.83332824707031,63941176.0
2021-02-05,94.65642483749055,95.89107385710999,93.01022614466461,93.4217758178711,87886466.0
2021-02-17,94.65642761765865,95.47952698824699,92.5986791911878,93.83332824707031,91093426.0
2021-02-18,93.42178071283661,94.24488010237701,93.0102310180664,93.0102310180664,47106193.0
2021-02-19,92.18712269176136,92.5986723466353,90.12937441739169,90.54092407226562,85959400.0
2021-02-22,91.77558627429309,93.83333484546557,91.3640365600586,91.3640365600586,60362039.0
2021-02-23,90.1293825910765,92.59868074425668,89.3062832066831,91.77558135986328,50872508.0
2021-02-24,92.18712550374718,93.83332417345694,90.95247650146484,90.95247650146484,54709354.0
2021-02-25,94.65643362937567,95.89108276367188,93.83333420651154,95.89108276367188,112185849.0
2021-02-26,94.24488231113979,94.65643201555524,92.1871337890625,92.1871337890625,120238472.0
2021-03-02,94.24488231113979,94.24488231113979,92.1871337890625,92.1871337890625,53842839.0
2021-03-03,93.01022946576535,95.47952759317505,92.18713008996212,95.06797790527344,86556063.0
2021-03-04,95.0679877668489,95.47953749744133,92.18713965270197,94.24488830566406,79169388.0
2021-03-05,93.42177644812543,95.47952482804008,92.59867709615956,94.65642547607422,86577805.0
2021-03-08,95.47952418390351,95.89107385710999,93.01022614466461,93.4217758178711,54467978.0
2021-03-09,93.0102267721425,94.65642547607422,92.18712742017664,94.65642547607422,43931623.0
2021-03-10,95.47952759317505,96.30262696897829,94.65642821737183,95.06797790527344,47780881.0
2021-03-11,95.89107787303435,97.12572694436098,95.47952818259215,96.30262756347656,75529976.0
2021-03-12,96.7141784032186,98.77192687988281,96.7141784032186,98.77192687988281,95891682.0
2021-03-15,98.77192473608599,100.41812348168743,97.53727567688492,99.59502410888672,69445679.0
2021-03-16,100.00656955998119,101.65276823586565,99.59501989101007,101.24121856689453,93143082.0
2021-03-17,101.65277699061802,105.35672433035714,101.24122728620256,103.71052551269531,143286602.0
2021-03-18,105.35672055984556,108.23756838765384,105.35672055984556,106.59136962890625,138285317.0
2021-03-19,104.53362660272883,104.53362660272883,101.65277862548828,101.65277862548828,162495850.0
2021-03-22,102.06431837815505,107.00291442871094,102.06431837815505,107.00291442871094,108447343.0
2021-03-23,109.47221526514981,110.70686430949361,107.00291717646222,107.41446685791016,113002380.0
2021-03-24,107.00291097164154,108.64910960197449,104.12206336855888,105.3567123413086,80879262.0
2021-03-25,104.53361999752966,106.59136842267787,103.29897094244072,104.1220703125,64485260.0
2021-03-26,104.9451696825593,105.35671936758894,103.71052062747036,104.1220703125,52856534.0
2021-03-29,105.35671510214007,106.17981443887554,104.94516543377233,105.76826477050781,41198716.0
2021-03-30,106.59136962890625,107.00291931859314,105.76827024953245,106.59136962890625,46587752.0
2021-03-31,102.887422807755,104.12207188144806,101.24122404283092,102.06432342529297,130007897.0
2021-04-01,102.47586690643686,103.29896623901868,99.18346957610957,100.0065689086914,97056517.0
2021-04-07,102.06432833652265,102.475878047557,100.82967920341954,101.65277862548828,33781367.0
2021-04-08,101.24122345593511,101.24122345593511,100.00657438939932,100.82967376708984,38840858.0
2021-04-09,101.2412250518799,101.2412250518799,98.77192687988281,98.77192687988281,80329342.0
2021-04-12,98.77192200466806,100.41812070474586,97.94882265462915,99.1834716796875,69260254.0
2021-04-13,100.00657438939932,101.24122345593511,99.59502470055405,100.82967376708984,49602834.0
2021-04-14,101.24121790756413,101.65276757385504,97.94882057723684,100.0065689086914,53282943.0
2021-04-15,99.59502410888672,99.59502410888672,98.36037504968564,99.59502410888672,39497137.0
2021-04-16,100.41812949238518,102.06432833652265,100.41812949238518,101.65277862548828,52975405.0
2021-04-19,101.65276757385504,101.65276757385504,100.0065689086914,100.0065689086914,32187002.0
2021-04-20,100.00657925840285,100.41812896728516,99.59502954952053,100.41812896728516,26160003.0
2021-04-21,99.59502627054852,100.00657596588135,98.77192687988281,98.77192687988281,34814313.0
2021-04-22,100.41811938996011,100.41811938996011,96.71417236328125,96.71417236328125,67451616.0
2021-04-23,96.30263083321707,97.9488296508789,96.30263083321707,97.9488296508789,39251297.0
2021-04-26,98.3603710418052,98.77192071143617,96.71417236328125,96.71417236328125,40961898.0
2021-04-27,97.53727722167969,99.18347599335361,97.1257275287612,97.53727722167969,54358808.0
2021-04-28,97.12572694436098,97.53727663480318,96.30262756347656,96.30262756347656,38888642.0
2021-04-29,97.12572913334287,97.53727883306043,95.47953033447266,95.47953033447266,45671359.0
2021-05-03,94.65642700195312,94.65642700195312,92.18712890625,92.59867858886719,71622387.0
2021-05-04,92.18712985131049,92.18712985131049,88.48318266978461,89.30628204345703,86723115.0
2021-05-05,90.54092407226562,93.42177165638316,90.54092407226562,90.54092407226562,65337936.0
2021-05-06,92.18712890625,93.01022827148438,90.95247985839843,92.59867858886719,37607241.0
2021-05-07,94.24487434549535,96.71417236328125,93.83332467586436,96.71417236328125,60426256.0
2021-05-10,95.47952918668763,95.89107888145784,93.0102310180664,93.0102310180664,41561886.0
2021-05-11,90.12938080547012,90.54093048951336,87.24853301716742,88.0716323852539,80002280.0
2021-05-12,85.60234518612133,87.66009386848002,79.42909913904526,83.95614624023438,149627674.0
2021-05-13,81.89838802004324,86.42543459401547,80.82835631793166,84.77923583984375,70416230.0
2021-05-14,86.42544285532391,87.2485423110889,85.19079367167642,86.0138931274414,43828851.0
2021-05-17,82.309942997078,83.95614185701955,79.92295339421267,80.82836151123047,96882339.0
2021-05-18,83.54458586077824,88.48318206929714,83.13303617673499,88.0716323852539,81635753.0
2021-05-19,87.66007930210658,87.66007930210658,85.60233096168155,86.42543029785156,47341275.0
2021-05-20,86.42544332540261,87.6600925157655,86.01389359528164,87.24854278564453,42732251.0
2021-05-21,88.89474529109589,90.54094427796804,88.89474529109589,90.12939453125,53869601.0
2021-05-24,89.30629503781392,90.54094427796804,88.89474529109589,90.12939453125,31062650.0
2021-05-25,91.36403438023159,93.01023319789341,90.95248467581612,92.1871337890625,50727292.0
2021-05-26,93.42178012865007,93.42178012865007,90.9524819754699,91.77558135986328,24690941.0
2021-05-27,90.54094427796804,90.95249402468608,88.48319554437785,90.12939453125,61173641.0
2021-05-28,90.9524868458241,91.77558627429309,90.5409371315896,91.3640365600586,26886430.0
2021-05-31,92.18712679825165,93.4217758178711,91.77557712504517,93.4217758178711,34198356.0
2021-06-01,94.24488830566406,94.65643803625649,93.42178884447922,94.24488830566406,22263808.0
2021-06-02,94.65643201555524,95.0679817199707,91.36403438023159,92.1871337890625,32957334.0
2021-06-03,93.01023541699658,93.01023541699658,90.9524868458241,91.3640365600586,23957797.0
2021-06-04,90.54093497140066,92.59868349347795,89.71783556256975,92.1871337890625,28808854.0
2021-06-07,92.59867517117462,92.59867517117462,89.71782749918252,90.95247650146484,20309568.0
2021-06-08,91.3640261688923,91.77557583631973,90.5409268340374,90.95247650146484,18203485.0
2021-06-09,90.54094427796804,91.36404377140411,90.12939453125,90.12939453125,22680962.0
2021-06-10,90.5409268340374,91.77557583631973,90.12937716660997,90.95247650146484,18992629.0
2021-06-11,91.77557712504517,94.24487516428407,91.77557712504517,93.4217758178711,36017587.0
2021-06-15,93.42178071283661,94.24488010237701,92.18713162852599,93.0102310180664,23544247.0
2021-06-16,92.18713105205998,93.01023043645337,91.77558135986328,91.77558135986328,23871999.0
2021-06-17,90.95248254421537,93.0102310180664,90.54093284944517,93.0102310180664,18109232.0
2021-06-18,92.59868074425668,93.01023043645337,91.77558135986328,91.77558135986328,29445549.0
2021-06-21,90.95248079080186,90.95248079080186,89.30628204345703,89.30628204345703,34818980.0
2021-06-22,90.12938141712945,90.54093110396565,89.30628204345703,89.30628204345703,21910960.0
2021-06-23,89.7178328988798,92.18713105205998,89.3062832066831,91.77558135986328,27710302.0
2021-06-24,91.77558193375579,93.83333040760681,91.36403223898557,93.0102310180664,31065987.0
2021-06-25,93.83333040760681,94.65642979714723,93.0102310180664,93.0102310180664,35574740.0
2021-06-28,93.01023043645337,93.42178012865007,91.3640316676666,91.77558135986328,23702001.0
2021-06-29,92.59868074425668,92.59868074425668,91.77558135986328,91.77558135986328,17706887.0
2021-06-30,92.1871337890625,93.42178290230886,92.1871337890625,92.1871337890625,31076380.0
2021-07-01,92.59868349347795,92.59868349347795,91.77558408464704,92.1871337890625,15859329.0
2021-07-02,92.18713105205998,92.59868074425668,91.77558135986328,91.77558135986328,16486732.0
2021-07-05,92.59868034949669,96.30262756347656,92.18713065905449,96.30262756347656,80145148.0
2021-07-06,95.89108276367188,96.71418218653601,95.06798334080774,95.89108276367188,43748805.0
2021-07-07,95.89107450402302,96.30262418000595,94.65642547607422,94.65642547607422,27901240.0
2021-07-08,94.65642821737183,95.89107728107668,94.65642821737183,95.06797790527344,23792227.0
2021-07-09,94.24487793236447,94.65642761765865,93.01022887648197,93.83332824707031,28407636.0
2021-07-12,95.06797515205716,95.47952482804008,94.2448758000913,94.65642547607422,17024161.0
2021-07-13,95.47953305223982,96.30263247510395,95.06798334080774,95.89108276367188,36478720.0
2021-07-14,96.71417943362532,96.71417943362532,95.47953033447266,95.47953033447266,27098250.0
2021-07-15,96.30263350099699,98.77193179589435,95.89108378518077,98.36038208007812,62649339.0
2021-07-16,97.53728264844567,98.36038208007812,97.12573293262945,98.36038208007812,33640925.0
2021-07-19,97.53728160940015,97.94883132083221,95.47953305223982,95.89108276367188,31735324.0
2021-07-20,94.65643803625649,95.47953749744133,94.24488830566406,94.24488830566406,26267081.0
2021-07-21,95.4795263671875,95.4795263671875,92.18712890625,92.59867858886719,62986162.0
2021-07-22,93.02539884127104,96.01245293250452,92.59867682823769,94.3055648803711,59259611.0
2021-07-23,95.58573091947116,95.58573091947116,93.87884286733774,94.3055648803711,21521533.0
2021-07-26,94.73228156349876,94.73228156349876,92.59867161837491,93.87883758544922,33363024.0
2021-07-27,94.73228981462829,95.58573386701232,93.87884576224425,95.15901184082031,27586534.0
2021-07-28,94.3055648803711,94.73228689340445,93.02539884127104,94.3055648803711,32678903.0
2021-07-29,94.73229217529297,95.15901421211862,93.87884810164168,94.73229217529297,20815906.0
2021-07-30,93.87883758544922,95.15900355252352,93.45211559642445,93.87883758544922,28280514.0
2021-08-02,94.7322903523403,96.43917846679688,93.87884629511201,96.43917846679688,24048289.0
2021-08-03,96.01245589320435,96.43917791939637,94.30556778843626,95.15901184082031,21627785.0
2021-08-04,95.58573150634766,96.01245352200098,94.73228747504098,95.58573150634766,21197328.0
2021-08-05,94.73228747504098,95.58573150634766,94.73228747504098,95.58573150634766,19911790.0
2021-08-06,95.15901472303602,96.43918084038629,94.73229268391927,96.01245880126953,41254699.0
2021-08-09,95.58573150634766,96.01245352200098,94.73228747504098,95.58573150634766,23189411.0
2021-08-10,95.15901071574831,95.58573273689517,92.59867858886719,92.59867858886719,42815166.0
2021-08-11,91.3185102130295,93.02539825439453,90.46506619234698,93.02539825439453,46678699.0
2021-08-12,93.02539825439453,93.4521202647358,92.17195423371201,93.02539825439453,18499146.0
2021-08-13,93.4521202647358,93.87884227507705,92.17195423371201,93.02539825439453,46504498.0
2021-08-16,92.5986833439317,93.02540538699128,90.89179517169332,91.7452392578125,34806631.0
2021-08-17,91.7452392578125,91.7452392578125,91.7452392578125,91.7452392578125,0.0
2021-08-18,90.03833838489568,91.7452263163629,89.18489441916208,91.3185043334961,31829261.0
2021-08-19,90.46507159483085,90.46507159483085,87.47801734405813,87.90473937988281,51471834.0
2021-08-20,88.75818396755382,90.46507212077601,87.05129581433164,89.18490600585938,30316791.0
2021-08-23,90.03835108557413,92.1719613008721,90.03835108557413,91.7452392578125,22499882.0
2021-08-24,92.59867624405328,93.02539825439453,91.74523222337076,93.02539825439453,17889785.0
2021-08-25,93.02540061001405,93.02540061001405,91.74523454657349,92.59867858886719,14045849.0
2021-08-26,92.5986833439317,93.02540538699128,91.31851721475292,91.7452392578125,12987155.0
2021-08-27,91.74522929721408,92.59867329067654,90.89178530375163,92.17195129394531,13808230.0
2021-08-30,92.59867624405328,93.02539825439453,91.74523222337076,93.02539825439453,13911174.0
2021-08-31,92.59868199116475,94.73229217529297,92.17195995433912,94.73229217529297,30458896.0
2021-09-01,94.73229217529297,95.58573624894426,93.87884810164168,94.73229217529297,22232171.0
2021-09-02,94.73228981462829,96.43917791939637,94.30556778843626,95.15901184082031,29565666.0
2021-09-03,95.58573676215278,96.43918084038629,95.15901472303602,96.01245880126953,23894007.0
2021-09-06,96.01245828576991,96.43918032259555,94.30557013846733,94.73229217529297,18270142.0
2021-09-07,93.4521226311609,93.87884465230775,92.17195656772034,92.59867858886719,23133531.0
2021-09-08,92.5986833439317,93.45212743005088,91.31851721475292,91.7452392578125,28436166.0
2021-09-09,90.89178235062928,91.7452263163629,90.46506036776249,91.3185043334961,20347345.0
2021-09-10,91.31850730048285,92.59867329067654,91.31850730048285,92.17195129394531,13206233.0
2021-09-13,91.74522865546142,92.17195064920776,90.89178466796875,90.89178466796875,15297618.0
2021-09-14,91.7452392578125,92.1719613008721,90.89179517169332,91.7452392578125,19165417.0
2021-09-15,92.17195656772034,94.3055666734546,91.74523454657349,92.59867858886719,63262671.0
2021-09-16,92.5986833439317,93.45212743005088,91.7452392578125,91.7452392578125,22861780.0
2021-09-17,91.74523454657349,93.4521226311609,91.31851252542663,92.59867858886719,38649036.0
2021-09-22,90.89178235062928,91.7452263163629,90.46506036776249,91.3185043334961,38460147.0
2021-09-23,91.31850666171509,92.17195064920776,90.46506267422242,90.89178466796875,18878589.0
2021-09-24,91.7452392578125,92.1719613008721,91.31851721475292,91.7452392578125,15280177.0
2021-09-27,91.31851721475292,92.5986833439317,91.31851721475292,91.7452392578125,13850268.0
2021-09-28,91.31850666171509,91.74522865546142,90.46506267422242,90.89178466796875,22169547.0
2021-09-29,89.61162567138672,90.03834769839332,89.18490364438011,89.61162567138672,32073278.0
2021-09-30,89.61162567138672,90.46506972539993,88.75818161737351,89.61162567138672,22552355.0
2021-10-01,89.18490548735683,89.61162752318151,87.90473937988281,87.90473937988281,34131219.0
2021-10-04,89.18490548735683,89.61162752318151,87.47801734405813,87.90473937988281,25219519.0
2021-10-05,87.05128712019896,87.47800911588621,86.19784312882446,86.62456512451172,41574679.0
2021-10-06,88.33146141570748,89.18490548735683,87.90473937988281,87.90473937988281,38805074.0
2021-10-07,89.18489441916208,91.3185043334961,88.75817243629527,91.3185043334961,38220702.0
2021-10-08,91.74522929721408,92.17195129394531,90.89178530375163,92.17195129394531,27430627.0
2021-10-12,90.89179175240653,91.31851377941314,89.18490364438011,89.61162567138672,38628919.0
2021-10-13,90.46507501828161,90.89179707025464,89.18490886236253,90.0383529663086,18684819.0
2021-10-14,91.31850666171509,91.74522865546142,90.89178466796875,90.89178466796875,17684751.0
2021-10-15,92.17195944590112,93.87884758378817,91.74523741142936,93.4521255493164,49011891.0
2021-10-18,94.30557151617006,94.73229355922966,91.31851721475292,91.7452392578125,42099090.0
2021-10-19,92.5986702820965,93.02539226496332,90.89178235062928,91.3185043334961,26270635.0
2021-10-20,91.7452392578125,92.5986833439317,90.89179517169332,91.7452392578125,29381245.0
2021-10-21,92.17195129394531,92.59867329067654,91.31850730048285,92.17195129394531,30517157.0
2021-10-22,92.1719613008721,92.5986833439317,91.31851721475292,91.7452392578125,14667653.0
2021-10-25,91.74522929721408,93.02539528740776,91.31850730048285,92.17195129394531,21027449.0
2021-10-26,92.59867624405328,93.4521202647358,92.17195423371201,93.02539825439453,18026359.0
2021-10-27,93.02539528740776,93.02539528740776,91.74522929721408,92.17195129394531,15831617.0
2021-10-28,92.17195656772034,93.02540061001405,91.74523454657349,92.59867858886719,14181424.0
2021-10-29,92.5986702820965,92.5986702820965,91.3185043334961,91.3185043334961,20664910.0
2021-11-01,92.17195064920776,92.17195064920776,90.89178466796875,90.89178466796875,18124077.0
2021-11-02,91.31851721475292,92.5986833439317,91.31851721475292,91.7452392578125,20172294.0
2021-11-03,91.7452392578125,92.5986833439317,91.7452392578125,91.7452392578125,12249306.0
2021-11-04,92.59867329067654,92.59867329067654,91.74522929721408,92.17195129394531,11307246.0
2021-11-05,92.17195423371201,93.02539825439453,91.74523222337076,93.02539825439453,17621370.0
2021-11-08,91.7452392578125,92.1719613008721,91.31851721475292,91.7452392578125,19912872.0
2021-11-09,91.74522929721408,92.17195129394531,91.31850730048285,92.17195129394531,23901115.0
2021-11-10,92.17195423371201,93.4521202647358,91.74523222337076,93.02539825439453,22839265.0
2021-11-11,92.5986833439317,93.02540538699128,91.7452392578125,91.7452392578125,18674012.0
2021-11-12,92.59867624405328,93.4521202647358,92.17195423371201,93.02539825439453,26633641.0
2021-11-15,93.02539528740776,93.87883928087022,92.17195129394531,92.17195129394531,25735186.0
2021-11-16,92.59867329067654,93.02539528740776,92.17195129394531,92.17195129394531,15746287.0
2021-11-17,92.5986702820965,92.5986702820965,90.89178235062928,91.3185043334961,31800650.0
2021-11-18,91.3185043334961,91.7452263163629,90.89178235062928,91.3185043334961,30441523.0
2021-11-19,91.74522865546142,92.17195064920776,90.89178466796875,90.89178466796875,20714969.0
2021-11-22,91.31850666171509,91.74522865546142,90.89178466796875,90.89178466796875,17750562.0
2021-11-23,90.8917870071699,91.3185090118984,90.4650650024414,90.4650650024414,22288461.0
2021-11-24,90.46507501828161,90.89179707025464,89.18490886236253,90.0383529663086,29810172.0
2021-11-25,90.89179175240653,90.89179175240653,89.61162567138672,89.61162567138672,17457242.0
2021-11-26,89.61161737856658,89.61161737856658,88.33145141601562,88.33145141601562,24109403.0
2021-11-29,87.90472942849864,90.03833936608356,87.47800744098166,88.33145141601562,27800208.0
2021-11-30,88.75817340353261,90.03833936608356,87.90472942849864,88.33145141601562,49334401.0
2021-12-01,88.33146475841649,90.46507501828161,88.33146475841649,90.0383529663086,22443321.0
2021-12-02,89.61162567138672,91.31851377941314,89.61162567138672,89.61162567138672,27037026.0
2021-12-03,90.03834769839332,90.46506972539993,89.61162567138672,89.61162567138672,18091990.0
2021-12-06,90.0383406804761,91.31850666171509,89.61161868672976,90.89178466796875,22698693.0
2021-12-07,90.4650650024414,91.7452310166269,89.61162099298441,90.4650650024414,25236546.0
2021-12-08,90.89179175240653,91.31851377941314,89.61162567138672,89.61162567138672,35111410.0
2021-12-09,89.61162099298441,90.4650650024414,89.61162099298441,90.4650650024414,15077799.0
2021-12-10,90.03834769839332,90.46506972539993,89.18490364438011,89.61162567138672,20356210.0
2021-12-13,89.61162804416492,90.46507212077601,89.18490600585938,89.18490600585938,17305354.0
2021-12-14,89.18490600585938,90.03835008247046,88.75818396755382,89.18490600585938,22026866.0
2021-12-15,88.75818161737351,89.61162567138672,88.33145959036692,89.61162567138672,22944995.0
2021-12-16,90.03833936608356,90.46506135360055,88.33145141601562,88.33145141601562,33943652.0
2021-12-17,88.33145141601562,88.75817340353261,87.90472942849864,88.33145141601562,31642630.0
2021-12-20,88.33146141570748,88.75818345153216,87.90473937988281,87.90473937988281,17983356.0
2021-12-21,88.33146192924828,89.18490600585938,87.90473989094272,89.18490600585938,13187322.0
2021-12-22,89.1848953910496,89.1848953910496,88.33145141601562,88.33145141601562,11494283.0
2021-12-23,88.75818634033203,89.18490839004517,88.3314642906189,88.75818634033203,13822871.0
2021-12-24,89.18490839004517,89.6116304397583,88.75818634033203,88.75818634033203,11585049.0
2021-12-27,89.18490600585938,89.61162804416492,88.75818396755382,89.18490600585938,8809417.0
2021-12-28,89.18490886236253,90.0383529663086,89.18490886236253,90.0383529663086,15514907.0
2021-12-29,89.61162567138672,90.03834769839332,89.18490364438011,89.61162567138672,13358175.0
2021-12-30,89.18490839004517,89.6116304397583,88.75818634033203,88.75818634033203,16940701.0
2022-01-03,89.18490548735683,89.61162752318151,87.90473937988281,87.90473937988281,21800309.0
2022-01-04,88.75817340353261,88.75817340353261,87.90472942849864,88.33145141601562,18097232.0
2022-01-05,88.75817815098195,94.73228629575958,88.33145614064068,93.02539825439453,142256949.0
2022-01-06,92.1719482992297,92.5986702820965,90.46506036776249,91.3185043334961,49111058.0
2022-01-07,92.17195064920776,92.59867264295409,90.46506267422242,90.89178466796875,38575103.0
2022-01-10,90.46507212077601,90.89179415908156,88.75818396755382,89.18490600585938,34566857.0
2022-01-11,89.18490600585938,89.61162804416492,88.75818396755382,89.18490600585938,26075278.0
2022-01-12,89.61162804416492,90.03835008247046,88.75818396755382,89.18490600585938,18805639.0
2022-01-13,89.61163091433556,90.0383529663086,89.18490886236253,90.0383529663086,19590729.0
2022-01-14,89.61161737856658,90.03833936608356,87.90472942849864,88.33145141601562,38360049.0
2022-01-17,88.33145141601562,89.1848953910496,88.33145141601562,88.33145141601562,16094235.0
2022-01-18,89.1848953910496,89.1848953910496,88.33145141601562,88.33145141601562,14778734.0
2022-01-19,88.33145141601562,89.1848953910496,87.90472942849864,88.33145141601562,23938918.0
2022-01-20,88.33146141570748,88.75818345153216,87.90473937988281,87.90473937988281,28843468.0
2022-01-21,87.47802210789101,87.90474416695389,87.05130004882812,87.05130004882812,32900646.0
2022-01-24,87.90473937988281,89.18490548735683,87.47801734405813,87.90473937988281,41645390.0
2022-01-25,87.90473937988281,88.33146141570748,87.05129530823346,87.90473937988281,28944982.0
2022-01-26,87.90474416695389,88.33146622601677,87.05130004882812,87.05130004882812,33050112.0
2022-02-07,87.47801734405813,89.18490548735683,87.47801734405813,87.90473937988281,33556371.0
2022-02-08,88.7581868103895,90.46507501828161,87.90474270644346,90.0383529663086,42889717.0
2022-02-09,90.46506267422242,90.89178466796875,90.0383406804761,90.89178466796875,22694894.0
2022-02-10,90.89178466796875,91.31850666171509,90.0383406804761,90.89178466796875,20096356.0
2022-02-11,90.0383429977129,90.4650650024414,89.18489898825591,90.4650650024414,16613415.0
2022-02-14,89.6116304397583,89.6116304397583,88.3314642906189,88.75818634033203,22322581.0
2022-02-15,88.75818634033203,89.6116304397583,88.75818634033203,88.75818634033203,13442567.0
2022-02-16,89.61163091433556,90.46507501828161,89.18490886236253,90.0383529663086,13415034.0
2022-02-17,90.4650650024414,90.8917870071699,89.61162099298441,90.4650650024414,25431607.0
2022-02-18,89.61163091433556,90.46507501828161,89.61163091433556,90.0383529663086,11303877.0
2022-02-21,89.61162099298441,91.3185090118984,89.18489898825591,90.4650650024414,23424745.0
2022-02-22,89.61162804416492,90.03835008247046,88.75818396755382,89.18490600585938,25922027.0
2022-02-23,89.18490364438011,90.03834769839332,89.18490364438011,89.61162567138672,14519774.0
2022-02-24,88.75817811547256,89.18490012564311,87.47801208496094,87.47801208496094,47297284.0
2022-02-25,87.90473937988281,88.33146141570748,87.47801734405813,87.90473937988281,29597295.0
2022-03-01,88.75818396755382,90.03835008247046,88.33146192924828,89.18490600585938,28845483.0
2022-03-02,88.75818396755382,89.61162804416492,88.75818396755382,89.18490600585938,13781632.0
2022-03-03,89.61162804416492,90.03835008247046,89.18490600585938,89.18490600585938,13799475.0
2022-03-04,88.75818161737351,89.61162567138672,88.33145959036692,89.61162567138672,18406414.0
2022-03-07,88.75817811547256,88.75817811547256,87.47801208496094,87.47801208496094,43631775.0
2022-03-08,86.62456512451172,87.47800911588621,85.34439913744997,86.62456512451172,60192113.0
2022-03-09,87.05128712019896,87.47800911588621,86.62456512451172,86.62456512451172,29168018.0
2022-03-10,87.90473937988281,88.75818345153216,87.47801734405813,87.90473937988281,25008712.0
2022-03-11,87.90472942849864,88.75817340353261,87.47800744098166,88.33145141601562,23629440.0
2022-03-14,87.90473409513149,88.75817811547256,87.47801208496094,87.47801208496094,25796152.0
2022-03-15,87.05129717836286,87.90474126834681,86.1978530883789,86.1978530883789,31099190.0
2022-03-16,86.62456512451172,87.47800911588621,85.34439913744997,86.62456512451172,35941142.0
2022-03-17,88.3314642906189,89.18490839004517,87.90474224090576,88.75818634033203,43536754.0
2022-03-18,89.61162099298441,90.4650650024414,88.33145497879892,90.4650650024414,82056684.0
2022-03-21,90.46507212077601,90.89179415908156,89.18490600585938,89.18490600585938,21118636.0
2022-03-22,88.75818634033203,89.18490839004517,88.3314642906189,88.75818634033203,21010720.0
2022-03-23,89.18490886236253,90.0383529663086,88.7581868103895,90.0383529663086,19285529.0
2022-03-24,89.61161868672976,92.17195064920776,89.18489669298343,90.89178466796875,50161697.0
2022-03-25,90.8917870071699,91.3185090118984,90.4650650024414,90.4650650024414,20559680.0
2022-03-28,90.0383429977129,90.8917870071699,89.18489898825591,90.4650650024414,19827138.0
2022-03-29,90.46507501828161,90.89179707025464,89.18490886236253,90.0383529663086,15281994.0
2022-03-30,90.46507501828161,90.46507501828161,89.61163091433556,90.0383529663086,19929601.0
2022-03-31,90.4650650024414,90.8917870071699,90.0383429977129,90.4650650024414,20008814.0
2022-04-01,89.61162804416492,90.03835008247046,89.18490600585938,89.18490600585938,23307788.0
2022-04-06,89.18490364438011,89.61162567138672,88.75818161737351,89.61162567138672,31289599.0
2022-04-07,89.18490548735683,89.61162752318151,87.90473937988281,87.90473937988281,34459124.0
2022-04-08,87.90473937988281,88.33146141570748,87.47801734405813,87.90473937988281,24825800.0
2022-04-11,87.90474416695389,88.33146622601677,86.62457798976524,87.05130004882812,28845321.0
2022-04-12,87.05130004882812,87.90474416695389,86.62457798976524,87.05130004882812,17640348.0
2022-04-13,87.90474224090576,89.18490839004517,87.47802019119263,88.75818634033203,15837431.0
2022-04-14,88.75818634033203,89.18490839004517,88.3314642906189,88.75818634033203,8896584.0
2022-04-15,88.33146141570748,88.75818345153216,87.90473937988281,87.90473937988281,11699116.0
2022-04-18,87.0512900747904,87.90473409513149,87.0512900747904,87.47801208496094,11383276.0
2022-04-19,87.90474416695389,88.33146622601677,87.05130004882812,87.05130004882812,17643855.0
2022-04-20,87.47801734405813,87.90473937988281,87.05129530823346,87.90473937988281,19489328.0
2022-04-21,88.33146141570748,88.75818345153216,87.90473937988281,87.90473937988281,18357634.0
2022-04-22,87.47800744098166,88.33145141601562,87.05128545346467,88.33145141601562,16603902.0
2022-04-25,87.47801386894871,87.47801386894871,85.77112579345703,85.77112579345703,40565427.0
2022-04-26,86.1978530883789,86.62457513337088,85.77113104338693,86.1978530883789,20545513.0
2022-04-27,85.2590554022888,85.77112049102783,85.0883626985352,85.34439849853516,29697752.0
2022-04-28,85.34439913744997,86.62456512451172,85.34439913744997,86.62456512451172,27751372.0
2022-04-29,86.62457798976524,87.05130004882812,86.62457798976524,87.05130004882812,14137983.0
2022-05-03,87.0512900747904,87.90473409513149,86.62456806461987,87.47801208496094,17216495.0
2022-05-04,88.3314642906189,89.18490839004517,87.90474224090576,88.75818634033203,29912716.0
2022-05-05,89.61162804416492,90.03835008247046,88.75818396755382,89.18490600585938,34766562.0
2022-05-06,88.3314642906189,88.75818634033203,87.47802019119263,88.75818634033203,27316318.0
2022-05-09,88.3314642906189,88.75818634033203,87.90474224090576,88.75818634033203,24282777.0
2022-05-10,87.90474224090576,88.75818634033203,87.47802019119263,88.75818634033203,17584435.0
2022-05-11,88.33146141570748,88.75818345153216,87.90473937988281,87.90473937988281,19605349.0
2022-05-12,87.90474416695389,87.90474416695389,87.05130004882812,87.05130004882812,22154008.0
2022-05-13,88.75818634033203,88.75818634033203,87.90474224090576,88.75818634033203,19656439.0
2022-05-16,88.75818396755382,89.18490600585938,88.33146192924828,89.18490600585938,22467860.0
2022-05-17,89.18490364438011,89.61162567138672,88.75818161737351,89.61162567138672,25153620.0
2022-05-18,90.03833838489568,91.3185043334961,89.61161640202887,91.3185043334961,55743416.0
2022-05-19,90.03835108557413,91.7452392578125,89.61162904251454,91.7452392578125,37286039.0
2022-05-20,91.7452263163629,93.02539226496332,91.3185043334961,91.3185043334961,45964633.0
2022-05-23,92.17195129394531,93.02539528740776,91.31850730048285,92.17195129394531,34196330.0
2022-05-24,92.17195129394531,93.02539528740776,92.17195129394531,92.17195129394531,37199729.0
2022-05-25,92.59868148037289,93.87884758378817,92.17195944590112,93.4521255493164,75541746.0
2022-05-26,93.87884227507705,94.30556428541831,92.59867624405328,93.02539825439453,39995538.0
2022-05-27,93.87883758544922,94.73228156349876,93.45211559642445,93.87883758544922,51671206.0
2022-05-30,94.3055648803711,94.73228689340445,93.02539884127104,94.3055648803711,43770168.0
2022-05-31,94.7322903523403,96.43917846679688,93.87884629511201,96.43917846679688,89526207.0
2022-06-01,96.01245696888219,98.99951118569186,95.58573493790938,97.71934509277344,71080756.0
2022-06-02,97.71933980573688,98.99950582939282,96.86589578996626,97.29261779785156,36440162.0
2022-06-06,98.14606241333536,98.99950643432088,97.29261839234984,98.57278442382812,35782678.0
2022-06-07,98.14606418693644,98.5727862051405,96.86589813232422,96.86589813232422,37688003.0
2022-06-08,97.71933980573688,98.1460618136222,96.86589578996626,97.29261779785156,18570005.0
2022-06-09,97.29261839234984,98.57278442382812,96.86589638185707,98.57278442382812,29571170.0
2022-06-10,98.1460618136222,98.1460618136222,97.29261779785156,97.29261779785156,24037427.0
2022-06-13,96.01245589320435,96.01245589320435,94.73228981462829,95.15901184082031,45251873.0
2022-06-14,93.87884576224425,96.01245589320435,93.87884576224425,95.15901184082031,31839349.0
2022-06-15,96.01245352200098,96.01245352200098,95.15900949069432,95.58573150634766,24548371.0
2022-06-16,96.86589994558838,96.86589994558838,94.30556778843626,95.15901184082031,31543119.0
2022-06-17,93.87884758378817,94.7322916527317,93.4521255493164,93.4521255493164,49546955.0
2022-06-20,93.87884227507705,94.30556428541831,92.59867624405328,93.02539825439453,33359214.0
2022-06-21,94.30556545938764,96.01245352200098,94.30556545938764,95.58573150634766,38500252.0
2022-06-22,95.15901368720347,95.15901368720347,93.4521255493164,93.4521255493164,31181855.0
2022-06-23,94.30556127760146,94.30556127760146,91.74522929721408,92.17195129394531,45758826.0
2022-06-24,93.02539360739968,94.30555957447399,92.59867161837491,93.87883758544922,29542926.0
2022-06-27,94.73229217529297,95.58573624894426,94.73229217529297,94.73229217529297,25944301.0
2022-06-28,95.15900949069432,95.58573150634766,93.8788434437343,95.58573150634766,27617500.0
2022-06-29,95.15901421211862,96.01245828576991,94.30557013846733,94.73229217529297,33501065.0
2022-06-30,94.30556428541831,94.73228629575958,93.02539825439453,93.02539825439453,44339108.0
2022-07-01,92.5986750260839,93.02539703081239,90.0383429977129,90.4650650024414,62417854.0
2022-07-04,90.19582099914551,91.54202728271484,89.29835014343261,89.74708557128906,70346389.0
2022-07-05,91.54203297684832,92.43950388838604,90.6445620653106,91.99076843261719,45133868.0
2022-07-06,92.43950087514091,92.88823631628236,90.1958236694336,90.1958236694336,45606608.0
2022-07-07,90.64455977730128,92.88823699951172,90.1958243328592,92.88823699951172,40971306.0
2022-07-08,92.88824440451229,93.33697988472733,91.09330248365215,91.54203796386719,34112553.0
2022-07-11,91.542032676168,91.542032676168,90.19582631328318,90.64456176757812,18375028.0
2022-07-12,89.74708822829214,90.64455911057506,89.47784422474348,90.1958236694336,26056813.0
2022-07-13,92.43950388838604,92.88823934415491,91.99076843261719,91.99076843261719,31813542.0
2022-07-14,91.99076643444242,95.13191455659413,91.99076643444242,94.23444366455078,46066645.0
2022-07-15,94.23444366455078,95.13191455659413,93.78570821852911,94.23444366455078,24630202.0
2022-07-18,94.23444366455078,94.68317911057245,93.33697277250744,94.23444366455078,17000378.0
2022-07-19,93.78571055485652,94.2344460120568,92.88823964045598,93.33697509765625,20445793.0
2022-07-20,93.3369724439538,94.23444333283797,92.43950155506963,92.88823699951172,35017029.0
2022-07-21,93.33697538692239,94.68318176269531,92.88823992833142,94.68318176269531,23154380.0
2022-07-22,94.68318438979814,95.58065533188154,94.23444891875644,95.13191986083984,28741668.0
2022-07-25,95.13192010923873,96.9268619980923,94.68318463702535,96.4781265258789,39068310.0
2022-07-26,96.92686462402344,97.37560010839393,96.02939365528248,96.92686462402344,22725130.0
2022-07-27,97.37560010839393,98.27307107713487,96.47812913965296,96.92686462402344,30666386.0
2022-07-28,97.82432288947743,97.82432288947743,96.92685203728038,97.3755874633789,21777281.0
2022-07-29,97.82432556152344,98.27306099987905,97.37559012316783,97.82432556152344,21866952.0
2022-08-01,97.37559012316783,97.82432556152344,96.92685468481221,97.82432556152344,14697891.0
2022-08-02,96.92686462402344,96.92686462402344,95.580658170912,96.92686462402344,40353392.0
2022-08-03,96.47811661118186,97.3755874633789,96.02938118508334,97.3755874633789,30936472.0
2022-08-04,96.92686462402344,97.37560010839393,95.580658170912,96.92686462402344,38651714.0
2022-08-05,97.37560010839393,97.8243355927644,96.92686462402344,96.92686462402344,24868879.0
2022-08-08,96.02939365528248,96.92686462402344,95.580658170912,96.92686462402344,22571210.0
2022-08-09,96.92685468481221,97.82432556152344,96.02938380810099,97.82432556152344,25759491.0
2022-08-10,97.82433083274148,99.61927268288353,96.92685990767046,98.7218017578125,56343332.0
2022-08-11,100.06800869291862,101.41421508789062,99.17053776293729,101.41421508789062,62046990.0
2022-08-12,101.4142047797309,102.31167561848957,100.51673394097222,100.96546936035156,48405887.0
2022-08-15,101.41421747207642,101.41421747207642,100.06801104545593,100.5167465209961,29323346.0
2022-08-16,100.51674892666104,100.51674892666104,99.17054246782182,99.61927795410156,28765617.0
2022-08-17,99.61926310221354,100.96546936035156,99.61926310221354,100.96546936035156,30500758.0
2022-08-18,100.96548199653625,100.96548199653625,99.61927556991577,100.5167465209961,25764909.0
2022-08-19,100.06801344038129,100.51674892666104,99.61927795410156,99.61927795410156,17611604.0
2022-08-22,99.17053722034801,99.61927268288353,98.7218017578125,98.7218017578125,10185000.0
2022-08-23,98.7218017578125,99.17053722034801,98.27306629527699,98.7218017578125,17881145.0
2022-08-24,99.1705345606695,99.61927001117027,97.82432820916719,98.27306365966797,24541358.0
2022-08-25,98.27306365966797,99.1705345606695,98.27306365966797,98.27306365966797,14108637.0
2022-08-26,98.7217967866233,99.1705322265625,98.2730613466841,99.1705322265625,17056269.0
2022-08-29,97.37560010839393,97.8243355927644,96.92686462402344,96.92686462402344,26838820.0
2022-08-30,97.3755874633789,97.82432288947743,96.92685203728038,97.3755874633789,21797499.0
2022-08-31,96.92685468481221,98.27306099987905,96.4781192464566,97.82432556152344,28991269.0
2022-09-01,96.9268619980923,97.37559747030569,96.02939105366552,96.4781265258789,37415613.0
2022-09-02,96.9268619980923,96.9268619980923,96.02939105366552,96.4781265258789,17074664.0
2022-09-05,96.92686462402344,97.37560010839393,96.47812913965296,96.92686462402344,21079281.0
2022-09-06,97.3755874633789,97.3755874633789,96.47811661118186,97.3755874633789,16384324.0
2022-09-07,96.47812627396493,96.92686174500663,95.13191986083984,95.13191986083984,31588795.0
2022-09-08,96.02938842773438,96.02938842773438,95.13191750784901,96.02938842773438,15056746.0
2022-09-12,97.3755874633789,97.82432288947743,96.47811661118186,97.3755874633789,18427897.0
2022-09-13,97.82433083274148,99.17053722034801,97.37559537020597,98.7218017578125,32733009.0
2022-09-14,96.4781265258789,97.37559747030569,96.02939105366552,96.4781265258789,26434615.0
2022-09-15,96.47812913965296,97.37560010839393,96.47812913965296,96.92686462402344,17100232.0
2022-09-16,96.4781265258789,96.9268619980923,96.02939105366552,96.4781265258789,37103124.0
2022-09-19,96.47812388767706,96.92685934761974,95.58065296779169,96.02938842773438,17131612.0
2022-09-20,96.47811661118186,97.3755874633789,96.02938118508334,97.3755874633789,25688754.0
2022-09-21,97.37559480756242,97.37559480756242,95.58065296779169,96.02938842773438,25799149.0
2022-09-22,95.58065296779169,96.47812388767706,95.13191750784901,96.02938842773438,24048970.0
2022-09-23,96.0293857771466,96.47812122470336,95.13191488203309,95.58065032958984,15318321.0
2022-09-26,94.68318146925706,95.13191692645732,92.88823964045598,93.33697509765625,40675073.0
2022-09-27,93.3369724439538,93.78570788839589,92.43950155506963,92.88823699951172,21273277.0
2022-09-28,92.88823631628236,93.33697175742383,90.1958236694336,90.1958236694336,48743869.0
2022-09-29,91.09329223632812,91.99076309579934,90.64455680659252,91.09329223632812,40253163.0
2022-09-30,89.74709604300705,91.54203796386719,89.74709604300705,91.54203796386719,27852050.0
2022-10-03,90.64456176757812,91.542032676168,90.19582631328318,90.64456176757812,20873153.0
2022-10-04,91.99076843261719,92.43950388838604,91.54203297684832,91.99076843261719,17249740.0
2022-10-05,94.68318204790633,96.47812388767706,94.23444658796363,96.02938842773438,52299029.0
2022-10-06,96.9268619980923,97.37559747030569,95.58065558145213,96.4781265258789,27153696.0
2022-10-07,96.02939105366552,96.9268619980923,95.58065558145213,96.4781265258789,21917087.0
2022-10-11,94.2344460120568,94.68318146925706,93.33697509765625,93.33697509765625,37540410.0
2022-10-12,93.33697746795357,93.78571293654952,91.99077106216579,92.43950653076172,37752638.0
2022-10-13,92.88823699951172,93.78570788839589,91.99076611062755,92.88823699951172,29359558.0
2022-10-14,93.78570821852911,94.68317911057245,93.78570821852911,94.23444366455078,25035354.0
2022-10-17,93.33697277250744,94.68317911057245,93.33697277250744,94.23444366455078,28280778.0
2022-10-18,94.68317877728006,95.13191422172214,92.43950155506963,92.88823699951172,38498822.0
2022-10-19,93.33697746795357,94.23444840514544,92.43950653076172,92.43950653076172,54005985.0
2022-10-20,92.43950388838604,92.88823934415491,90.6445620653106,91.99076843261719,57596655.0
2022-10-21,91.99076611062755,92.88823699951172,91.54203066618545,92.88823699951172,24049235.0
2022-10-24,93.78571293654952,93.78571293654952,91.99077106216579,92.43950653076172,29054365.0
2022-10-25,92.43950155506963,92.88823699951172,91.09329522174338,92.88823699951172,36701674.0
2022-10-26,93.33697509765625,93.78571055485652,92.4395041832557,93.33697509765625,28275416.0
2022-10-27,94.2344460120568,94.2344460120568,93.33697509765625,93.33697509765625,31261879.0
2022-10-28,93.78571055485652,93.78571055485652,92.4395041832557,93.33697509765625,22200068.0
2022-10-31,91.09329752107945,92.43950388838604,91.09329752107945,91.99076843261719,43562953.0
2022-11-01,91.09329223632812,91.54202766606373,90.19582137685691,91.09329223632812,46692717.0
2022-11-02,91.09330248365215,91.54203796386719,90.64456700343712,91.54203796386719,28465028.0
2022-11-03,90.64456176757812,91.09329722187307,90.19582631328318,90.64456176757812,39227107.0
2022-11-04,89.74708822829214,90.64455911057506,89.29835278715068,90.1958236694336,48440518.0
2022-11-07,90.19582099914551,90.64455642700196,89.56759413901018,89.74708557128906,40465357.0
2022-11-08,89.74708557128906,90.19582099914551,89.74708557128906,89.74708557128906,29917422.0
2022-11-09,89.74709115377286,91.99076843261719,89.74709115377286,91.99076843261719,40267209.0
2022-11-10,90.64455911057506,91.09329455171653,90.1958236694336,90.1958236694336,38942597.0
2022-11-11,91.0932918548584,91.99076271057129,89.74708557128906,89.74708557128906,88699853.0
2022-11-14,89.2983505173857,91.09329223632812,89.2983505173857,91.09329223632812,66938705.0
2022-11-15,91.09329223632812,91.99076309579934,90.64455680659252,91.09329223632812,46831926.0
2022-11-16,91.09329223632812,91.99076309579934,90.64455680659252,91.09329223632812,46656901.0
2022-11-17,91.09329223632812,91.54202766606373,90.64455680659252,91.09329223632812,26166790.0
2022-11-18,91.09329455171653,91.99076543399944,90.1958236694336,90.1958236694336,43152213.0
2022-11-21,90.64455642700196,91.0932918548584,89.74708557128906,89.74708557128906,30138717.0
2022-11-22,89.74708822829214,90.1958236694336,89.74708822829214,90.1958236694336,28386414.0
2022-11-23,90.64455911057506,91.09329455171653,90.1958236694336,90.1958236694336,31531556.0
2022-11-24,90.19582631328318,90.64456176757812,89.74709085898824,90.64456176757812,42058555.0
2022-11-25,90.1958236694336,90.64455911057506,89.74708822829214,90.1958236694336,34893350.0
2022-11-28,90.19582099914551,90.19582099914551,89.38809585957206,89.74708557128906,46570604.0
2022-11-29,89.74708557128906,90.19582099914551,89.47784157571151,89.74708557128906,33933430.0
2022-11-30,90.1958236694336,91.09329455171653,89.74708822829214,90.1958236694336,73098376.0
2022-12-01,91.09330012497392,92.43950653076172,91.09330012497392,92.43950653076172,66190485.0
2022-12-02,92.43950446974044,95.13191722128629,92.43950446974044,94.68318176269531,77556958.0
2022-12-05,95.58065267987726,96.02938813846822,94.68318176269531,94.68318176269531,45869305.0
2022-12-06,93.33697746795357,93.78571293654952,91.99077106216579,92.43950653076172,54823509.0
2022-12-07,91.99077344408222,93.33697988472733,91.54203796386719,91.54203796386719,44543745.0
2022-12-08,91.54202766606373,91.99076309579934,91.09329223632812,91.09329223632812,30784065.0
2022-12-09,91.99077344408222,92.43950892429726,91.54203796386719,91.54203796386719,32429484.0
2022-12-12,91.54203796386719,91.54203796386719,90.64456700343712,91.54203796386719,19377505.0
2022-12-13,91.542032676168,91.99076813046295,90.64456176757812,90.64456176757812,34609744.0
2022-12-14,91.09329752107945,91.99076843261719,90.6445620653106,91.99076843261719,24686884.0
2022-12-15,91.09329223632812,91.99076309579934,91.09329223632812,91.09329223632812,24472461.0
2022-12-16,90.1958236694336,91.09329455171653,89.74708822829214,90.1958236694336,71935875.0
2022-12-19,90.19582137685691,91.54202766606373,90.19582137685691,91.09329223632812,29443100.0
2022-12-20,90.64455642700196,91.0932918548584,89.74708557128906,89.74708557128906,44517003.0
2022-12-21,90.64455642700196,90.64455642700196,89.74708557128906,89.74708557128906,27849028.0
2022-12-22,90.64456176757812,90.64456176757812,90.19582631328318,90.64456176757812,21205805.0
2022-12-23,89.74709085898824,90.64456176757812,89.74709085898824,90.64456176757812,15377369.0
2022-12-26,91.09329722187307,91.09329722187307,90.19582631328318,90.64456176757812,8716525.0
2022-12-27,90.64455911057506,91.09329455171653,90.1958236694336,90.1958236694336,8826169.0
2022-12-28,90.1958236694336,90.1958236694336,89.74708822829214,90.1958236694336,22673422.0
2022-12-29,89.74708824187064,89.74708824187064,89.29835280066129,89.47784423828125,37212398.0
2022-12-30,89.74709435773825,90.19582982952694,89.56760290788674,89.6573486328125,18093658.0
2023-01-03,89.65734869589116,89.65734869589116,87.95215253246246,88.93936920166016,46594672.0
2023-01-04,87.95214728573592,88.58037417034166,87.95214728573592,88.0418930053711,41500261.0
2023-01-05,88.04189415831043,88.75987361911304,87.9521484375,87.9521484375,35686123.0
2023-01-06,88.2213886214602,88.67012405321299,88.2213886214602,88.3111343383789,20091590.0
2023-01-09,89.02911492664906,89.38810467376456,88.75987775168235,88.93936920166016,33250703.0
2023-01-10,89.20861053466797,89.56760027096203,88.9393665206575,89.20861053466797,19385954.0
2023-01-11,89.56760297090226,89.56760297090226,88.93936920166016,88.93936920166016,19900837.0
2023-01-12,88.93935889422025,89.2983485997314,88.4906234741211,88.4906234741211,18537275.0
2023-01-13,88.84961317963224,89.2983485997314,88.4906234741211,88.4906234741211,17809439.0
2023-01-16,88.49062845070648,89.02910961567704,88.0418930053711,88.0418930053711,26829826.0
2023-01-17,88.13163872500627,88.4008827310713,88.0418930053711,88.0418930053711,27871039.0
2023-01-30,89.38809934137726,89.47784506101243,87.95214728573592,88.0418930053711,81832690.0
2023-01-31,88.22139048062262,90.64455912428934,88.1316379146532,89.47784423828125,78717445.0
2023-02-01,90.19582099914551,90.64455642700196,89.56759413901018,89.74708557128906,39899084.0
2023-02-02,90.19582099914551,90.64455642700196,89.74708557128906,89.74708557128906,49473623.0
2023-02-03,89.7470893974318,90.19582484441895,89.29835395044464,89.38809967041016,43062963.0
2023-02-06,90.19582137685691,91.54202766606373,90.19582137685691,91.09329223632812,50209500.0
2023-02-07,91.54202999285798,91.54202999285798,90.1958236694336,90.1958236694336,31198971.0
2023-02-08,90.1958236694336,90.64455911057506,90.1958236694336,90.1958236694336,24332505.0
2023-02-09,90.19582631328318,91.09329722187307,89.74709085898824,90.64456176757812,29215985.0
2023-02-10,91.09329223632812,91.54202766606373,90.19582137685691,91.09329223632812,25426136.0
2023-02-13,91.09329722187307,91.542032676168,90.64456176757812,90.64456176757812,18330530.0
2023-02-14,91.09330248365215,91.54203796386719,91.09330248365215,91.54203796386719,18342029.0
2023-02-15,91.54203297684832,91.99076843261719,91.09329752107945,91.99076843261719,36053227.0
2023-02-16,92.43950155506963,92.88823699951172,91.99076611062755,92.88823699951172,39617729.0
2023-02-17,92.43950155506963,92.88823699951172,91.99076611062755,92.88823699951172,28586479.0
2023-02-20,92.88824199935765,93.33697746795357,91.99077106216579,92.43950653076172,21971615.0
2023-02-21,91.99076843261719,92.43950388838604,91.99076843261719,91.99076843261719,13794962.0
2023-02-22,91.54203796386719,91.99077344408222,91.09330248365215,91.54203796386719,21960210.0
2023-02-23,91.54203559356985,92.43950653076172,91.54203559356985,92.43950653076172,20815057.0
2023-02-24,92.43950358475789,92.88823903905283,90.64456176757812,90.64456176757812,53866924.0
2023-03-01,89.74709604300705,92.43950892429726,89.74709604300705,91.54203796386719,44807719.0
2023-03-02,91.99076843261719,92.43950388838604,91.09329752107945,91.99076843261719,27825685.0
2023-03-03,92.88823934415491,93.33697479992378,91.99076843261719,91.99076843261719,29133932.0
2023-03-06,92.43950155506963,93.3369724439538,91.99076611062755,92.88823699951172,37825717.0
2023-03-07,92.88823732648576,95.13191455659413,92.88823732648576,94.23444366455078,72281357.0
2023-03-08,93.78571055485652,94.2344460120568,93.33697509765625,93.33697509765625,31270865.0
2023-03-09,93.33697479992378,93.78571025569263,91.54203297684832,91.99076843261719,61494331.0
2023-03-10,91.54203796386719,91.99077344408222,91.09330248365215,91.54203796386719,27734890.0
2023-03-13,91.54203559356985,92.88824199935765,91.09330012497392,92.43950653076172,23591966.0
2023-03-14,91.54203796386719,91.99077344408222,91.09330248365215,91.54203796386719,29415418.0
2023-03-15,91.99076843261719,92.43950388838604,91.54203297684832,91.99076843261719,20481113.0
2023-03-16,91.99077344408222,92.43950892429726,91.54203796386719,91.54203796386719,27614054.0
2023-03-17,92.43950155506963,93.78570788839589,91.99076611062755,92.88823699951172,62309325.0
2023-03-20,92.88823934415491,93.33697479992378,91.99076843261719,91.99076843261719,21366539.0
2023-03-21,92.43950155506963,93.3369724439538,92.43950155506963,92.88823699951172,21054992.0
2023-03-22,92.88823699951172,93.78570788839589,92.43950155506963,92.88823699951172,21545922.0
2023-03-23,92.43950155506963,93.78570788839589,92.43950155506963,92.88823699951172,31525774.0
2023-03-24,93.78571084551336,95.13191722128629,93.33697538692239,94.68318176269531,68833626.0
2023-03-27,94.23444333283797,94.68317877728006,92.88823699951172,92.88823699951172,32246406.0
2023-03-28,93.33697746795357,93.33697746795357,92.43950653076172,92.43950653076172,24056022.0
2023-03-29,92.43950155506963,93.3369724439538,92.43950155506963,92.88823699951172,21090350.0
2023-03-30,93.33697013307416,93.78570556640625,92.88823469974207,93.78570556640625,19398433.0
2023-03-31,93.78571055485652,94.2344460120568,93.33697509765625,93.33697509765625,18283580.0
2023-04-06,93.78570788839589,94.68317877728006,92.43950155506963,92.88823699951172,39046856.0
2023-04-07,93.33697746795357,93.33697746795357,92.43950653076172,92.43950653076172,11565207.0
2023-04-10,92.43950653076172,93.33697746795357,92.43950653076172,92.43950653076172,12404976.0
2023-04-11,92.88823699951172,93.3369724439538,92.43950155506963,92.88823699951172,29073959.0
2023-04-12,92.88823934415491,92.88823934415491,91.99076843261719,91.99076843261719,20279457.0
2023-04-13,91.99077106216579,92.88824199935765,91.99077106216579,92.43950653076172,22784420.0
2023-04-14,93.33697013307416,93.78570556640625,92.43949926640998,93.78570556640625,25584829.0
2023-04-17,93.78571055485652,93.78571055485652,92.88823964045598,93.33697509765625,15274691.0
2023-04-18,93.33697013307416,93.78570556640625,92.88823469974207,93.78570556640625,16042798.0
2023-04-19,93.78571055485652,93.78571055485652,92.88823964045598,93.33697509765625,18734037.0
2023-04-20,92.88823469974207,93.78570556640625,92.88823469974207,93.78570556640625,19680444.0
2023-04-21,94.2344460120568,94.68318146925706,93.33697509765625,93.33697509765625,32735172.0
2023-04-24,93.3369724439538,93.78570788839589,92.88823699951172,92.88823699951172,18393606.0
2023-04-25,92.88824199935765,93.33697746795357,92.43950653076172,92.43950653076172,26878363.0
2023-04-26,92.43950155506963,93.78570788839589,92.43950155506963,92.88823699951172,33983572.0
2023-04-27,92.88823699951172,93.3369724439538,92.43950155506963,92.88823699951172,16606395.0
2023-04-28,93.33697013307416,93.78570556640625,92.88823469974207,93.78570556640625,19404553.0
2023-05-02,93.78571344771476,95.13191986083984,93.33697797667305,95.13191986083984,49934354.0
2023-05-03,94.68318176269531,95.13191722128629,94.23444630410434,94.68318176269531,26855259.0
2023-05-04,94.68317911057245,94.68317911057245,94.23444366455078,94.23444366455078,12735443.0
2023-05-05,94.23444366455078,94.68317911057245,93.78570821852911,94.23444366455078,12524881.0
2023-05-08,94.68317911057245,95.13191455659413,94.23444366455078,94.23444366455078,10197144.0
2023-05-09,94.23444398691956,96.0293857771466,93.7857085393628,95.58065032958984,40552496.0
2023-05-10,95.58065032958984,96.0293857771466,95.13191488203309,95.58065032958984,17406967.0
2023-05-11,95.58065000261578,96.02938544863746,94.23444366455078,94.23444366455078,21740140.0
2023-05-12,92.88823934415491,93.33697479992378,91.54203297684832,91.99076843261719,70640476.0
2023-05-15,91.99077344408222,92.43950892429726,91.54203796386719,91.54203796386719,28080940.0
2023-05-16,91.99077344408222,92.43950892429726,91.54203796386719,91.54203796386719,41848030.0
2023-05-17,91.54203297684832,92.43950388838604,91.54203297684832,91.99076843261719,38707801.0
2023-05-18,92.43950653076172,92.88824199935765,91.99077106216579,92.43950653076172,27646823.0
2023-05-19,92.43950653076172,92.43950653076172,91.54203559356985,92.43950653076172,33026440.0
2023-05-22,91.99077106216579,92.43950653076172,91.99077106216579,92.43950653076172,18055020.0
2023-05-23,92.43950388838604,92.43950388838604,91.99076843261719,91.99076843261719,21793465.0
2023-05-24,91.99077106216579,92.43950653076172,91.99077106216579,92.43950653076172,15681903.0
2023-05-25,91.99076843261719,92.88823934415491,91.99076843261719,91.99076843261719,25782108.0
2023-05-26,91.99076843261719,92.43950388838604,91.54203297684832,91.99076843261719,34841283.0
2023-05-29,92.88823992833142,95.13191722128629,92.43950446974044,94.68318176269531,77950453.0
2023-05-30,95.58065296779169,96.92685934761974,95.13191750784901,96.02938842773438,88126662.0
2023-05-31,96.47812122470336,96.47812122470336,94.68317943447632,95.58065032958984,58697772.0
2023-06-01,95.580658170912,96.92686462402344,95.13192268654153,96.92686462402344,46264650.0
2023-06-02,97.37560010839393,97.8243355927644,96.47812913965296,96.92686462402344,53639503.0
2023-06-05,97.37559747030569,97.37559747030569,96.02939105366552,96.4781265258789,24441405.0
2023-06-06,96.02938842773438,96.47812388767706,95.13191750784901,96.02938842773438,36177082.0
2023-06-07,96.47812913965296,96.92686462402344,96.02939365528248,96.92686462402344,22331554.0
2023-06-08,96.92685934761974,96.92685934761974,96.02938842773438,96.02938842773438,17253275.0
2023-06-09,96.47812913965296,96.92686462402344,96.02939365528248,96.92686462402344,16636034.0
2023-06-12,96.92685502686652,100.5167385463801,96.47811958692732,99.1705322265625,97931538.0
2023-06-13,99.61926310221354,101.4142047797309,99.61926310221354,100.96546936035156,69701479.0
2023-06-14,100.96546936035156,101.4142047797309,100.06799852159287,100.96546936035156,35568685.0
2023-06-15,100.96547935041077,101.41421481419037,99.61927295907196,100.06800842285156,34887268.0
2023-06-16,100.06801344038129,100.96548441294077,99.61927795410156,99.61927795410156,46995134.0
2023-06-19,100.06799852159287,101.4142047797309,99.61926310221354,100.96546936035156,25047682.0
2023-06-20,101.4142047797309,101.86294019911024,100.06799852159287,100.96546936035156,29739937.0
2023-06-21,100.96547962289995,101.41421508789062,100.51674415790929,101.41421508789062,34763025.0
2023-06-26,101.86294849610432,104.1066257757542,101.41421304017435,103.65789031982422,99919960.0
2023-06-27,104.10662547329017,104.55536092791641,102.31168365478516,102.31168365478516,66946025.0
2023-06-28,102.7604167772376,104.10662311056386,102.7604167772376,103.20915222167969,44666321.0
2023-06-29,104.10662787783463,104.10662787783463,101.41421508789062,101.41421508789062,39560094.0
2023-06-30,101.41421508789062,101.41421508789062,99.61927322792796,101.41421508789062,48200965.0
2023-07-03,102.31168133279552,103.20915222167969,101.86294588835342,103.20915222167969,87520052.0
2023-07-04,105.3730635209517,105.84347898309882,103.02098621021618,103.49140167236328,79691146.0
2023-07-05,103.49140079340079,103.9618162515526,101.13932350264167,102.08015441894531,50544581.0
2023-07-06,101.13932948541867,101.13932948541867,98.78725205552522,99.2576675415039,69069457.0
2023-07-07,98.78725205552522,99.7280830274826,98.31683656954652,99.2576675415039,30487502.0
2023-07-10,99.2576644386401,99.72807990991328,98.31683349609375,98.31683349609375,24605713.0
2023-07-11,98.78724670410156,99.25766216459729,98.31683124360585,98.78724670410156,23641103.0
2023-07-12,98.78725060751272,101.13932800292969,98.78725060751272,101.13932800292969,37582438.0
2023-07-13,102.0801535276609,102.55056898170542,100.66890716552734,100.66890716552734,29761053.0
2023-07-14,101.13932657459556,103.02098846435547,100.1984956297156,103.02098846435547,43171954.0
2023-07-17,103.4913994284237,104.43223033231847,103.02098397647633,103.9618148803711,41250219.0
2023-07-18,103.96181576592582,106.78430850165232,103.49140030997141,105.37306213378906,52327726.0
2023-07-19,106.31389354231172,106.78430900046354,101.60973896079349,102.08015441894531,54580337.0
2023-07-20,102.55057214807582,103.49140308521413,101.13932574236836,101.6097412109375,32928924.0
2023-07-21,100.66891252384629,102.08015896109647,100.19849704476289,101.13932800292969,24874943.0
2023-07-24,101.6097412109375,102.08015667950666,100.6689102737992,101.6097412109375,19757373.0
2023-07-25,102.08015394210815,105.37306213378906,102.08015394210815,105.37306213378906,60570621.0
2023-07-26,105.37306439181614,105.84347985785104,104.43223345974636,104.90264892578125,30040003.0
2023-07-27,105.37306123621323,106.313892140108,103.9618148803711,103.9618148803711,31329930.0
2023-07-28,103.96181940923543,104.43223488167541,103.02098846435547,103.02098846435547,22140011.0
2023-07-31,103.9618162515526,104.43223170970442,102.08015441894531,102.08015441894531,30316038.0
2023-08-01,103.02098397647633,104.43223033231847,102.55056852452894,103.9618148803711,23966725.0
2023-08-02,103.49140308521413,103.96181855378327,101.6097412109375,101.6097412109375,33642403.0
2023-08-04,102.5505738129487,104.43223571777344,102.5505738129487,104.43223571777344,38960707.0
2023-08-07,105.37306582655538,105.84348129899534,103.02098846435547,103.02098846435547,45334600.0
2023-08-08,103.9618148803711,104.43223033231847,103.02098397647633,103.9618148803711,29163604.0
2023-08-09,103.9618148803711,104.90264578426584,103.4913994284237,103.9618148803711,20348974.0
2023-08-10,104.4322325966575,104.4322325966575,103.02098621021618,103.49140167236328,22241741.0
2023-08-11,103.49140079340079,103.9618162515526,102.08015441894531,102.08015441894531,22550572.0
2023-08-14,103.02098621021618,103.96181713451038,102.55057074806908,103.49140167236328,29995115.0
2023-08-15,101.60973807361638,102.55056898170542,100.66890716552734,100.66890716552734,63923173.0
2023-08-16,100.19849851346129,100.19849851346129,98.78725205552522,99.2576675415039,43637112.0
2023-08-17,99.25766302834094,100.66890942210883,99.25766302834094,100.19849395751953,24569578.0
2023-08-18,100.19849622474526,100.6689116999788,99.25766527427817,99.72808074951172,17125216.0
2023-08-21,100.19849622474526,100.6689116999788,99.25766527427817,99.72808074951172,10711817.0
2023-08-22,100.19849395751953,100.66890942210883,99.72807849293024,100.19849395751953,13146421.0
2023-08-23,100.19849395751953,101.13932488669812,99.72807849293024,100.19849395751953,16513876.0
2023-08-24,102.55057299191549,103.96181940923543,102.08015751947552,103.02098846435547,50697365.0
2023-08-25,102.08015667950666,102.55057214807582,101.6097412109375,101.6097412109375,21088268.0
2023-08-28,102.08015667950666,102.55057214807582,101.6097412109375,101.6097412109375,16737977.0
2023-08-29,101.6097426504459,102.08015812567945,98.78724979904462,99.72808074951172,64075629.0
2023-08-30,100.19849622474526,100.6689116999788,99.72808074951172,99.72808074951172,20719271.0
2023-08-31,99.72807849293024,100.66890942210883,99.25766302834094,100.19849395751953,56712590.0
2023-09-01,100.19849704476289,101.13932800292969,100.19849704476289,101.13932800292969,14016360.0
2023-09-04,101.13932488669812,101.60974035128741,99.25766302834094,100.19849395751953,21196486.0
2023-09-05,100.19849171148282,100.66890716552734,99.7280762574383,100.66890716552734,13373644.0
2023-09-06,100.19849622474526,100.6689116999788,99.72808074951172,99.72808074951172,16988014.0
2023-09-07,99.7280830274826,99.7280830274826,99.2576675415039,99.2576675415039,14559702.0
2023-09-08,99.25766527427817,99.72808074951172,98.78724979904462,99.72808074951172,12030780.0
2023-09-11,99.72807762509301,99.72807762509301,98.78724670410156,98.78724670410156,17772579.0
2023-09-12,99.7280815656795,101.13932800292969,99.2576660865961,101.13932800292969,29770627.0
2023-09-13,100.6689116999788,101.13932717521236,99.25766527427817,99.72808074951172,18281220.0
2023-09-14,100.19849395751953,100.66890942210883,99.72807849293024,100.19849395751953,15804957.0
2023-09-15,100.19849622474526,100.6689116999788,99.72808074951172,99.72808074951172,35465752.0
2023-09-18,99.72807849293024,100.19849395751953,99.25766302834094,100.19849395751953,19079463.0
2023-09-19,100.19849395751953,101.13932488669812,100.19849395751953,100.19849395751953,13714612.0
2023-09-20,100.19849622474526,100.6689116999788,99.72808074951172,99.72808074951172,18615029.0
2023-09-21,99.72807762509301,100.19849308558874,98.78724670410156,98.78724670410156,22188851.0
2023-09-22,98.78724670410156,99.25766216459729,98.78724670410156,98.78724670410156,15051487.0
2023-09-25,99.2576675415039,99.7280830274826,98.78725205552522,99.2576675415039,16313538.0
2023-09-26,98.78725125239446,99.25766673454872,97.84642028808594,97.84642028808594,30099451.0
2023-09-27,97.84642028808594,98.3168357702402,97.37600480593169,97.84642028808594,16064926.0
2023-09-28,98.3168357702402,98.3168357702402,96.90558932377742,97.84642028808594,21103053.0
2023-10-02,97.84641802482058,98.78724896736692,97.84641802482058,98.31683349609375,13885858.0
2023-10-03,97.84642028808594,98.3168357702402,97.37600480593169,97.84642028808594,17439779.0
2023-10-04,96.90558624267578,97.37600170987324,96.43517077547833,96.90558624267578,27359567.0
2023-10-05,96.9055839944001,97.84641490696708,96.9055839944001,97.3759994506836,16616231.0
2023-10-06,98.78725205552522,99.7280830274826,98.31683656954652,99.2576675415039,28044586.0
2023-10-11,100.19849622474526,100.19849622474526,99.25766527427817,99.72808074951172,28530118.0
2023-10-12,100.19849171148282,100.66890716552734,99.7280762574383,100.66890716552734,27974396.0
2023-10-13,100.66891252384629,101.13932800292969,99.7280815656795,101.13932800292969,26550436.0
2023-10-16,100.66890716552734,101.13932261957186,100.19849171148282,100.66890716552734,17125445.0
2023-10-17,101.13932488669812,101.60974035128741,100.19849395751953,100.19849395751953,15540479.0
2023-10-18,99.7280830274826,100.19849851346129,98.78725205552522,99.2576675415039,26924552.0
2023-10-19,98.78724581953408,99.25766127581758,96.9055839944001,97.3759994506836,36902352.0
2023-10-20,96.9055839944001,98.31683036325059,96.9055839944001,97.3759994506836,32000342.0
2023-10-23,95.96475902955923,95.96475902955923,94.08309708780317,94.55351257324219,82749215.0
2023-10-24,93.8949270809559,93.8949270809559,91.54284982119216,92.48368072509766,110028656.0
2023-10-25,92.4836865170339,93.61268080123747,92.4836865170339,93.14226531982422,40481603.0
2023-10-26,92.48368878582336,92.86001543780944,92.20143661886301,92.6718521118164,37967556.0
2023-10-27,92.67184718368894,93.04818099363303,92.38959503173828,92.38959503173828,33142928.0
2023-10-30,92.48368399188406,92.67184730812356,88.43810809100115,88.90852355957031,134995332.0
2023-10-31,89.47302681261462,91.1665254866082,89.47302681261462,90.79019165039062,56204082.0
2023-11-01,90.69611097901722,90.79019264460915,89.94344329833984,89.94344329833984,26230059.0
2023-11-02,90.50793720487285,91.63693868516124,90.3197738804768,91.26060485839844,25008686.0
2023-11-03,90.13160705566406,90.50793368984084,89.56710274845801,90.13160705566406,42627707.0
2023-11-06,90.5079354582957,91.91918189794463,90.5079354582957,90.69610595703125,38328942.0
2023-11-07,90.6961086739208,91.07244250469475,89.84935934917215,90.41385650634766,27742358.0
2023-11-08,90.03752171591204,91.63693868516124,90.03752171591204,91.26060485839844,19441199.0
2023-11-09,91.63693772641012,92.57776869448831,91.54285606519643,92.10735321044922,30810327.0
2023-11-10,92.10734692582895,92.20142858062331,91.2605976767394,91.44876098632812,16271698.0
2023-11-13,92.01326302480355,92.57776011775934,91.73101088934067,91.91917419433594,18203271.0
2023-11-14,92.57776370366045,95.02392265319824,92.38959321340663,94.08309173583984,46678644.0
2023-11-15,94.55351257324219,95.49434354412021,93.89493376481583,94.55351257324219,51077691.0
2023-11-16,95.02392578125,95.4943412554146,94.55351030708539,95.02392578125,30695116.0
2023-11-17,95.49434207823218,97.37600399110376,95.02392660001429,96.43517303466797,46873557.0
2023-11-20,96.4351722037438,96.4351722037438,95.02392578125,95.02392578125,29812892.0
2023-11-21,95.96475755645008,96.43517303466797,95.02392660001429,96.43517303466797,36969965.0
2023-11-22,96.9055908053529,97.84642178404566,95.96475982666016,95.96475982666016,28364466.0
2023-11-23,96.43516991526036,96.90558537826162,95.02392352625654,95.49433898925781,22618693.0
2023-11-24,95.96475445225909,96.43516991526036,95.02392352625654,95.49433898925781,20946560.0
2023-11-27,96.43516991526036,96.90558537826162,95.49433898925781,95.49433898925781,23065767.0
2023-11-28,95.96475755645008,96.90558851288586,95.96475755645008,96.43517303466797,26026370.0
2023-11-29,96.43517531600654,96.9055908053529,95.49434433731379,95.96475982666016,31821148.0
2023-11-30,95.96475445225909,96.43516991526036,95.02392352625654,95.49433898925781,40730573.0
2023-12-01,95.02392805868121,95.49434354412021,94.55351257324219,94.55351257324219,26482926.0
2023-12-04,95.02392578125,95.4943412554146,94.55351030708539,95.02392578125,14718271.0
2023-12-05,95.02392578125,95.96475672957921,94.55351030708539,95.02392578125,21884962.0
2023-12-06,95.4943412554146,95.96475672957921,95.02392578125,95.02392578125,15330669.0
2023-12-07,95.02392578125,95.4943412554146,94.55351030708539,95.02392578125,13982251.0
2023-12-08,95.02392352625654,95.96475445225909,95.02392352625654,95.49433898925781,16070568.0
2023-12-11,95.4943412554146,95.96475672957921,94.55351030708539,95.02392578125,24953090.0
2023-12-12,95.02392578125,95.4943412554146,94.55351030708539,95.02392578125,19973869.0
2023-12-13,94.55351030708539,95.4943412554146,94.55351030708539,95.02392578125,15105897.0
2023-12-14,95.49434433731379,95.96475982666016,95.02392884796741,95.96475982666016,32650955.0
2023-12-15,95.49433898925781,95.96475445225909,95.02392352625654,95.49433898925781,40775463.0
2023-12-18,95.49434433731379,95.96475982666016,95.02392884796741,95.96475982666016,27764780.0
2023-12-19,95.96475755645008,96.43517303466797,95.49434207823218,96.43517303466797,32860763.0
2023-12-20,96.43517161100105,98.31683349609375,96.43517161100105,98.31683349609375,54287637.0
2023-12-21,96.9055839944001,97.3759994506836,96.4351685381166,97.3759994506836,34805864.0
2023-12-22,97.3759994506836,97.84641490696708,96.9055839944001,97.3759994506836,23776427.0
2023-12-25,97.3759994506836,97.84641490696708,96.9055839944001,97.3759994506836,11295535.0
2023-12-26,97.84642028808594,97.84642028808594,97.37600480593169,97.84642028808594,9920950.0
2023-12-27,97.84641490696708,97.84641490696708,96.9055839944001,97.3759994506836,18875621.0
2023-12-28,97.37600480593169,97.84642028808594,96.90558932377742,97.84642028808594,23057092.0
2023-12-29,97.84641802482058,98.78724896736692,97.3760025535474,98.31683349609375,25969421.0
2024-01-02,98.31683124360585,98.78724670410156,97.84641578311012,98.78724670410156,19921105.0
2024-01-03,98.31683349609375,98.78724896736692,97.84641802482058,98.31683349609375,18957682.0
2024-01-04,98.3168357702402,98.78725125239446,97.84642028808594,97.84642028808594,15488559.0
2024-01-05,97.84642028808594,98.3168357702402,97.84642028808594,97.84642028808594,13349572.0
2024-01-08,97.3760008412629,97.84641630426417,95.49433898925781,95.49433898925781,34642006.0
2024-01-09,95.96475672957921,96.4351722037438,95.02392578125,95.02392578125,25228043.0
2024-01-10,95.02392265319824,95.49433811187744,94.08309173583984,94.08309173583984,22800432.0
2024-01-11,94.08309708780317,95.96475902955923,93.8008449253515,94.55351257324219,34453180.0
2024-01-12,94.08309708780317,95.49434354412021,94.08309708780317,94.55351257324219,29241441.0
2024-01-15,95.02392265319824,95.49433811187744,94.08309173583984,94.08309173583984,22480585.0
2024-01-16,93.89492842355627,94.55350719451904,93.42451296487707,94.08309173583984,25892269.0
2024-01-17,93.89493162185006,94.08309494054295,92.6718485164348,92.76593017578125,47592663.0
2024-01-18,93.14226437829639,94.08309533161251,93.04818271855888,93.989013671875,18106511.0
2024-01-19,94.08309708780317,95.02392805868121,94.08309708780317,94.55351257324219,16417094.0
2024-01-22,94.55351080827057,95.02392628492863,93.989013671875,93.989013671875,22982811.0
2024-01-23,94.08309483292079,95.4943412554146,93.98901317368197,95.02392578125,18993909.0
2024-01-24,95.02392805868121,95.49434354412021,94.55351257324219,94.55351257324219,13198166.0
2024-01-25,95.02392884796741,95.96475982666016,94.55351335862105,95.96475982666016,24228872.0
2024-01-26,95.96475755645008,97.37600399110376,95.96475755645008,96.43517303466797,25615989.0
2024-01-29,96.43517303466797,96.90558851288586,95.96475755645008,96.43517303466797,16386992.0
2024-01-30,96.43517531600654,96.9055908053529,95.96475982666016,95.96475982666016,17551728.0
2024-01-31,95.96475755645008,96.43517303466797,95.49434207823218,96.43517303466797,18545562.0
2024-02-01,96.43517077547833,96.90558624267578,95.96475530828087,96.90558624267578,14397907.0
2024-02-02,96.43517531600654,96.9055908053529,95.49434433731379,95.96475982666016,16516773.0
2024-02-05,95.49433898925781,95.96475445225909,95.02392352625654,95.49433898925781,17438135.0
2024-02-15,95.4943412554146,95.96475672957921,95.02392578125,95.02392578125,27953440.0
2024-02-16,95.02392352625654,95.49433898925781,94.55350806325528,95.49433898925781,32615887.0
2024-02-19,95.49433984108342,96.90558624267578,95.02392437388596,96.90558624267578,24938217.0
2024-02-20,97.3759994506836,98.31683036325059,96.9055839944001,97.3759994506836,39410270.0
2024-02-21,97.37600170987324,97.84641717707069,96.90558624267578,96.90558624267578,18479374.0
2024-02-22,97.3759994506836,97.84641490696708,96.9055839944001,97.3759994506836,19601423.0
2024-02-23,97.37600170987324,97.84641717707069,96.90558624267578,96.90558624267578,17252304.0
2024-02-26,96.9055839944001,97.84641490696708,96.9055839944001,97.3759994506836,19894677.0
2024-02-27,97.84641490696708,98.31683036325059,96.9055839944001,97.3759994506836,28688693.0
2024-02-29,96.90558624267578,97.37600170987324,96.90558624267578,96.90558624267578,38390662.0
2024-03-01,96.9055908053529,97.37600629469928,95.96475982666016,95.96475982666016,28121335.0
2024-03-04,96.43517024080518,100.66890942210883,96.43517024080518,100.19849395751953,106351735.0
2024-03-05,100.66890942210883,102.08015581587671,100.19849395751953,100.19849395751953,75461014.0
2024-03-06,99.72807849293024,101.13932488669812,99.25766302834094,100.19849395751953,40347458.0
2024-03-07,101.60974348201307,102.08015896109647,100.66891252384629,101.13932800292969,47505374.0
2024-03-08,101.13932400658018,102.08015492757161,98.31683124360585,98.78724670410156,68582080.0
2024-03-11,98.78724921239566,104.9026503541154,98.78724921239566,103.02098846435547,139480002.0
2024-03-12,104.9026529328162,111.9588851928711,104.9026529328162,111.9588851928711,347034486.0
2024-03-13,114.31096342094706,116.19262537026306,111.01805500964406,113.37013244628906,338406505.0
2024-03-14,113.84054565429688,114.3109611322072,110.07722183101434,113.84054565429688,191622484.0
2024-03-15,120.4263583096591,125.13051293113016,119.48552738536488,124.18968200683594,403022484.0
2024-03-18,125.13051767910228,128.8938415190753,123.71927123911242,127.95301055908203,239249130.0
2024-03-19,125.13051767910228,127.95301055908203,122.30802479912253,127.95301055908203,171242442.0
2024-03-20,128.42342459637186,133.5979948182037,127.48259364694788,129.8346710205078,204806549.0
2024-03-21,132.6571587813528,136.4204824347245,130.77549695466695,134.0684051513672,183957559.0
2024-03-22,135.47965326997422,139.71339243466093,133.59799141900237,136.89089965820312,236266998.0
2024-03-25,138.30214604643203,138.772561509175,134.5388223444883,136.89089965820312,145490405.0
2024-03-26,137.36131566007373,138.30214658925232,130.7754991558236,133.59799194335938,180436950.0
2024-03-27,134.53882401077837,141.12464057074652,134.53882401077837,139.71339416503906,146369404.0
2024-03-28,141.5950697135312,147.71047139551095,141.12465419953276,146.29922485351562,196277222.0
2024-03-29,147.71045888768563,148.18087436185024,141.59505772354578,142.535888671875,123239000.0
2024-04-01,142.0654624355988,145.3583705052981,141.12463155854184,141.5950469970703,77891382.0
2024-04-02,143.0063008242433,150.06253277280797,142.06546989776803,149.5921173095703,178365027.0
2024-04-03,146.76962453014445,149.5921173095703,145.82879360366917,149.5921173095703,141177640.0
2024-04-08,149.5921218485772,150.5329528035997,147.24004446102094,148.6512908935547,108228836.0
2024-04-09,149.12170637106593,151.94419923613344,146.29921350599844,148.6512908935547,101725664.0
2024-04-10,149.59212249459574,150.53295345368124,144.8879676991682,145.35838317871094,97698334.0
2024-04-11,143.9471420288086,144.41755752563478,138.30215606689453,141.12464904785156,171910054.0
2024-04-12,142.0654624355988,144.41753962824114,139.7133852429564,141.5950469970703,117153973.0
2024-04-15,139.7133901413173,141.1246365063811,135.95006650114712,137.36131286621094,111843413.0
2024-04-16,134.06841196912399,134.53882744971742,129.36425716318982,132.65716552734375,175513013.0
2024-04-17,134.53881794275276,138.7725569689233,132.65715615334364,137.83172607421875,105075694.0
2024-04-18,135.95007262358794,139.71339643323745,135.95007262358794,139.24298095703125,74990020.0
2024-04-19,137.36132663113253,138.77257313761677,131.7163406051956,134.53883361816406,132498553.0
2024-04-22,133.12758711167982,136.89091112897114,133.12758711167982,134.53883361816406,71191312.0
2024-04-23,136.89090649286905,137.83173746532864,135.0092445479499,135.4796600341797,67495791.0
2024-04-24,138.77256002181616,147.71045371813653,137.83172910641403,146.76962280273438,191980597.0
2024-04-25,143.9471350943688,145.3583815168626,142.0654731977104,142.535888671875,108275889.0
2024-04-26,147.24004280336442,148.65128922001009,144.8879654422883,145.82879638671875,99130006.0
2024-04-29,147.7104576905067,151.47378145332215,146.76962674980282,149.1217041015625,98183957.0
2024-04-30,150.06253100664188,151.4737773797451,146.76962280273438,146.76962280273438,72258292.0
2024-05-02,144.41755448378527,145.82880094453887,143.00630802303166,144.88796997070312,67014593.0
2024-05-03,148.18086917583759,149.59211554894082,146.76962280273438,146.76962280273438,67145053.0
2024-05-06,151.9442017968021,158.53001859294835,151.4737863113631,157.5891876220703,177370587.0
2024-05-07,159.47085571289062,160.88210222362417,156.64836269142353,159.47085571289062,124701709.0
2024-05-08,158.53002470573492,161.352517727202,158.05960920215708,159.47085571289062,75120589.0
2024-05-09,159.47085114867807,164.6454215399331,159.47085114867807,160.41168212890625,113944686.0
2024-05-10,161.352517727202,161.82293323077985,157.11877819500137,159.47085571289062,84399408.0
2024-05-13,160.88210222362417,162.76376423793556,159.00044020931279,159.47085571289062,77795848.0
2024-05-14,159.94125987208167,164.6454145742017,158.05959799123366,161.8229217529297,124475075.0
2024-05-15,158.05960467833577,163.7045905597049,155.7075272277653,160.41168212890625,155589110.0
2024-05-16,164.64541688257333,168.40874069703216,160.41167759130718,161.35250854492188,149892909.0
2024-05-17,162.76374637379365,162.76374637379365,157.11876095042507,159.94125366210938,87995690.0
2024-05-20,159.94126504926538,160.4116805347044,156.17794116575325,157.5891876220703,73840961.0
2024-05-21,156.1779327392578,158.53001003954785,155.7075172791998,156.1779327392578,46498585.0
2024-05-22,156.17793445474297,160.41167364176914,156.17793445474297,159.00042724609375,55204400.0
2024-05-23,163.234163626081,163.7045790832167,159.47083996899556,162.7637481689453,83577643.0
2024-05-24,161.8229189786044,165.58624267578125,160.8820880543102,165.58624267578125,69225558.0
2024-05-27,168.40874048181482,174.05372619628906,167.93832500560865,174.05372619628906,113997157.0
2024-05-28,174.52413940429688,174.9945548743893,172.64247752392708,174.52413940429688,67804130.0
2024-05-29,174.52414697028925,174.9945624607752,169.8199920654297,169.8199920654297,75213627.0
2024-05-30,166.5270713395505,168.87914861835773,165.58624042802762,166.05665588378906,78702491.0
2024-05-31,166.52707645504975,168.40873833589777,161.8229217529297,161.8229217529297,147141860.0
2024-06-03,166.5270713395505,168.87914861835773,164.1749940607433,166.05665588378906,89188697.0
2024-06-04,164.64540358872443,166.0566499051992,159.94124920047514,160.882080078125,101915226.0
2024-06-05,160.88209025065106,167.4679068106192,158.5300129078053,165.11582946777344,117365054.0
2024-06-06,170.76082144723813,172.17206790547976,166.99749755859375,166.99749755859375,121092025.0
2024-06-07,166.99749755859375,169.3495749889965,166.05666658643267,166.99749755859375,55448022.0
2024-06-11,168.40874559397182,170.7608230464016,166.99749912251397,169.8199920654297,83420531.0
2024-06-12,173.11289908854167,176.87622298177084,171.70165262858075,176.4058074951172,124760086.0
2024-06-13,179.69871068000793,183.46203446388245,176.87621784210205,180.63954162597656,146691778.0
2024-06-14,181.10996034410263,186.7549461210617,179.6987138998629,186.28453063964844,123524930.0
2024-06-17,185.81410617828368,188.1661834716797,183.4620288848877,188.1661834716797,90030798.0
2024-06-18,188.63660575040342,189.1070212260902,185.34369742059587,186.75494384765625,90319019.0
2024-06-19,188.166185200508,195.69283260852833,187.69576973750674,190.98867797851562,173889577.0
2024-06-20,192.8703501032687,204.6307373046875,191.45910363909843,204.6307373046875,177537123.0
2024-06-21,198.51533054855634,204.63073172659244,198.51533054855634,199.45616149902344,163458287.0
2024-06-24,197.10408075573375,197.5744962229312,192.87034155095665,193.81117248535156,104052744.0
2024-06-25,190.98868730734875,199.4561660549652,189.10702536343396,198.5153350830078,116945868.0
2024-06-26,198.9857397896903,202.74906347365607,197.57449340820312,197.57449340820312,107811774.0
2024-06-27,195.69283547794117,201.80823658662683,195.22242000804226,199.92657470703125,84781047.0
2024-06-28,201.3378143310547,203.21947614723277,199.92656796892112,201.3378143310547,75725075.0
2024-07-01,202.2786514847367,204.16031335901332,201.80823601616754,203.219482421875,73503014.0
2024-07-02,204.5704127827017,205.5353675599786,195.88581978720964,197.333251953125,142637509.0
2024-07-03,197.81572802313443,200.7105923356681,195.8858184814453,195.8858184814453,75817371.0
2024-07-04,200.71059718276516,207.4652807418005,200.2281197856912,206.98280334472656,110905158.0
2024-07-05,206.5003259476526,207.9477581388745,205.05289375643076,206.98280334472656,43052441.0
2024-07-08,209.39518552531732,218.562255859375,208.91270813931428,218.562255859375,114405840.0
2024-07-09,218.5622600885294,226.28189841395206,212.77253134446238,217.59730529785156,137762761.0
2024-07-10,217.5972984365169,218.0797758166422,212.77252463526375,215.66738891601562,70302456.0
2024-07-11,218.5622600885294,220.974647065224,216.1498731118348,217.59730529785156,65419255.0
2024-07-12,211.32510121663412,213.25501081678604,206.50032721625436,208.43023681640625,137754131.0
2024-07-15,208.9127197265625,211.3251067903796,206.98281007550878,208.9127197265625,52526510.0
2024-07-16,208.91271163152416,209.87766641966053,205.0528924789787,205.53536987304688,82245845.0
2024-07-17,205.53537411959667,209.87767075592618,204.08794190748682,204.57041931152344,75060648.0
2024-07-18,198.78069395177505,201.6755584268009,195.8858294767492,196.8507843017578,132207113.0
2024-07-19,193.47344241422766,196.8507843017578,192.99096500172334,196.8507843017578,90412154.0
2024-07-22,195.88582486239346,196.85077966467125,184.30636723505987,185.75379943847656,158438644.0
2024-07-23,191.54352071681626,194.43838500976562,190.09608857034158,194.43838500976562,83955746.0
2024-07-26,183.3414069811503,187.2012260754903,181.8939748207728,185.2713165283203,101861581.0
2024-07-29,189.1311468410986,190.09610167192054,185.27132751781087,186.2362823486328,58864802.0
2024-07-30,183.82388282308773,190.09608879867866,182.37645067487443,189.13113403320312,55246089.0
2024-07-31,187.68370861477322,194.9208696153429,187.20123121473526,191.06105041503906,76997270.0
2024-08-01,197.81573787736303,198.29821528682004,193.4734411922502,195.40335083007812,70033754.0
2024-08-02,185.7537942022165,187.6837037523694,178.99911077668136,179.9640655517578,170805688.0
2024-08-05,163.55984374455045,166.45470823560441,162.11241149902344,162.11241149902344,229394141.0
2024-08-06,167.41965737414003,168.86708957045826,154.3927676072761,161.6299285888672,309246386.0
2024-08-07,163.07736331346797,168.86709218850234,162.11240850096226,164.52479553222656,170623130.0
2024-08-08,157.77011108398438,160.66497550754372,155.3577240643516,157.77011108398438,171908756.0
2024-08-09,164.04231130899944,165.97222085381122,162.1124017641877,162.59487915039062,137129939.0
2024-08-12,165.97222726995295,172.72691093791616,165.48974986509845,169.83204650878906,110929344.0
2024-08-13,173.6918597985368,176.5867241285124,171.7619502452197,174.6568145751953,111247858.0
2024-08-14,179.48159238912987,180.4465471869209,177.06920539465233,178.99911499023438,98234123.0
2024-08-15,178.99911107015873,179.481588458488,174.6568145751953,174.6568145751953,83391282.0
2024-08-16,179.4815911002781,180.4465458911398,176.58672672769296,177.5516815185547,72396121.0
2024-08-19,178.51663885269573,181.41150326652323,178.03416145039117,180.44654846191406,57256994.0
2024-08-20,182.85892987698716,184.30636203960185,179.4815881642196,179.9640655517578,80711041.0
2024-08-21,178.5166307496115,179.48158551042022,175.13928908678102,177.06919860839844,71607014.0
2024-08-22,177.55167756572075,178.51663233509967,172.72690371882615,173.20938110351562,72229297.0
2024-08-23,169.83204481336807,174.65681881374783,168.8670900132921,173.69186401367188,49085475.0
2024-08-26,175.62176513671875,178.51662939721413,174.17433300647107,175.62176513671875,42223023.0
2024-08-27,175.13930175443105,175.62177916973252,172.72691467792373,174.17434692382812,27898074.0
2024-08-28,174.65681840017479,179.48159238912987,173.20938620348824,178.99911499023438,59781576.0
2024-08-29,174.17434514570365,178.99911924946275,173.69186773532775,178.03416442871094,57658983.0
2024-08-30,178.51664183908684,179.48159665983866,177.06920960795912,178.03416442871094,50920206.0
2024-09-02,178.99911799196337,180.44655021292263,175.62177614305838,176.58673095703125,35772515.0
2024-09-03,177.55167731207771,180.44654161607897,176.58672254407728,178.51663208007812,50713412.0
2024-09-04,168.8670846413105,174.656813257584,165.97222033317374,173.20938110351562,124980705.0
2024-09-05,173.6918701171875,174.65682495117187,168.86709594726562,168.86709594726562,75390366.0
2024-09-06,169.34955940570777,171.76194629182896,168.86708202848354,170.31451416015625,38390840.0
2024-09-09,165.97222900390625,167.90213864348655,164.52479677422102,165.97222900390625,66946358.0
2024-09-10,167.41965868346085,167.90213608600686,161.6299298529089,163.07736206054688,89950703.0
2024-09-11,164.04232238949575,165.9722320646663,163.55984497070312,163.55984497070312,29053719.0
2024-09-12,168.38461553009464,171.27947998046875,167.90213812169895,171.27947998046875,52398341.0
2024-09-13,172.72691093791616,173.20938834277067,168.86709169908005,169.83204650878906,34996605.0
2024-09-16,170.79699546856116,175.62176935185386,168.8670859152441,174.6568145751953,53785495.0
2024-09-18,172.72690398117592,173.2093813665982,167.41965274153085,167.90213012695312,76540029.0
2024-09-19,168.3846046512593,170.31451416015625,166.93717251958657,170.31451416015625,41446153.0
2024-09-20,173.69186142743644,175.6217709988524,170.7969970703125,170.7969970703125,81520029.0
2024-09-23,171.76195441352,174.17434141370987,171.279477013482,173.69186401367188,30529852.0
2024-09-24,172.72691170113984,177.5516857710041,171.761956887167,176.58673095703125,56746047.0
2024-09-25,179.96407231095617,184.30636896189077,179.48159490529676,181.89398193359375,117055770.0
2024-09-26,185.2713194673483,186.23627425624073,181.89397770622475,182.8589324951172,65079925.0
2024-09-27,185.27132076243456,187.20123035370992,183.3414111711592,184.30636596679688,67106252.0
2024-09-30,183.34141845703124,184.30637329101563,180.9290313720703,180.9290313720703,61700675.0
2024-10-01,182.37645807113242,183.34141287574158,178.99911625500033,180.44654846191406,33579126.0
2024-10-04,181.41150405726484,189.61361993219435,181.41150405726484,187.20123291015625,114048146.0
2024-10-07,192.02599966314776,192.02599966314776,188.16618057444126,190.5785675048828,83512089.0
2024-10-08,190.09609733660196,190.5785747410096,187.20123291015625,187.20123291015625,53834729.0
2024-10-09,191.0610461977858,192.9909557553392,190.0960914190091,192.0260009765625,83114046.0
2024-10-11,192.99095153808594,194.9208610534668,192.0259967803955,192.99095153808594,69936130.0
2024-10-14,192.9909557553392,192.9909557553392,189.61361402962078,192.0260009765625,36211894.0
2024-10-15,193.95590740701425,200.22811336793762,193.47343002540478,199.74563598632812,126315098.0
2024-10-16,196.8507800590701,200.22812187380907,196.36830265696454,197.81573486328125,96069107.0
2024-10-17,200.22811468842505,201.6755468427992,196.85077299488535,201.1930694580078,65050499.0
2024-10-18,202.64050587114082,203.6054606610034,199.74564150155308,200.22811889648438,101109312.0
2024-10-21,202.6405029296875,206.0178446451823,201.67554815383187,202.6405029296875,58640655.0
2024-10-22,203.60545742096866,208.43023129350348,201.67554787195476,207.94775390625,87878376.0
2024-10-23,206.98280461629233,209.3951916164822,205.5353724161784,208.43023681640625,51043274.0
2024-10-24,207.46527813850565,207.94775552952544,202.64050422830786,204.0879364013672,78486941.0
2024-10-25,205.0528950161404,208.43023681640625,204.57041761610245,208.43023681640625,49063789.0
2024-10-28,210.84262812414835,213.73749258351882,206.50033143509268,207.4652862548828,93823853.0
2024-10-29,205.5353771564784,205.5353771564784,199.74564822249312,202.1580352783203,85568817.0
2024-10-30,202.15802683728808,207.94775552952544,201.6755494462683,204.0879364013672,67172212.0
2024-11-01,194.92087290837213,201.19307921482965,194.4383955001831,200.71060180664062,87793218.0
2024-11-04,201.6755465926411,206.5003204345703,200.71059182425526,206.5003204345703,57179294.0
2024-11-05,204.57041089779864,207.94775258714907,203.6054561294128,206.5003204345703,43137748.0
2024-11-06,207.46528500416238,209.3951946321081,205.05289796923026,206.01785278320312,66841891.0
2024-11-07,204.5704134752124,211.3250969390166,204.5704134752124,209.3951873779297,75949925.0
2024-11-08,211.80757008123837,212.29004746183344,209.87766055885805,210.36013793945312,53938151.0
2024-11-11,211.8075769251043,212.29005432128906,209.87766734036532,212.29005432128906,41304740.0
2024-11-12,209.87766212392077,210.8426168923066,206.5003204345703,206.5003204345703,67724865.0
2024-11-13,205.05289375643076,208.9127129330224,205.05289375643076,206.98280334472656,54978607.0
2024-11-14,207.46527813850565,207.94775552952544,201.6755494462683,204.0879364013672,71008649.0
2024-11-15,204.570409802423,206.98279671047044,198.78068122310916,199.74563598632812,99347209.0
2024-11-18,197.81573787736303,200.71060233410495,194.92087342062115,195.40335083007812,59712102.0
2024-11-19,196.36830139160156,197.81573358859126,193.95591439661874,196.36830139160156,59058419.0
2024-11-20,198.7806854248047,198.7806854248047,198.7806854248047,198.7806854248047,44351353.0
2024-11-21,197.81573787736303,197.81573787736303,194.92087342062115,195.40335083007812,49115813.0
2024-11-22,198.2982054085567,199.74563756482354,195.8858184814453,195.8858184814453,36997322.0
2024-11-25,198.7806892304409,203.12298583984375,198.29821182939617,203.12298583984375,80172067.0
2024-11-26,199.74564751519097,199.74564751519097,194.92087342062115,195.40335083007812,92584940.0
2024-11-27,193.4734361177789,193.95591351458134,189.61361694335938,189.61361694335938,92029898.0
2024-11-28,189.1311437894621,192.0260082352192,186.23627934370504,188.64866638183594,56842531.0
2024-11-29,186.71875675133123,192.0260082352192,185.75380193607887,188.64866638183594,48382854.0
2024-12-02,191.54352094689193,192.50847571236747,188.64865665046537,189.13113403320312,46054629.0
2024-12-03,191.54352653056915,192.99095872097647,189.61361694335938,189.61361694335938,50430915.0
2024-12-04,190.57857551384922,194.43839476476262,190.09609810748503,193.95591735839844,48810602.0
2024-12-05,195.88582009166927,196.36829748105762,192.0260009765625,192.0260009765625,45629278.0
2024-12-06,192.508482615153,194.4383922153049,190.5785730150011,191.06105041503906,46385653.0
2024-12-09,191.54352522629958,192.02600261981672,188.1661834716797,188.1661834716797,39186123.0
2024-12-10,186.2362713019053,188.16618084907532,185.2713165283203,185.2713165283203,55981201.0
2024-12-11,183.34140434466974,187.2012233835049,182.37644958496094,182.37644958496094,62875365.0
2024-12-12,183.82389155623136,186.23627858452835,181.89398193359375,181.89398193359375,47067315.0
2024-12-13,181.8939751019107,182.85892987698716,178.99911077668136,179.9640655517578,52081754.0
2024-12-16,181.41149365770949,182.85892578795716,175.13928775996953,175.62176513671875,71398289.0
2024-12-17,174.65682132908555,179.4815953989498,174.65682132908555,176.58673095703125,54107138.0
2024-12-18,176.58673219758322,178.99911924946275,176.1042547872073,178.03416442871094,46803571.0
2024-12-19,174.6568145751953,175.62176935185386,172.72690502187825,174.6568145751953,62303203.0
2024-12-20,174.6568145751953,177.55167890517095,173.6918597985368,174.6568145751953,55158347.0
2024-12-23,178.51663759133888,180.92902458581642,177.55168279354785,178.99911499023438,50507684.0
2024-12-24,180.92902458581642,180.92902458581642,178.99911499023438,178.99911499023438,32584682.0
2024-12-25,179.9640655517578,181.4114977143725,179.4815881642196,179.9640655517578,21198608.0
2024-12-26,180.9290313720703,182.37646362304687,180.44655395507812,180.9290313720703,35581123.0
2024-12-27,180.92902032683426,181.4114977143725,178.99911077668136,179.9640655517578,20870917.0
2024-12-30,178.99910946407834,180.44654161607897,178.03415469607793,178.51663208007812,23909208.0
2024-12-31,178.03415891398552,178.51663630941638,176.58672672769296,177.5516815185547,21179875.0
2025-01-02,177.55168022260276,179.48158979023972,175.13929326305652,176.104248046875,38301022.0
2025-01-03,176.5867241285124,177.55167890517095,174.17433718686604,174.6568145751953,46698161.0
2025-01-06,178.51664183908684,180.9290288909664,177.06920960795912,178.03416442871094,66600965.0
2025-01-07,180.44655095150597,185.27132504111842,179.96407354254472,183.34141540527344,80605094.0
2025-01-08,183.34140858751664,183.34140858751664,180.44654424139793,181.4114990234375,40650155.0
2025-01-09,181.4115050268955,181.4115050268955,176.58673095703125,176.58673095703125,44873514.0
2025-01-10,176.1042522924334,177.55168450305612,174.65682008181065,175.13929748535156,39132489.0
2025-01-13,173.6918617893586,174.17433918321794,165.48974609375,165.48974609375,148207264.0
2025-01-14,165.4897486295946,168.38461303710938,165.00727122834215,168.38461303710938,62025042.0
2025-01-15,168.3846048277024,169.349559583162,165.00726318359375,165.00726318359375,57853514.0
2025-01-16,168.86709471600886,169.8320495429575,166.93718506211164,167.41966247558594,41090927.0
2025-01-17,166.93718506211164,169.3495721294832,165.972230235163,167.41966247558594,44467947.0
2025-01-20,168.3846059649178,171.76194763183594,168.3846059649178,171.76194763183594,33266229.0
2025-01-21,172.2444305419922,173.6918627314207,170.7969983525637,172.2444305419922,31745824.0
2025-01-22,174.17434141370987,174.65681881374783,172.24443181355795,173.69186401367188,43634401.0
2025-02-03,158.2525800722243,162.11239909837613,157.77010269395535,159.70001220703125,155112848.0
2025-02-04,161.1474541866418,163.07736381761956,159.21754455566406,159.21754455566406,62817481.0
2025-02-05,161.14744416175532,165.48974056132357,161.14744416175532,165.00726318359375,50787569.0
2025-02-06,166.45470216784173,167.90213436060557,165.0072699750779,166.9371795654297,40235011.0
2025-02-07,168.8670833459061,171.76194763183594,167.9021285839295,171.76194763183594,50334024.0
2025-02-10,169.83203966864224,170.3145170540645,167.90213012695312,167.90213012695312,35975740.0
2025-02-11,171.76195862839342,175.6217779234135,169.83204898088337,172.72691345214844,69282654.0
2025-02-12,175.1392936059984,175.1392936059984,170.7969970703125,170.7969970703125,41760435.0
2025-02-13,170.79699961344403,174.65681881374783,170.79699961344403,173.69186401367188,40054109.0
2025-02-14,173.69185715578914,174.17433453677745,171.27947025084762,171.76194763183594,26170902.0
2025-02-17,173.20938369541952,176.104248046875,172.72690630351028,176.104248046875,46052153.0
2025-02-18,176.58672122799408,177.5516759888028,174.65681170637666,177.06919860839844,26614265.0
2025-02-19,177.06920836401767,178.0341631779905,175.62177614305838,176.58673095703125,33998620.0
2025-02-20,176.5867198902172,177.06919726696646,175.13928775996953,175.62176513671875,23201907.0
2025-02-21,175.13929873607196,177.5516857710041,174.65682132908555,176.58673095703125,34837198.0
2025-02-24,174.65681714596954,177.5516815185547,174.1743397505387,177.5516815185547,26499357.0
2025-02-25,175.13929924763426,175.62177665602994,171.27947998046875,171.27947998046875,62236037.0
2025-02-26,168.86709535551202,174.65682433912957,168.38461794021057,174.17434692382812,44189198.0
2025-02-27,173.69185875202047,175.1392909082873,167.90213012695312,167.90213012695312,78529299.0
2025-03-03,165.97222218232997,168.86708652271943,164.0423126220703,164.0423126220703,67754390.0
2025-03-04,159.70002146969793,165.97222775098516,159.21754406344508,164.52479553222656,68513242.0
2025-03-05,165.48975282168868,168.86709471600886,165.48975282168868,167.41966247558594,44481318.0
2025-03-06,169.3495721294832,169.8320495429575,167.41966247558594,167.41966247558594,28371666.0
2025-03-07,165.0072741841161,168.38461605338162,165.0072741841161,165.97222900390625,31346422.0
2025-03-10,167.41966123359148,167.90213864348655,164.04231936432595,165.97222900390625,35538548.0
2025-03-11,160.18249221937594,163.5598339227965,159.21753744697006,162.59487915039062,65518436.0
2025-03-12,163.07736331346797,165.4897503447323,163.07736331346797,164.52479553222656,39457767.0
2025-03-13,166.45470823560441,167.90214048113143,162.11241149902344,162.11241149902344,33203563.0
2025-03-14,162.59488045187558,164.52479001213524,162.11240306181065,164.0423126220703,32460048.0
2025-03-17,165.97223082042876,166.45470823560441,162.11241149902344,162.11241149902344,49505421.0
2025-03-18,163.0773607851854,163.55983818395814,161.14745119009444,161.6299285888672,38491878.0
2025-03-19,161.14744298051045,161.6299203547036,157.77010136115842,158.25257873535156,76827146.0
2025-03-20,159.21754032732494,161.1474499070501,158.73506293239365,160.1824951171875,36080294.0
2025-03-21,161.1474541866418,161.1474541866418,159.21754455566406,159.21754455566406,44208163.0
2025-03-24,160.6649698830821,161.1474472701184,157.28762817382812,157.28762817382812,40731359.0
2025-03-25,159.7000219634085,160.66497677889737,158.25258974017518,159.21754455566406,32238564.0
2025-03-26,160.1824951171875,161.1474499070501,159.21754032732494,160.1824951171875,18157417.0
2025-03-27,157.77010851708528,158.252585913162,154.39276674454828,154.875244140625,64776987.0
2025-03-28,152.4628618909167,152.9453393019639,147.63808778044466,148.60304260253906,106024520.0
2025-03-31,139.9184375919708,144.26073393103195,139.9184375919708,140.88339233398438,126784939.0
2025-04-01,143.29578449851587,147.6380809984709,142.81330710963198,146.67312622070312,59980318.0
2025-04-02,147.63808229924803,149.0855144786524,146.67312751297843,148.1205596923828,38028390.0
2025-04-07,133.646240234375,133.646240234375,133.646240234375,133.646240234375,26126364.0
2025-04-08,122.54925616455078,125.92659786987305,120.61934661865234,120.61934661865234,301202019.0
2025-04-09,114.82961717393663,118.206958855523,108.55741119384766,108.55741119384766,358282270.0
2025-04-10,119.17192077636719,119.17192077636719,119.17192077636719,119.17192077636719,35122259.0
2025-04-11,114.34714567616969,130.2689001374085,112.89971345242071,129.7864227294922,293820443.0
2025-04-14,136.54110464378385,139.91844645476084,131.23385322653428,133.646240234375,210223406.0
2025-04-15,134.12871340953322,135.09366818226366,131.23384909134185,134.61119079589844,84519852.0
2025-04-16,133.1637658511891,134.61119808870203,131.23385620117188,131.23385620117188,59628853.0
2025-04-17,129.7864227294922,130.75137754532483,127.37403568991054,129.7864227294922,63502645.0
2025-04-18,130.26889589879784,131.71632807545114,128.82146372214453,130.75137329101562,25953939.0
2025-04-21,130.2688917222914,132.1988012292883,129.78641434554217,131.71632385253906,31715258.0
2025-04-22,129.78641801891905,131.23385019013375,126.89155367648962,127.37403106689453,43756112.0
2025-04-23,131.233858616232,134.61120056591446,131.233858616232,134.12872314453125,64790108.0
2025-04-24,134.1287107362852,134.1287107362852,130.7513690990406,131.71632385253906,43373263.0
2025-04-25,135.57615540868088,136.05863283006408,133.64624572314804,134.12872314453125,53501504.0
2025-04-28,135.0936707613761,138.47101253041052,135.0936707613761,137.5060577392578,46661370.0
2025-04-29,136.5411084048398,138.47101806427216,136.0586309899817,137.98854064941406,37793068.0
2025-04-30,137.98853940930047,138.95349423034452,136.54110717773438,136.54110717773438,41225512.0
2025-05-02,139.43596155198955,142.81330318127647,138.95348417637712,142.33082580566406,58858234.0
2025-05-05,143.7782638817503,143.7782638817503,137.0235803436815,137.5060577392578,65835101.0
2025-05-06,137.5060507369368,141.36586970499118,137.02357336593002,140.88339233398438,52642201.0
2025-05-07,141.36587392872778,142.81330608499462,138.4710096161941,139.91844177246094,42941757.0
2025-05-08,140.4009149629776,141.36586970499118,139.435960220964,140.88339233398438,28650766.0
2025-05-09,141.3658807456088,142.33083556298496,140.40092592823262,141.84835815429688,29653062.0
2025-05-12,143.77825778138404,147.63807678222656,143.29578040627874,147.63807678222656,58159600.0
2025-05-13,153.91029232363158,155.84020194524453,151.49790529661541,152.46286010742188,91396561.0
2025-05-14,155.84019601271928,157.28762817382812,153.91028646457414,157.28762817382812,68720158.0
2025-05-15,157.2876354444737,157.2876354444737,152.94533876042382,153.91029357910156,68371776.0
2025-05-16,152.94533751282512,153.91029232363158,151.49790529661541,152.46286010742188,34064080.0
2025-05-19,151.4979070688223,152.4628618909167,148.60304260253906,148.60304260253906,51994460.0
2025-05-20,151.4979070688223,152.9453393019639,148.12056519149186,148.60304260253906,40404578.0
2025-05-21,149.5679931640625,151.01542535597278,149.08551576675907,149.5679931640625,28794921.0
2025-05-22,148.1205541573319,148.6030315324372,146.19064465691062,147.63807678222656,36180030.0
2025-05-23,150.5329522467279,150.5329522467279,147.63808778044466,148.60304260253906,22240124.0
2025-05-26,147.15559940712126,149.56798628264784,145.70816728180532,147.63807678222656,28674499.0
2025-05-27,148.1205583873548,149.56799055400649,146.67312622070312,146.67312622070312,27178660.0
2025-05-28,148.6030357762387,148.6030357762387,146.19064883181923,146.67312622070312,31301270.0
2025-05-29,149.0855115743784,152.46285326052936,148.60303419064252,150.53294372558594,88695221.0
2025-06-02,148.60304135181863,149.08551875880508,145.7081769099001,147.15560913085938,54596606.0
2025-06-03,148.12056825341958,149.5680005164823,146.19065856933594,146.19065856933594,37496603.0
2025-06-04,148.12055680690668,150.53294372558594,147.63807942317084,150.53294372558594,39430089.0
2025-06-05,151.01543090427805,151.4979083193077,150.05047607421875,150.05047607421875,34135967.0
2025-06-06,150.05046365775314,150.05046365775314,147.63807678222656,147.63807678222656,23622232.0
2025-06-09,149.56798763336872,150.0504650128312,148.60303287444376,149.08551025390625,18242233.0
2025-06-10,150.05047607421875,150.5329534892484,149.56799865918913,150.05047607421875,31625938.0
2025-06-11,151.01542110932178,151.9803758767935,150.0504663418501,150.53294372558594,26921144.0
2025-06-12,150.05046764555433,152.46285458519347,148.60303548177083,151.98037719726562,32770167.0
2025-06-13,151.49790403713433,152.94533624131077,150.53294923435004,151.0154266357422,37075939.0
2025-06-16,150.53294795866935,151.4979027532762,149.08551576675907,149.5679931640625,21564832.0
2025-06-17,151.01542535597278,151.4979027532762,149.08551576675907,149.5679931640625,25153697.0
2025-06-18,149.56798895811423,151.01542110932178,148.60303419064252,150.53294372558594,34125837.0
2025-06-19,150.0504748356807,150.5329522467279,148.60304260253906,148.60304260253906,20289055.0
2025-06-20,149.08552124415948,150.05047607421875,147.63808899907053,150.05047607421875,58365008.0
2025-06-23,147.63807942317084,150.53294372558594,146.67312465569913,150.53294372558594,48485749.0
2025-06-24,152.46285716024144,156.32267632885515,151.98037976416472,154.875244140625,66177329.0
2025-06-25,155.84020021226672,156.3226776123047,154.39276801215277,156.3226776123047,48074338.0
2025-06-26,156.32267339975556,158.2525829479007,155.84019601271928,157.28762817382812,64983063.0
2025-06-27,157.2876349246863,159.7000219634085,156.80515751694188,159.21754455566406,74726884.0
2025-06-30,160.1825011827931,160.66497859599426,155.35772705078125,155.35772705078125,59551541.0
2025-07-01,155.84019318087942,160.18248958530023,155.35771580261047,159.70001220703125,101734619.0
2025-07-02,160.0,162.0,160.0,162.0,64904578.0
2025-07-03,164.0,164.5,163.0,164.0,45499276.0
2025-07-04,164.0,164.5,160.5,161.0,27434055.0
2025-07-07,161.0,162.0,159.5,161.0,23838993.0
2025-07-08,160.5,161.0,158.5,159.0,30285544.0
2025-07-09,159.5,161.5,159.0,161.0,28926202.0
2025-07-10,161.0,162.5,160.0,161.5,29653356.0
2025-07-11,161.5,162.5,160.5,161.5,20131944.0
2025-07-14,161.5,162.5,160.5,160.5,18584525.0
2025-07-15,160.0,163.0,160.0,163.0,20264333.0
2025-07-16,163.0,164.0,162.5,162.5,23986877.0
2025-07-17,163.0,164.0,162.5,164.0,20425825.0
2025-07-18,165.0,166.0,164.5,165.5,34053809.0
2025-07-21,166.0,166.5,164.5,165.0,16688671.0
2025-07-22,165.0,166.0,161.5,162.0,37854645.0
2025-07-23,163.5,166.0,163.5,166.0,50337916.0
2025-07-24,168.0,174.0,167.5,174.0,124903778.0
2025-07-25,175.5,175.5,173.0,174.5,55406174.0
2025-07-28,176.0,178.0,175.5,176.0,54693143.0
2025-07-29,175.0,175.5,171.0,171.5,48559908.0
2025-07-30,171.5,171.5,171.5,171.5,0.0
2025-07-31,178.0,179.0,176.0,178.0,88011311.0
2025-08-04,179.5,181.0,178.5,180.0,43591055.0
2025-08-05,182.0,185.0,182.0,184.5,50872232.0
2025-08-06,185.5,188.5,184.0,186.0,67331558.0
2025-08-07,190.0,195.0,190.0,194.5,116627300.0
2025-08-08,197.0,197.0,193.5,194.5,63362046.0
2025-08-11,194.0,198.0,192.5,198.0,50587400.0
2025-08-12,198.5,199.0,195.5,197.0,37740908.0
2025-08-13,198.0,199.0,193.5,198.5,99654169.0
2025-08-14,197.5,200.0,197.0,199.5,76141475.0
2025-08-15,205.0,208.0,202.0,207.0,152202911.0
2025-08-18,207.5,210.0,206.0,210.0,71303659.0
2025-08-19,210.0,212.0,208.0,208.0,48799892.0
2025-08-20,206.0,206.5,200.0,200.5,120493896.0
2025-08-21,201.0,206.0,201.0,206.0,66575736.0
2025-08-22,208.0,208.0,202.0,202.5,52817040.0
2025-08-25,207.0,208.0,206.0,207.5,51151687.0
2025-08-26,207.0,209.0,206.0,209.0,40946610.0
2025-08-27,210.0,210.0,207.5,208.0,39112918.0
2025-08-28,207.5,207.5,204.0,206.0,45436240.0
2025-08-29,206.0,207.0,202.5,203.5,52960909.0
2025-09-01,203.0,204.5,197.0,198.5,67997565.0
2025-09-02,200.0,203.5,198.0,198.5,34829147.0
2025-09-03,198.5,201.0,197.0,200.5,33636295.0
2025-09-04,203.0,205.0,202.0,203.0,41160693.0
2025-09-05,205.5,206.5,203.0,205.0,37057097.0
2025-09-08,206.0,207.5,202.0,203.5,44569167.0
2025-09-09,204.5,208.0,204.0,207.5,63494345.0
2025-09-10,211.0,211.0,209.0,210.0,84148890.0
2025-09-11,212.0,216.5,209.0,214.5,129973733.0
2025-09-12,217.0,218.5,216.5,217.5,71479522.0
2025-09-15,218.5,218.5,213.0,216.0,55330938.0
2025-09-16,217.0,217.0,213.5,215.5,49662786.0
2025-09-17,214.0,214.5,211.0,212.0,55894730.0
2025-09-18,211.5,216.0,208.0,215.0,78891977.0
2025-09-19,216.5,217.0,214.0,214.0,56361409.0
2025-09-22,215.5,218.0,214.0,216.0,33805955.0
2025-09-23,218.0,222.0,217.5,221.0,103442188.0
2025-09-24,222.0,223.0,219.0,223.0,64385629.0
2025-09-25,223.0,231.0,222.5,230.0,123630302.0
2025-09-26,230.0,230.5,218.5,219.5,116991800.0
2025-09-30,224.0,224.0,215.5,216.0,87033036.0
2025-10-01,219.0,222.0,216.0,219.0,57644055.0
2025-10-02,221.5,226.0,221.0,225.5,71706441.0
2025-10-03,226.0,228.0,224.5,226.5,51488648.0
2025-10-07,230.0,231.5,225.0,228.5,64479912.0
2025-10-08,225.0,225.5,222.0,225.0,48654405.0
2025-10-09,227.0,227.0,221.0,221.5,54969959.0
2025-10-13,210.0,216.0,210.0,213.0,105751618.0
2025-10-14,216.0,217.5,205.0,206.0,103962992.0
2025-10-15,207.5,208.0,203.0,206.5,63725983.0
2025-10-16,215.0,225.5,211.5,223.0,150705656.0
2025-10-17,224.0,230.0,222.5,226.5,117393949.0
2025-10-20,230.0,239.5,229.0,238.5,149270185.0
2025-10-21,241.5,245.5,238.0,239.0,117969555.0
2025-10-22,238.0,243.0,236.5,242.5,69466417.0
2025-10-23,240.0,240.5,238.0,239.0,47487658.0
2025-10-27,249.0,249.0,243.0,246.5,78976148.0
2025-10-28,248.0,250.0,246.5,250.0,72210529.0
2025-10-29,254.0,263.0,253.0,260.0,122095968.0
2025-10-30,262.5,265.0,256.5,262.0,105395242.0
2025-10-31,261.0,262.0,257.0,257.5,60671044.0
2025-11-03,255.0,256.5,250.0,251.5,92588580.0
2025-11-04,252.0,255.0,244.0,244.0,91077032.0
2025-11-05,239.0,248.5,237.0,247.0,111699424.0
2025-11-06,249.5,250.5,246.0,248.0,64418664.0
2025-11-07,246.0,250.5,244.0,244.0,48667340.0
2025-11-10,245.0,250.0,244.0,249.5,50699016.0
2025-11-11,251.0,252.0,246.5,246.5,49323677.0
2025-11-12,248.0,252.0,245.0,251.0,63578429.0
2025-11-13,256.0,256.0,247.0,252.0,89314039.0
2025-11-14,246.5,247.0,241.0,241.0,107025603.0
2025-11-17,241.0,242.0,235.0,236.0,82230187.0
2025-11-18,231.5,237.0,230.0,230.0,74877047.0
2025-11-19,226.5,230.0,226.5,229.0,69017030.0
2025-11-20,237.0,238.0,232.5,236.5,77074387.0
2025-11-21,226.0,229.5,225.0,225.0,92224538.0
2025-11-24,226.5,227.0,220.0,220.0,96559056.0
2025-11-25,225.0,226.0,219.0,219.0,71531864.0
2025-11-26,221.0,228.0,221.0,227.0,67295295.0
2025-11-27,229.0,232.0,226.0,231.0,62010923.0
2025-11-28,229.5,229.5,225.0,225.5,55419918.0
2025-12-01,225.0,226.0,222.0,222.0,50775578.0
2025-12-02,220.5,225.0,220.5,222.0,48093660.0
2025-12-03,225.0,230.0,225.0,227.0,51488715.0
2025-12-04,230.0,230.0,227.5,228.5,25112739.0
2025-12-05,229.0,231.5,228.5,231.0,34284096.0
2025-12-08,231.5,232.0,229.0,232.0,29235914.0
2025-12-09,233.0,236.5,232.0,235.0,53342004.0
2025-12-10,236.0,236.0,232.0,233.5,35301661.0
2025-12-11,234.0,234.5,226.0,226.0,56426793.0
2025-12-12,227.0,228.5,225.0,227.0,28800768.0
2025-12-15,221.0,223.0,220.5,221.5,41393524.0
2025-12-16,220.0,220.5,215.0,218.0,59731441.0
2025-12-17,218.0,219.5,216.0,216.5,41170423.0
2025-12-18,214.5,217.0,213.5,216.0,47662851.0
2025-12-19,219.0,221.5,218.0,221.5,40816061.0
2025-12-22,224.5,225.5,223.0,224.0,39334152.0
2025-12-23,225.5,226.0,223.5,224.0,29072621.0
2025-12-24,225.5,227.5,224.0,224.0,35691897.0
2025-12-26,225.5,227.5,224.5,225.5,28309367.0
2025-12-29,227.0,233.0,226.5,231.0,56570767.0
2025-12-30,230.5,231.0,228.0,228.0,35182695.0
2025-12-31,228.5,231.5,228.0,230.5,40505358.0
2026-01-02,232.0,233.5,229.0,232.0,57704460.0
2026-01-05,234.5,236.0,233.5,234.5,63164221.0
2026-01-06,237.0,239.0,232.5,236.0,63939915.0
2026-01-07,237.5,241.5,235.0,238.5,82446725.0
2026-01-08,237.5,237.5,228.5,229.5,85561505.0
2026-01-09,230.0,232.0,227.0,230.5,36453268.0
2026-01-12,233.0,233.0,228.5,228.5,31525354.0
2026-01-13,230.0,230.5,226.0,226.5,42839849.0
2026-01-14,228.0,234.5,227.5,234.5,63677855.0
2026-01-15,234.0,234.0,231.0,233.5,34263022.0
2026-01-16,235.0,235.0,231.0,234.5,47340006.0
2026-01-19,233.5,233.5,229.0,229.5,51232322.0
2026-01-20,228.5,228.5,223.5,223.5,73125523.0
2026-01-21,221.0,225.0,219.0,219.0,72461575.0
2026-01-22,223.5,226.0,222.0,223.5,46717048.0
2026-01-23,225.5,226.5,221.5,221.5,32682740.0
2026-01-26,222.5,225.0,220.0,224.0,38021744.0
2026-01-27,226.0,227.0,224.0,225.5,35936182.0
2026-01-28,227.0,231.5,224.0,225.5,77656661.0
2026-01-29,226.5,227.5,222.0,224.0,54347878.0
2026-01-30,223.5,223.5,218.5,220.5,68997336.0
2026-02-02,219.5,220.0,213.5,214.5,61482988.0
2026-02-03,218.5,220.0,214.5,216.5,40387110.0
2026-02-04,214.5,219.0,214.0,219.0,26990407.0
2026-02-05,217.5,220.0,215.0,215.5,41975910.0
2026-02-06,215.0,216.5,210.5,215.0,54938386.0
2026-02-09,219.0,220.5,217.5,218.5,30183295.0
2026-02-10,220.0,222.0,218.0,221.0,46182261.0
2026-02-11,222.5,227.0,220.5,227.0,65872532.0
2026-02-23,229.5,231.0,227.0,228.5,81100478.0
2026-02-24,229.5,232.5,228.0,232.0,66757493.0
2026-02-25,235.0,247.0,234.5,246.5,162158621.0
2026-02-26,253.5,253.5,241.5,243.0,117910827.0
2026-03-02,234.0,241.0,232.5,239.0,72894162.0
2026-03-03,239.0,240.0,228.0,229.0,84561556.0
2026-03-04,224.5,225.0,216.5,217.0,117264053.0
2026-03-05,224.5,228.0,222.0,224.0,54395081.0
2026-03-06,221.0,223.5,219.0,223.0,36562334.0
2026-03-09,208.0,212.5,206.0,210.5,89078875.0
2026-03-10,216.0,216.5,209.5,209.5,66168862.0
2026-03-11,212.5,220.0,212.5,219.0,53568046.0
2026-03-12,217.0,218.5,213.0,214.5,42953811.0
2026-03-13,211.5,216.0,210.0,214.5,35894769.0
2026-03-16,216.0,217.5,214.0,216.5,37886518.0
2026-03-17,215.5,216.5,212.0,212.0,106419159.0
2026-03-18,212.5,213.5,210.0,210.0,72625994.0
2026-03-19,207.5,207.5,205.0,205.0,83275296.0
2026-03-20,203.5,205.0,200.5,203.0,89100557.0
2026-03-23,196.5,197.5,195.0,196.0,73041333.0
2026-03-24,198.5,199.5,194.0,195.0,53882508.0
2026-03-25,200.0,201.0,197.0,200.0,40930016.0
2026-03-26,202.5,206.0,200.5,200.5,40681455.0
2026-03-27,197.0,200.5,196.5,199.5,28552049.0
2026-03-30,194.5,195.5,193.0,194.0,44238703.0
2026-03-31,191.0,192.5,187.5,187.5,85781264.0
2026-04-01,195.0,197.5,194.5,197.0,44327183.0
2026-04-02,198.0,199.0,191.5,193.0,36299062.0
2026-04-07,195.0,195.5,189.5,192.0,35130860.0
2026-04-08,196.5,202.0,196.5,201.5,65536699.0
2026-04-09,201.0,201.5,198.0,200.0,40511384.0
2026-04-10,200.5,202.5,199.5,200.5,55780853.0
2026-04-13,200.0,202.5,198.5,200.0,36786764.0
2026-04-14,204.0,208.0,203.5,207.5,56963436.0
2026-04-15,211.5,211.5,206.5,207.5,69041187.0
2026-04-16,207.5,211.0,206.0,207.0,44353061.0
2026-04-17,207.5,209.5,203.5,206.0,47524705.0
2026-04-20,206.0,209.5,204.5,207.5,38137175.0
2026-04-21,210.0,213.0,209.5,211.0,55956369.0
2026-04-22,213.0,223.5,212.5,221.0,135835479.0
2026-04-23,229.5,233.0,218.0,225.0,169098376.0
2026-04-24,227.0,227.0,218.0,221.5,75559985.0
2026-04-27,224.0,230.0,220.0,228.0,106041417.0
2026-04-28,230.0,234.0,225.0,225.5,101695092.0
2026-04-29,226.0,226.0,222.0,225.0,42650013.0
2026-04-30,224.5,230.0,219.5,219.5,71802349.0
2026-05-04,224.0,229.5,223.5,227.5,55806920.0
2026-05-05,227.5,240.0,227.0,239.5,155860044.0
2026-05-06,246.5,253.0,245.0,252.0,233432260.0
2026-05-07,255.0,258.0,250.0,253.5,125546014.0
2026-05-08,254.0,256.0,245.5,250.0,98286050.0
2026-05-11,256.5,258.0,251.0,252.0,61755068.0
2026-05-12,254.0,254.0,246.0,250.0,81122139.0
2026-05-13,246.5,251.0,242.5,251.0,70431323.0
2026-05-14,255.0,255.0,244.0,244.5,71191228.0
2026-05-15,249.0,260.0,247.0,248.5,134968302.0
2026-05-18,251.0,251.0,241.0,248.5,60689919.0
2026-05-19,251.0,254.0,244.0,245.0,68744554.0
2026-05-20,246.5,246.5,239.5,240.0,61055296.0
2026-05-21,245.0,249.0,244.0,247.5,50459560.0
2026-05-22,249.0,251.5,245.0,250.0,55061095.0
2026-05-25,255.0,263.5,255.0,261.0,119013627.0
2026-05-26,262.5,263.5,257.0,259.0,54322447.0
2026-05-27,263.0,269.0,261.0,264.0,76194767.0
2026-05-28,265.0,269.5,259.5,263.0,71820253.0
2026-05-29,269.0,289.0,268.0,289.0,282852094.0
2026-06-01,302.0,304.5,293.0,293.5,194094294.0
2026-06-02,297.5,302.0,293.0,301.5,110375105.0
2026-06-03,306.0,314.0,299.0,309.0,146416447.0
2026-06-04,309.0,309.0,293.0,293.0,105281727.0
2026-06-05,290.5,292.5,278.0,284.5,89253266.0
2026-06-08,257.5,272.0,257.5,269.5,112878529.0
2026-06-09,270.5,277.5,268.5,277.5,71791661.0
2026-06-10,271.0,274.0,262.5,263.0,82371415.0
2026-06-11,260.0,262.5,251.5,258.5,88135941.0
2026-06-12,266.5,269.0,260.0,260.5,58714860.0
