Date,Open,High,Low,Close,Volume
2021-06-15,93.42178071283661,94.24488010237701,92.18713162852599,93.0102310180664,23544247.0
2021-06-16,92.18713105205998,93.01023043645337,91.77558135986328,91.77558135986328,23871999.0
2021-06-17,90.95248254421537,93.0102310180664,90.54093284944517,93.0102310180664,18109232.0
2021-06-18,92.59868074425668,93.01023043645337,91.77558135986328,91.77558135986328,29445549.0
2021-06-21,90.95248079080186,90.95248079080186,89.30628204345703,89.30628204345703,34818980.0
2021-06-22,90.12938141712945,90.54093110396565,89.30628204345703,89.30628204345703,21910960.0
2021-06-23,89.7178328988798,92.18713105205998,89.3062832066831,91.77558135986328,27710302.0
2021-06-24,91.77558193375579,93.83333040760681,91.36403223898557,93.0102310180664,31065987.0
2021-06-25,93.83333040760681,94.65642979714723,93.0102310180664,93.0102310180664,35574740.0
2021-06-28,93.01023043645337,93.42178012865007,91.3640316676666,91.77558135986328,23702001.0
2021-06-29,92.59868074425668,92.59868074425668,91.77558135986328,91.77558135986328,17706887.0
2021-06-30,92.18712615966797,93.42177517073496,92.18712615966797,92.18712615966797,31076380.0
2021-07-01,92.59867583002364,92.59867583002364,91.77557648931231,92.18712615966797,15859329.0
2021-07-02,92.18713105205998,92.59868074425668,91.77558135986328,91.77558135986328,16486732.0
2021-07-05,92.59868034949669,96.30262756347656,92.18713065905449,96.30262756347656,80145148.0
2021-07-06,95.89108276367188,96.71418218653601,95.06798334080774,95.89108276367188,43748805.0
2021-07-07,95.89107450402302,96.30262418000595,94.65642547607422,94.65642547607422,27901240.0
2021-07-08,94.65642821737183,95.89107728107668,94.65642821737183,95.06797790527344,23792227.0
2021-07-09,94.24487793236447,94.65642761765865,93.01022887648197,93.83332824707031,28407636.0
2021-07-12,95.06797515205716,95.47952482804008,94.2448758000913,94.65642547607422,17024161.0
2021-07-13,95.47953305223982,96.30263247510395,95.06798334080774,95.89108276367188,36478720.0
2021-07-14,96.71418716167581,96.71418716167581,95.47953796386719,95.47953796386719,27098250.0
2021-07-15,96.30262603121322,98.77192413457766,95.89107634731914,98.3603744506836,62649339.0
2021-07-16,97.53727508289545,98.3603744506836,97.12572539900137,98.3603744506836,33640925.0
2021-07-19,97.53728160940015,97.94883132083221,95.47953305223982,95.89108276367188,31735324.0
2021-07-20,94.65643037354582,95.47952976809839,94.24488067626953,94.24488067626953,26267081.0
2021-07-21,95.4795263671875,95.4795263671875,92.18712890625,92.59867858886719,62986162.0
2021-07-22,93.02539131544295,96.01244516502139,92.59866933693175,94.30555725097656,59259611.0
2021-07-23,95.5857231865102,95.5857231865102,93.87883527246537,94.30555725097656,21521533.0
2021-07-26,94.73228156349876,94.73228156349876,92.59867161837491,93.87883758544922,33363024.0
2021-07-27,94.73228981462829,95.58573386701232,93.87884576224425,95.15901184082031,27586534.0
2021-07-28,94.30555725097656,94.73227922948777,93.02539131544295,94.30555725097656,32678903.0
2021-07-29,94.73229217529297,95.15901421211862,93.87884810164168,94.73229217529297,20815906.0
2021-07-30,93.87883758544922,95.15900355252352,93.45211559642445,93.87883758544922,28280514.0
2021-08-02,94.7322903523403,96.43917846679688,93.87884629511201,96.43917846679688,24048289.0
2021-08-03,96.01245589320435,96.43917791939637,94.30556778843626,95.15901184082031,21627785.0
2021-08-04,95.58573150634766,96.01245352200098,94.73228747504098,95.58573150634766,21197328.0
2021-08-05,94.73228747504098,95.58573150634766,94.73228747504098,95.58573150634766,19911790.0
2021-08-06,95.15901472303602,96.43918084038629,94.73229268391927,96.01245880126953,41254699.0
2021-08-09,95.58573150634766,96.01245352200098,94.73228747504098,95.58573150634766,23189411.0
2021-08-10,95.15901071574831,95.58573273689517,92.59867858886719,92.59867858886719,42815166.0
2021-08-11,91.31851770243514,93.02540588378906,90.46507361175817,93.02540588378906,46678699.0
2021-08-12,93.02540588378906,93.45212792912754,92.1719617931121,93.02540588378906,18499146.0
2021-08-13,93.45212792912754,93.87884997446604,92.1719617931121,93.02540588378906,46504498.0
2021-08-16,92.5986833439317,93.02540538699128,90.89179517169332,91.7452392578125,34806631.0
2021-08-17,91.7452392578125,91.7452392578125,91.7452392578125,91.7452392578125,0.0
2021-08-18,90.03834590733608,91.7452339814088,89.18490187029973,91.31851196289062,31829261.0
2021-08-19,90.46507159483085,90.46507159483085,87.47801734405813,87.90473937988281,51471834.0
2021-08-20,88.75818396755382,90.46507212077601,87.05129581433164,89.18490600585938,30316791.0
2021-08-23,90.03835108557413,92.1719613008721,90.03835108557413,91.7452392578125,22499882.0
2021-08-24,92.59868383845058,93.02540588378906,91.74523974777362,93.02540588378906,17889785.0
2021-08-25,93.02540061001405,93.02540061001405,91.74523454657349,92.59867858886719,14045849.0
2021-08-26,92.5986833439317,93.02540538699128,91.31851721475292,91.7452392578125,12987155.0
2021-08-27,91.74523689128733,92.59868095539234,90.89179282718234,92.17195892333984,13808230.0
2021-08-30,92.59868383845058,93.02540588378906,91.74523974777362,93.02540588378906,13911174.0
2021-08-31,92.59868199116475,94.73229217529297,92.17195995433912,94.73229217529297,30458896.0
2021-09-01,94.73229217529297,95.58573624894426,93.87884810164168,94.73229217529297,22232171.0
2021-09-02,94.73228981462829,96.43917791939637,94.30556778843626,95.15901184082031,29565666.0
2021-09-03,95.58573676215278,96.43918084038629,95.15901472303602,96.01245880126953,23894007.0
2021-09-06,96.01245828576991,96.43918032259555,94.30557013846733,94.73229217529297,18270142.0
2021-09-07,93.4521226311609,93.87884465230775,92.17195656772034,92.59867858886719,23133531.0
2021-09-08,92.5986833439317,93.45212743005088,91.31851721475292,91.7452392578125,28436166.0
2021-09-09,90.89178994437245,91.7452339814088,90.46506792585426,91.31851196289062,20347345.0
2021-09-10,91.31851485923484,92.59868095539234,91.31851485923484,92.17195892333984,13206233.0
2021-09-13,91.74523635649345,92.17195838605853,90.89179229736328,90.89179229736328,15297618.0
2021-09-14,91.7452392578125,92.1719613008721,90.89179517169332,91.7452392578125,19165417.0
2021-09-15,92.17195656772034,94.3055666734546,91.74523454657349,92.59867858886719,63262671.0
2021-09-16,92.5986833439317,93.45212743005088,91.7452392578125,91.7452392578125,22861780.0
2021-09-17,91.74523454657349,93.4521226311609,91.31851252542663,92.59867858886719,38649036.0
2021-09-22,90.89178994437245,91.7452339814088,90.46506792585426,91.31851196289062,38460147.0
2021-09-23,91.31851432692837,92.17195838605853,90.4650702677982,90.89179229736328,18878589.0
2021-09-24,91.7452392578125,92.1719613008721,91.31851721475292,91.7452392578125,15280177.0
2021-09-27,91.31851721475292,92.5986833439317,91.31851721475292,91.7452392578125,13850268.0
2021-09-28,91.31851432692837,91.74523635649345,90.4650702677982,90.89179229736328,22169547.0
2021-09-29,89.61161804199219,90.03834003266834,89.18489605131604,89.61161804199219,32073278.0
2021-09-30,89.61161804199219,90.4650620233445,88.75817406063989,89.61161804199219,22552355.0
2021-10-01,89.18490548735683,89.61162752318151,87.90473937988281,87.90473937988281,34131219.0
2021-10-04,89.18490548735683,89.61162752318151,87.47801734405813,87.90473937988281,25219519.0
2021-10-05,87.05129478717673,87.4780168204472,86.19785072063577,86.62457275390625,41574679.0
2021-10-06,88.33146141570748,89.18490548735683,87.90473937988281,87.90473937988281,38805074.0
2021-10-07,89.18490187029973,91.31851196289062,88.75817985178153,91.31851196289062,38220702.0
2021-10-08,91.74523689128733,92.17195892333984,90.89179282718234,92.17195892333984,27430627.0
2021-10-12,90.89178401402066,91.3185060046968,89.18489605131604,89.61161804199219,38628919.0
2021-10-13,90.46506735272882,90.89178936854358,89.18490130528455,90.03834533691406,18684819.0
2021-10-14,91.31851432692837,91.74523635649345,90.89179229736328,90.89179229736328,17684751.0
2021-10-15,92.17195944590112,93.87884758378817,91.74523741142936,93.4521255493164,49011891.0
2021-10-18,94.30557151617006,94.73229355922966,91.31851721475292,91.7452392578125,42099090.0
2021-10-19,92.59867801844517,93.02540003696335,90.89178994437245,91.31851196289062,26270635.0
2021-10-20,91.7452392578125,92.5986833439317,90.89179517169332,91.7452392578125,29381245.0
2021-10-21,92.17195892333984,92.59868095539234,91.31851485923484,92.17195892333984,30517157.0
2021-10-22,92.1719613008721,92.5986833439317,91.31851721475292,91.7452392578125,14667653.0
2021-10-25,91.74523689128733,93.02540298744483,91.31851485923484,92.17195892333984,21027449.0
2021-10-26,92.59868383845058,93.45212792912754,92.1719617931121,93.02540588378906,18026359.0
2021-10-27,93.02540298744483,93.02540298744483,91.74523689128733,92.17195892333984,15831617.0
2021-10-28,92.17195656772034,93.02540061001405,91.74523454657349,92.59867858886719,14181424.0
2021-10-29,92.59867801844517,92.59867801844517,91.31851196289062,91.31851196289062,20664910.0
2021-11-01,92.17195838605853,92.17195838605853,90.89179229736328,90.89179229736328,18124077.0
2021-11-02,91.31851721475292,92.5986833439317,91.31851721475292,91.7452392578125,20172294.0
2021-11-03,91.7452392578125,92.5986833439317,91.7452392578125,91.7452392578125,12249306.0
2021-11-04,92.59868095539234,92.59868095539234,91.74523689128733,92.17195892333984,11307246.0
2021-11-05,92.1719617931121,93.02540588378906,91.74523974777362,93.02540588378906,17621370.0
2021-11-08,91.7452392578125,92.1719613008721,91.31851721475292,91.7452392578125,19912872.0
2021-11-09,91.74523689128733,92.17195892333984,91.31851485923484,92.17195892333984,23901115.0
2021-11-10,92.1719617931121,93.45212792912754,91.74523974777362,93.02540588378906,22839265.0
2021-11-11,92.5986833439317,93.02540538699128,91.7452392578125,91.7452392578125,18674012.0
2021-11-12,92.59868383845058,93.45212792912754,92.1719617931121,93.02540588378906,26633641.0
2021-11-15,93.02540298744483,93.87884705154984,92.17195892333984,92.17195892333984,25735186.0
2021-11-16,92.59868095539234,93.02540298744483,92.17195892333984,92.17195892333984,15746287.0
2021-11-17,92.59867801844517,92.59867801844517,90.89178994437245,91.31851196289062,31800650.0
2021-11-18,91.31851196289062,91.7452339814088,90.89178994437245,91.31851196289062,30441523.0
2021-11-19,91.74523635649345,92.17195838605853,90.89179229736328,90.89179229736328,20714969.0
2021-11-22,91.31851432692837,91.74523635649345,90.89179229736328,90.89179229736328,17750562.0
2021-11-23,90.89179467255214,91.31851671326835,90.46507263183594,90.46507263183594,22288461.0
2021-11-24,90.46506735272882,90.89178936854358,89.18490130528455,90.03834533691406,29810172.0
2021-11-25,90.89178401402066,90.89178401402066,89.61161804199219,89.61161804199219,17457242.0
2021-11-26,89.61161737856658,89.61161737856658,88.33145141601562,88.33145141601562,24109403.0
2021-11-29,87.90472942849864,90.03833936608356,87.47800744098166,88.33145141601562,27800208.0
2021-11-30,88.75817340353261,90.03833936608356,87.90472942849864,88.33145141601562,49334401.0
2021-12-01,88.33145727365503,90.46506735272882,88.33145727365503,90.03834533691406,22443321.0
2021-12-02,89.61161804199219,91.3185060046968,89.61161804199219,89.61161804199219,27037026.0
2021-12-03,90.03834003266834,90.4650620233445,89.61161804199219,89.61161804199219,18091990.0
2021-12-06,90.03834823823311,91.31851432692837,89.61162620866803,90.89179229736328,22698693.0
2021-12-07,90.46507263183594,91.74523875398455,89.61162855040352,90.46507263183594,25236546.0
2021-12-08,90.89178401402066,91.3185060046968,89.61161804199219,89.61161804199219,35111410.0
2021-12-09,89.61162855040352,90.46507263183594,89.61162855040352,90.46507263183594,15077799.0
2021-12-10,90.03834003266834,90.4650620233445,89.18489605131604,89.61161804199219,20356210.0
2021-12-13,89.61162804416492,90.46507212077601,89.18490600585938,89.18490600585938,17305354.0
2021-12-14,89.18490600585938,90.03835008247046,88.75818396755382,89.18490600585938,22026866.0
2021-12-15,88.75817406063989,89.61161804199219,88.33145206996373,89.61161804199219,22944995.0
2021-12-16,90.03833936608356,90.46506135360055,88.33145141601562,88.33145141601562,33943652.0
2021-12-17,88.33145141601562,88.75817340353261,87.90472942849864,88.33145141601562,31642630.0
2021-12-20,88.33146141570748,88.75818345153216,87.90473937988281,87.90473937988281,17983356.0
2021-12-21,88.33146192924828,89.18490600585938,87.90473989094272,89.18490600585938,13187322.0
2021-12-22,89.1848953910496,89.1848953910496,88.33145141601562,88.33145141601562,11494283.0
2021-12-23,88.7581787109375,89.18490072397086,88.33145669790414,88.7581787109375,13822871.0
2021-12-24,89.18490072397086,89.61162273700421,88.7581787109375,88.7581787109375,11585049.0
2021-12-27,89.18490600585938,89.61162804416492,88.75818396755382,89.18490600585938,8809417.0
2021-12-28,89.18490130528455,90.03834533691406,89.18490130528455,90.03834533691406,15514907.0
2021-12-29,89.61161804199219,90.03834003266834,89.18489605131604,89.61161804199219,13358175.0
2021-12-30,89.18490072397086,89.61162273700421,88.7581787109375,88.7581787109375,16940701.0
2022-01-03,89.18490548735683,89.61162752318151,87.90473937988281,87.90473937988281,21800309.0
2022-01-04,88.75817340353261,88.75817340353261,87.90472942849864,88.33145141601562,18097232.0
2022-01-05,88.75818543040425,94.732294065143,88.33146338506576,93.02540588378906,142256949.0
2022-01-06,92.17195599992698,92.59867801844517,90.46506792585426,91.31851196289062,49111058.0
2022-01-07,92.17195838605853,92.59868041562362,90.4650702677982,90.89179229736328,38575103.0
2022-01-10,90.46507212077601,90.89179415908156,88.75818396755382,89.18490600585938,34566857.0
2022-01-11,89.18490600585938,89.61162804416492,88.75818396755382,89.18490600585938,26075278.0
2022-01-12,89.61162804416492,90.03835008247046,88.75818396755382,89.18490600585938,18805639.0
2022-01-13,89.6116233210993,90.03834533691406,89.18490130528455,90.03834533691406,19590729.0
2022-01-14,89.61161737856658,90.03833936608356,87.90472942849864,88.33145141601562,38360049.0
2022-01-17,88.33145141601562,89.1848953910496,88.33145141601562,88.33145141601562,16094235.0
2022-01-18,89.1848953910496,89.1848953910496,88.33145141601562,88.33145141601562,14778734.0
2022-01-19,88.33145141601562,89.1848953910496,87.90472942849864,88.33145141601562,23938918.0
2022-01-20,88.33146141570748,88.75818345153216,87.90473937988281,87.90473937988281,28843468.0
2022-01-21,87.47801444109749,87.90473646276138,87.0512924194336,87.0512924194336,32900646.0
2022-01-24,87.90473937988281,89.18490548735683,87.47801734405813,87.90473937988281,41645390.0
2022-01-25,87.90473937988281,88.33146141570748,87.05129530823346,87.90473937988281,28944982.0
2022-01-26,87.90473646276138,88.33145848442527,87.0512924194336,87.0512924194336,33050112.0
2022-02-07,87.47801734405813,89.18490548735683,87.47801734405813,87.90473937988281,33556371.0
2022-02-08,88.7581792894698,90.46506735272882,87.90473525784027,90.03834533691406,42889717.0
2022-02-09,90.4650702677982,90.89179229736328,90.03834823823311,90.89179229736328,22694894.0
2022-02-10,90.89179229736328,91.31851432692837,90.03834823823311,90.89179229736328,20096356.0
2022-02-11,90.03835059111972,90.46507263183594,89.18490650968731,90.46507263183594,16613415.0
2022-02-14,89.61162273700421,89.61162273700421,88.33145669790414,88.7581787109375,22322581.0
2022-02-15,88.7581787109375,89.61162273700421,88.7581787109375,88.7581787109375,13442567.0
2022-02-16,89.6116233210993,90.46506735272882,89.18490130528455,90.03834533691406,13415034.0
2022-02-17,90.46507263183594,90.89179467255214,89.61162855040352,90.46507263183594,25431607.0
2022-02-18,89.6116233210993,90.46506735272882,89.6116233210993,90.03834533691406,11303877.0
2022-02-21,89.61162855040352,91.31851671326835,89.18490650968731,90.46507263183594,23424745.0
2022-02-22,89.61162804416492,90.03835008247046,88.75818396755382,89.18490600585938,25922027.0
2022-02-23,89.18489605131604,90.03834003266834,89.18489605131604,89.61161804199219,14519774.0
2022-02-24,88.75817811547256,89.18490012564311,87.47801208496094,87.47801208496094,47297284.0
2022-02-25,87.90473937988281,88.33146141570748,87.47801734405813,87.90473937988281,29597295.0
2022-03-01,88.75818396755382,90.03835008247046,88.33146192924828,89.18490600585938,28845483.0
2022-03-02,88.75818396755382,89.61162804416492,88.75818396755382,89.18490600585938,13781632.0
2022-03-03,89.61162804416492,90.03835008247046,89.18490600585938,89.18490600585938,13799475.0
2022-03-04,88.75817406063989,89.61161804199219,88.33145206996373,89.61161804199219,18406414.0
2022-03-07,88.75817811547256,88.75817811547256,87.47801208496094,87.47801208496094,43631775.0
2022-03-08,86.62457275390625,87.4780168204472,85.34440665409483,86.62457275390625,60192113.0
2022-03-09,87.05129478717673,87.4780168204472,86.62457275390625,86.62457275390625,29168018.0
2022-03-10,87.90473937988281,88.75818345153216,87.47801734405813,87.90473937988281,25008712.0
2022-03-11,87.90472942849864,88.75817340353261,87.47800744098166,88.33145141601562,23629440.0
2022-03-14,87.90473409513149,88.75817811547256,87.47801208496094,87.47801208496094,25796152.0
2022-03-15,87.05128947342976,87.90473348787516,86.19784545898438,86.19784545898438,31099190.0
2022-03-16,86.62457275390625,87.4780168204472,85.34440665409483,86.62457275390625,35941142.0
2022-03-17,88.33145669790414,89.18490072397086,87.9047346848708,88.7581787109375,43536754.0
2022-03-18,89.61162855040352,90.46507263183594,88.3314624282549,90.46507263183594,82056684.0
2022-03-21,90.46507212077601,90.89179415908156,89.18490600585938,89.18490600585938,21118636.0
2022-03-22,88.7581787109375,89.18490072397086,88.33145669790414,88.7581787109375,21010720.0
2022-03-23,89.18490130528455,90.03834533691406,88.7581792894698,90.03834533691406,19285529.0
2022-03-24,89.61162620866803,92.17195838605853,89.18490417910293,90.89179229736328,50161697.0
2022-03-25,90.89179467255214,91.31851671326835,90.46507263183594,90.46507263183594,20559680.0
2022-03-28,90.03835059111972,90.89179467255214,89.18490650968731,90.46507263183594,19827138.0
2022-03-29,90.46506735272882,90.89178936854358,89.18490130528455,90.03834533691406,15281994.0
2022-03-30,90.46506735272882,90.46506735272882,89.6116233210993,90.03834533691406,19929601.0
2022-03-31,90.46507263183594,90.89179467255214,90.03835059111972,90.46507263183594,20008814.0
2022-04-01,89.61162804416492,90.03835008247046,89.18490600585938,89.18490600585938,23307788.0
2022-04-06,89.18489605131604,89.61161804199219,88.75817406063989,89.61161804199219,31289599.0
2022-04-07,89.18490548735683,89.61162752318151,87.90473937988281,87.90473937988281,34459124.0
2022-04-08,87.90473937988281,88.33146141570748,87.47801734405813,87.90473937988281,24825800.0
2022-04-11,87.90473646276138,88.33145848442527,86.6245703977697,87.0512924194336,28845321.0
2022-04-12,87.0512924194336,87.90473646276138,86.6245703977697,87.0512924194336,17640348.0
2022-04-13,87.9047346848708,89.18490072397086,87.47801267183745,88.7581787109375,15837431.0
2022-04-14,88.7581787109375,89.18490072397086,88.33145669790414,88.7581787109375,8896584.0
2022-04-15,88.33146141570748,88.75818345153216,87.90473937988281,87.90473937988281,11699116.0
2022-04-18,87.0512900747904,87.90473409513149,87.0512900747904,87.47801208496094,11383276.0
2022-04-19,87.90473646276138,88.33145848442527,87.0512924194336,87.0512924194336,17643855.0
2022-04-20,87.47801734405813,87.90473937988281,87.05129530823346,87.90473937988281,19489328.0
2022-04-21,88.33146141570748,88.75818345153216,87.90473937988281,87.90473937988281,18357634.0
2022-04-22,87.47800744098166,88.33145141601562,87.05128545346467,88.33145141601562,16603902.0
2022-04-25,87.47801386894871,87.47801386894871,85.77112579345703,85.77112579345703,40565427.0
2022-04-26,86.19784545898438,86.62456746620707,85.77112345176168,86.19784545898438,20545513.0
2022-04-27,85.25906302405404,85.77112815856933,85.08837030504131,85.34440612792969,29697752.0
2022-04-28,85.34440665409483,86.62457275390625,85.34440665409483,86.62457275390625,27751372.0
2022-04-29,86.6245703977697,87.0512924194336,86.6245703977697,87.0512924194336,14137983.0
2022-05-03,87.0512900747904,87.90473409513149,86.62456806461987,87.47801208496094,17216495.0
2022-05-04,88.33145669790414,89.18490072397086,87.9047346848708,88.7581787109375,29912716.0
2022-05-05,89.61162804416492,90.03835008247046,88.75818396755382,89.18490600585938,34766562.0
2022-05-06,88.33145669790414,88.7581787109375,87.47801267183745,88.7581787109375,27316318.0
2022-05-09,88.33145669790414,88.7581787109375,87.9047346848708,88.7581787109375,24282777.0
2022-05-10,87.9047346848708,88.7581787109375,87.47801267183745,88.7581787109375,17584435.0
2022-05-11,88.33146141570748,88.75818345153216,87.90473937988281,87.90473937988281,19605349.0
2022-05-12,87.90473646276138,87.90473646276138,87.0512924194336,87.0512924194336,22154008.0
2022-05-13,88.7581787109375,88.7581787109375,87.9047346848708,88.7581787109375,19656439.0
2022-05-16,88.75818396755382,89.18490600585938,88.33146192924828,89.18490600585938,22467860.0
2022-05-17,89.18489605131604,89.61161804199219,88.75817406063989,89.61161804199219,25153620.0
2022-05-18,90.03834590733608,91.31851196289062,89.6116238888179,91.31851196289062,55743416.0
2022-05-19,90.03835108557413,91.7452392578125,89.61162904251454,91.7452392578125,37286039.0
2022-05-20,91.7452339814088,93.02540003696335,91.31851196289062,91.31851196289062,45964633.0
2022-05-23,92.17195892333984,93.02540298744483,91.31851485923484,92.17195892333984,34196330.0
2022-05-24,92.17195892333984,93.02540298744483,92.17195892333984,92.17195892333984,37199729.0
2022-05-25,92.59868148037289,93.87884758378817,92.17195944590112,93.4521255493164,75541746.0
2022-05-26,93.87884997446604,94.30557201980452,92.59868383845058,93.02540588378906,39995538.0
2022-05-27,93.87883758544922,94.73228156349876,93.45211559642445,93.87883758544922,51671206.0
2022-05-30,94.30555725097656,94.73227922948777,93.02539131544295,94.30555725097656,43770168.0
2022-05-31,94.7322903523403,96.43917846679688,93.87884629511201,96.43917846679688,89526207.0
2022-06-01,96.01245696888219,98.99951118569186,95.58573493790938,97.71934509277344,71080756.0
2022-06-02,97.71933980573688,98.99950582939282,96.86589578996626,97.29261779785156,36440162.0
2022-06-06,98.14606241333536,98.99950643432088,97.29261839234984,98.57278442382812,35782678.0
2022-06-07,98.14606418693644,98.5727862051405,96.86589813232422,96.86589813232422,37688003.0
2022-06-08,97.71933980573688,98.1460618136222,96.86589578996626,97.29261779785156,18570005.0
2022-06-09,97.29261839234984,98.57278442382812,96.86589638185707,98.57278442382812,29571170.0
2022-06-10,98.1460618136222,98.1460618136222,97.29261779785156,97.29261779785156,24037427.0
2022-06-13,96.01245589320435,96.01245589320435,94.73228981462829,95.15901184082031,45251873.0
2022-06-14,93.87884576224425,96.01245589320435,93.87884576224425,95.15901184082031,31839349.0
2022-06-15,96.01245352200098,96.01245352200098,95.15900949069432,95.58573150634766,24548371.0
2022-06-16,96.86589994558838,96.86589994558838,94.30556778843626,95.15901184082031,31543119.0
2022-06-17,93.87884758378817,94.7322916527317,93.4521255493164,93.4521255493164,49546955.0
2022-06-20,93.87884997446604,94.30557201980452,92.59868383845058,93.02540588378906,33359214.0
2022-06-21,94.30556545938764,96.01245352200098,94.30556545938764,95.58573150634766,38500252.0
2022-06-22,95.15901368720347,95.15901368720347,93.4521255493164,93.4521255493164,31181855.0
2022-06-23,94.30556908360234,94.30556908360234,91.74523689128733,92.17195892333984,45758826.0
2022-06-24,93.02539360739968,94.30555957447399,92.59867161837491,93.87883758544922,29542926.0
2022-06-27,94.73229217529297,95.58573624894426,94.73229217529297,94.73229217529297,25944301.0
2022-06-28,95.15900949069432,95.58573150634766,93.8788434437343,95.58573150634766,27617500.0
2022-06-29,95.15901421211862,96.01245828576991,94.30557013846733,94.73229217529297,33501065.0
2022-06-30,94.30557201980452,94.732294065143,93.02540588378906,93.02540588378906,44339108.0
2022-07-01,92.59868283541697,93.02540487613318,90.03835059111972,90.46507263183594,62417854.0
2022-07-04,90.195828666687,91.54203506469726,89.29835773468018,89.7470932006836,70346389.0
2022-07-05,91.54203297684832,92.43950388838604,90.6445620653106,91.99076843261719,45133868.0
2022-07-06,92.43950869432136,92.88824417342,90.19583129882812,90.19583129882812,45606608.0
2022-07-07,90.64455977730128,92.88823699951172,90.1958243328592,92.88823699951172,40971306.0
2022-07-08,92.88823666292079,93.33697210573683,91.09329489165661,91.54203033447266,34112553.0
2022-07-11,91.54202497123491,91.54202497123491,90.19581872165793,90.6445541381836,18375028.0
2022-07-12,89.74709581972947,90.64456677792677,89.47785179340627,90.19583129882812,26056813.0
2022-07-13,92.43950388838604,92.88823934415491,91.99076843261719,91.99076843261719,31813542.0
2022-07-14,91.99076643444242,95.13191455659413,91.99076643444242,94.23444366455078,46066645.0
2022-07-15,94.23444366455078,95.13191455659413,93.78570821852911,94.23444366455078,24630202.0
2022-07-18,94.23444366455078,94.68317911057245,93.33697277250744,94.23444366455078,17000378.0
2022-07-19,93.78571055485652,94.2344460120568,92.88823964045598,93.33697509765625,20445793.0
2022-07-20,93.3369724439538,94.23444333283797,92.43950155506963,92.88823699951172,35017029.0
2022-07-21,93.33697538692239,94.68318176269531,92.88823992833142,94.68318176269531,23154380.0
2022-07-22,94.68317679639132,95.5806476664993,94.23444136133735,95.13191223144531,28741668.0
2022-07-25,95.13192010923873,96.9268619980923,94.68318463702535,96.4781265258789,39068310.0
2022-07-26,96.9268569946289,97.37559244367812,96.0293860965305,96.9268569946289,22725130.0
2022-07-27,97.37559244367812,98.27306334177653,96.4781215455797,96.9268569946289,30666386.0
2022-07-28,97.82433055403047,97.82433055403047,96.92685963151642,97.37559509277344,21777281.0
2022-07-29,97.82433319091797,98.2730686642708,97.37559771756513,97.82433319091797,21866952.0
2022-08-01,97.37559771756513,97.82433319091797,96.9268622442123,97.82433319091797,14697891.0
2022-08-02,96.9268569946289,96.9268569946289,95.58065064748129,96.9268569946289,40353392.0
2022-08-03,96.4781241702594,97.37559509277344,96.02938870900238,97.37559509277344,30936472.0
2022-08-04,96.9268569946289,97.37559244367812,95.58065064748129,96.9268569946289,38651714.0
2022-08-05,97.37559244367812,97.82432789272733,96.9268569946289,96.9268569946289,24868879.0
2022-08-08,96.0293860965305,96.9268569946289,95.58065064748129,96.9268569946289,22571210.0
2022-08-09,96.9268622442123,97.82433319091797,96.02939129750662,97.82433319091797,25759491.0
2022-08-10,97.82433083274148,99.61927268288353,96.92685990767046,98.7218017578125,56343332.0
2022-08-11,100.06800869291862,101.41421508789062,99.17053776293729,101.41421508789062,62046990.0
2022-08-12,101.41421244303386,102.31168334960938,100.51674153645834,100.9654769897461,48405887.0
2022-08-15,101.41420977456228,101.41420977456228,100.0680034501212,100.51673889160156,29323346.0
2022-08-16,100.51674122853322,100.51674122853322,99.17053487279394,99.61927032470703,28765617.0
2022-08-17,99.61927062988282,100.9654769897461,99.61927062988282,100.9654769897461,30500758.0
2022-08-18,100.96547433308191,100.96547433308191,99.61926800864083,100.51673889160156,25764909.0
2022-08-19,100.06800577662013,100.51674122853322,99.61927032470703,99.61927032470703,17611604.0
2022-08-22,99.17053722034801,99.61927268288353,98.7218017578125,98.7218017578125,10185000.0
2022-08-23,98.7218017578125,99.17053722034801,98.27306629527699,98.7218017578125,17881145.0
2022-08-24,99.1705345606695,99.61927001117027,97.82432820916719,98.27306365966797,24541358.0
2022-08-25,98.27306365966797,99.1705345606695,98.27306365966797,98.27306365966797,14108637.0
2022-08-26,98.7217967866233,99.1705322265625,98.2730613466841,99.1705322265625,17056269.0
2022-08-29,97.37559244367812,97.82432789272733,96.9268569946289,96.9268569946289,26838820.0
2022-08-30,97.37559509277344,97.82433055403047,96.92685963151642,97.37559509277344,21797499.0
2022-08-31,96.9268622442123,98.2730686642708,96.47812677085946,97.82433319091797,28991269.0
2022-09-01,96.9268619980923,97.37559747030569,96.02939105366552,96.4781265258789,37415613.0
2022-09-02,96.9268619980923,96.9268619980923,96.02939105366552,96.4781265258789,17074664.0
2022-09-05,96.9268569946289,97.37559244367812,96.4781215455797,96.9268569946289,21079281.0
2022-09-06,97.37559509277344,97.37559509277344,96.4781241702594,97.37559509277344,16384324.0
2022-09-07,96.47811853660727,96.92685397166126,95.13191223144531,95.13191223144531,31588795.0
2022-09-08,96.02938842773438,96.02938842773438,95.13191750784901,96.02938842773438,15056746.0
2022-09-12,97.37559509277344,97.82433055403047,96.4781241702594,97.37559509277344,18427897.0
2022-09-13,97.82433083274148,99.17053722034801,97.37559537020597,98.7218017578125,32733009.0
2022-09-14,96.4781265258789,97.37559747030569,96.02939105366552,96.4781265258789,26434615.0
2022-09-15,96.4781215455797,97.37559244367812,96.4781215455797,96.9268569946289,17100232.0
2022-09-16,96.4781265258789,96.9268619980923,96.02939105366552,96.4781265258789,37103124.0
2022-09-19,96.47812388767706,96.92685934761974,95.58065296779169,96.02938842773438,17131612.0
2022-09-20,96.4781241702594,97.37559509277344,96.02938870900238,97.37559509277344,25688754.0
2022-09-21,97.37559480756242,97.37559480756242,95.58065296779169,96.02938842773438,25799149.0
2022-09-22,95.58065296779169,96.47812388767706,95.13191750784901,96.02938842773438,24048970.0
2022-09-23,96.0293857771466,96.47812122470336,95.13191488203309,95.58065032958984,15318321.0
2022-09-26,94.68318146925706,95.13191692645732,92.88823964045598,93.33697509765625,40675073.0
2022-09-27,93.3369724439538,93.78570788839589,92.43950155506963,92.88823699951172,21273277.0
2022-09-28,92.88824417342,93.33697965251865,90.19583129882812,90.19583129882812,48743869.0
2022-09-29,91.09329223632812,91.99076309579934,90.64455680659252,91.09329223632812,40253163.0
2022-09-30,89.7470885632085,91.54203033447266,89.7470885632085,91.54203033447266,27852050.0
2022-10-03,90.6445541381836,91.54202497123491,90.19581872165793,90.6445541381836,20873153.0
2022-10-04,91.99076843261719,92.43950388838604,91.54203297684832,91.99076843261719,17249740.0
2022-10-05,94.68318204790633,96.47812388767706,94.23444658796363,96.02938842773438,52299029.0
2022-10-06,96.9268619980923,97.37559747030569,95.58065558145213,96.4781265258789,27153696.0
2022-10-07,96.02939105366552,96.9268619980923,95.58065558145213,96.4781265258789,21917087.0
2022-10-11,94.2344460120568,94.68318146925706,93.33697509765625,93.33697509765625,37540410.0
2022-10-12,93.33697746795357,93.78571293654952,91.99077106216579,92.43950653076172,37752638.0
2022-10-13,92.88823699951172,93.78570788839589,91.99076611062755,92.88823699951172,29359558.0
2022-10-14,93.78570821852911,94.68317911057245,93.78570821852911,94.23444366455078,25035354.0
2022-10-17,93.33697277250744,94.68317911057245,93.33697277250744,94.23444366455078,28280778.0
2022-10-18,94.68317877728006,95.13191422172214,92.43950155506963,92.88823699951172,38498822.0
2022-10-19,93.33697746795357,94.23444840514544,92.43950653076172,92.43950653076172,54005985.0
2022-10-20,92.43950388838604,92.88823934415491,90.6445620653106,91.99076843261719,57596655.0
2022-10-21,91.99076611062755,92.88823699951172,91.54203066618545,92.88823699951172,24049235.0
2022-10-24,93.78571293654952,93.78571293654952,91.99077106216579,92.43950653076172,29054365.0
2022-10-25,92.43950155506963,92.88823699951172,91.09329522174338,92.88823699951172,36701674.0
2022-10-26,93.33697509765625,93.78571055485652,92.4395041832557,93.33697509765625,28275416.0
2022-10-27,94.2344460120568,94.2344460120568,93.33697509765625,93.33697509765625,31261879.0
2022-10-28,93.78571055485652,93.78571055485652,92.4395041832557,93.33697509765625,22200068.0
2022-10-31,91.09329752107945,92.43950388838604,91.09329752107945,91.99076843261719,43562953.0
2022-11-01,91.09329223632812,91.54202766606373,90.19582137685691,91.09329223632812,46692717.0
2022-11-02,91.09329489165661,91.54203033447266,90.64455944884057,91.54203033447266,28465028.0
2022-11-03,90.6445541381836,91.09328955470926,90.19581872165793,90.6445541381836,39227107.0
2022-11-04,89.74709581972947,90.64456677792677,89.29836034063082,90.19583129882812,48440518.0
2022-11-07,90.195828666687,90.64456413269043,89.56760175314615,89.7470932006836,40465357.0
2022-11-08,89.7470932006836,90.195828666687,89.7470932006836,89.7470932006836,29917422.0
2022-11-09,89.74709115377286,91.99076843261719,89.74709115377286,91.99076843261719,40267209.0
2022-11-10,90.64456677792677,91.09330225702541,90.19583129882812,90.19583129882812,38942597.0
2022-11-11,91.09329959869385,91.99077053070069,89.7470932006836,89.7470932006836,88699853.0
2022-11-14,89.2983505173857,91.09329223632812,89.2983505173857,91.09329223632812,66938705.0
2022-11-15,91.09329223632812,91.99076309579934,90.64455680659252,91.09329223632812,46831926.0
2022-11-16,91.09329223632812,91.99076309579934,90.64455680659252,91.09329223632812,46656901.0
2022-11-17,91.09329223632812,91.54202766606373,90.64455680659252,91.09329223632812,26166790.0
2022-11-18,91.09330225702541,91.9907732152227,90.19583129882812,90.19583129882812,43152213.0
2022-11-21,90.64456413269043,91.09329959869385,89.7470932006836,89.7470932006836,30138717.0
2022-11-22,89.74709581972947,90.19583129882812,89.74709581972947,90.19583129882812,28386414.0
2022-11-23,90.64456677792677,91.09330225702541,90.19583129882812,90.19583129882812,31531556.0
2022-11-24,90.19581872165793,90.6445541381836,89.74708330513226,90.6445541381836,42058555.0
2022-11-25,90.19583129882812,90.64456677792677,89.74709581972947,90.19583129882812,34893350.0
2022-11-28,90.195828666687,90.195828666687,89.3881034584489,89.7470932006836,46570604.0
2022-11-29,89.7470932006836,90.195828666687,89.47784918221761,89.7470932006836,33933430.0
2022-11-30,90.19583129882812,91.09330225702541,89.74709581972947,90.19583129882812,73098376.0
2022-12-01,91.09330012497392,92.43950653076172,91.09330012497392,92.43950653076172,66190485.0
2022-12-02,92.43950446974044,95.13191722128629,92.43950446974044,94.68318176269531,77556958.0
2022-12-05,95.58065267987726,96.02938813846822,94.68318176269531,94.68318176269531,45869305.0
2022-12-06,93.33697746795357,93.78571293654952,91.99077106216579,92.43950653076172,54823509.0
2022-12-07,91.9907657772887,93.33697210573683,91.54203033447266,91.54203033447266,44543745.0
2022-12-08,91.54202766606373,91.99076309579934,91.09329223632812,91.09329223632812,30784065.0
2022-12-09,91.9907657772887,92.43950122010475,91.54203033447266,91.54203033447266,32429484.0
2022-12-12,91.54203033447266,91.54203033447266,90.64455944884057,91.54203033447266,19377505.0
2022-12-13,91.54202497123491,91.99076038776057,90.6445541381836,90.6445541381836,34609744.0
2022-12-14,91.09329752107945,91.99076843261719,90.6445620653106,91.99076843261719,24686884.0
2022-12-15,91.09329223632812,91.99076309579934,91.09329223632812,91.09329223632812,24472461.0
2022-12-16,90.19583129882812,91.09330225702541,89.74709581972947,90.19583129882812,71935875.0
2022-12-19,90.19582137685691,91.54202766606373,90.19582137685691,91.09329223632812,29443100.0
2022-12-20,90.64456413269043,91.09329959869385,89.7470932006836,89.7470932006836,44517003.0
2022-12-21,90.64456413269043,90.64456413269043,89.7470932006836,89.7470932006836,27849028.0
2022-12-22,90.6445541381836,90.6445541381836,90.19581872165793,90.6445541381836,21205805.0
2022-12-23,89.74708330513226,90.6445541381836,89.74708330513226,90.6445541381836,15377369.0
2022-12-26,91.09328955470926,91.09328955470926,90.19581872165793,90.6445541381836,8716525.0
2022-12-27,90.64456677792677,91.09330225702541,90.19583129882812,90.19583129882812,8826169.0
2022-12-28,90.19583129882812,90.19583129882812,89.74709581972947,90.19583129882812,22673422.0
2022-12-29,89.74708824187064,89.74708824187064,89.29835280066129,89.47784423828125,37212398.0
2022-12-30,89.74709435773825,90.19582982952694,89.56760290788674,89.6573486328125,18093658.0
2023-01-03,89.65734869589116,89.65734869589116,87.95215253246246,88.93936920166016,46594672.0
2023-01-04,87.95214728573592,88.58037417034166,87.95214728573592,88.0418930053711,41500261.0
2023-01-05,88.04189415831043,88.75987361911304,87.9521484375,87.9521484375,35686123.0
2023-01-06,88.2213886214602,88.67012405321299,88.2213886214602,88.3111343383789,20091590.0
2023-01-09,89.02911492664906,89.38810467376456,88.75987775168235,88.93936920166016,33250703.0
2023-01-10,89.20861053466797,89.56760027096203,88.9393665206575,89.20861053466797,19385954.0
2023-01-11,89.56760297090226,89.56760297090226,88.93936920166016,88.93936920166016,19900837.0
2023-01-12,88.93936656230339,89.29835629876554,88.49063110351562,88.49063110351562,18537275.0
2023-01-13,88.84962083997777,89.29835629876554,88.49063110351562,88.49063110351562,17809439.0
2023-01-16,88.49062845070648,89.02910961567704,88.0418930053711,88.0418930053711,26829826.0
2023-01-17,88.13163872500627,88.4008827310713,88.0418930053711,88.0418930053711,27871039.0
2023-01-30,89.38809934137726,89.47784506101243,87.95214728573592,88.0418930053711,81832690.0
2023-01-31,88.22139048062262,90.64455912428934,88.1316379146532,89.47784423828125,78717445.0
2023-02-01,90.195828666687,90.64456413269043,89.56760175314615,89.7470932006836,39899084.0
2023-02-02,90.195828666687,90.64456413269043,89.7470932006836,89.7470932006836,49473623.0
2023-02-03,89.7470893974318,90.19582484441895,89.29835395044464,89.38809967041016,43062963.0
2023-02-06,90.19582137685691,91.54202766606373,90.19582137685691,91.09329223632812,50209500.0
2023-02-07,91.54203773612406,91.54203773612406,90.19583129882812,90.19583129882812,31198971.0
2023-02-08,90.19583129882812,90.64456677792677,90.19583129882812,90.19583129882812,24332505.0
2023-02-09,90.19581872165793,91.09328955470926,89.74708330513226,90.6445541381836,29215985.0
2023-02-10,91.09329223632812,91.54202766606373,90.19582137685691,91.09329223632812,25426136.0
2023-02-13,91.09328955470926,91.54202497123491,90.6445541381836,90.6445541381836,18330530.0
2023-02-14,91.09329489165661,91.54203033447266,91.09329489165661,91.54203033447266,18342029.0
2023-02-15,91.54203297684832,91.99076843261719,91.09329752107945,91.99076843261719,36053227.0
2023-02-16,92.43950155506963,92.88823699951172,91.99076611062755,92.88823699951172,39617729.0
2023-02-17,92.43950155506963,92.88823699951172,91.99076611062755,92.88823699951172,28586479.0
2023-02-20,92.88824199935765,93.33697746795357,91.99077106216579,92.43950653076172,21971615.0
2023-02-21,91.99076843261719,92.43950388838604,91.99076843261719,91.99076843261719,13794962.0
2023-02-22,91.54203033447266,91.9907657772887,91.09329489165661,91.54203033447266,21960210.0
2023-02-23,91.54203559356985,92.43950653076172,91.54203559356985,92.43950653076172,20815057.0
2023-02-24,92.43949580428624,92.8882312208119,90.6445541381836,90.6445541381836,53866924.0
2023-03-01,89.7470885632085,92.43950122010475,89.7470885632085,91.54203033447266,44807719.0
2023-03-02,91.99076843261719,92.43950388838604,91.09329752107945,91.99076843261719,27825685.0
2023-03-03,92.88823934415491,93.33697479992378,91.99076843261719,91.99076843261719,29133932.0
2023-03-06,92.43950155506963,93.3369724439538,91.99076611062755,92.88823699951172,37825717.0
2023-03-07,92.88823732648576,95.13191455659413,92.88823732648576,94.23444366455078,72281357.0
2023-03-08,93.78571055485652,94.2344460120568,93.33697509765625,93.33697509765625,31270865.0
2023-03-09,93.33697479992378,93.78571025569263,91.54203297684832,91.99076843261719,61494331.0
2023-03-10,91.54203033447266,91.9907657772887,91.09329489165661,91.54203033447266,27734890.0
2023-03-13,91.54203559356985,92.88824199935765,91.09330012497392,92.43950653076172,23591966.0
2023-03-14,91.54203033447266,91.9907657772887,91.09329489165661,91.54203033447266,29415418.0
2023-03-15,91.99076843261719,92.43950388838604,91.54203297684832,91.99076843261719,20481113.0
2023-03-16,91.9907657772887,92.43950122010475,91.54203033447266,91.54203033447266,27614054.0
2023-03-17,92.43950155506963,93.78570788839589,91.99076611062755,92.88823699951172,62309325.0
2023-03-20,92.88823934415491,93.33697479992378,91.99076843261719,91.99076843261719,21366539.0
2023-03-21,92.43950155506963,93.3369724439538,92.43950155506963,92.88823699951172,21054992.0
2023-03-22,92.88823699951172,93.78570788839589,92.43950155506963,92.88823699951172,21545922.0
2023-03-23,92.43950155506963,93.78570788839589,92.43950155506963,92.88823699951172,31525774.0
2023-03-24,93.78571084551336,95.13191722128629,93.33697538692239,94.68318176269531,68833626.0
2023-03-27,94.23444333283797,94.68317877728006,92.88823699951172,92.88823699951172,32246406.0
2023-03-28,93.33697746795357,93.33697746795357,92.43950653076172,92.43950653076172,24056022.0
2023-03-29,92.43950155506963,93.3369724439538,92.43950155506963,92.88823699951172,21090350.0
2023-03-30,93.33697772596442,93.78571319580078,92.88824225612804,93.78571319580078,19398433.0
2023-03-31,93.78571055485652,94.2344460120568,93.33697509765625,93.33697509765625,18283580.0
2023-04-06,93.78570788839589,94.68317877728006,92.43950155506963,92.88823699951172,39046856.0
2023-04-07,93.33697746795357,93.33697746795357,92.43950653076172,92.43950653076172,11565207.0
2023-04-10,92.43950653076172,93.33697746795357,92.43950653076172,92.43950653076172,12404976.0
2023-04-11,92.88823699951172,93.3369724439538,92.43950155506963,92.88823699951172,29073959.0
2023-04-12,92.88823934415491,92.88823934415491,91.99076843261719,91.99076843261719,20279457.0
2023-04-13,91.99077106216579,92.88824199935765,91.99077106216579,92.43950653076172,22784420.0
2023-04-14,93.33697772596442,93.78571319580078,92.43950678629167,93.78571319580078,25584829.0
2023-04-17,93.78571055485652,93.78571055485652,92.88823964045598,93.33697509765625,15274691.0
2023-04-18,93.33697772596442,93.78571319580078,92.88824225612804,93.78571319580078,16042798.0
2023-04-19,93.78571055485652,93.78571055485652,92.88823964045598,93.33697509765625,18734037.0
2023-04-20,92.88824225612804,93.78571319580078,92.88824225612804,93.78571319580078,19680444.0
2023-04-21,94.2344460120568,94.68318146925706,93.33697509765625,93.33697509765625,32735172.0
2023-04-24,93.3369724439538,93.78570788839589,92.88823699951172,92.88823699951172,18393606.0
2023-04-25,92.88824199935765,93.33697746795357,92.43950653076172,92.43950653076172,26878363.0
2023-04-26,92.43950155506963,93.78570788839589,92.43950155506963,92.88823699951172,33983572.0
2023-04-27,92.88823699951172,93.3369724439538,92.43950155506963,92.88823699951172,16606395.0
2023-04-28,93.33697772596442,93.78571319580078,92.88824225612804,93.78571319580078,19404553.0
2023-05-02,93.78570592628336,95.13191223144531,93.33697049122937,95.13191223144531,49934354.0
2023-05-03,94.68318176269531,95.13191722128629,94.23444630410434,94.68318176269531,26855259.0
2023-05-04,94.68317911057245,94.68317911057245,94.23444366455078,94.23444366455078,12735443.0
2023-05-05,94.23444366455078,94.68317911057245,93.78570821852911,94.23444366455078,12524881.0
2023-05-08,94.68317911057245,95.13191455659413,94.23444366455078,94.23444366455078,10197144.0
2023-05-09,94.23444398691956,96.0293857771466,93.7857085393628,95.58065032958984,40552496.0
2023-05-10,95.58065032958984,96.0293857771466,95.13191488203309,95.58065032958984,17406967.0
2023-05-11,95.58065000261578,96.02938544863746,94.23444366455078,94.23444366455078,21740140.0
2023-05-12,92.88823934415491,93.33697479992378,91.54203297684832,91.99076843261719,70640476.0
2023-05-15,91.9907657772887,92.43950122010475,91.54203033447266,91.54203033447266,28080940.0
2023-05-16,91.9907657772887,92.43950122010475,91.54203033447266,91.54203033447266,41848030.0
2023-05-17,91.54203297684832,92.43950388838604,91.54203297684832,91.99076843261719,38707801.0
2023-05-18,92.43950653076172,92.88824199935765,91.99077106216579,92.43950653076172,27646823.0
2023-05-19,92.43950653076172,92.43950653076172,91.54203559356985,92.43950653076172,33026440.0
2023-05-22,91.99077106216579,92.43950653076172,91.99077106216579,92.43950653076172,18055020.0
2023-05-23,92.43950388838604,92.43950388838604,91.99076843261719,91.99076843261719,21793465.0
2023-05-24,91.99077106216579,92.43950653076172,91.99077106216579,92.43950653076172,15681903.0
2023-05-25,91.99076843261719,92.88823934415491,91.99076843261719,91.99076843261719,25782108.0
2023-05-26,91.99076843261719,92.43950388838604,91.54203297684832,91.99076843261719,34841283.0
2023-05-29,92.88823992833142,95.13191722128629,92.43950446974044,94.68318176269531,77950453.0
2023-05-30,95.58065296779169,96.92685934761974,95.13191750784901,96.02938842773438,88126662.0
2023-05-31,96.47812122470336,96.47812122470336,94.68317943447632,95.58065032958984,58697772.0
2023-06-01,95.58065064748129,96.9268569946289,95.13191519843208,96.9268569946289,46264650.0
2023-06-02,97.37559244367812,97.82432789272733,96.4781215455797,96.9268569946289,53639503.0
2023-06-05,97.37559747030569,97.37559747030569,96.02939105366552,96.4781265258789,24441405.0
2023-06-06,96.02938842773438,96.47812388767706,95.13191750784901,96.02938842773438,36177082.0
2023-06-07,96.4781215455797,96.9268569946289,96.0293860965305,96.9268569946289,22331554.0
2023-06-08,96.92685934761974,96.92685934761974,96.02938842773438,96.02938842773438,17253275.0
2023-06-09,96.4781215455797,96.9268569946289,96.0293860965305,96.9268569946289,16636034.0
2023-06-12,96.92685502686652,100.5167385463801,96.47811958692732,99.1705322265625,97931538.0
2023-06-13,99.61927062988282,101.41421244303386,99.61927062988282,100.9654769897461,69701479.0
2023-06-14,100.9654769897461,101.41421244303386,100.06800608317057,100.9654769897461,35568685.0
2023-06-15,100.96547935041077,101.41421481419037,99.61927295907196,100.06800842285156,34887268.0
2023-06-16,100.06800577662013,100.96547668044632,99.61927032470703,99.61927032470703,46995134.0
2023-06-19,100.06800608317057,101.41421244303386,99.61927062988282,100.9654769897461,25047682.0
2023-06-20,101.41421244303386,101.86294789632161,100.06800608317057,100.9654769897461,29739937.0
2023-06-21,100.96547962289995,101.41421508789062,100.51674415790929,101.41421508789062,34763025.0
2023-06-26,101.86294099882052,104.10661811333198,101.41420557591822,103.65788269042969,99919960.0
2023-06-27,104.10662547329017,104.55536092791641,102.31168365478516,102.31168365478516,66946025.0
2023-06-28,102.7604167772376,104.10662311056386,102.7604167772376,103.20915222167969,44666321.0
2023-06-29,104.10662787783463,104.10662787783463,101.41421508789062,101.41421508789062,39560094.0
2023-06-30,101.41421508789062,101.41421508789062,99.61927322792796,101.41421508789062,48200965.0
2023-07-03,102.31168133279552,103.20915222167969,101.86294588835342,103.20915222167969,87520052.0
2023-07-04,105.3730635209517,105.84347898309882,103.02098621021618,103.49140167236328,79691146.0
2023-07-05,103.49140852827081,103.96182402158112,101.13933106171919,102.08016204833984,50544581.0
2023-07-06,101.13932948541867,101.13932948541867,98.78725205552522,99.2576675415039,69069457.0
2023-07-07,98.78725205552522,99.7280830274826,98.31683656954652,99.2576675415039,30487502.0
2023-07-10,99.2576644386401,99.72807990991328,98.31683349609375,98.31683349609375,24605713.0
2023-07-11,98.78724670410156,99.25766216459729,98.31683124360585,98.78724670410156,23641103.0
2023-07-12,98.78725060751272,101.13932800292969,98.78725060751272,101.13932800292969,37582438.0
2023-07-13,102.08016126400958,102.55057675370547,100.66891479492188,100.66891479492188,29761053.0
2023-07-14,101.13932657459556,103.02098846435547,100.1984956297156,103.02098846435547,43171954.0
2023-07-17,103.49140702329609,104.43223799623514,103.02099153682656,103.96182250976562,41250219.0
2023-07-18,103.96182329314095,106.78431623322622,103.49140780312673,105.3730697631836,52327726.0
2023-07-19,106.31390148813274,106.78431698144306,101.60974655502952,102.08016204833984,54580337.0
2023-07-20,102.55057214807582,103.49140308521413,101.13932574236836,101.6097412109375,32928924.0
2023-07-21,100.66891252384629,102.08015896109647,100.19849704476289,101.13932800292969,24874943.0
2023-07-24,101.6097412109375,102.08015667950666,100.6689102737992,101.6097412109375,19757373.0
2023-07-25,102.0801613330841,105.3730697631836,102.0801613330841,105.3730697631836,60570621.0
2023-07-26,105.37306439181614,105.84347985785104,104.43223345974636,104.90264892578125,30040003.0
2023-07-27,105.3730689691742,106.31389994211325,103.96182250976562,103.96182250976562,31329930.0
2023-07-28,103.96181940923543,104.43223488167541,103.02098846435547,103.02098846435547,22140011.0
2023-07-31,103.96182402158112,104.43223951489145,102.08016204833984,102.08016204833984,30316038.0
2023-08-01,103.02099153682656,104.43223799623514,102.55057605035704,103.96182250976562,23966725.0
2023-08-02,103.49140308521413,103.96181855378327,101.6097412109375,101.6097412109375,33642403.0
2023-08-04,102.5505738129487,104.43223571777344,102.5505738129487,104.43223571777344,38960707.0
2023-08-07,105.37306582655538,105.84348129899534,103.02098846435547,103.02098846435547,45334600.0
2023-08-08,103.96182250976562,104.43223799623514,103.02099153682656,103.96182250976562,29163604.0
2023-08-09,103.96182250976562,104.90265348270468,103.49140702329609,103.96182250976562,20348974.0
2023-08-10,104.4322325966575,104.4322325966575,103.02098621021618,103.49140167236328,22241741.0
2023-08-11,103.49140852827081,103.96182402158112,102.08016204833984,102.08016204833984,22550572.0
2023-08-14,103.02098621021618,103.96181713451038,102.55057074806908,103.49140167236328,29995115.0
2023-08-15,101.60974577431368,102.55057675370547,100.66891479492188,100.66891479492188,63923173.0
2023-08-16,100.19849851346129,100.19849851346129,98.78725205552522,99.2576675415039,43637112.0
2023-08-17,99.25766302834094,100.66890942210883,99.25766302834094,100.19849395751953,24569578.0
2023-08-18,100.19849622474526,100.6689116999788,99.25766527427817,99.72808074951172,17125216.0
2023-08-21,100.19849622474526,100.6689116999788,99.25766527427817,99.72808074951172,10711817.0
2023-08-22,100.19849395751953,100.66890942210883,99.72807849293024,100.19849395751953,13146421.0
2023-08-23,100.19849395751953,101.13932488669812,99.72807849293024,100.19849395751953,16513876.0
2023-08-24,102.55057299191549,103.96181940923543,102.08015751947552,103.02098846435547,50697365.0
2023-08-25,102.08015667950666,102.55057214807582,101.6097412109375,101.6097412109375,21088268.0
2023-08-28,102.08015667950666,102.55057214807582,101.6097412109375,101.6097412109375,16737977.0
2023-08-29,101.6097426504459,102.08015812567945,98.78724979904462,99.72808074951172,64075629.0
2023-08-30,100.19849622474526,100.6689116999788,99.72808074951172,99.72808074951172,20719271.0
2023-08-31,99.72807849293024,100.66890942210883,99.25766302834094,100.19849395751953,56712590.0
2023-09-01,100.19849704476289,101.13932800292969,100.19849704476289,101.13932800292969,14016360.0
2023-09-04,101.13932488669812,101.60974035128741,99.25766302834094,100.19849395751953,21196486.0
2023-09-05,100.19849930522598,100.66891479492188,99.72808381553008,100.66891479492188,13373644.0
2023-09-06,100.19849622474526,100.6689116999788,99.72808074951172,99.72808074951172,16988014.0
2023-09-07,99.7280830274826,99.7280830274826,99.2576675415039,99.2576675415039,14559702.0
2023-09-08,99.25766527427817,99.72808074951172,98.78724979904462,99.72808074951172,12030780.0
2023-09-11,99.72807762509301,99.72807762509301,98.78724670410156,98.78724670410156,17772579.0
2023-09-12,99.7280815656795,101.13932800292969,99.2576660865961,101.13932800292969,29770627.0
2023-09-13,100.6689116999788,101.13932717521236,99.25766527427817,99.72808074951172,18281220.0
2023-09-14,100.19849395751953,100.66890942210883,99.72807849293024,100.19849395751953,15804957.0
2023-09-15,100.19849622474526,100.6689116999788,99.72808074951172,99.72808074951172,35465752.0
2023-09-18,99.72807849293024,100.19849395751953,99.25766302834094,100.19849395751953,19079463.0
2023-09-19,100.19849395751953,101.13932488669812,100.19849395751953,100.19849395751953,13714612.0
2023-09-20,100.19849622474526,100.6689116999788,99.72808074951172,99.72808074951172,18615029.0
2023-09-21,99.72807762509301,100.19849308558874,98.78724670410156,98.78724670410156,22188851.0
2023-09-22,98.78724670410156,99.25766216459729,98.78724670410156,98.78724670410156,15051487.0
2023-09-25,99.2576675415039,99.7280830274826,98.78725205552522,99.2576675415039,16313538.0
2023-09-26,98.78725125239446,99.25766673454872,97.84642028808594,97.84642028808594,30099451.0
2023-09-27,97.84642028808594,98.3168357702402,97.37600480593169,97.84642028808594,16064926.0
2023-09-28,98.3168357702402,98.3168357702402,96.90558932377742,97.84642028808594,21103053.0
2023-10-02,97.84641802482058,98.78724896736692,97.84641802482058,98.31683349609375,13885858.0
2023-10-03,97.84642028808594,98.3168357702402,97.37600480593169,97.84642028808594,17439779.0
2023-10-04,96.90558624267578,97.37600170987324,96.43517077547833,96.90558624267578,27359567.0
2023-10-05,96.90559158693765,97.8464225732186,96.90559158693765,97.37600708007812,16616231.0
2023-10-06,98.78725205552522,99.7280830274826,98.31683656954652,99.2576675415039,28044586.0
2023-10-11,100.19849622474526,100.19849622474526,99.25766527427817,99.72808074951172,28530118.0
2023-10-12,100.19849930522598,100.66891479492188,99.72808381553008,100.66891479492188,27974396.0
2023-10-13,100.66891252384629,101.13932800292969,99.7280815656795,101.13932800292969,26550436.0
2023-10-16,100.66891479492188,101.13933028461777,100.19849930522598,100.66891479492188,17125445.0
2023-10-17,101.13932488669812,101.60974035128741,100.19849395751953,100.19849395751953,15540479.0
2023-10-18,99.7280830274826,100.19849851346129,98.78725205552522,99.2576675415039,26924552.0
2023-10-19,98.78725355949955,99.25766905264003,96.90559158693765,97.37600708007812,36902352.0
2023-10-20,96.90559158693765,98.31683806635907,96.90559158693765,97.37600708007812,32000342.0
2023-10-23,95.96475902955923,95.96475902955923,94.08309708780317,94.55351257324219,82749215.0
2023-10-24,93.89493482677047,93.89493482677047,91.54285737297333,92.48368835449219,110028656.0
2023-10-25,92.4836865170339,93.61268080123747,92.4836865170339,93.14226531982422,40481603.0
2023-10-26,92.48368878582336,92.86001543780944,92.20143661886301,92.6718521118164,37967556.0
2023-10-27,92.67185483639143,93.0481886774126,92.38960266113281,92.38960266113281,33142928.0
2023-10-30,92.48368399188406,92.67184730812356,88.43810809100115,88.90852355957031,134995332.0
2023-10-31,89.47301929390572,91.16651782558911,89.47301929390572,90.7901840209961,56204082.0
2023-11-01,90.69610328577814,90.79018494338965,89.94343566894531,89.94343566894531,26230059.0
2023-11-02,90.50793720487285,91.63693868516124,90.3197738804768,91.26060485839844,25008686.0
2023-11-03,90.13160705566406,90.50793368984084,89.56710274845801,90.13160705566406,42627707.0
2023-11-06,90.5079354582957,91.91918189794463,90.5079354582957,90.69610595703125,38328942.0
2023-11-07,90.6961086739208,91.07244250469475,89.84935934917215,90.41385650634766,27742358.0
2023-11-08,90.03752171591204,91.63693868516124,90.03752171591204,91.26060485839844,19441199.0
2023-11-09,91.63693772641012,92.57776869448831,91.54285606519643,92.10735321044922,30810327.0
2023-11-10,92.10734692582895,92.20142858062331,91.2605976767394,91.44876098632812,16271698.0
2023-11-13,92.01327066200756,92.57776780181725,91.73101850311743,91.91918182373047,18203271.0
2023-11-14,92.57776370366045,95.02392265319824,92.38959321340663,94.08309173583984,46678644.0
2023-11-15,94.55351257324219,95.49434354412021,93.89493376481583,94.55351257324219,51077691.0
2023-11-16,95.02392578125,95.4943412554146,94.55351030708539,95.02392578125,30695116.0
2023-11-17,95.49434207823218,97.37600399110376,95.02392660001429,96.43517303466797,46873557.0
2023-11-20,96.4351722037438,96.4351722037438,95.02392578125,95.02392578125,29812892.0
2023-11-21,95.96475755645008,96.43517303466797,95.02392660001429,96.43517303466797,36969965.0
2023-11-22,96.9055908053529,97.84642178404566,95.96475982666016,95.96475982666016,28364466.0
2023-11-23,96.43516991526036,96.90558537826162,95.02392352625654,95.49433898925781,22618693.0
2023-11-24,95.96475445225909,96.43516991526036,95.02392352625654,95.49433898925781,20946560.0
2023-11-27,96.43516991526036,96.90558537826162,95.49433898925781,95.49433898925781,23065767.0
2023-11-28,95.96475755645008,96.90558851288586,95.96475755645008,96.43517303466797,26026370.0
2023-11-29,96.43517531600654,96.9055908053529,95.49434433731379,95.96475982666016,31821148.0
2023-11-30,95.96475445225909,96.43516991526036,95.02392352625654,95.49433898925781,40730573.0
2023-12-01,95.02392805868121,95.49434354412021,94.55351257324219,94.55351257324219,26482926.0
2023-12-04,95.02392578125,95.4943412554146,94.55351030708539,95.02392578125,14718271.0
2023-12-05,95.02392578125,95.96475672957921,94.55351030708539,95.02392578125,21884962.0
2023-12-06,95.4943412554146,95.96475672957921,95.02392578125,95.02392578125,15330669.0
2023-12-07,95.02392578125,95.4943412554146,94.55351030708539,95.02392578125,13982251.0
2023-12-08,95.02392352625654,95.96475445225909,95.02392352625654,95.49433898925781,16070568.0
2023-12-11,95.4943412554146,95.96475672957921,94.55351030708539,95.02392578125,24953090.0
2023-12-12,95.02392578125,95.4943412554146,94.55351030708539,95.02392578125,19973869.0
2023-12-13,94.55351030708539,95.4943412554146,94.55351030708539,95.02392578125,15105897.0
2023-12-14,95.49434433731379,95.96475982666016,95.02392884796741,95.96475982666016,32650955.0
2023-12-15,95.49433898925781,95.96475445225909,95.02392352625654,95.49433898925781,40775463.0
2023-12-18,95.49434433731379,95.96475982666016,95.02392884796741,95.96475982666016,27764780.0
2023-12-19,95.96475755645008,96.43517303466797,95.49434207823218,96.43517303466797,32860763.0
2023-12-20,96.43517161100105,98.31683349609375,96.43517161100105,98.31683349609375,54287637.0
2023-12-21,96.90559158693765,97.37600708007812,96.43517609379718,97.37600708007812,34805864.0
2023-12-22,97.37600708007812,97.8464225732186,96.90559158693765,97.37600708007812,23776427.0
2023-12-25,97.37600708007812,97.8464225732186,96.90559158693765,97.37600708007812,11295535.0
2023-12-26,97.84642028808594,97.84642028808594,97.37600480593169,97.84642028808594,9920950.0
2023-12-27,97.8464225732186,97.8464225732186,96.90559158693765,97.37600708007812,18875621.0
2023-12-28,97.37600480593169,97.84642028808594,96.90558932377742,97.84642028808594,23057092.0
2023-12-29,97.84641802482058,98.78724896736692,97.3760025535474,98.31683349609375,25969421.0
2024-01-02,98.31683124360585,98.78724670410156,97.84641578311012,98.78724670410156,19921105.0
2024-01-03,98.31683349609375,98.78724896736692,97.84641802482058,98.31683349609375,18957682.0
2024-01-04,98.3168357702402,98.78725125239446,97.84642028808594,97.84642028808594,15488559.0
2024-01-05,97.84642028808594,98.3168357702402,97.84642028808594,97.84642028808594,13349572.0
2024-01-08,97.3760008412629,97.84641630426417,95.49433898925781,95.49433898925781,34642006.0
2024-01-09,95.96475672957921,96.4351722037438,95.02392578125,95.02392578125,25228043.0
2024-01-10,95.02392265319824,95.49433811187744,94.08309173583984,94.08309173583984,22800432.0
2024-01-11,94.08309708780317,95.96475902955923,93.8008449253515,94.55351257324219,34453180.0
2024-01-12,94.08309708780317,95.49434354412021,94.08309708780317,94.55351257324219,29241441.0
2024-01-15,95.02392265319824,95.49433811187744,94.08309173583984,94.08309173583984,22480585.0
2024-01-16,93.89492842355627,94.55350719451904,93.42451296487707,94.08309173583984,25892269.0
2024-01-17,93.89493162185006,94.08309494054295,92.6718485164348,92.76593017578125,47592663.0
2024-01-18,93.14226437829639,94.08309533161251,93.04818271855888,93.989013671875,18106511.0
2024-01-19,94.08309708780317,95.02392805868121,94.08309708780317,94.55351257324219,16417094.0
2024-01-22,94.55351080827057,95.02392628492863,93.989013671875,93.989013671875,22982811.0
2024-01-23,94.08309483292079,95.4943412554146,93.98901317368197,95.02392578125,18993909.0
2024-01-24,95.02392805868121,95.49434354412021,94.55351257324219,94.55351257324219,13198166.0
2024-01-25,95.02392884796741,95.96475982666016,94.55351335862105,95.96475982666016,24228872.0
2024-01-26,95.96475755645008,97.37600399110376,95.96475755645008,96.43517303466797,25615989.0
2024-01-29,96.43517303466797,96.90558851288586,95.96475755645008,96.43517303466797,16386992.0
2024-01-30,96.43517531600654,96.9055908053529,95.96475982666016,95.96475982666016,17551728.0
2024-01-31,95.96475755645008,96.43517303466797,95.49434207823218,96.43517303466797,18545562.0
2024-02-01,96.43517077547833,96.90558624267578,95.96475530828087,96.90558624267578,14397907.0
2024-02-02,96.43517531600654,96.9055908053529,95.49434433731379,95.96475982666016,16516773.0
2024-02-05,95.49433898925781,95.96475445225909,95.02392352625654,95.49433898925781,17438135.0
2024-02-15,95.4943412554146,95.96475672957921,95.02392578125,95.02392578125,27953440.0
2024-02-16,95.02392352625654,95.49433898925781,94.55350806325528,95.49433898925781,32615887.0
2024-02-19,95.49433984108342,96.90558624267578,95.02392437388596,96.90558624267578,24938217.0
2024-02-20,97.37600708007812,98.31683806635907,96.90559158693765,97.37600708007812,39410270.0
2024-02-21,97.37600170987324,97.84641717707069,96.90558624267578,96.90558624267578,18479374.0
2024-02-22,97.37600708007812,97.8464225732186,96.90559158693765,97.37600708007812,19601423.0
2024-02-23,97.37600170987324,97.84641717707069,96.90558624267578,96.90558624267578,17252304.0
2024-02-26,96.90559158693765,97.8464225732186,96.90559158693765,97.37600708007812,19894677.0
2024-02-27,97.8464225732186,98.31683806635907,96.90559158693765,97.37600708007812,28688693.0
2024-02-29,96.90558624267578,97.37600170987324,96.90558624267578,96.90558624267578,38390662.0
2024-03-01,96.9055908053529,97.37600629469928,95.96475982666016,95.96475982666016,28121335.0
2024-03-04,96.43517024080518,100.66890942210883,96.43517024080518,100.19849395751953,106351735.0
2024-03-05,100.66890942210883,102.08015581587671,100.19849395751953,100.19849395751953,75461014.0
2024-03-06,99.72807849293024,101.13932488669812,99.25766302834094,100.19849395751953,40347458.0
2024-03-07,101.60974348201307,102.08015896109647,100.66891252384629,101.13932800292969,47505374.0
2024-03-08,101.13932400658018,102.08015492757161,98.31683124360585,98.78724670410156,68582080.0
2024-03-11,98.78724921239566,104.9026503541154,98.78724921239566,103.02098846435547,139480002.0
2024-03-12,104.9026529328162,111.9588851928711,104.9026529328162,111.9588851928711,347034486.0
2024-03-13,114.31096342094706,116.19262537026306,111.01805500964406,113.37013244628906,338406505.0
2024-03-14,113.84054565429688,114.3109611322072,110.07722183101434,113.84054565429688,191622484.0
2024-03-15,120.4263583096591,125.13051293113016,119.48552738536488,124.18968200683594,403022484.0
2024-03-18,125.13051767910228,128.8938415190753,123.71927123911242,127.95301055908203,239249130.0
2024-03-19,125.13051767910228,127.95301055908203,122.30802479912253,127.95301055908203,171242442.0
2024-03-20,128.42342459637186,133.5979948182037,127.48259364694788,129.8346710205078,204806549.0
2024-03-21,132.6571587813528,136.4204824347245,130.77549695466695,134.0684051513672,183957559.0
2024-03-22,135.47965326997422,139.71339243466093,133.59799141900237,136.89089965820312,236266998.0
2024-03-25,138.30214604643203,138.772561509175,134.5388223444883,136.89089965820312,145490405.0
2024-03-26,137.36131566007373,138.30214658925232,130.7754991558236,133.59799194335938,180436950.0
2024-03-27,134.53882401077837,141.12464057074652,134.53882401077837,139.71339416503906,146369404.0
2024-03-28,141.59505494537845,147.710455989531,141.12463948044365,146.29920959472656,196277222.0
2024-03-29,147.71045888768563,148.18087436185024,141.59505772354578,142.535888671875,123239000.0
2024-04-01,142.0654777450815,145.35838616963636,141.12464676663726,141.59506225585938,77891382.0
2024-04-02,143.0063154112618,150.06254807958064,142.06548438881927,149.59213256835938,178365027.0
2024-04-03,146.76963950103183,149.59213256835938,145.82880847858934,149.59213256835938,141177640.0
2024-04-08,149.5921218485772,150.5329528035997,147.24004446102094,148.6512908935547,108228836.0
2024-04-09,149.12170637106593,151.94419923613344,146.29921350599844,148.6512908935547,101725664.0
2024-04-10,149.5921067913759,150.53293765169903,144.88795248976032,145.35836791992188,97698334.0
2024-04-11,143.94712646484376,144.4175419108073,138.30214111328127,141.1246337890625,171910054.0
2024-04-12,142.0654777450815,144.41755519119212,139.71340029897087,141.59506225585938,117153973.0
2024-04-15,139.713405661387,141.12465218321918,135.9500816031678,137.361328125,111843413.0
2024-04-16,134.06841196912399,134.53882744971742,129.36425716318982,132.65716552734375,175513013.0
2024-04-17,134.5388328369974,138.77257233186793,132.65717083927714,137.8317413330078,105075694.0
2024-04-18,135.95007262358794,139.71339643323745,135.95007262358794,139.24298095703125,74990020.0
2024-04-19,137.361311052229,138.77255739865603,131.716325666521,134.538818359375,132498553.0
2024-04-22,133.12757201294798,136.89089560342,133.12757201294798,134.538818359375,71191312.0
2024-04-23,136.89090649286905,137.83173746532864,135.0092445479499,135.4796600341797,67495791.0
2024-04-24,138.77256002181616,147.71045371813653,137.83172910641403,146.76962280273438,191980597.0
2024-04-25,143.9471350943688,145.3583815168626,142.0654731977104,142.535888671875,108275889.0
2024-04-26,147.24004280336442,148.65128922001009,144.8879654422883,145.82879638671875,99130006.0
2024-04-29,147.7104576905067,151.47378145332215,146.76962674980282,149.1217041015625,98183957.0
2024-04-30,150.06253100664188,151.4737773797451,146.76962280273438,146.76962280273438,72258292.0
2024-05-02,144.41755448378527,145.82880094453887,143.00630802303166,144.88796997070312,67014593.0
2024-05-03,148.18086917583759,149.59211554894082,146.76962280273438,146.76962280273438,67145053.0
2024-05-06,151.94418708459656,158.53000324306203,151.47377164470618,157.58917236328125,177370587.0
2024-05-07,159.47084045410156,160.88208682980158,156.64834770270153,159.47084045410156,124701709.0
2024-05-08,158.5300095369682,161.35250228836824,158.05959407840155,159.47084045410156,75120589.0
2024-05-09,159.47085114867807,164.6454215399331,159.47085114867807,160.41168212890625,113944686.0
2024-05-10,161.35250228836824,161.8229177469349,157.11876316126822,159.47084045410156,84399408.0
2024-05-13,160.88208682980158,162.76374866406826,159.0004249955349,159.47084045410156,77795848.0
2024-05-14,159.94125987208167,164.6454145742017,158.05959799123366,161.8229217529297,124475075.0
2024-05-15,158.05960467833577,163.7045905597049,155.7075272277653,160.41168212890625,155589110.0
2024-05-16,164.64541688257333,168.40874069703216,160.41167759130718,161.35250854492188,149892909.0
2024-05-17,162.76374637379365,162.76374637379365,157.11876095042507,159.94125366210938,87995690.0
2024-05-20,159.94124956273322,160.4116650026236,156.17792604361009,157.58917236328125,73840961.0
2024-05-21,156.1779327392578,158.53001003954785,155.7075172791998,156.1779327392578,46498585.0
2024-05-22,156.17794944266595,160.41168903599123,156.17794944266595,159.0004425048828,55204400.0
2024-05-23,163.234163626081,163.7045790832167,159.47083996899556,162.7637481689453,83577643.0
2024-05-24,161.8229189786044,165.58624267578125,160.8820880543102,165.58624267578125,69225558.0
2024-05-27,168.40874048181482,174.05372619628906,167.93832500560865,174.05372619628906,113997157.0
2024-05-28,174.52413940429688,174.9945548743893,172.64247752392708,174.52413940429688,67804130.0
2024-05-29,174.52414697028925,174.9945624607752,169.8199920654297,169.8199920654297,75213627.0
2024-05-30,166.5270866415656,168.87916413650296,165.58625564359065,166.05667114257812,78702491.0
2024-05-31,166.52707645504975,168.40873833589777,161.8229217529297,161.8229217529297,147141860.0
2024-06-03,166.5270866415656,168.87916413650296,164.1750091466282,166.05667114257812,89188697.0
2024-06-04,164.64541920444424,166.05666565476804,159.94126437003152,160.88209533691406,101915226.0
2024-06-05,160.88209025065106,167.4679068106192,158.5300129078053,165.11582946777344,117365054.0
2024-06-06,170.76080584458902,172.17205217388315,166.9974822998047,166.9974822998047,121092025.0
2024-06-07,166.9974822998047,169.3495595152949,166.05665141360862,166.9974822998047,55448022.0
2024-06-11,168.40874559397182,170.7608230464016,166.99749912251397,169.8199920654297,83420531.0
2024-06-12,173.11288411458332,176.87620768229166,171.7016377766927,176.40579223632812,124760086.0
2024-06-13,179.69871068000793,183.46203446388245,176.87621784210205,180.63954162597656,146691778.0
2024-06-14,181.10996034410263,186.7549461210617,179.6987138998629,186.28453063964844,123524930.0
2024-06-17,185.81410617828368,188.1661834716797,183.4620288848877,188.1661834716797,90030798.0
2024-06-18,188.63660575040342,189.1070212260902,185.34369742059587,186.75494384765625,90319019.0
2024-06-19,188.166185200508,195.69283260852833,187.69576973750674,190.98867797851562,173889577.0
2024-06-20,192.87033572142153,204.63072204589844,191.4590893624843,204.63072204589844,177537123.0
2024-06-21,198.51533054855634,204.63073172659244,198.51533054855634,199.45616149902344,163458287.0
2024-06-24,197.10408075573375,197.5744962229312,192.87034155095665,193.81117248535156,104052744.0
2024-06-25,190.98868730734875,199.4561660549652,189.10702536343396,198.5153350830078,116945868.0
2024-06-26,198.9857397896903,202.74906347365607,197.57449340820312,197.57449340820312,107811774.0
2024-06-27,195.69283547794117,201.80823658662683,195.22242000804226,199.92657470703125,84781047.0
2024-06-28,201.33782958984375,203.21949154862736,199.92658312075608,201.33782958984375,75725075.0
2024-07-01,202.2786514847367,204.16031335901332,201.80823601616754,203.219482421875,73503014.0
2024-07-02,204.5704127827017,205.5353675599786,195.88581978720964,197.333251953125,142637509.0
2024-07-03,197.81572802313443,200.7105923356681,195.8858184814453,195.8858184814453,75817371.0
2024-07-04,200.71059718276516,207.4652807418005,200.2281197856912,206.98280334472656,110905158.0
2024-07-05,206.5003259476526,207.9477581388745,205.05289375643076,206.98280334472656,43052441.0
2024-07-08,209.39518552531732,218.562255859375,208.91270813931428,218.562255859375,114405840.0
2024-07-09,218.5622600885294,226.28189841395206,212.77253134446238,217.59730529785156,137762761.0
2024-07-10,217.5972984365169,218.0797758166422,212.77252463526375,215.66738891601562,70302456.0
2024-07-11,218.5622600885294,220.974647065224,216.1498731118348,217.59730529785156,65419255.0
2024-07-12,211.32510121663412,213.25501081678604,206.50032721625436,208.43023681640625,137754131.0
2024-07-15,208.9127197265625,211.3251067903796,206.98281007550878,208.9127197265625,52526510.0
2024-07-16,208.91271163152416,209.87766641966053,205.0528924789787,205.53536987304688,82245845.0
2024-07-17,205.53537411959667,209.87767075592618,204.08794190748682,204.57041931152344,75060648.0
2024-07-18,198.78069395177505,201.6755584268009,195.8858294767492,196.8507843017578,132207113.0
2024-07-19,193.47344241422766,196.8507843017578,192.99096500172334,196.8507843017578,90412154.0
2024-07-22,195.88582486239346,196.85077966467125,184.30636723505987,185.75379943847656,158438644.0
2024-07-23,191.54352071681626,194.43838500976562,190.09608857034158,194.43838500976562,83955746.0
2024-07-26,183.3414069811503,187.2012260754903,181.8939748207728,185.2713165283203,101861581.0
2024-07-29,189.1311468410986,190.09610167192054,185.27132751781087,186.2362823486328,58864802.0
2024-07-30,183.82388282308773,190.09608879867866,182.37645067487443,189.13113403320312,55246089.0
2024-07-31,187.68370861477322,194.9208696153429,187.20123121473526,191.06105041503906,76997270.0
2024-08-01,197.81573787736303,198.29821528682004,193.4734411922502,195.40335083007812,70033754.0
2024-08-02,185.7537942022165,187.6837037523694,178.99911077668136,179.9640655517578,170805688.0
2024-08-05,163.55984374455045,166.45470823560441,162.11241149902344,162.11241149902344,229394141.0
2024-08-06,167.41965737414003,168.86708957045826,154.3927676072761,161.6299285888672,309246386.0
2024-08-07,163.07736331346797,168.86709218850234,162.11240850096226,164.52479553222656,170623130.0
2024-08-08,157.77011108398438,160.66497550754372,155.3577240643516,157.77011108398438,171908756.0
2024-08-09,164.04231130899944,165.97222085381122,162.1124017641877,162.59487915039062,137129939.0
2024-08-12,165.97222726995295,172.72691093791616,165.48974986509845,169.83204650878906,110929344.0
2024-08-13,173.6918597985368,176.5867241285124,171.7619502452197,174.6568145751953,111247858.0
2024-08-14,179.48159238912987,180.4465471869209,177.06920539465233,178.99911499023438,98234123.0
2024-08-15,178.99911107015873,179.481588458488,174.6568145751953,174.6568145751953,83391282.0
2024-08-16,179.4815911002781,180.4465458911398,176.58672672769296,177.5516815185547,72396121.0
2024-08-19,178.51663885269573,181.41150326652323,178.03416145039117,180.44654846191406,57256994.0
2024-08-20,182.85892987698716,184.30636203960185,179.4815881642196,179.9640655517578,80711041.0
2024-08-21,178.5166307496115,179.48158551042022,175.13928908678102,177.06919860839844,71607014.0
2024-08-22,177.55167756572075,178.51663233509967,172.72690371882615,173.20938110351562,72229297.0
2024-08-23,169.83204481336807,174.65681881374783,168.8670900132921,173.69186401367188,49085475.0
2024-08-26,175.62176513671875,178.51662939721413,174.17433300647107,175.62176513671875,42223023.0
2024-08-27,175.13930175443105,175.62177916973252,172.72691467792373,174.17434692382812,27898074.0
2024-08-28,174.65681840017479,179.48159238912987,173.20938620348824,178.99911499023438,59781576.0
2024-08-29,174.17434514570365,178.99911924946275,173.69186773532775,178.03416442871094,57658983.0
2024-08-30,178.51664183908684,179.48159665983866,177.06920960795912,178.03416442871094,50920206.0
2024-09-02,178.99911799196337,180.44655021292263,175.62177614305838,176.58673095703125,35772515.0
2024-09-03,177.55167731207771,180.44654161607897,176.58672254407728,178.51663208007812,50713412.0
2024-09-04,168.8670846413105,174.656813257584,165.97222033317374,173.20938110351562,124980705.0
2024-09-05,173.6918701171875,174.65682495117187,168.86709594726562,168.86709594726562,75390366.0
2024-09-06,169.34955940570777,171.76194629182896,168.86708202848354,170.31451416015625,38390840.0
2024-09-09,165.97222900390625,167.90213864348655,164.52479677422102,165.97222900390625,66946358.0
2024-09-10,167.41965868346085,167.90213608600686,161.6299298529089,163.07736206054688,89950703.0
2024-09-11,164.04232238949575,165.9722320646663,163.55984497070312,163.55984497070312,29053719.0
2024-09-12,168.38461553009464,171.27947998046875,167.90213812169895,171.27947998046875,52398341.0
2024-09-13,172.72691093791616,173.20938834277067,168.86709169908005,169.83204650878906,34996605.0
2024-09-16,170.79699546856116,175.62176935185386,168.8670859152441,174.6568145751953,53785495.0
2024-09-18,172.72690398117592,173.2093813665982,167.41965274153085,167.90213012695312,76540029.0
2024-09-19,168.3846046512593,170.31451416015625,166.93717251958657,170.31451416015625,41446153.0
2024-09-20,173.69186142743644,175.6217709988524,170.7969970703125,170.7969970703125,81520029.0
2024-09-23,171.76195441352,174.17434141370987,171.279477013482,173.69186401367188,30529852.0
2024-09-24,172.72691170113984,177.5516857710041,171.761956887167,176.58673095703125,56746047.0
2024-09-25,179.96407231095617,184.30636896189077,179.48159490529676,181.89398193359375,117055770.0
2024-09-26,185.2713194673483,186.23627425624073,181.89397770622475,182.8589324951172,65079925.0
2024-09-27,185.27132076243456,187.20123035370992,183.3414111711592,184.30636596679688,67106252.0
2024-09-30,183.34141845703124,184.30637329101563,180.9290313720703,180.9290313720703,61700675.0
2024-10-01,182.37645807113242,183.34141287574158,178.99911625500033,180.44654846191406,33579126.0
2024-10-04,181.41150405726484,189.61361993219435,181.41150405726484,187.20123291015625,114048146.0
2024-10-07,192.02599966314776,192.02599966314776,188.16618057444126,190.5785675048828,83512089.0
2024-10-08,190.09609733660196,190.5785747410096,187.20123291015625,187.20123291015625,53834729.0
2024-10-09,191.0610461977858,192.9909557553392,190.0960914190091,192.0260009765625,83114046.0
2024-10-11,192.99095153808594,194.9208610534668,192.0259967803955,192.99095153808594,69936130.0
2024-10-14,192.9909557553392,192.9909557553392,189.61361402962078,192.0260009765625,36211894.0
2024-10-15,193.95590740701425,200.22811336793762,193.47343002540478,199.74563598632812,126315098.0
2024-10-16,196.8507800590701,200.22812187380907,196.36830265696454,197.81573486328125,96069107.0
2024-10-17,200.22811468842505,201.6755468427992,196.85077299488535,201.1930694580078,65050499.0
2024-10-18,202.64050587114082,203.6054606610034,199.74564150155308,200.22811889648438,101109312.0
2024-10-21,202.6405029296875,206.0178446451823,201.67554815383187,202.6405029296875,58640655.0
2024-10-22,203.60545742096866,208.43023129350348,201.67554787195476,207.94775390625,87878376.0
2024-10-23,206.98280461629233,209.3951916164822,205.5353724161784,208.43023681640625,51043274.0
2024-10-24,207.46527813850565,207.94775552952544,202.64050422830786,204.0879364013672,78486941.0
2024-10-25,205.0528950161404,208.43023681640625,204.57041761610245,208.43023681640625,49063789.0
2024-10-28,210.84262812414835,213.73749258351882,206.50033143509268,207.4652862548828,93823853.0
2024-10-29,205.5353771564784,205.5353771564784,199.74564822249312,202.1580352783203,85568817.0
2024-10-30,202.15802683728808,207.94775552952544,201.6755494462683,204.0879364013672,67172212.0
2024-11-01,194.92087290837213,201.19307921482965,194.4383955001831,200.71060180664062,87793218.0
2024-11-04,201.6755465926411,206.5003204345703,200.71059182425526,206.5003204345703,57179294.0
2024-11-05,204.57041089779864,207.94775258714907,203.6054561294128,206.5003204345703,43137748.0
2024-11-06,207.46528500416238,209.3951946321081,205.05289796923026,206.01785278320312,66841891.0
2024-11-07,204.5704134752124,211.3250969390166,204.5704134752124,209.3951873779297,75949925.0
2024-11-08,211.80757008123837,212.29004746183344,209.87766055885805,210.36013793945312,53938151.0
2024-11-11,211.8075769251043,212.29005432128906,209.87766734036532,212.29005432128906,41304740.0
2024-11-12,209.87766212392077,210.8426168923066,206.5003204345703,206.5003204345703,67724865.0
2024-11-13,205.05289375643076,208.9127129330224,205.05289375643076,206.98280334472656,54978607.0
2024-11-14,207.46527813850565,207.94775552952544,201.6755494462683,204.0879364013672,71008649.0
2024-11-15,204.570409802423,206.98279671047044,198.78068122310916,199.74563598632812,99347209.0
2024-11-18,197.81573787736303,200.71060233410495,194.92087342062115,195.40335083007812,59712102.0
2024-11-19,196.36830139160156,197.81573358859126,193.95591439661874,196.36830139160156,59058419.0
2024-11-20,198.7806854248047,198.7806854248047,198.7806854248047,198.7806854248047,44351353.0
2024-11-21,197.81573787736303,197.81573787736303,194.92087342062115,195.40335083007812,49115813.0
2024-11-22,198.2982054085567,199.74563756482354,195.8858184814453,195.8858184814453,36997322.0
2024-11-25,198.7806892304409,203.12298583984375,198.29821182939617,203.12298583984375,80172067.0
2024-11-26,199.74564751519097,199.74564751519097,194.92087342062115,195.40335083007812,92584940.0
2024-11-27,193.4734361177789,193.95591351458134,189.61361694335938,189.61361694335938,92029898.0
2024-11-28,189.1311437894621,192.0260082352192,186.23627934370504,188.64866638183594,56842531.0
2024-11-29,186.71875675133123,192.0260082352192,185.75380193607887,188.64866638183594,48382854.0
2024-12-02,191.54352094689193,192.50847571236747,188.64865665046537,189.13113403320312,46054629.0
2024-12-03,191.54352653056915,192.99095872097647,189.61361694335938,189.61361694335938,50430915.0
2024-12-04,190.57857551384922,194.43839476476262,190.09609810748503,193.95591735839844,48810602.0
2024-12-05,195.88582009166927,196.36829748105762,192.0260009765625,192.0260009765625,45629278.0
2024-12-06,192.508482615153,194.4383922153049,190.5785730150011,191.06105041503906,46385653.0
2024-12-09,191.54352522629958,192.02600261981672,188.1661834716797,188.1661834716797,39186123.0
2024-12-10,186.2362713019053,188.16618084907532,185.2713165283203,185.2713165283203,55981201.0
2024-12-11,183.34140434466974,187.2012233835049,182.37644958496094,182.37644958496094,62875365.0
2024-12-12,183.82389155623136,186.23627858452835,181.89398193359375,181.89398193359375,47067315.0
2024-12-13,181.8939751019107,182.85892987698716,178.99911077668136,179.9640655517578,52081754.0
2024-12-16,181.41149365770949,182.85892578795716,175.13928775996953,175.62176513671875,71398289.0
2024-12-17,174.65682132908555,179.4815953989498,174.65682132908555,176.58673095703125,54107138.0
2024-12-18,176.58673219758322,178.99911924946275,176.1042547872073,178.03416442871094,46803571.0
2024-12-19,174.6568145751953,175.62176935185386,172.72690502187825,174.6568145751953,62303203.0
2024-12-20,174.6568145751953,177.55167890517095,173.6918597985368,174.6568145751953,55158347.0
2024-12-23,178.51663759133888,180.92902458581642,177.55168279354785,178.99911499023438,50507684.0
2024-12-24,180.92902458581642,180.92902458581642,178.99911499023438,178.99911499023438,32584682.0
2024-12-25,179.9640655517578,181.4114977143725,179.4815881642196,179.9640655517578,21198608.0
2024-12-26,180.9290313720703,182.37646362304687,180.44655395507812,180.9290313720703,35581123.0
2024-12-27,180.92902032683426,181.4114977143725,178.99911077668136,179.9640655517578,20870917.0
2024-12-30,178.99910946407834,180.44654161607897,178.03415469607793,178.51663208007812,23909208.0
2024-12-31,178.03415891398552,178.51663630941638,176.58672672769296,177.5516815185547,21179875.0
2025-01-02,177.55168022260276,179.48158979023972,175.13929326305652,176.104248046875,38301022.0
2025-01-03,176.5867241285124,177.55167890517095,174.17433718686604,174.6568145751953,46698161.0
2025-01-06,178.51664183908684,180.9290288909664,177.06920960795912,178.03416442871094,66600965.0
2025-01-07,180.44655095150597,185.27132504111842,179.96407354254472,183.34141540527344,80605094.0
2025-01-08,183.34140858751664,183.34140858751664,180.44654424139793,181.4114990234375,40650155.0
2025-01-09,181.4115050268955,181.4115050268955,176.58673095703125,176.58673095703125,44873514.0
2025-01-10,176.1042522924334,177.55168450305612,174.65682008181065,175.13929748535156,39132489.0
2025-01-13,173.6918617893586,174.17433918321794,165.48974609375,165.48974609375,148207264.0
2025-01-14,165.4897486295946,168.38461303710938,165.00727122834215,168.38461303710938,62025042.0
2025-01-15,168.3846048277024,169.349559583162,165.00726318359375,165.00726318359375,57853514.0
2025-01-16,168.86709471600886,169.8320495429575,166.93718506211164,167.41966247558594,41090927.0
2025-01-17,166.93718506211164,169.3495721294832,165.972230235163,167.41966247558594,44467947.0
2025-01-20,168.3846059649178,171.76194763183594,168.3846059649178,171.76194763183594,33266229.0
2025-01-21,172.2444305419922,173.6918627314207,170.7969983525637,172.2444305419922,31745824.0
2025-01-22,174.17434141370987,174.65681881374783,172.24443181355795,173.69186401367188,43634401.0
2025-02-03,158.2525800722243,162.11239909837613,157.77010269395535,159.70001220703125,155112848.0
2025-02-04,161.1474541866418,163.07736381761956,159.21754455566406,159.21754455566406,62817481.0
2025-02-05,161.14744416175532,165.48974056132357,161.14744416175532,165.00726318359375,50787569.0
2025-02-06,166.45470216784173,167.90213436060557,165.0072699750779,166.9371795654297,40235011.0
2025-02-07,168.8670833459061,171.76194763183594,167.9021285839295,171.76194763183594,50334024.0
2025-02-10,169.83203966864224,170.3145170540645,167.90213012695312,167.90213012695312,35975740.0
2025-02-11,171.76195862839342,175.6217779234135,169.83204898088337,172.72691345214844,69282654.0
2025-02-12,175.1392936059984,175.1392936059984,170.7969970703125,170.7969970703125,41760435.0
2025-02-13,170.79699961344403,174.65681881374783,170.79699961344403,173.69186401367188,40054109.0
2025-02-14,173.69185715578914,174.17433453677745,171.27947025084762,171.76194763183594,26170902.0
2025-02-17,173.20938369541952,176.104248046875,172.72690630351028,176.104248046875,46052153.0
2025-02-18,176.58672122799408,177.5516759888028,174.65681170637666,177.06919860839844,26614265.0
2025-02-19,177.06920836401767,178.0341631779905,175.62177614305838,176.58673095703125,33998620.0
2025-02-20,176.5867198902172,177.06919726696646,175.13928775996953,175.62176513671875,23201907.0
2025-02-21,175.13929873607196,177.5516857710041,174.65682132908555,176.58673095703125,34837198.0
2025-02-24,174.65681714596954,177.5516815185547,174.1743397505387,177.5516815185547,26499357.0
2025-02-25,175.13929924763426,175.62177665602994,171.27947998046875,171.27947998046875,62236037.0
2025-02-26,168.86709535551202,174.65682433912957,168.38461794021057,174.17434692382812,44189198.0
2025-02-27,173.69185875202047,175.1392909082873,167.90213012695312,167.90213012695312,78529299.0
2025-03-03,165.97222218232997,168.86708652271943,164.0423126220703,164.0423126220703,67754390.0
2025-03-04,159.70002146969793,165.97222775098516,159.21754406344508,164.52479553222656,68513242.0
2025-03-05,165.48975282168868,168.86709471600886,165.48975282168868,167.41966247558594,44481318.0
2025-03-06,169.3495721294832,169.8320495429575,167.41966247558594,167.41966247558594,28371666.0
2025-03-07,165.0072741841161,168.38461605338162,165.0072741841161,165.97222900390625,31346422.0
2025-03-10,167.41966123359148,167.90213864348655,164.04231936432595,165.97222900390625,35538548.0
2025-03-11,160.18249221937594,163.5598339227965,159.21753744697006,162.59487915039062,65518436.0
2025-03-12,163.07736331346797,165.4897503447323,163.07736331346797,164.52479553222656,39457767.0
2025-03-13,166.45470823560441,167.90214048113143,162.11241149902344,162.11241149902344,33203563.0
2025-03-14,162.59488045187558,164.52479001213524,162.11240306181065,164.0423126220703,32460048.0
2025-03-17,165.97223082042876,166.45470823560441,162.11241149902344,162.11241149902344,49505421.0
2025-03-18,163.0773607851854,163.55983818395814,161.14745119009444,161.6299285888672,38491878.0
2025-03-19,161.14744298051045,161.6299203547036,157.77010136115842,158.25257873535156,76827146.0
2025-03-20,159.21754032732494,161.1474499070501,158.73506293239365,160.1824951171875,36080294.0
2025-03-21,161.1474541866418,161.1474541866418,159.21754455566406,159.21754455566406,44208163.0
2025-03-24,160.6649698830821,161.1474472701184,157.28762817382812,157.28762817382812,40731359.0
2025-03-25,159.7000219634085,160.66497677889737,158.25258974017518,159.21754455566406,32238564.0
2025-03-26,160.1824951171875,161.1474499070501,159.21754032732494,160.1824951171875,18157417.0
2025-03-27,157.77010851708528,158.252585913162,154.39276674454828,154.875244140625,64776987.0
2025-03-28,152.4628618909167,152.9453393019639,147.63808778044466,148.60304260253906,106024520.0
2025-03-31,139.9184375919708,144.26073393103195,139.9184375919708,140.88339233398438,126784939.0
2025-04-01,143.29578449851587,147.6380809984709,142.81330710963198,146.67312622070312,59980318.0
2025-04-02,147.63808229924803,149.0855144786524,146.67312751297843,148.1205596923828,38028390.0
2025-04-07,133.646240234375,133.646240234375,133.646240234375,133.646240234375,26126364.0
2025-04-08,122.54925616455078,125.92659786987305,120.61934661865234,120.61934661865234,301202019.0
2025-04-09,114.82961717393663,118.206958855523,108.55741119384766,108.55741119384766,358282270.0
2025-04-10,119.17192077636719,119.17192077636719,119.17192077636719,119.17192077636719,35122259.0
2025-04-11,114.34714567616969,130.2689001374085,112.89971345242071,129.7864227294922,293820443.0
2025-04-14,136.54110464378385,139.91844645476084,131.23385322653428,133.646240234375,210223406.0
2025-04-15,134.12871340953322,135.09366818226366,131.23384909134185,134.61119079589844,84519852.0
2025-04-16,133.1637658511891,134.61119808870203,131.23385620117188,131.23385620117188,59628853.0
2025-04-17,129.7864227294922,130.75137754532483,127.37403568991054,129.7864227294922,63502645.0
2025-04-18,130.26889589879784,131.71632807545114,128.82146372214453,130.75137329101562,25953939.0
2025-04-21,130.2688917222914,132.1988012292883,129.78641434554217,131.71632385253906,31715258.0
2025-04-22,129.78641801891905,131.23385019013375,126.89155367648962,127.37403106689453,43756112.0
2025-04-23,131.233858616232,134.61120056591446,131.233858616232,134.12872314453125,64790108.0
2025-04-24,134.1287107362852,134.1287107362852,130.7513690990406,131.71632385253906,43373263.0
2025-04-25,135.57615540868088,136.05863283006408,133.64624572314804,134.12872314453125,53501504.0
2025-04-28,135.0936707613761,138.47101253041052,135.0936707613761,137.5060577392578,46661370.0
2025-04-29,136.5411084048398,138.47101806427216,136.0586309899817,137.98854064941406,37793068.0
2025-04-30,137.98853940930047,138.95349423034452,136.54110717773438,136.54110717773438,41225512.0
2025-05-02,139.43596155198955,142.81330318127647,138.95348417637712,142.33082580566406,58858234.0
2025-05-05,143.7782638817503,143.7782638817503,137.0235803436815,137.5060577392578,65835101.0
2025-05-06,137.5060507369368,141.36586970499118,137.02357336593002,140.88339233398438,52642201.0
2025-05-07,141.36587392872778,142.81330608499462,138.4710096161941,139.91844177246094,42941757.0
2025-05-08,140.4009149629776,141.36586970499118,139.435960220964,140.88339233398438,28650766.0
2025-05-09,141.3658807456088,142.33083556298496,140.40092592823262,141.84835815429688,29653062.0
2025-05-12,143.77825778138404,147.63807678222656,143.29578040627874,147.63807678222656,58159600.0
2025-05-13,153.91029232363158,155.84020194524453,151.49790529661541,152.46286010742188,91396561.0
2025-05-14,155.84019601271928,157.28762817382812,153.91028646457414,157.28762817382812,68720158.0
2025-05-15,157.2876354444737,157.2876354444737,152.94533876042382,153.91029357910156,68371776.0
2025-05-16,152.94533751282512,153.91029232363158,151.49790529661541,152.46286010742188,34064080.0
2025-05-19,151.4979070688223,152.4628618909167,148.60304260253906,148.60304260253906,51994460.0
2025-05-20,151.4979070688223,152.9453393019639,148.12056519149186,148.60304260253906,40404578.0
2025-05-21,149.5679931640625,151.01542535597278,149.08551576675907,149.5679931640625,28794921.0
2025-05-22,148.1205541573319,148.6030315324372,146.19064465691062,147.63807678222656,36180030.0
2025-05-23,150.5329522467279,150.5329522467279,147.63808778044466,148.60304260253906,22240124.0
2025-05-26,147.15559940712126,149.56798628264784,145.70816728180532,147.63807678222656,28674499.0
2025-05-27,148.1205583873548,149.56799055400649,146.67312622070312,146.67312622070312,27178660.0
2025-05-28,148.6030357762387,148.6030357762387,146.19064883181923,146.67312622070312,31301270.0
2025-05-29,149.0855115743784,152.46285326052936,148.60303419064252,150.53294372558594,88695221.0
2025-06-02,148.60304135181863,149.08551875880508,145.7081769099001,147.15560913085938,54596606.0
2025-06-03,148.12056825341958,149.5680005164823,146.19065856933594,146.19065856933594,37496603.0
2025-06-04,148.12055680690668,150.53294372558594,147.63807942317084,150.53294372558594,39430089.0
2025-06-05,151.01543090427805,151.4979083193077,150.05047607421875,150.05047607421875,34135967.0
2025-06-06,150.05046365775314,150.05046365775314,147.63807678222656,147.63807678222656,23622232.0
2025-06-09,149.56798763336872,150.0504650128312,148.60303287444376,149.08551025390625,18242233.0
2025-06-10,150.05047607421875,150.5329534892484,149.56799865918913,150.05047607421875,31625938.0
2025-06-11,151.01542110932178,151.9803758767935,150.0504663418501,150.53294372558594,26921144.0
2025-06-12,150.05046764555433,152.46285458519347,148.60303548177083,151.98037719726562,32770167.0
2025-06-13,151.49790403713433,152.94533624131077,150.53294923435004,151.0154266357422,37075939.0
2025-06-16,150.53294795866935,151.4979027532762,149.08551576675907,149.5679931640625,21564832.0
2025-06-17,151.01542535597278,151.4979027532762,149.08551576675907,149.5679931640625,25153697.0
2025-06-18,149.56798895811423,151.01542110932178,148.60303419064252,150.53294372558594,34125837.0
2025-06-19,150.0504748356807,150.5329522467279,148.60304260253906,148.60304260253906,20289055.0
2025-06-20,149.08552124415948,150.05047607421875,147.63808899907053,150.05047607421875,58365008.0
2025-06-23,147.63807942317084,150.53294372558594,146.67312465569913,150.53294372558594,48485749.0
2025-06-24,152.46285716024144,156.32267632885515,151.98037976416472,154.875244140625,66177329.0
2025-06-25,155.84020021226672,156.3226776123047,154.39276801215277,156.3226776123047,48074338.0
2025-06-26,156.32267339975556,158.2525829479007,155.84019601271928,157.28762817382812,64983063.0
2025-06-27,157.2876349246863,159.7000219634085,156.80515751694188,159.21754455566406,74726884.0
2025-06-30,160.1825011827931,160.66497859599426,155.35772705078125,155.35772705078125,59551541.0
2025-07-01,155.84019318087942,160.18248958530023,155.35771580261047,159.70001220703125,101734619.0
2025-07-02,160.0,162.0,160.0,162.0,64904578.0
2025-07-03,164.0,164.5,163.0,164.0,45499276.0
2025-07-04,164.0,164.5,160.5,161.0,27434055.0
2025-07-07,161.0,162.0,159.5,161.0,23838993.0
2025-07-08,160.5,161.0,158.5,159.0,30285544.0
2025-07-09,159.5,161.5,159.0,161.0,28926202.0
2025-07-10,161.0,162.5,160.0,161.5,29653356.0
2025-07-11,161.5,162.5,160.5,161.5,20131944.0
2025-07-14,161.5,162.5,160.5,160.5,18584525.0
2025-07-15,160.0,163.0,160.0,163.0,20264333.0
2025-07-16,163.0,164.0,162.5,162.5,23986877.0
2025-07-17,163.0,164.0,162.5,164.0,20425825.0
2025-07-18,165.0,166.0,164.5,165.5,34053809.0
2025-07-21,166.0,166.5,164.5,165.0,16688671.0
2025-07-22,165.0,166.0,161.5,162.0,37854645.0
2025-07-23,163.5,166.0,163.5,166.0,50337916.0
2025-07-24,168.0,174.0,167.5,174.0,124903778.0
2025-07-25,175.5,175.5,173.0,174.5,55406174.0
2025-07-28,176.0,178.0,175.5,176.0,54693143.0
2025-07-29,175.0,175.5,171.0,171.5,48559908.0
2025-07-30,171.5,171.5,171.5,171.5,0.0
2025-07-31,178.0,179.0,176.0,178.0,88011311.0
2025-08-04,179.5,181.0,178.5,180.0,43591055.0
2025-08-05,182.0,185.0,182.0,184.5,50872232.0
2025-08-06,185.5,188.5,184.0,186.0,67331558.0
2025-08-07,190.0,195.0,190.0,194.5,116627300.0
2025-08-08,197.0,197.0,193.5,194.5,63362046.0
2025-08-11,194.0,198.0,192.5,198.0,50587400.0
2025-08-12,198.5,199.0,195.5,197.0,37740908.0
2025-08-13,198.0,199.0,193.5,198.5,99654169.0
2025-08-14,197.5,200.0,197.0,199.5,76141475.0
2025-08-15,205.0,208.0,202.0,207.0,152202911.0
2025-08-18,207.5,210.0,206.0,210.0,71303659.0
2025-08-19,210.0,212.0,208.0,208.0,48799892.0
2025-08-20,206.0,206.5,200.0,200.5,120493896.0
2025-08-21,201.0,206.0,201.0,206.0,66575736.0
2025-08-22,208.0,208.0,202.0,202.5,52817040.0
2025-08-25,207.0,208.0,206.0,207.5,51151687.0
2025-08-26,207.0,209.0,206.0,209.0,40946610.0
2025-08-27,210.0,210.0,207.5,208.0,39112918.0
2025-08-28,207.5,207.5,204.0,206.0,45436240.0
2025-08-29,206.0,207.0,202.5,203.5,52960909.0
2025-09-01,203.0,204.5,197.0,198.5,67997565.0
2025-09-02,200.0,203.5,198.0,198.5,34829147.0
2025-09-03,198.5,201.0,197.0,200.5,33636295.0
2025-09-04,203.0,205.0,202.0,203.0,41160693.0
2025-09-05,205.5,206.5,203.0,205.0,37057097.0
2025-09-08,206.0,207.5,202.0,203.5,44569167.0
2025-09-09,204.5,208.0,204.0,207.5,63494345.0
2025-09-10,211.0,211.0,209.0,210.0,84148890.0
2025-09-11,212.0,216.5,209.0,214.5,129973733.0
2025-09-12,217.0,218.5,216.5,217.5,71479522.0
2025-09-15,218.5,218.5,213.0,216.0,55330938.0
2025-09-16,217.0,217.0,213.5,215.5,49662786.0
2025-09-17,214.0,214.5,211.0,212.0,55894730.0
2025-09-18,211.5,216.0,208.0,215.0,78891977.0
2025-09-19,216.5,217.0,214.0,214.0,56361409.0
2025-09-22,215.5,218.0,214.0,216.0,33805955.0
2025-09-23,218.0,222.0,217.5,221.0,103442188.0
2025-09-24,222.0,223.0,219.0,223.0,64385629.0
2025-09-25,223.0,231.0,222.5,230.0,123630302.0
2025-09-26,230.0,230.5,218.5,219.5,116991800.0
2025-09-30,224.0,224.0,215.5,216.0,87033036.0
2025-10-01,219.0,222.0,216.0,219.0,57644055.0
2025-10-02,221.5,226.0,221.0,225.5,71706441.0
2025-10-03,226.0,228.0,224.5,226.5,51488648.0
2025-10-07,230.0,231.5,225.0,228.5,64479912.0
2025-10-08,225.0,225.5,222.0,225.0,48654405.0
2025-10-09,227.0,227.0,221.0,221.5,54969959.0
2025-10-13,210.0,216.0,210.0,213.0,105751618.0
2025-10-14,216.0,217.5,205.0,206.0,103962992.0
2025-10-15,207.5,208.0,203.0,206.5,63725983.0
2025-10-16,215.0,225.5,211.5,223.0,150705656.0
2025-10-17,224.0,230.0,222.5,226.5,117393949.0
2025-10-20,230.0,239.5,229.0,238.5,149270185.0
2025-10-21,241.5,245.5,238.0,239.0,117969555.0
2025-10-22,238.0,243.0,236.5,242.5,69466417.0
2025-10-23,240.0,240.5,238.0,239.0,47487658.0
2025-10-27,249.0,249.0,243.0,246.5,78976148.0
2025-10-28,248.0,250.0,246.5,250.0,72210529.0
2025-10-29,254.0,263.0,253.0,260.0,122095968.0
2025-10-30,262.5,265.0,256.5,262.0,105395242.0
2025-10-31,261.0,262.0,257.0,257.5,60671044.0
2025-11-03,255.0,256.5,250.0,251.5,92588580.0
2025-11-04,252.0,255.0,244.0,244.0,91077032.0
2025-11-05,239.0,248.5,237.0,247.0,111699424.0
2025-11-06,249.5,250.5,246.0,248.0,64418664.0
2025-11-07,246.0,250.5,244.0,244.0,48667340.0
2025-11-10,245.0,250.0,244.0,249.5,50699016.0
2025-11-11,251.0,252.0,246.5,246.5,49323677.0
2025-11-12,248.0,252.0,245.0,251.0,63578429.0
2025-11-13,256.0,256.0,247.0,252.0,89314039.0
2025-11-14,246.5,247.0,241.0,241.0,107025603.0
2025-11-17,241.0,242.0,235.0,236.0,82230187.0
2025-11-18,231.5,237.0,230.0,230.0,74877047.0
2025-11-19,226.5,230.0,226.5,229.0,69017030.0
2025-11-20,237.0,238.0,232.5,236.5,77074387.0
2025-11-21,226.0,229.5,225.0,225.0,92224538.0
2025-11-24,226.5,227.0,220.0,220.0,96559056.0
2025-11-25,225.0,226.0,219.0,219.0,71531864.0
2025-11-26,221.0,228.0,221.0,227.0,67295295.0
2025-11-27,229.0,232.0,226.0,231.0,62010923.0
2025-11-28,229.5,229.5,225.0,225.5,55419918.0
2025-12-01,225.0,226.0,222.0,222.0,50775578.0
2025-12-02,220.5,225.0,220.5,222.0,48093660.0
2025-12-03,225.0,230.0,225.0,227.0,51488715.0
2025-12-04,230.0,230.0,227.5,228.5,25112739.0
2025-12-05,229.0,231.5,228.5,231.0,34284096.0
2025-12-08,231.5,232.0,229.0,232.0,29235914.0
2025-12-09,233.0,236.5,232.0,235.0,53342004.0
2025-12-10,236.0,236.0,232.0,233.5,35301661.0
2025-12-11,234.0,234.5,226.0,226.0,56426793.0
2025-12-12,227.0,228.5,225.0,227.0,28800768.0
2025-12-15,221.0,223.0,220.5,221.5,41393524.0
2025-12-16,220.0,220.5,215.0,218.0,59731441.0
2025-12-17,218.0,219.5,216.0,216.5,41170423.0
2025-12-18,214.5,217.0,213.5,216.0,47662851.0
2025-12-19,219.0,221.5,218.0,221.5,40816061.0
2025-12-22,224.5,225.5,223.0,224.0,39334152.0
2025-12-23,225.5,226.0,223.5,224.0,29072621.0
2025-12-24,225.5,227.5,224.0,224.0,35691897.0
2025-12-26,225.5,227.5,224.5,225.5,28309367.0
2025-12-29,227.0,233.0,226.5,231.0,56570767.0
2025-12-30,230.5,231.0,228.0,228.0,35182695.0
2025-12-31,228.5,231.5,228.0,230.5,40505358.0
2026-01-02,232.0,233.5,229.0,232.0,57704460.0
2026-01-05,234.5,236.0,233.5,234.5,63164221.0
2026-01-06,237.0,239.0,232.5,236.0,63939915.0
2026-01-07,237.5,241.5,235.0,238.5,82446725.0
2026-01-08,237.5,237.5,228.5,229.5,85561505.0
2026-01-09,230.0,232.0,227.0,230.5,36453268.0
2026-01-12,233.0,233.0,228.5,228.5,31525354.0
2026-01-13,230.0,230.5,226.0,226.5,42839849.0
2026-01-14,228.0,234.5,227.5,234.5,63677855.0
2026-01-15,234.0,234.0,231.0,233.5,34263022.0
2026-01-16,235.0,235.0,231.0,234.5,47340006.0
2026-01-19,233.5,233.5,229.0,229.5,51232322.0
2026-01-20,228.5,228.5,223.5,223.5,73125523.0
2026-01-21,221.0,225.0,219.0,219.0,72461575.0
2026-01-22,223.5,226.0,222.0,223.5,46717048.0
2026-01-23,225.5,226.5,221.5,221.5,32682740.0
2026-01-26,222.5,225.0,220.0,224.0,38021744.0
2026-01-27,226.0,227.0,224.0,225.5,35936182.0
2026-01-28,227.0,231.5,224.0,225.5,77656661.0
2026-01-29,226.5,227.5,222.0,224.0,54347878.0
2026-01-30,223.5,223.5,218.5,220.5,68997336.0
2026-02-02,219.5,220.0,213.5,214.5,61482988.0
2026-02-03,218.5,220.0,214.5,216.5,40387110.0
2026-02-04,214.5,219.0,214.0,219.0,26990407.0
2026-02-05,217.5,220.0,215.0,215.5,41975910.0
2026-02-06,215.0,216.5,210.5,215.0,54938386.0
2026-02-09,219.0,220.5,217.5,218.5,30183295.0
2026-02-10,220.0,222.0,218.0,221.0,46182261.0
2026-02-11,222.5,227.0,220.5,227.0,65872532.0
2026-02-23,229.5,231.0,227.0,228.5,81100478.0
2026-02-24,229.5,232.5,228.0,232.0,66757493.0
2026-02-25,235.0,247.0,234.5,246.5,162158621.0
2026-02-26,253.5,253.5,241.5,243.0,117910827.0
2026-03-02,234.0,241.0,232.5,239.0,72894162.0
2026-03-03,239.0,240.0,228.0,229.0,84561556.0
2026-03-04,224.5,225.0,216.5,217.0,117264053.0
2026-03-05,224.5,228.0,222.0,224.0,54395081.0
2026-03-06,221.0,223.5,219.0,223.0,36562334.0
2026-03-09,208.0,212.5,206.0,210.5,89078875.0
2026-03-10,216.0,216.5,209.5,209.5,66168862.0
2026-03-11,212.5,220.0,212.5,219.0,53568046.0
2026-03-12,217.0,218.5,213.0,214.5,42953811.0
2026-03-13,211.5,216.0,210.0,214.5,35894769.0
2026-03-16,216.0,217.5,214.0,216.5,37886518.0
2026-03-17,215.5,216.5,212.0,212.0,106419159.0
2026-03-18,212.5,213.5,210.0,210.0,72625994.0
2026-03-19,207.5,207.5,205.0,205.0,83275296.0
2026-03-20,203.5,205.0,200.5,203.0,89100557.0
2026-03-23,196.5,197.5,195.0,196.0,73041333.0
2026-03-24,198.5,199.5,194.0,195.0,53882508.0
2026-03-25,200.0,201.0,197.0,200.0,40930016.0
2026-03-26,202.5,206.0,200.5,200.5,40681455.0
2026-03-27,197.0,200.5,196.5,199.5,28552049.0
2026-03-30,194.5,195.5,193.0,194.0,44238703.0
2026-03-31,191.0,192.5,187.5,187.5,85781264.0
2026-04-01,195.0,197.5,194.5,197.0,44327183.0
2026-04-02,198.0,199.0,191.5,193.0,36299062.0
2026-04-07,195.0,195.5,189.5,192.0,35130860.0
2026-04-08,196.5,202.0,196.5,201.5,65536699.0
2026-04-09,201.0,201.5,198.0,200.0,40511384.0
2026-04-10,200.5,202.5,199.5,200.5,55780853.0
2026-04-13,200.0,202.5,198.5,200.0,36786764.0
2026-04-14,204.0,208.0,203.5,207.5,56963436.0
2026-04-15,211.5,211.5,206.5,207.5,69041187.0
2026-04-16,207.5,211.0,206.0,207.0,44353061.0
2026-04-17,207.5,209.5,203.5,206.0,47524705.0
2026-04-20,206.0,209.5,204.5,207.5,38137175.0
2026-04-21,210.0,213.0,209.5,211.0,55956369.0
2026-04-22,213.0,223.5,212.5,221.0,135835479.0
2026-04-23,229.5,233.0,218.0,225.0,169098376.0
2026-04-24,227.0,227.0,218.0,221.5,75559985.0
2026-04-27,224.0,230.0,220.0,228.0,106041417.0
2026-04-28,230.0,234.0,225.0,225.5,101695092.0
2026-04-29,226.0,226.0,222.0,225.0,42650013.0
2026-04-30,224.5,230.0,219.5,219.5,71802349.0
2026-05-04,224.0,229.5,223.5,227.5,55806920.0
2026-05-05,227.5,240.0,227.0,239.5,155860044.0
2026-05-06,246.5,253.0,245.0,252.0,233432260.0
2026-05-07,255.0,258.0,250.0,253.5,125546014.0
2026-05-08,254.0,256.0,245.5,250.0,98286050.0
2026-05-11,256.5,258.0,251.0,252.0,61755068.0
2026-05-12,254.0,254.0,246.0,250.0,81122139.0
2026-05-13,246.5,251.0,242.5,251.0,70431323.0
2026-05-14,255.0,255.0,244.0,244.5,71191228.0
2026-05-15,249.0,260.0,247.0,248.5,134968302.0
2026-05-18,251.0,251.0,241.0,248.5,60689919.0
2026-05-19,251.0,254.0,244.0,245.0,68744554.0
2026-05-20,246.5,246.5,239.5,240.0,61055296.0
2026-05-21,245.0,249.0,244.0,247.5,50459560.0
2026-05-22,249.0,251.5,245.0,250.0,55061095.0
2026-05-25,255.0,263.5,255.0,261.0,119013627.0
2026-05-26,262.5,263.5,257.0,259.0,54322447.0
2026-05-27,263.0,269.0,261.0,264.0,76194767.0
2026-05-28,265.0,269.5,259.5,263.0,71820253.0
2026-05-29,269.0,289.0,268.0,289.0,282852094.0
2026-06-01,302.0,304.5,293.0,293.5,194094294.0
2026-06-02,297.5,302.0,293.0,301.5,110375105.0
2026-06-03,306.0,314.0,299.0,309.0,146416447.0
2026-06-04,309.0,309.0,293.0,293.0,105281727.0
2026-06-05,290.5,292.5,278.0,284.5,89253266.0
2026-06-08,257.5,272.0,257.5,269.5,112878529.0
2026-06-09,270.5,277.5,268.5,277.5,71791661.0
2026-06-10,271.0,274.0,262.5,263.0,82371415.0
2026-06-11,260.0,262.5,251.5,258.5,88135941.0
2026-06-12,266.5,269.0,260.0,260.5,58714860.0
