Date,Open,High,Low,Close,Volume
2021-06-15,552.0522627305907,553.8712158203125,551.1427861857297,553.8712158203125,26012250.0
2021-06-16,552.9619511880165,552.9619511880165,550.2335205078125,550.2335205078125,25856919.0
2021-06-17,548.863557016102,553.4298095703125,546.1238054835757,553.4298095703125,22872361.0
2021-06-18,555.2564391583747,555.2564391583747,548.8636841022751,550.690185546875,32652017.0
2021-06-21,538.8178024161128,542.4708044663915,532.425048828125,532.425048828125,44279632.0
2021-06-22,534.2515796278587,536.9913313182581,527.8588256835938,527.8588256835938,27823974.0
2021-06-23,532.4250872956604,546.1238459739365,530.598586138557,543.3840942382812,34392376.0
2021-06-24,546.1239379882812,546.1239379882812,536.9914306640625,538.8179321289062,16524230.0
2021-06-25,546.1237712414736,546.1237712414736,537.9045171592442,539.7310180664062,18841696.0
2021-06-28,538.8179321289062,538.8179321289062,535.1649291992188,538.8179321289062,15028407.0
2021-06-29,546.1238459739365,546.1238459739365,539.7310919240743,543.3840942382812,28659610.0
2021-06-30,547.0370965524882,547.0370965524882,543.3840942382812,543.3840942382812,24883853.0
2021-07-01,544.2973690451096,545.2106196643128,539.7311159490936,541.5576171875,18250994.0
2021-07-02,538.8177728977333,541.5575242853489,536.0780215101178,536.9912719726562,18322419.0
2021-07-05,536.9912667056631,545.2105207878926,536.9912667056631,539.7310180664062,28836816.0
2021-07-06,543.3842225976892,544.297473391971,537.9047178319983,540.6444702148438,12997112.0
2021-07-07,538.8177623813,542.4707641601562,536.9912614918719,542.4707641601562,16966158.0
2021-07-08,543.384025210426,543.384025210426,536.9912719726562,536.9912719726562,21140426.0
2021-07-09,531.5117559563624,534.2515072757251,529.6852550767873,533.3382568359375,29029415.0
2021-07-12,543.3841184259064,545.2106196643128,538.8178653298904,541.5576171875,31304547.0
2021-07-13,547.9502644923805,555.2562680189457,547.0370140515599,554.343017578125,52540315.0
2021-07-14,559.8225708007812,561.6490718474396,555.2563181841355,559.8225708007812,38418875.0
2021-07-15,559.822650226009,560.7359008789062,555.2563969615228,560.7359008789062,22012834.0
2021-07-16,539.7309807613872,543.3839823232239,536.9912295900095,537.9044799804688,57970545.0
2021-07-19,532.4249079858315,533.3381582568192,527.8586566308929,531.5116577148438,40644341.0
2021-07-20,528.7720706696765,533.3383234388447,528.7720706696765,530.5985717773438,15354333.0
2021-07-21,535.1648986294739,535.1648986294739,529.6853945479434,534.2516479492188,25828732.0
2021-07-22,537.9045171592442,542.4707694271494,536.078016252082,539.7310180664062,26058172.0
2021-07-23,540.6444027110043,540.6444027110043,532.4251465887086,534.2516479492188,15271451.0
2021-07-26,539.7310584758891,539.7310584758891,529.685302734375,529.685302734375,21619179.0
2021-07-27,530.5985532563309,533.3383048221983,529.685302734375,529.685302734375,17785992.0
2021-07-28,526.0324643782383,528.772216796875,523.2927119596017,528.772216796875,36158305.0
2021-07-29,534.2515498532644,534.2515498532644,526.945545752707,532.425048828125,23224896.0
2021-07-30,530.5985532563309,531.5118037782867,527.8588016904633,529.685302734375,18999281.0
2021-08-02,532.4251770019531,538.8179321289062,529.6854248046875,538.8179321289062,23482491.0
2021-08-03,542.4707641601562,542.4707641601562,538.8177623813,542.4707641601562,22747702.0
2021-08-04,546.1238645003145,546.1238645003145,542.4708620621853,544.29736328125,20313271.0
2021-08-05,546.1238645003145,546.1238645003145,541.5576114526531,544.29736328125,15116242.0
2021-08-06,544.2972703343115,544.2972703343115,536.9912667056631,539.7310180664062,13687213.0
2021-08-09,538.8178413455225,543.3840942382812,532.4250872956604,543.3840942382812,17390951.0
2021-08-10,544.2972703343115,544.2972703343115,537.9045171592442,539.7310180664062,17190865.0
2021-08-11,538.8179321289062,538.8179321289062,534.2516784667969,538.8179321289062,19969687.0
2021-08-12,535.1646728515625,536.9911734414995,533.3381722616255,535.1646728515625,15444622.0
2021-08-13,534.2515739926783,534.2515739926783,528.7720706696765,530.5985717773438,22524428.0
2021-08-16,531.5117559563624,535.1647577155127,527.8587541972122,533.3382568359375,19315705.0
2021-08-17,533.3382568359375,533.3382568359375,533.3382568359375,533.3382568359375,0.0
2021-08-18,518.7263676978985,525.1191222293867,516.8998664031876,524.2058715820312,43716164.0
2021-08-19,523.2925257810753,523.2925257810753,510.50701904296875,510.50701904296875,38868947.0
2021-08-20,511.42026154891306,514.160012950068,503.2010073454484,504.1142578125,45614061.0
2021-08-23,511.420277302341,522.379283244534,510.50702680715824,516.8997802734375,33685159.0
2021-08-24,524.2057121650322,525.1189625346577,521.4659610561557,522.3792114257812,24844800.0
2021-08-25,528.7721438676883,534.2516479492188,524.2058904664129,534.2516479492188,27504657.0
2021-08-26,548.8635172731548,550.6900181625829,539.7310128260141,542.4707641601562,43822008.0
2021-08-27,544.2972361161833,547.9502377008556,541.557484927679,547.0369873046875,27105651.0
2021-08-30,549.77697128422,552.5167236328125,547.0372189356276,552.5167236328125,36575609.0
2021-08-31,551.6033943499339,560.7359008789062,546.1238904325504,560.7359008789062,52721470.0
2021-09-01,560.7358213241105,560.7358213241105,555.2563181841355,559.8225708007812,30092045.0
2021-09-02,559.8225202230487,561.6490211046901,554.343017578125,554.343017578125,24112463.0
2021-09-03,557.0827065744708,566.2152099609375,557.0827065744708,566.2152099609375,51562454.0
2021-09-06,568.9550435932238,582.6538006620815,567.1285426507094,576.2610473632812,55589014.0
2021-09-07,579.0008339185393,579.0008339185393,568.955078125,568.955078125,26526056.0
2021-09-08,568.0417531742225,572.6080052093852,558.9092491038974,565.302001953125,37817737.0
2021-09-09,558.9092491038974,566.2152523601575,557.0827482898324,565.302001953125,18735512.0
2021-09-10,561.6490556036161,568.9550595789477,560.7358051066997,568.0418090820312,16304725.0
2021-09-13,565.3020497888084,566.2153002731199,559.8225468829395,561.6490478515625,15198774.0
2021-09-14,564.3888234174271,564.3888234174271,558.9093202774521,559.8225708007812,14441901.0
2021-09-15,557.0827689005869,559.8225202230487,554.343017578125,554.343017578125,23433501.0
2021-09-16,553.1964349365235,556.8660630289713,549.5268068440755,550.4442138671875,22467022.0
2021-09-17,550.4442138671875,559.6182840983073,549.5268068440755,550.4442138671875,40717715.0
2021-09-22,537.6004638671875,540.3526846719683,534.8482430624067,537.6004638671875,40642293.0
2021-09-23,539.4351196289062,544.022152959084,539.4351196289062,539.4351196289062,21696296.0
2021-09-24,542.1875261287626,548.609375,541.2701191471572,548.609375,16736973.0
2021-09-27,550.4441777733077,552.2789916992188,544.0223290326192,552.2789916992188,19464241.0
2021-09-28,545.8571041633786,546.7745110611321,543.1048834701178,544.939697265625,16707080.0
2021-09-29,532.0960083007812,534.8482290333715,529.343787568191,532.0960083007812,49310524.0
2021-09-30,532.0960083007812,536.6830428550984,527.5089737464642,532.0960083007812,30465107.0
2021-10-01,531.1786487326805,531.1786487326805,523.8393927916417,526.5916137695312,36704493.0
2021-10-04,526.591466303472,527.5088730391923,522.0044326248702,524.7566528320312,20957803.0
2021-10-05,515.582585474828,524.7566528320312,513.7477720033872,524.7566528320312,33824024.0
2021-10-06,525.6741693232815,526.5915762505473,518.3349139051554,523.83935546875,32508846.0
2021-10-07,527.5089737464642,533.9308221225081,524.7567530138739,532.0960083007812,27933054.0
2021-10-08,533.9308205247962,534.8482274329144,525.6741583517323,527.5089721679688,18279079.0
2021-10-12,522.9219376273777,527.5089721679688,517.4174961786686,527.5089721679688,26522907.0
2021-10-13,524.7567623960157,527.508983177813,522.9219485414842,523.83935546875,18914374.0
2021-10-14,531.1785744871769,531.1785744871769,525.6741333007812,525.6741333007812,13916927.0
2021-10-15,543.1049576822917,550.4442138671875,537.6005155436198,550.4442138671875,53150216.0
2021-10-18,554.1138398768538,554.1138398768538,541.2701416015625,541.2701416015625,19158568.0
2021-10-19,548.6093998209635,550.4442138671875,544.0223647054037,550.4442138671875,17386359.0
2021-10-20,553.1964099080268,554.1138168896321,547.6919680183946,548.609375,16372520.0
2021-10-21,552.2790394213375,553.1964464635657,545.8571901257407,546.7745971679688,16169014.0
2021-10-22,550.4442138671875,552.2790279134115,544.9397717285157,550.4442138671875,13995403.0
2021-10-25,547.6919667853473,547.6919667853473,541.2701179285676,544.0223388671875,16785568.0
2021-10-26,545.8570451688687,550.4440791618844,544.0222315716625,549.5266723632812,19998808.0
2021-10-27,548.6092655646781,549.5266723632812,544.9396383702656,549.5266723632812,14961858.0
2021-10-28,548.6093987985819,548.6093987985819,542.1875496487658,545.857177734375,16570044.0
2021-10-29,545.8571766998808,546.7745837195445,540.3527345818989,541.2701416015625,25763960.0
2021-11-01,542.1875486212261,544.0223626605534,541.2701416015625,541.2701416015625,16089351.0
2021-11-02,544.9397945919552,547.692015776763,541.2701663455448,543.10498046875,15192404.0
2021-11-03,547.692015776763,547.692015776763,543.10498046875,543.10498046875,10224009.0
2021-11-04,543.1048565268313,544.9396702313139,536.6830085611425,538.517822265625,17932145.0
2021-11-05,548.6093998209635,550.4442138671875,545.8571787516277,550.4442138671875,33270827.0
2021-11-08,550.4441777733077,552.2789916992188,548.6093638473967,552.2789916992188,19752355.0
2021-11-09,560.5355834960938,566.0400245778884,559.6181766491279,560.5355834960938,39538660.0
2021-11-10,560.5355960621554,561.4530029296875,557.7833754595589,561.4530029296875,16027674.0
2021-11-11,550.4441667311263,555.9486083984375,550.4441667311263,555.9486083984375,18463848.0
2021-11-12,559.6182109504346,560.5356178536321,552.2789557248551,554.11376953125,15821327.0
2021-11-15,558.7007319801733,560.5355455498947,556.8659184104519,557.7833251953125,15551452.0
2021-11-16,561.453100185707,561.453100185707,557.783472079918,559.6182861328125,20917108.0
2021-11-17,564.2053212650486,564.2053212650486,557.783472079918,559.6182861328125,19717852.0
2021-11-18,562.3703002929688,563.2877069818643,556.8658601595955,562.3703002929688,20030651.0
2021-11-19,570.6272089195869,571.544616007882,566.0401734781111,566.9575805664062,35554348.0
2021-11-22,566.9574206840701,566.9574206840701,564.2052001953125,564.2052001953125,20312168.0
2021-11-23,564.205223532284,564.205223532284,560.5355960621554,561.4530029296875,19431694.0
2021-11-24,561.4530120394123,561.4530120394123,552.2789432152389,553.1963500976562,20391940.0
2021-11-25,555.0311638624909,556.8659776273256,551.3615363328215,553.1963500976562,11888265.0
2021-11-26,548.609411252425,551.3616323791094,543.1049689990563,546.7745971679688,26588102.0
2021-11-29,544.9397458467274,548.6093737648872,542.1875249081077,544.0223388671875,23379558.0
2021-11-30,547.692004210197,550.4442253368813,542.1875619568281,546.7745971679688,62021697.0
2021-12-01,546.7745857747396,553.1964349365235,544.9397717285157,550.4442138671875,21403404.0
2021-12-02,555.0311318994537,564.2052001953125,552.2789114106961,564.2052001953125,45125742.0
2021-12-03,563.2877659044768,563.2877659044768,555.9485116255911,557.7833251953125,23045832.0
2021-12-06,553.1964349365235,558.7008770751953,550.4442138671875,550.4442138671875,23589363.0
2021-12-07,552.2789930063967,556.8660278320312,547.6919581807622,556.8660278320312,18606530.0
2021-12-08,563.2878752546849,563.2878752546849,552.2789916992188,552.2789916992188,20801543.0
2021-12-09,555.9485116255911,557.7833251953125,552.2788844861483,557.7833251953125,11039070.0
2021-12-10,555.0313110351562,557.7835324121901,552.2790896581224,555.0313110351562,10497451.0
2021-12-13,558.7008278032706,559.6182347454763,551.361572265625,551.361572265625,17711657.0
2021-12-14,548.6092655646781,550.4440791618844,547.691858766075,549.5266723632812,22579034.0
2021-12-15,547.6919927978515,551.3616208902995,546.7745857747396,550.4442138671875,21827730.0
2021-12-16,557.5869140625,557.5869140625,553.9003890108471,557.5869140625,21809022.0
2021-12-17,553.9002673480617,559.4300537109375,552.0570052271031,559.4300537109375,24105733.0
2021-12-20,559.4300555481161,559.4300555481161,551.1353759765625,551.1353759765625,21381070.0
2021-12-21,550.2138671875,552.9787609924623,548.3706046508585,550.2138671875,17001461.0
2021-12-22,551.1354972330729,553.900391031901,551.1354972330729,552.978759765625,9831802.0
2021-12-23,559.4300539123736,560.3516849731848,554.8218986083178,558.5084228515625,16654439.0
2021-12-24,558.5084232557689,561.2733164402033,556.6651611328125,556.6651611328125,11059689.0
2021-12-27,556.6651607299401,562.1949470948072,556.6651607299401,558.5084228515625,16259872.0
2021-12-28,562.1948847576855,566.8030395507812,562.1948847576855,566.8030395507812,33892718.0
2021-12-29,566.8031613238446,570.4896859503411,565.8815301672205,567.7247924804688,24518766.0
2021-12-30,570.489563385258,571.411194343877,566.8030395507812,566.8030395507812,19681276.0
2022-01-03,570.489501953125,582.470703125,569.56787109375,581.549072265625,69089158.0
2022-01-04,594.4519643085758,604.5899047851562,593.5303333561594,604.5899047851562,79434666.0
2022-01-05,616.5712333796574,616.5712333796574,595.3737171349159,599.0602416992188,69593809.0
2022-01-06,588.0006092142614,595.3736576056629,586.1573471164111,593.5303955078125,53210211.0
2022-01-07,592.6087044797109,595.3735973466459,582.4707639676163,584.3140258789062,38249908.0
2022-01-10,578.784239298819,594.4519655218762,577.8626083445215,592.6087036132812,38289770.0
2022-01-11,595.3735957226263,599.9817504882812,588.9221790507092,599.9817504882812,33196585.0
2022-01-12,605.5116568825462,608.2765502929688,599.0602389248935,608.2765502929688,38860063.0
2022-01-13,606.4332877431804,610.1198122887315,603.6683943340169,609.1981811523438,38137411.0
2022-01-14,620.2578128633045,620.2578128633045,609.1982381911505,619.336181640625,95200777.0
2022-01-17,631.3174447412896,634.0823386598646,624.866025597948,629.4741821289062,59614236.0
2022-01-18,624.8657851665762,627.6306780212956,610.1196899414062,610.1196899414062,43593330.0
2022-01-19,600.9034420095088,608.2764903777236,599.981810963482,602.7467041015625,40381333.0
2022-01-20,599.0601195351503,605.5115362070673,595.3735957226263,599.9817504882812,46474584.0
2022-01-21,593.5304573999366,595.3737196899986,587.0790393847199,590.7655639648438,49577684.0
2022-01-24,588.9222385938099,603.6683353348129,587.0789765011845,601.8250732421875,47134502.0
2022-01-25,592.6088262549056,594.4520885449675,588.0006705297509,590.7655639648438,52318736.0
2022-01-26,585.2357785206921,590.7655654043522,585.2357785206921,586.1574096679688,29957189.0
2022-02-07,593.5303353377215,593.5303353377215,581.5491329163078,585.2356567382812,56836469.0
2022-02-08,594.4519669842568,594.4519669842568,578.7842407226562,578.7842407226562,39718217.0
2022-02-09,585.2357181591257,587.0789802635638,580.6275628980302,583.3924560546875,30048791.0
2022-02-10,588.922299424746,598.1386108398438,587.0790371417264,598.1386108398438,34587133.0
2022-02-11,595.3737171349159,599.0602416992188,591.687192570613,599.0602416992188,26723278.0
2022-02-14,589.8438113226059,590.7654422777975,585.2356565466481,587.0789184570312,27826382.0
2022-02-15,583.3924560546875,588.9222423680021,583.3924560546875,583.3924560546875,21970460.0
2022-02-16,594.4520261782242,595.3736572265625,589.8438709365325,595.3736572265625,25191741.0
2022-02-17,593.5303953185562,595.3736574158188,590.7655021726623,594.4520263671875,18135080.0
2022-02-18,588.0005494122228,588.9221803674144,586.1572875018396,587.0789184570312,20804191.0
2022-02-21,583.3924562478367,586.1573494054094,582.4708251953125,582.4708251953125,23797502.0
2022-02-22,578.784240820001,580.6275027334405,576.0193479498417,577.8626098632812,34086593.0
2022-02-23,575.0977171874999,579.7058719726563,574.1760862304687,576.0193481445312,31953054.0
2022-02-24,569.5679959935069,570.489627054985,556.6651611328125,556.6651611328125,73663161.0
2022-02-25,552.9786368868998,561.2733164402033,552.9786368868998,556.6651611328125,89012516.0
2022-03-01,552.0570058254217,562.1949475016816,552.0570058254217,556.6651611328125,66720867.0
2022-03-02,553.9003295898438,557.5868542460157,552.9786984258008,553.9003295898438,40693457.0
2022-03-03,555.7435304762121,559.4300547248105,553.9002683519128,554.8218994140625,33792420.0
2022-03-04,548.3705444335938,550.2138067678243,545.6056509322478,548.3705444335938,55917115.0
2022-03-07,534.5458984375,535.467529296875,529.937744140625,530.859375,86496560.0
2022-03-08,517.0349729277101,525.3296516377803,517.0349729277101,518.8782348632812,79029914.0
2022-03-09,522.564697265625,528.094482421875,522.564697265625,523.486328125,52155415.0
2022-03-10,539.1541135615751,542.8406374149874,536.3892206715157,540.9973754882812,45630467.0
2022-03-11,535.4676526409646,536.3892837126358,529.0162351392663,529.9378662109375,38943098.0
2022-03-14,529.01611328125,531.781005859375,527.1728515625,527.1728515625,33919577.0
2022-03-15,517.9566044414343,518.8782354101912,514.2700805664062,514.2700805664062,74092231.0
2022-03-16,522.3741888230846,523.3003841933383,514.0384304908014,516.8170166015625,43438327.0
2022-03-17,535.3410550146988,539.972032999255,532.5624682239651,539.0458374023438,60959900.0
2022-03-18,539.0459467613758,539.0459467613758,533.4887720524957,538.1197509765625,46242430.0
2022-03-21,539.9719628864588,545.5291357463537,539.9719628864588,542.7505493164062,21400273.0
2022-03-22,534.4148117772097,542.750571406317,534.4148117772097,539.9719848632812,20246949.0
2022-03-23,546.4555053710938,546.4555053710938,542.7507222838321,546.4555053710938,25902069.0
2022-03-24,543.6767488276294,548.3077262452412,541.8243578605845,547.3815307617188,20060758.0
2022-03-25,552.9387945985316,553.864990234375,551.0864033268447,553.864990234375,26122381.0
2022-03-28,538.1196067496521,542.7505844325235,537.1934112130779,540.898193359375,26391576.0
2022-03-29,542.75052745152,545.5291137695312,540.8981365728459,545.5291137695312,14892032.0
2022-03-30,554.7912724812825,555.7174682617188,552.9388809204102,555.7174682617188,41230239.0
2022-03-31,557.5697598097911,557.5697598097911,550.1601948953753,552.9387817382812,22700114.0
2022-04-01,541.8243320121829,545.5291137695312,540.8981365728459,545.5291137695312,29732696.0
2022-04-06,535.341064453125,537.1934556796064,532.5624776134028,535.341064453125,37645873.0
2022-04-07,528.8576007748661,530.70999167075,524.2266235351562,524.2266235351562,42904743.0
2022-04-08,525.1528930664062,527.9314798022074,524.2266974878058,525.1528930664062,28024587.0
2022-04-11,521.447993452831,524.226579563592,516.8170166015625,516.8170166015625,36820094.0
2022-04-12,513.1124041846667,522.3743609389026,511.2600128338196,515.8909912109375,30671407.0
2022-04-13,522.3742624652323,533.4886084751308,521.4480669644074,530.7100219726562,35865970.0
2022-04-14,534.4148039759558,535.3409994767807,530.7100219726562,530.7100219726562,19056590.0
2022-04-15,520.52197265625,524.226755379782,519.595776975367,520.52197265625,28253360.0
2022-04-18,517.7433728440773,524.2267424503538,516.8171771860377,519.5957641601562,15800959.0
2022-04-19,524.2266104639103,527.0051967384541,521.4480241893667,523.3004150390625,16614705.0
2022-04-20,527.9314575195312,527.9314575195312,520.5218932034676,527.9314575195312,27606307.0
2022-04-21,528.8575875881498,528.8575875881498,523.3004150390625,523.3004150390625,18383650.0
2022-04-22,516.8170166015625,517.7432119718162,515.8908212313088,516.8170166015625,29283846.0
2022-04-25,509.40749257312615,511.25988345521023,505.70271080895793,506.62890625,43389591.0
2022-04-26,509.4075716458834,510.3337672306941,503.8503981370192,505.7027893066406,35825421.0
2022-04-27,490.88367650717385,492.7360677392764,487.17889404296875,487.17889404296875,55941533.0
2022-04-28,490.883710325999,492.73610168571975,484.40034056697635,491.8099060058594,45380836.0
2022-04-29,506.6289729575685,506.6289729575685,495.5146262016438,498.293212890625,36664644.0
2022-05-03,498.29327576488197,500.1456671246027,490.883710325999,491.8099060058594,26317509.0
2022-05-04,493.6622443609916,497.36702668265013,490.8836576197478,494.58843994140625,16569622.0
2022-05-05,502.92415081179007,503.8503463013146,499.2193688536922,501.9979553222656,20374772.0
2022-05-06,489.0312805175781,491.8098673387007,487.1788893034964,489.0312805175781,32467268.0
2022-05-09,484.4003215496357,485.326517193134,481.6217346191406,481.6217346191406,23709774.0
2022-05-10,468.65494068985276,480.6954826443352,467.7287451548926,479.769287109375,41679907.0
2022-05-11,479.769356110732,487.1789214560715,479.769356110732,482.5479431152344,27157254.0
2022-05-12,477.91691096844056,479.76930209622526,467.728759765625,467.728759765625,32532963.0
2022-05-13,469.58116732184897,476.06453649591793,468.6549717255534,473.28594970703125,29074177.0
2022-05-16,482.547930262639,485.326517193134,479.76934333214393,481.6217346191406,21163106.0
2022-05-17,482.5479666080115,493.66231516712116,481.6217708947524,490.88372802734375,24496974.0
2022-05-18,501.0717995796062,501.0717995796062,494.5884306386501,498.293212890625,30568176.0
2022-05-19,484.4003167280292,488.10509926514607,481.6217298251916,483.47412109375,29019751.0
2022-05-20,485.3265537477889,492.73611945386205,484.4003580345298,490.88372802734375,22651205.0
2022-05-23,493.6622585527825,494.58845415982336,489.0312805175781,489.0312805175781,17054170.0
2022-05-24,490.8836910541241,491.80988669762246,481.6217346191406,481.6217346191406,17802308.0
2022-05-25,483.4741467191973,489.95751650278805,481.62175535245706,485.3265380859375,22176476.0
2022-05-26,484.4003051876558,486.2526964120828,475.1383490655209,476.0645446777344,28327403.0
2022-05-27,485.3265537477889,490.88372802734375,483.4741623212707,490.88372802734375,27866643.0
2022-05-30,498.29314728062155,506.62890625,497.36695183957954,506.62890625,34476433.0
2022-05-31,501.9979160853795,518.66943359375,500.14552525111606,518.66943359375,72405873.0
2022-06-01,509.4076410234517,514.0386195782104,507.55524960154827,508.4814453125,29155176.0
2022-06-02,503.8503815827546,504.77657713713467,500.1455993652344,500.1455993652344,21420890.0
2022-06-06,501.07179491961443,503.8503815827546,498.2932082564742,500.1455993652344,17615003.0
2022-06-07,495.5146179199219,498.2932045624635,492.7360312773803,495.5146179199219,19497532.0
2022-06-08,499.2194248648251,504.7765984254725,498.29322927138384,503.85040283203125,18835521.0
2022-06-09,498.29322112642245,501.99800343963005,497.3670255481205,501.0718078613281,16338602.0
2022-06-10,490.88372802734375,493.66231516712116,489.95753231408463,490.88372802734375,21357130.0
2022-06-13,479.7693529942239,480.6955486563749,476.99076600777084,477.9169616699219,32854092.0
2022-06-14,469.58119281969573,476.0645623458059,469.58119281969573,475.13836669921875,36304444.0
2022-06-15,470.50733716923503,476.9907059884962,470.50733716923503,471.43353271484375,35680283.0
2022-06-16,479.581789332112,480.5130161075142,472.13197512889474,473.0632019042969,26909199.0
2022-06-17,465.1477765294606,468.4070702588963,464.6821631395412,466.54461669921875,43566737.0
2022-06-20,465.6133690033572,467.4758224793706,460.9572353133236,463.75091552734375,34209693.0
2022-06-21,466.5445937959274,470.2695007324219,464.68214032768026,470.2695007324219,33223685.0
2022-06-22,466.544612194096,468.407065735789,460.49163818359375,460.49163818359375,31034893.0
2022-06-23,458.1635696929711,459.5604098444741,451.64498231929065,452.110595703125,43548940.0
2022-06-24,455.8354893024755,458.62916952291965,452.11058234188323,453.04180908203125,27911980.0
2022-06-27,461.8884857698094,471.2007536280717,461.4228723768963,464.216552734375,37909718.0
2022-06-28,461.8884382851759,465.6133450455402,461.8884382851759,463.2852783203125,15274062.0
2022-06-29,461.88846403226836,464.2165308872697,457.2323303222656,457.2323303222656,30533789.0
2022-06-30,451.1793741498675,453.0418277067297,443.2639465332031,443.2639465332031,46311432.0
2022-07-01,439.0734539263304,441.4015210203194,421.3801440120138,422.3113708496094,61744377.0
2022-07-04,412.5334569064054,420.4488844091242,409.7397766113281,409.7397766113281,52445919.0
2022-07-05,418.58644220326516,420.44889578370237,403.22120016465806,415.3271484375,50084244.0
2022-07-06,411.60216738572757,416.7239138124731,405.08358102441514,405.5491943359375,40549763.0
2022-07-07,411.60229865736,427.43315629802765,408.34300443722253,426.03631591796875,48151202.0
2022-07-08,437.6766150921775,438.1422285124883,429.7611869468934,434.8829345703125,37897895.0
2022-07-11,435.8141059380073,438.1421727432317,429.295518883379,430.22674560546875,21941710.0
2022-07-12,426.5017909982446,426.5017909982446,418.58636474609375,418.58636474609375,23036423.0
2022-07-13,438.1422424316406,440.47030960715415,433.9517215157163,438.1422424316406,44035695.0
2022-07-14,433.9516619551809,444.6607694927015,431.15798172800163,442.33270263671875,31936258.0
2022-07-15,447.920132740621,460.02608227415135,444.1952251918425,458.6292419433594,51846909.0
2022-07-18,461.42291259765625,464.21659319865114,454.90432452866816,461.42291259765625,39179575.0
2022-07-19,453.97303672526374,459.0947838062667,453.0418099832632,457.2323303222656,19874865.0
2022-07-20,467.4758940725616,468.4071209531842,457.6980118260239,460.9573059082031,35436652.0
2022-07-21,461.888482800025,466.54461669921875,460.02602924034744,466.54461669921875,22285593.0
2022-07-22,470.26952754906114,470.26952754906114,465.6133936129318,468.4070739746094,25216400.0
2022-07-25,465.6133489446478,468.40702903831567,463.7508955488692,465.1477355957031,15245346.0
2022-07-26,465.14782687100495,465.14782687100495,457.2323983857126,460.9573059082031,18024265.0
2022-07-27,460.0260160529756,467.475830078125,457.23233579354456,467.475830078125,17166365.0
2022-07-28,473.9944309379288,473.9944309379288,464.6821631395412,466.54461669921875,33844011.0
2022-07-29,473.0632189917424,474.92567260982014,469.338311755587,473.99444580078125,29045617.0
2022-08-01,471.20077151343935,473.063225155785,465.61341058640255,469.33831787109375,24117969.0
2022-08-02,460.02608905575136,461.8885428575965,454.90434110067724,458.16363525390625,39838155.0
2022-08-03,460.02602924034744,466.54461669921875,459.0948024605087,466.54461669921875,27603474.0
2022-08-04,464.68217651367183,468.4070837402343,460.95726928710934,465.6134033203125,26027618.0
2022-08-05,473.9944433759349,480.5130310058594,472.13198976738505,480.5130310058594,32784279.0
2022-08-08,474.9256628751755,479.5817968249321,473.99443608522415,476.7881164550781,19333128.0
2022-08-09,472.1319788315717,475.85688596239277,469.3382984834559,474.9256591796875,21164373.0
2022-08-10,465.6134033203125,468.4070837402343,465.14778991699217,465.6134033203125,20861380.0
2022-08-11,477.71931647512235,478.6505432128906,474.92563626181754,478.6505432128906,23740033.0
2022-08-12,479.58179082815144,482.37547116307275,478.6505640498444,481.4442443847656,19535923.0
2022-08-15,484.2379661545471,487.96287358650517,483.30673929655757,487.0316467285156,21273166.0
2022-08-16,489.8252391415551,489.8252391415551,487.0315590704055,488.8940124511719,20720414.0
2022-08-17,487.96285032094994,490.75653076171875,485.16916988018113,490.75653076171875,27143102.0
2022-08-18,484.2379150390625,485.169141798753,483.306688279372,484.2379150390625,17831084.0
2022-08-19,483.3066711425781,487.0315780492647,481.4442176892349,483.3066711425781,14022812.0
2022-08-22,475.8568896651268,478.6505700349808,474.9256628751755,476.7881164550781,11494000.0
2022-08-23,468.40709104992095,471.20077151343935,467.47586422874815,469.33831787109375,19191108.0
2022-08-24,469.3383007618353,473.0632079107387,468.4070739746094,468.4070739746094,14363212.0
2022-08-25,470.2695215780904,474.9256554551012,469.33829480268827,473.0632019042969,9357138.0
2022-08-26,477.71934324502945,479.5817968249321,475.8568896651268,476.7881164550781,12914846.0
2022-08-29,462.81971255563565,467.4758464847668,461.8884857698094,464.216552734375,26590824.0
2022-08-30,463.28532895734236,465.6133959370275,461.88848876953125,461.88848876953125,24214535.0
2022-08-31,458.163553188815,470.2695007324219,458.163553188815,470.2695007324219,39357089.0
2022-09-01,460.95727483066946,461.4228882395893,456.30114074147076,456.7667541503906,39168672.0
2022-09-02,454.4386079453931,455.83544792883174,451.6449279785156,451.6449279785156,29982959.0
2022-09-05,451.64500609346874,454.4386865435314,450.71377927678117,452.57623291015625,15903415.0
2022-09-06,454.9042596797514,457.69793988249296,453.04180621125704,455.369873046875,16700285.0
2022-09-07,444.19518984840033,445.12641666149966,439.53905578290346,440.0046691894531,34678562.0
2022-09-08,440.4702491519326,442.33270263671875,439.5390224095395,442.33270263671875,27931552.0
2022-09-12,451.6449689718092,457.23232941269754,451.6449689718092,453.04180908203125,21597212.0
2022-09-13,460.9571798142748,460.9571798142748,457.23227331072513,459.0947265625,16507036.0
2022-09-14,445.5920208930969,449.3169280687968,443.2639539082845,446.9888610839844,22645714.0
2022-09-15,445.8181416210323,449.56451255902414,445.8181416210323,446.28643798828125,23104850.0
2022-09-16,440.6668882208355,442.07177734375,439.2619990979211,442.07177734375,39087513.0
2022-09-19,442.0717574779176,443.0083501844386,436.920497592052,437.3887939453125,17182380.0
2022-09-20,440.66688158129347,447.6913270900282,440.1985852140445,446.28643798828125,19842582.0
2022-09-21,443.4766441069844,445.3498295097594,438.79368060004686,441.1351623535156,24154633.0
2022-09-22,432.70575982659443,438.32531514901774,429.8959821653828,435.0472412109375,29702508.0
2022-09-23,429.4276709923377,431.3008560348343,426.14959716796875,426.14959716796875,29757787.0
2022-09-26,414.91055478974926,425.2130742089078,414.91055478974926,418.1886291503906,32342267.0
2022-09-27,420.53009850638256,422.87158012390137,417.72032056535994,419.593505859375,24961404.0
2022-09-28,418.6569032015866,420.5300884508107,410.2275695800781,410.2275695800781,34402652.0
2022-09-29,414.9105265299479,415.3788228352864,404.6080078125,407.41778564453125,41094780.0
2022-09-30,397.58363895506653,400.39341732224017,395.2421569824219,395.2421569824219,48266800.0
2022-10-03,391.96403207024224,397.5835880855862,390.0908467317942,390.55914306640625,36044395.0
2022-10-04,402.26651406454874,404.60799552010485,399.9250326089926,401.7982177734375,40375000.0
2022-10-05,416.3154560903485,422.40330865409936,413.9739743350597,416.78375244140625,46496536.0
2022-10-06,421.9349934647723,422.4032897949219,418.6569191537252,422.4032897949219,30331834.0
2022-10-07,420.06179213850464,420.06179213850464,409.2909769554661,410.2275695800781,31941781.0
2022-10-11,382.1297830888076,386.34444981405176,375.5736348495388,376.04193115234375,95793819.0
2022-10-12,371.8272969179933,374.6370749803459,370.42240788681704,372.29559326171875,53570085.0
2022-10-13,375.1052993194966,377.446780588657,369.95404052734375,369.95404052734375,38046284.0
2022-10-14,388.21761051659445,389.62249933631676,383.06635151094605,385.8761291503906,54504366.0
2022-10-17,374.6370791187815,377.91515356107084,370.8907083275937,371.8273010253906,41512192.0
2022-10-18,380.72497142444956,381.1932678222656,374.1688218550249,381.1932678222656,40093216.0
2022-10-19,378.38343133938446,379.32002399121467,370.4223937988281,370.4223937988281,46385177.0
2022-10-20,366.2077407932881,372.29559326171875,361.5247773560338,372.29559326171875,52938069.0
2022-10-21,370.4223816544774,373.2321595178489,364.8028259277344,364.8028259277344,35923505.0
2022-10-24,369.9541061361939,372.2955878206002,362.46136474609375,362.46136474609375,46714078.0
2022-10-25,355.90522539904816,358.24670714509455,347.47589111328125,347.47589111328125,76416687.0
2022-10-26,347.0075843080561,354.9686220047322,346.53928797295754,352.1588439941406,58850484.0
2022-10-27,360.11986489302143,364.3345317123156,358.24667964000184,361.05645751953125,45684455.0
2022-10-28,355.4369201660156,357.77840185353875,351.22225312847394,355.4369201660156,40184472.0
2022-10-31,361.52477792593146,365.2711486816406,356.84181448129505,365.2711486816406,38409054.0
2022-11-01,363.866247418283,368.080914376796,361.52476577466473,366.676025390625,41426496.0
2022-11-02,366.2076704966871,369.95404052734375,363.86618922752666,369.95404052734375,22535650.0
2022-11-03,360.5881734689077,362.4613587856293,359.1832844813665,359.6515808105469,39731333.0
2022-11-04,356.841727850949,360.1198014663776,354.50024669707136,357.7783203125,28397417.0
2022-11-07,365.2711486816406,368.0809267484225,362.46137061485877,365.2711486816406,35387706.0
2022-11-08,369.95406913279294,374.1687357431665,369.0174765527099,373.700439453125,31838223.0
2022-11-09,377.9151420318823,390.55914306640625,377.9151420318823,390.55914306640625,52260831.0
2022-11-10,383.066387976898,385.40786956599885,380.256610069977,381.6614990234375,32044942.0
2022-11-11,413.5057373046875,413.9740337229261,407.41788386758566,413.5057373046875,80016195.0
2022-11-14,421.4667159519839,421.4667159519839,413.505677984002,416.78375244140625,61933190.0
2022-11-15,435.51559352874756,456.1206323623657,432.70581550598143,449.5644836425781,113379796.0
2022-11-16,460.3353030539636,462.67678475820554,450.96937623699586,456.1206359863281,85726375.0
2022-11-17,451.90592453160235,454.2474060058594,444.88148010883134,454.2474060058594,45144984.0
2022-11-18,460.3353030539636,462.67678475820554,455.18404330463136,456.1206359863281,35859717.0
2022-11-21,456.58891210912174,458.4620973895694,450.03276362755486,451.4376525878906,29710180.0
2022-11-22,445.818084654643,459.8669738769531,445.818084654643,459.8669738769531,37343127.0
2022-11-23,463.1451011905825,464.5499902740727,457.52554485662193,460.8036193847656,33475337.0
2022-11-24,462.67680235831966,464.54998779296875,460.80361692367063,464.54998779296875,27396552.0
2022-11-25,462.67678600142756,466.42315673828125,462.67678600142756,466.42315673828125,39949969.0
2022-11-28,455.1840664072662,458.9304373241984,450.0328063964844,450.0328063964844,38926919.0
2022-11-29,443.47663478342173,457.0572286680249,443.00833844257335,456.1206359863281,38182197.0
2022-11-30,452.37427106584823,458.930419921875,451.90597471898917,458.930419921875,57111603.0
2022-12-01,473.9158630677188,475.78904829723547,466.89141845703125,466.89141845703125,41746878.0
2022-12-02,458.9303994735485,465.4865480374564,458.9303994735485,461.2718811035156,28319679.0
2022-12-05,460.3352252047486,465.95478034458273,457.9937438964844,457.9937438964844,28360444.0
2022-12-06,457.0572417829825,457.9938344915542,447.6913146972656,447.6913146972656,40561068.0
2022-12-07,446.7546855083265,454.7157228811164,444.8815002441406,444.8815002441406,36563503.0
2022-12-08,444.8814982700449,444.8814982700449,437.3887572465494,441.6034240722656,27238567.0
2022-12-09,447.69128608109423,453.7791382976782,445.8181007836838,450.9693603515625,25915337.0
2022-12-12,446.28638919228,447.6912781404194,443.47661129600124,444.8815002441406,20973334.0
2022-12-13,443.00831301417105,445.81809089798185,441.1351277582972,441.6034240722656,33272826.0
2022-12-14,442.0717681980034,450.0328063964844,442.0717681980034,450.0328063964844,30636639.0
2022-12-15,448.3843329803753,453.5652443908628,446.9713571411514,452.6232604980469,24222008.0
2022-12-16,439.43548049440807,443.6744079589844,438.49349661339113,443.6744079589844,47601400.0
2022-12-19,439.4354248046875,442.2613760896051,438.0224491622287,439.4354248046875,21075559.0
2022-12-20,438.0224899542136,439.9064576529414,428.6026514605746,430.9576110839844,31139235.0
2022-12-21,433.3125281905297,436.13847946133745,430.48657691972187,432.37054443359375,36182644.0
2022-12-22,439.43547390668823,441.79043357392663,437.0805142394498,440.84844970703125,14047382.0
2022-12-23,430.9575594388522,431.89954317533056,428.60260009765625,428.60260009765625,24927413.0
2022-12-26,427.660665388828,430.4866169222344,427.18967346659366,430.015625,8793306.0
2022-12-27,431.42855601237693,435.6674828727605,430.486572265625,430.486572265625,10264001.0
2022-12-28,424.8346862792969,425.77667006262124,420.12476736267496,424.8346862792969,32578949.0
2022-12-29,418.24081872503854,423.42172976780364,416.8278429861026,420.1247863769531,23020759.0
2022-12-30,428.6026310575181,430.01560676430114,422.479736328125,422.479736328125,21683478.0
2023-01-03,420.1247418468888,427.18961979274457,417.2987906685465,426.7186279296875,14885824.0
2023-01-04,423.4216613769531,428.6025715829003,422.47967770314455,423.4216613769531,19188422.0
2023-01-05,432.37052799337175,432.84151985393095,428.6025931088979,431.8995361328125,23549581.0
2023-01-06,428.6025931088979,432.84151985393095,428.6025931088979,431.8995361328125,20886011.0
2023-01-09,440.84847775021115,453.0942687988281,440.3774857868028,453.0942687988281,46666263.0
2023-01-10,457.80413818359375,458.7461220070168,454.97818671332465,457.80413818359375,32646014.0
2023-01-11,458.74613393620194,459.6881177841202,454.03621469661056,456.39117431640625,21051115.0
2023-01-12,459.2170691808718,459.68806104669835,455.9201261200861,458.27508544921875,20963689.0
2023-01-13,477.58583056640623,479.46979833984375,470.04995947265627,470.991943359375,77606949.0
2023-01-16,476.6437659537438,478.5277334081064,473.8178147721999,475.7017822265625,34373918.0
2023-01-17,474.7598243546533,474.7598243546533,470.5208973514868,473.8178405761719,27770329.0
2023-01-30,510.5552390644783,511.4972229003906,503.0193683771797,511.4972229003906,124428936.0
2023-01-31,505.8452713188084,506.787255064281,490.77353139124614,491.71551513671875,72530854.0
2023-02-01,501.1354326356132,502.0774165315448,491.7155936762972,499.25146484375,33710990.0
2023-02-02,506.7872665970414,510.5552016646774,505.8452828301324,508.6712341308594,43077053.0
2023-02-03,508.6712083429428,510.55517578125,504.9032734663284,510.55517578125,31635865.0
2023-02-06,501.13533118650486,502.0773148917426,495.4834289550781,495.4834289550781,30870136.0
2023-02-07,493.5995461225054,497.3674815890894,491.71557838921336,492.6575622558594,23481767.0
2023-02-08,506.7872665970414,508.6712341308594,503.0193315294054,508.6712341308594,35096191.0
2023-02-09,508.6712341308594,508.6712341308594,504.9032990632234,508.6712341308594,18861972.0
2023-02-10,512.4391198394495,514.3230871918005,509.6131688109232,513.381103515625,28495684.0
2023-02-13,512.4390794679991,512.4390794679991,506.78717785621967,509.6131286621094,22768977.0
2023-02-14,512.4391198394495,514.3230871918005,511.4971361632741,513.381103515625,21883297.0
2023-02-15,495.4834265718006,501.13532877604166,491.7154917689732,494.54144287109375,61796793.0
2023-02-16,497.36749267578125,500.19344433871186,493.5995571252072,497.36749267578125,29975138.0
2023-02-17,493.5994731652691,493.5994731652691,486.063603345952,487.94757080078125,28121975.0
2023-02-20,484.17963354822746,488.88955216250986,481.35368237965804,487.0055847167969,20065156.0
2023-02-21,485.1216453729674,487.0056129278139,483.2376778181209,486.0636291503906,13504100.0
2023-02-22,476.64383157282424,479.4697831434141,475.7018477159609,477.5858154296875,24575245.0
2023-02-23,482.29566843629345,490.77352198302515,480.4117009814642,487.94757080078125,25376835.0
2023-02-24,493.5995188375275,494.54150265210296,481.3537292480469,481.3537292480469,41692491.0
2023-03-01,474.7598077182112,491.71551513671875,474.7598077182112,491.71551513671875,39560848.0
2023-03-02,488.88958740234375,489.8315711930997,485.12165223931987,488.88958740234375,16558784.0
2023-03-03,493.59949936977654,494.5414831471998,486.0636291503906,486.0636291503906,23253895.0
2023-03-06,489.83160622975646,493.59954166229306,487.005654655354,490.7735900878906,21922085.0
2023-03-07,490.7735056986335,495.4834241794266,488.88953830631635,493.5994567871094,24861078.0
2023-03-08,490.7735900878906,492.65755780415896,487.9476385134882,490.7735900878906,24512408.0
2023-03-09,494.5414663731367,495.4834501186093,491.71551513671875,491.71551513671875,21557577.0
2023-03-10,485.1216690628617,486.06365288628473,481.3537337691696,483.2377014160156,24045605.0
2023-03-13,483.2376778181209,487.9475967052371,479.469742708428,486.0636291503906,21466947.0
2023-03-14,481.35369639677157,484.17964764763326,480.4117126464844,480.4117126464844,20474770.0
2023-03-15,485.1216645063486,486.0636483209241,480.4117454334715,481.3537292480469,23208597.0
2023-03-16,478.27557373046875,483.0109754505724,477.328493386448,478.27557373046875,21965994.0
2023-03-17,488.6933640881395,490.5875244140625,485.852123599255,490.5875244140625,33118483.0
2023-03-20,489.6405532360077,490.58763360977173,483.0109906196594,484.9051513671875,11837312.0
2023-03-21,487.7462815777246,489.64044189453125,484.90504110251453,489.64044189453125,18284799.0
2023-03-22,496.2700701457698,504.7937927246094,496.2700701457698,504.7937927246094,42385987.0
2023-03-23,500.0583423486873,510.4762244809516,500.0583423486873,509.5291442871094,26728246.0
2023-03-24,507.635016559891,510.47625732421875,506.6879363051151,510.47625732421875,21926240.0
2023-03-27,504.79388013936705,507.6351214909958,502.89971923828125,502.89971923828125,16111177.0
2023-03-28,497.2170715332031,501.9524722144717,496.2699913969494,497.2170715332031,17234120.0
2023-03-29,504.7938166780292,504.7938166780292,497.21717402620135,501.95257568359375,17280749.0
2023-03-30,507.6349769093166,508.58205709011753,502.89957600531176,506.6878967285156,19201564.0
2023-03-31,509.52919415729804,509.52919415729804,503.8467124380717,504.7937927246094,23558838.0
2023-04-06,501.95257568359375,502.89965601507225,498.16425435767985,501.95257568359375,25423363.0
2023-04-07,506.6880410404529,506.6880410404529,501.00555833719545,502.89971923828125,8557482.0
2023-04-10,504.7936607317573,504.7936607317573,500.05826053727554,501.0053405761719,7435151.0
2023-04-11,494.37601115685385,499.1114135625708,494.37601115685385,496.2701721191406,22675697.0
2023-04-12,495.3229913564829,496.27007164588343,489.6405096200796,492.48175048828125,23816473.0
2023-04-13,487.74629570456113,489.6404560762293,483.0108947753906,483.0108947753906,25536889.0
2023-04-14,488.6934509277344,492.4817722527556,485.8522099339685,488.6934509277344,18072504.0
2023-04-17,491.53467019888075,492.48175048828125,486.799268751878,492.48175048828125,14634287.0
2023-04-18,490.58757869387136,492.48173922936894,486.7992576228762,487.746337890625,15168888.0
2023-04-19,489.6404560762293,490.5875362620634,482.0638145895565,483.0108947753906,21123233.0
2023-04-20,484.9050925925926,488.69341362847223,483.01093207465277,485.8521728515625,17221961.0
2023-04-21,492.48176111867053,492.48176111867053,483.01095802023457,483.9580383300781,25016683.0
2023-04-24,478.2755172699396,483.01091843102813,477.3284370377219,480.169677734375,16886512.0
2023-04-25,477.32847797439763,478.27555828783886,471.64599609375,471.64599609375,36898412.0
2023-04-26,471.6459197221913,472.1194598022337,465.01635860159826,465.4898986816406,31269245.0
2023-04-27,465.0164543855275,468.8047758061835,463.1222936751995,467.3841552734375,29537148.0
2023-04-28,472.11954501330615,475.434326171875,471.6460048477963,475.434326171875,24824100.0
2023-05-02,473.5401024123628,475.4342628220122,470.2253216954762,474.4871826171875,15325791.0
2023-05-03,469.75177001953125,471.6459303825132,468.80468983804025,469.75177001953125,11369311.0
2023-05-04,470.69891578030877,473.0666165639119,469.7518354668675,471.64599609375,13140291.0
2023-05-05,473.54010009765625,475.43426049804685,472.1194797973633,473.54010009765625,7488897.0
2023-05-08,482.06376962813124,482.06376962813124,475.4342089456225,477.328369140625,11243634.0
2023-05-09,480.1696542178883,483.0108947753906,478.2754938462201,483.0108947753906,16197743.0
2023-05-10,481.1167487263916,481.1167487263916,473.540107014165,476.38134765625,18859212.0
2023-05-11,479.2225789469564,479.2225789469564,472.11947748035135,472.593017578125,13382927.0
2023-05-12,469.75177001953125,473.5400907454952,468.80468983804025,469.75177001953125,18465362.0
2023-05-15,470.6988796384255,473.06658024022846,468.3311790366226,469.27825927734375,13315766.0
2023-05-16,476.38141304242725,481.1168147625309,473.5401720103651,478.27557373046875,21140315.0
2023-05-17,481.1167549618407,493.42879790377754,479.22259450923497,491.5346374511719,41406763.0
2023-05-18,504.7938166780292,507.63505767246465,498.16425435767985,501.95257568359375,43096277.0
2023-05-19,506.68795105209927,506.68795105209927,501.00546935805704,503.8467102050781,32099068.0
2023-05-22,503.84679968882415,504.79388013936705,501.00555833719545,502.89971923828125,17208135.0
2023-05-23,501.95257568359375,502.89965601507225,497.21717402620135,501.95257568359375,19588873.0
2023-05-24,499.1112318057106,500.0583119419643,496.2699913969494,497.2170715332031,19086681.0
2023-05-25,513.3173852853793,516.1586254253352,508.5819850521193,514.2644653320312,63827245.0
2023-05-26,537.9414623247019,537.9414623247019,533.2060621281817,536.0473022460938,95808471.0
2023-05-29,543.6241942929549,543.6241942929549,534.153389514332,537.9417114257812,54657853.0
2023-05-30,536.0473022460938,537.9414623247019,533.2060621281817,536.0473022460938,40136130.0
2023-05-31,530.3648633512545,532.259023577509,521.8411423331094,528.470703125,81176782.0
2023-06-01,520.8939844813407,524.6823043684777,520.8939844813407,521.841064453125,24477529.0
2023-06-02,529.4179142310526,534.1533159683607,527.5237535361293,532.2591552734375,30206141.0
2023-06-05,530.365040822072,530.365040822072,525.629638671875,525.629638671875,16827391.0
2023-06-06,524.6825081961496,532.2591509137835,523.7354278564453,530.364990234375,20228086.0
2023-06-07,531.3121480807451,537.9417114257812,530.3650676028828,537.9417114257812,27604813.0
2023-06-08,532.2592100849732,537.9416927549195,525.6296469700358,529.41796875,23080195.0
2023-06-09,531.3119601899543,536.0473609046599,531.3119601899543,535.1002807617188,19091713.0
2023-06-12,543.6240844726562,543.6240844726562,540.782843613043,543.6240844726562,26392389.0
2023-06-13,561.6185913085938,562.5656715637516,557.8302702879624,561.6185913085938,56174363.0
2023-06-14,558.77734375,559.7244239936441,555.9361030190678,558.77734375,23583314.0
2023-06-15,561.3938219615852,564.2483668190171,558.5392771041535,562.3453369140625,27392154.0
2023-06-16,561.3938367548944,561.3938367548944,555.6847468895904,560.4423217773438,38128802.0
2023-06-19,554.7332153320312,556.6362452302543,553.7817003829197,554.7332153320312,14346885.0
2023-06-20,550.927155535585,556.6362452302543,550.927155535585,554.7332153320312,16221413.0
2023-06-21,553.781654029623,556.6361986380231,549.9755945517561,552.8301391601562,21703937.0
2023-06-26,548.072646722561,549.9756767459032,546.1696166992188,546.1696166992188,27142262.0
2023-06-27,542.36351066536,547.1210853203194,541.4119957343681,544.2665405273438,21501718.0
2023-06-28,550.9271917575743,550.9271917575743,543.3150716642054,546.1696166992188,18175426.0
2023-06-29,549.9755303347922,551.8785598515216,542.3634122678747,545.2179565429688,16937929.0
2023-06-30,542.3634815216064,548.0725708007812,540.4604517618815,548.0725708007812,22654976.0
2023-07-03,549.9757309882341,551.878761199266,548.072700777202,550.92724609375,14785585.0
2023-07-04,556.6362915039062,556.6362915039062,551.8787163628472,556.6362915039062,17219541.0
2023-07-05,560.4424051501087,560.4424051501087,550.9272539591052,553.7817993164062,14913592.0
2023-07-06,545.2179529780835,546.1694677302268,537.6058349609375,537.6058349609375,28564891.0
2023-07-07,537.6058349609375,544.2664382259403,535.702805456651,537.6058349609375,18796190.0
2023-07-10,539.508864465224,545.2179529780835,537.6058349609375,537.6058349609375,18454982.0
2023-07-11,546.1695641264758,549.0241088867188,542.363504446152,549.0241088867188,17850636.0
2023-07-12,546.1696477447827,549.9757080078125,544.2666176132677,549.9757080078125,15588228.0
2023-07-13,558.5393215603299,561.3938666449653,556.6362915039062,556.6362915039062,25442137.0
2023-07-14,560.4423070091079,562.3453369140625,558.5392771041535,562.3453369140625,23121873.0
2023-07-17,559.4907920566308,562.3453369140625,558.5392771041535,562.3453369140625,13807834.0
2023-07-18,558.5392283769565,559.4907432464232,551.8786242906896,552.8301391601562,20932006.0
2023-07-19,555.6846837685564,558.5392283769565,550.9271094212229,552.8301391601562,22499123.0
2023-07-20,551.878761199266,555.6848216213299,549.9757309882341,550.92724609375,15108109.0
2023-07-21,532.8483276367188,535.7028722490583,529.9937830243791,532.8483276367188,46711021.0
2023-07-24,529.9938585288209,535.7029485668332,529.9938585288209,530.9453735351562,25268835.0
2023-07-25,533.7998077982548,541.4119262695312,533.7998077982548,541.4119262695312,19590349.0
2023-07-26,541.4121015029746,543.3151317367284,535.7030108017129,538.5575561523438,13314305.0
2023-07-27,542.3634410784408,542.3634410784408,538.5573818428026,541.4119262695312,12200358.0
2023-07-28,541.4121245530547,545.2181851826017,537.6060639235078,539.5090942382812,18540078.0
2023-07-31,547.12098248237,547.12098248237,532.8482612002213,537.6058349609375,24208467.0
2023-08-01,537.6060639235078,540.460609395668,536.654548766121,539.5090942382812,16259643.0
2023-08-02,539.5090785715032,541.4121088310146,530.9454424037015,533.7999877929688,25583234.0
2023-08-04,529.0423733817971,532.848433621954,525.2363131416404,527.1393432617188,26279173.0
2023-08-07,530.9453735351562,533.7999185541624,529.0423435224855,530.9453735351562,14369551.0
2023-08-08,530.9453569495159,530.9453569495159,524.2847521132317,525.2362670898438,19010690.0
2023-08-09,523.3332830215619,529.9938884418364,523.3332830215619,527.1393432617188,14389090.0
2023-08-10,525.2362439385776,527.1392738079203,523.3332140692349,524.2847290039062,17892615.0
2023-08-11,529.0423101068853,530.9453399993561,519.5271606445312,519.5271606445312,17608427.0
2023-08-14,513.8181382494802,516.6726834619773,510.963593036983,514.7696533203125,20939030.0
2023-08-15,516.6727065195456,518.575736746137,513.8181611796587,515.72119140625,14066307.0
2023-08-16,514.7696762929543,516.6727065195456,510.012100726476,515.72119140625,28269840.0
2023-08-17,513.8180856143728,519.5271754545324,510.9635406942929,517.6241455078125,22843138.0
2023-08-18,513.8182144306586,517.6242752782931,512.86669921875,512.86669921875,17592345.0
2023-08-21,517.6241361877328,517.6241361877328,508.1089866254583,510.9635314941406,16633821.0
2023-08-22,517.6241985328096,517.6241985328096,511.9151081078154,514.7696533203125,14594304.0
2023-08-23,519.5271772301716,525.2362670898438,517.6241472769475,525.2362670898438,20636332.0
2023-08-24,535.7029649450424,536.6544799804688,530.9453897679106,536.6544799804688,23280827.0
2023-08-25,522.3817054832375,524.2847353757082,519.5271606445312,519.5271606445312,24144537.0
2023-08-28,520.4787447569801,526.1878351930712,520.4787447569801,522.3817749023438,8991985.0
2023-08-29,524.2847521132317,526.1877820664557,519.5271772301716,525.2362670898438,10516678.0
2023-08-30,530.9453652871622,532.8483952702703,527.1393053209459,528.0908203125,15117416.0
2023-08-31,526.1878351930712,529.0423804111168,521.4302598296618,522.3817749023438,40431378.0
2023-09-01,516.6726616629719,526.1878119698406,516.6726616629719,521.4302368164062,13669766.0
2023-09-04,522.3818360470784,529.9939575195312,522.3818360470784,529.9939575195312,9531157.0
2023-09-05,526.1877820664557,528.0908120196799,523.3332371366197,525.2362670898438,12220686.0
2023-09-06,529.0423419744318,529.0423419744318,523.333251953125,523.333251953125,14067008.0
2023-09-07,519.5272518594327,521.430282086024,515.72119140625,515.72119140625,20717005.0
2023-09-08,509.0606383711155,513.8182144306586,509.0606383711155,512.86669921875,15283568.0
2023-09-11,512.866599524199,513.8181145511456,510.0120544433594,510.0120544433594,14631968.0
2023-09-12,510.0120257209329,518.5756604811725,510.0120257209329,517.6241455078125,16028336.0
2023-09-13,518.575713603642,521.4302588161391,514.7696533203125,514.7696533203125,16191392.0
2023-09-14,520.5105397727273,526.25146484375,519.5537189275568,526.25146484375,17144287.0
2023-09-15,525.2946186680948,533.906005859375,523.3809770700325,533.906005859375,42517441.0
2023-09-18,524.3377319335938,525.2945526123046,516.6831665039062,516.6831665039062,36684692.0
2023-09-19,515.7264742372647,519.5537579050738,514.7696533203125,514.7696533203125,18901683.0
2023-09-20,512.8559908002336,514.7696325569509,511.899169921875,511.899169921875,24635567.0
2023-09-21,507.11503030679256,508.0718511186922,503.28774705919415,504.24456787109375,32012694.0
2023-09-22,500.41723942665305,502.33088087761536,499.4604187011719,499.4604187011719,29049309.0
2023-09-25,499.46053083147325,506.1582774135045,499.46053083147325,502.33099365234375,17116402.0
2023-09-26,498.50366857745513,501.37413116043473,496.59002685546875,496.59002685546875,26392692.0
2023-09-27,494.676315073766,500.41723942665305,493.7194943482848,499.4604187011719,16846401.0
2023-09-28,500.41729736328125,502.33093903579856,497.5468348545053,500.41729736328125,19733331.0
2023-10-02,507.11501130467286,510.9422944088591,505.20136975257975,509.9854736328125,25427911.0
2023-10-03,505.2013214053639,509.9854248277632,505.2013214053639,506.15814208984375,14490129.0
2023-10-04,498.5036041846642,500.4172456594614,496.58996270986705,497.5467834472656,28358964.0
2023-10-05,500.41737215446705,506.1582980300441,500.41737215446705,505.20147705078125,24945684.0
2023-10-06,507.11498403907717,509.98544621288323,506.15816331447513,509.02862548828125,15336587.0
2023-10-11,518.596856509938,520.510498046875,516.683214973001,520.510498046875,46639969.0
2023-10-12,521.4673606178977,526.25146484375,520.5105397727273,526.25146484375,34161176.0
2023-10-13,526.2514248894524,530.0787079795575,524.3377833443999,529.1218872070312,31123496.0
2023-10-16,522.4242281572534,523.3810490879443,518.5969444344896,521.4674072265625,19875676.0
2023-10-17,526.251431169181,528.165072737069,524.3377896012931,527.208251953125,18364998.0
2023-10-18,525.2945526123046,525.2945526123046,516.6831665039062,516.6831665039062,26418940.0
2023-10-19,516.6832691234547,524.3378360734317,516.6832691234547,522.4241943359375,22881262.0
2023-10-20,525.2946851991063,531.992431640625,522.4242224384554,531.992431640625,45984177.0
2023-10-23,528.1650641946231,529.1218849630917,519.5536772784066,520.510498046875,22747367.0
2023-10-24,519.5536772784066,522.4241395838121,516.683214973001,520.510498046875,15007814.0
2023-10-25,520.510498046875,527.2082434261547,520.510498046875,520.510498046875,16526355.0
2023-10-26,507.1150175909987,511.89912153053643,507.1150175909987,508.07183837890625,28188348.0
2023-10-27,510.9422944088591,512.8559359609521,509.028652856766,509.9854736328125,15679643.0
2023-10-30,508.0718047636792,510.9422669374853,505.2013425898731,509.02862548828125,21404842.0
2023-10-31,511.8990661967229,511.8990661967229,504.24450072088405,506.15814208984375,25667058.0
2023-11-01,509.98558194709545,509.98558194709545,504.2446560715184,505.20147705078125,13603347.0
2023-11-02,512.8558927602262,523.3809204101562,511.89907206477807,523.3809204101562,29401438.0
2023-11-03,523.381035921135,525.294677734375,521.4673941078951,525.294677734375,15426176.0
2023-11-06,529.1219273792614,531.9923899147727,526.25146484375,526.25146484375,29215201.0
2023-11-07,528.1650601773648,531.0355224609375,526.2514186549831,531.0355224609375,14777790.0
2023-11-08,526.2515061193233,532.949252560842,526.2515061193233,531.992431640625,15314834.0
2023-11-09,527.2083539705944,532.9492797851562,527.2083539705944,532.9492797851562,13165684.0
2023-11-10,531.0356378469689,532.9492797851562,530.0788168778753,532.9492797851562,12994933.0
2023-11-13,553.999293659698,554.9561145468476,546.3447265625,546.3447265625,43866014.0
2023-11-14,551.1287355222902,551.1287355222902,546.3446319153259,547.3014526367188,21568576.0
2023-11-15,557.8264832488436,557.8264832488436,550.1719174409692,555.912841796875,50305088.0
2023-11-16,555.9128356200753,557.8264770507812,553.0423734740164,557.8264770507812,28291435.0
2023-11-17,553.999233903556,557.8265170393319,553.999233903556,554.9560546875,22031704.0
2023-11-20,551.1287505415944,553.9992127839986,550.1719297941264,552.0855712890625,22010114.0
2023-11-21,556.8697716346154,559.740234375,555.9129507211538,559.740234375,35921706.0
2023-11-22,551.1287505415944,553.9992127839986,549.2151090466583,552.0855712890625,21969125.0
2023-11-23,549.2151968668901,553.04248046875,549.2151968668901,553.04248046875,14486134.0
2023-11-24,552.0855163043478,553.0423369565217,549.215054347826,550.171875,10058969.0
2023-11-27,548.2584089897049,552.0856928220937,543.4743041992188,543.4743041992188,18528520.0
2023-11-28,540.6036684782608,551.1286956521739,540.6036684782608,550.171875,26343906.0
2023-11-29,553.0424321935567,553.9992530105006,545.3878656580058,549.2151489257812,24868842.0
2023-11-30,551.1287505415944,552.0855712890625,545.3878260567861,552.0855712890625,47192647.0
2023-12-01,548.2583425255019,553.999267578125,548.2583425255019,553.999267578125,28051165.0
2023-12-04,556.8697154613322,556.8697154613322,546.3446864749496,549.2151489257812,26847171.0
2023-12-05,546.3447603995339,547.301581345943,542.517476613898,545.387939453125,22229723.0
2023-12-06,543.474297560307,550.17204418517,543.474297560307,545.387939453125,21518089.0
2023-12-07,545.3879528247847,548.2584157343888,541.5606689453125,541.5606689453125,20840397.0
2023-12-08,549.2152232387609,552.0856860779879,545.387939453125,545.387939453125,33507214.0
2023-12-11,547.3015072918935,550.1719697427251,545.3878656580058,549.2151489257812,27378610.0
2023-12-12,554.9561222696799,555.9129431701449,550.1720177673551,553.04248046875,29403010.0
2023-12-13,551.1287505415944,553.9992127839986,551.1287505415944,552.0855712890625,22977731.0
2023-12-14,558.8183907315494,559.7802124023438,556.8947473899606,559.7802124023438,39409958.0
2023-12-15,562.6656494140625,563.6274710369926,557.8565412994124,562.6656494140625,54323262.0
2023-12-18,556.8947196764824,562.6656494140625,554.9710764306224,562.6656494140625,26122277.0
2023-12-19,565.5511142828526,565.5511142828526,557.8565412994124,562.6656494140625,28254292.0
2023-12-20,564.5892926599225,564.5892926599225,560.7420061682025,562.6656494140625,38121456.0
2023-12-21,554.9710693359375,556.8947125572059,553.0474261146691,554.9710693359375,24923414.0
2023-12-22,559.7802124023438,559.7802124023438,556.8947473899606,559.7802124023438,18690214.0
2023-12-25,559.7801198516163,562.6655843869339,557.8564768280712,558.8182983398438,9548143.0
2023-12-26,560.7419766891531,563.62744140625,559.7801551167876,563.62744140625,16094308.0
2023-12-27,564.5892080358557,569.3983154296875,563.6273865570894,569.3983154296875,33401336.0
2023-12-28,569.3984687895236,570.3602905273438,566.5130035760632,570.3602905273438,25514849.0
2023-12-29,566.5130035760632,570.3602905273438,566.5130035760632,570.3602905273438,18416318.0
2024-01-02,567.4748253138833,570.3602905273438,566.5130035760632,570.3602905273438,26059058.0
2024-01-03,561.7038523532115,562.6656740181999,554.0092790333044,555.9329223632812,37106763.0
2024-01-04,557.8565673828125,558.8183890507139,554.9711023791083,557.8565673828125,15309129.0
2024-01-05,555.9328594207764,557.856502532959,552.0855731964111,554.0092163085938,18158971.0
2024-01-08,559.7801218441788,562.6655863897673,556.8946572985902,560.741943359375,17761275.0
2024-01-09,565.5510845509813,566.5129061233469,560.7419766891531,563.62744140625,22501510.0
2024-01-10,558.8183316792528,563.6274395250294,557.8565101100974,561.7037963867188,13037716.0
2024-01-11,563.62744140625,566.5129061233469,560.7419766891531,563.62744140625,23997409.0
2024-01-12,558.8183316792528,565.5510826633401,558.8183316792528,561.7037963867188,16496053.0
2024-01-15,567.4747276957124,567.4747276957124,562.6656198338844,563.62744140625,21143076.0
2024-01-16,558.8183890507139,565.5511407260237,556.8947457149111,557.8565673828125,27223860.0
2024-01-17,560.7419413633888,561.7037628751614,555.9328338045261,558.8182983398438,42592335.0
2024-01-18,563.6275041022268,566.5129691402929,562.6656824228716,565.5511474609375,27209996.0
2024-01-19,601.1385201646116,603.0621634291384,590.5584822097145,602.100341796875,161106401.0
2024-01-22,608.8330932227186,608.8330932227186,599.2148769000848,602.100341796875,65168775.0
2024-01-23,604.9857473191182,604.9857473191182,598.2529965540406,604.02392578125,41072439.0
2024-01-24,604.023955374053,605.9475985440341,600.1766690340909,603.0621337890625,26635005.0
2024-01-25,610.7568107438607,617.4895629882812,608.8331672454549,617.4895629882812,52243347.0
2024-01-26,619.4131469726562,621.3367902862359,614.6040386887071,619.4131469726562,41153025.0
2024-01-29,621.3367936876085,623.2604370117188,619.4131503634983,623.2604370117188,27825490.0
2024-01-30,617.4895629882812,622.2986717342959,617.4895629882812,617.4895629882812,36161825.0
2024-01-31,609.7948550084593,612.6803196220641,602.1002827055135,604.02392578125,41277950.0
2024-02-01,601.1384611676452,604.02392578125,595.3675319404359,604.02392578125,44946369.0
2024-02-02,608.833070673905,610.7567138671875,604.0239626906988,610.7567138671875,26334815.0
2024-02-05,620.3749093920823,622.2985525219802,613.6421584374395,621.3367309570312,44017740.0
2024-02-15,681.9316316930259,681.9316316930259,666.5424834460747,670.3897705078125,112945296.0
2024-02-16,670.3895730148472,672.3132159790217,656.924072265625,656.924072265625,44232811.0
2024-02-19,648.2677041562961,655.9622763124539,648.2677041562961,652.114990234375,34408673.0
2024-02-20,649.229624385917,661.7333060407569,649.229624385917,660.771484375,30166461.0
2024-02-21,652.1150235751652,656.92413141864,652.1150235751652,655.00048828125,30564485.0
2024-02-22,668.465908689995,668.465908689995,658.84769417647,665.5804443359375,33145643.0
2024-02-23,674.2370575695503,676.1607011004191,669.427948742378,670.3897705078125,46448923.0
2024-02-26,673.2751447355166,673.2751447355166,668.4660365588344,671.3515014648438,28798079.0
2024-02-27,673.2751447355166,674.2369663708531,664.6187500174885,671.3515014648438,33006829.0
2024-02-29,664.6188041355299,671.3515561311142,661.7333389945652,663.656982421875,54368302.0
2024-03-01,670.3895792525116,670.3895792525116,661.7331858331821,662.6950073242188,23390635.0
2024-03-04,686.7405807179418,697.3206176757812,683.8551160930765,697.3206176757812,88861397.0
2024-03-05,706.9389301456818,709.8243951666846,700.2061784300085,702.1298217773438,64403889.0
2024-03-06,690.5879359654018,709.8243687220983,689.6261143275669,706.9389038085938,43687122.0
2024-03-07,726.175327903346,739.6408306724147,725.2135062769839,730.9844360351562,71817344.0
2024-03-08,764.6481525654696,765.6099741410236,742.5262563277264,754.068115234375,87139744.0
2024-03-11,738.6789531657963,748.2971687018093,731.9462022905873,736.7553100585938,64759810.0
2024-03-12,728.0989198362672,741.5644216562246,725.213455160562,740.6026000976562,58110339.0
2024-03-13,755.0299628555239,755.0299628555239,747.3353899856587,749.259033203125,36754557.0
2024-03-14,749.2590073566048,755.029936809929,740.6026131766183,754.068115234375,42010806.0
2024-03-15,741.5644988405752,747.3354287926419,724.251708984375,724.251708984375,73316437.0
2024-03-18,728.5998722096388,739.2293133161455,728.5998722096388,738.2630004882812,43589856.0
2024-03-19,732.4651926596333,739.2293830931656,729.5662539024053,736.3304443359375,30152375.0
2024-03-20,738.2629645757751,743.0945284800669,726.6672112054749,732.465087890625,41280325.0
2024-03-21,746.9597324449188,757.5891723632812,745.9934197250677,757.5891723632812,46026103.0
2024-03-22,761.4545416376393,762.4208545077379,748.8924743263585,758.5556030273438,30660820.0
2024-03-25,756.6228762113132,761.4544399163663,752.7576252472707,753.7239379882812,19877101.0
2024-03-26,761.4544930616607,765.3197442954763,749.8587393602141,755.6566162109375,40990702.0
2024-03-27,758.5555673777981,758.5555673777981,752.7576904296875,752.7576904296875,18794479.0
2024-03-28,747.9261688907063,749.8587946501139,742.1282916124837,743.0946044921875,27190918.0
2024-03-29,743.0945747611449,750.8250774894793,742.1282619201031,749.8587646484375,9802000.0
2024-04-01,756.6228563184862,756.6228563184862,743.0944783000202,744.060791015625,21041261.0
2024-04-02,757.5892689378956,763.3871459960938,756.6229560948626,763.3871459960938,37974481.0
2024-04-03,756.6228762113132,758.5555016933343,751.79131250626,753.7239379882812,30890544.0
2024-04-08,762.4208016231142,765.3197400323276,756.6229248046875,756.6229248046875,32202226.0
2024-04-09,768.2187090863239,792.3765301267744,765.3197705614698,791.4102172851562,56857731.0
2024-04-10,787.5449829101562,791.4102343600221,782.713418597824,787.5449829101562,27480849.0
2024-04-11,783.679710350967,792.3765258789062,783.679710350967,792.3765258789062,25200651.0
2024-04-12,795.2754729254613,798.1744114658943,789.4775958445952,790.4439086914062,31508936.0
2024-04-15,776.9154579787338,784.6459600481738,775.9491452200538,778.8480834960938,38913470.0
2024-04-16,774.9829087620459,775.949221615864,758.5555902471397,761.4545288085938,49508969.0
2024-04-17,771.1177108536905,780.7808400623834,766.286146249344,776.9155883789062,34472074.0
2024-04-18,769.185085011952,782.7134659041219,765.3198333284748,776.9155883789062,43598591.0
2024-04-19,743.0945002441406,744.0608129882812,720.8693071289063,724.7345581054688,130968654.0
2024-04-22,715.0715855189733,731.4989057268416,715.0715855189733,717.0042114257812,46540798.0
2024-04-23,735.3641047389185,735.3641047389185,726.667288782742,728.5999145507812,30423647.0
2024-04-24,744.0608583647629,758.5555504108297,743.0945455616918,756.6229248046875,39457128.0
2024-04-25,744.06080758914,747.9260585376551,739.2292439034962,740.195556640625,28534926.0
2024-04-26,761.4544930616607,762.4208058701147,755.6566162109375,755.6566162109375,32571247.0
2024-04-29,763.3871855345913,768.21875,760.4882468553459,768.21875,26765837.0
2024-04-30,770.151335897325,774.9829001124901,763.3871459960938,763.3871459960938,39051972.0
2024-05-02,762.4208489452619,762.4208489452619,745.9935302734375,745.9935302734375,40527228.0
2024-05-03,761.4544399163663,761.4544399163663,746.959748801207,753.7239379882812,29901556.0
2024-05-06,764.3534759443831,766.2861016736989,759.5219116210938,759.5219116210938,32599878.0
2024-05-07,770.1513543701171,773.05029296875,765.3197900390625,773.05029296875,33890214.0
2024-05-08,767.2523468854719,774.9828491210938,765.3197213265663,774.9828491210938,21757193.0
2024-05-09,771.1176231806003,774.9828744246133,769.1849975585938,769.1849975585938,21923999.0
2024-05-10,775.9491619005464,779.8144130183574,771.1175980032828,774.9828491210938,25101318.0
2024-05-13,795.2754686516283,797.2080943348644,790.4439044435383,791.4102172851562,34812619.0
2024-05-14,788.5113139204545,797.2081298828125,783.6797494969223,797.2081298828125,28691846.0
2024-05-15,809.7700764197984,815.567952861945,808.8037636794407,810.7363891601562,39467772.0
2024-05-16,823.2985082165948,827.1637594288793,808.803816170528,812.6690673828125,43927195.0
2024-05-17,819.433220668039,819.433220668039,805.9048420249345,806.8711547851562,26207289.0
2024-05-20,805.9048420249345,809.7700930658215,794.3090889022736,806.8711547851562,28808661.0
2024-05-21,802.0396265490301,812.6690673828125,802.0396265490301,812.6690673828125,19705349.0
2024-05-22,816.5343432956272,835.8605999416776,814.6017176310222,834.894287109375,36628342.0
2024-05-23,845.523681640625,847.4563071986607,837.7931794084822,845.523681640625,37266618.0
2024-05-24,829.0963975318988,842.6247769788063,829.0963975318988,837.793212890625,34136382.0
2024-05-27,842.6248297477345,848.4227070166409,836.826952478828,839.7258911132812,26726954.0
2024-05-28,837.793160181652,843.5910367227013,835.8605346679688,835.8605346679688,25329216.0
2024-05-29,831.9953784208175,838.7595684892794,827.1638140862019,828.130126953125,33436835.0
2024-05-30,812.6690188023241,819.433208019466,809.7700805664062,809.7700805664062,38065102.0
2024-05-31,809.7701526042459,817.5006552544058,793.3428344726562,793.3428344726562,77438401.0
2024-06-03,810.7364814343464,824.2648613390911,808.8038557336686,817.5006713867188,28345488.0
2024-06-04,815.567952861945,822.3321420444493,808.8037636794407,810.7363891601562,28223635.0
2024-06-05,812.6690736006797,828.1300785681124,806.8711967378924,825.2311401367188,31975446.0
2024-06-06,862.9173541655742,868.7152311252534,855.1868515526688,863.8836669921875,62925136.0
2024-06-07,855.186854027237,858.085792515465,849.3889770507812,849.3889770507812,41075399.0
2024-06-11,861.9510883750354,864.850027013068,853.2542724609375,853.2542724609375,48228488.0
2024-06-12,858.0858472566007,883.2099824240237,858.0858472566007,878.37841796875,48106925.0
2024-06-13,895.3540679300701,906.9946408609052,883.713494999235,891.473876953125,55857091.0
2024-06-14,888.5636253770675,894.3839111328125,877.893101491535,894.3839111328125,38408123.0
2024-06-17,885.6535587538596,897.2941312676014,885.6535587538596,893.4139404296875,26292426.0
2024-06-18,915.7249915081522,921.5452774711277,911.8448008661685,914.7549438476562,37876013.0
2024-06-19,924.4554256085348,954.5269032516246,924.4554256085348,951.6167602539062,72228052.0
2024-06-20,941.916283594845,951.6167602539062,941.916283594845,951.6167602539062,48225374.0
2024-06-21,932.2158595763531,948.706670827964,931.2458118556701,940.9462890625,88376132.0
2024-06-24,929.305645232505,931.2457405252659,911.8447875976562,911.8447875976562,66391994.0
2024-06-25,897.2941145316634,916.695068359375,895.3540191488922,916.695068359375,57368432.0
2024-06-26,922.5153593063354,931.2457885742188,922.5153593063354,931.2457885742188,44967166.0
2024-06-27,922.5153593063354,932.2158362706501,920.5752639134724,931.2457885742188,39729446.0
2024-06-28,927.3656238374256,941.9163396926153,926.3955761137463,937.0661010742188,39138210.0
2024-07-01,939.006103515625,947.7365321640141,936.0959606328287,939.006103515625,19935737.0
2024-07-02,938.0361224492391,941.916313234965,930.2757408777873,931.2457885742188,25427569.0
2024-07-03,946.7665536820097,949.6766967773438,938.0361243960076,949.6766967773438,24070411.0
2024-07-04,970.0477713969217,979.7482491108909,967.1376280827309,974.8980102539062,41893299.0
2024-07-05,974.8980102539062,979.7482491108909,970.0477713969217,974.8980102539062,19998094.0
2024-07-08,974.8978987984036,1018.5500435207201,970.047660495924,1003.9993286132812,40146763.0
2024-07-09,999.1490719134991,1023.4002629793608,994.2988337003268,1008.8495483398438,46373121.0
2024-07-10,989.4486965927781,1018.550128845507,984.59845788399,1013.6998901367188,46206302.0
2024-07-11,1033.1006537543403,1047.6513671875,1023.4001781322338,1047.6513671875,41724336.0
2024-07-12,999.1490719134991,1013.6997865530161,994.2988337003268,1008.8495483398438,68983062.0
2024-07-15,1008.8495483398438,1013.6997865530161,994.2988337003268,1008.8495483398438,38393309.0
2024-07-16,1008.8495538359006,1037.9509832734745,1003.9993155963049,1023.4002685546875,32125609.0
2024-07-17,1003.9993472793727,1013.6998240646807,989.4486321014108,999.1491088867188,54022399.0
2024-07-18,958.4071981401586,974.8980102539062,956.4671025973647,974.8980102539062,81990095.0
2024-07-19,958.4071480347939,965.1974820795748,940.9462890625,940.9462890625,92507621.0
2024-07-22,935.1258847822651,936.0959323805869,909.904647225897,910.8746948242188,83062356.0
2024-07-23,934.1559336022289,949.6766967773438,927.3655997131161,949.6766967773438,47213266.0
2024-07-26,887.5936671665736,902.1443830217634,887.5936671665736,896.3240966796875,82081735.0
2024-07-29,913.7849412045236,919.605227454234,907.9646549548133,915.7250366210938,40809258.0
2024-07-30,902.1443111338514,920.5752164150806,898.2641205483294,911.8447875976562,41761392.0
2024-07-31,901.1743584250995,911.8448836594118,900.2043106765257,906.0245971679688,39894991.0
2024-08-01,939.976217842102,939.976217842102,919.605216217041,931.2457885742188,47382270.0
2024-08-02,890.503779313097,900.2042562119325,875.9530639648438,875.9530639648438,76144485.0
2024-08-05,826.4806317101227,831.3308701591258,788.6487718078988,790.5888671875,144057989.0
2024-08-06,842.0013954856179,868.192683133212,814.8400601473721,853.6419677734375,102930842.0
2024-08-07,874.0129421068275,892.44384765625,866.2525608228601,892.44384765625,59158704.0
2024-08-08,874.0128967421396,877.8930871827262,860.4322302000863,869.1626586914062,38236391.0
2024-08-09,899.2342629279518,906.0245971679688,894.3840241850827,906.0245971679688,49494621.0
2024-08-12,913.7848828904172,919.6051687687001,903.1143587802319,911.8447875976562,38331663.0
2024-08-13,916.6950711484416,916.6950711484416,908.9346895937458,912.8148803710938,25764381.0
2024-08-14,922.5154289535329,926.3956200322018,916.6951423355296,919.6052856445312,36780856.0
2024-08-15,916.6950391686481,921.5452774711277,912.8148485266644,914.7549438476562,19476402.0
2024-08-16,934.1558495866994,939.9761352539062,929.3056115306938,939.9761352539062,44062316.0
2024-08-19,939.9761935917226,945.7964796201543,935.1259552346961,943.8563842773438,21348863.0
2024-08-20,947.7365749629649,947.7365749629649,939.0061459203173,943.8563842773438,24039959.0
2024-08-21,932.2158070606081,935.1259500587161,927.365568730428,929.3056640625,29758188.0
2024-08-22,929.3057148930402,935.1260012076103,919.6052377020899,922.515380859375,24349754.0
2024-08-23,915.7250179053609,923.4853994130334,910.8747794630656,920.5752563476562,27592153.0
2024-08-26,928.3356217876234,932.215812474301,916.6950497275905,921.5452880859375,25057581.0
2024-08-27,916.6950551415705,917.665102818969,911.844816754578,913.784912109375,18693037.0
2024-08-28,916.6951302176195,935.1260375976562,914.7550347039314,935.1260375976562,31059233.0
2024-08-29,913.7848961871604,918.63513448964,908.9346578846807,914.7549438476562,43530708.0
2024-08-30,915.7250366210938,923.4854182873742,912.8148934962386,915.7250366210938,63834981.0
2024-09-02,921.5453811838657,926.3956200322018,914.7550467961951,919.6052856445312,18646835.0
2024-09-03,919.6051687687001,923.485359354222,910.8747399512757,911.8447875976562,19547575.0
2024-09-04,867.2226751990474,877.8932002853892,861.4023887883155,862.3724365234375,79709021.0
2024-09-05,879.8332707644038,887.5936524249497,873.042936811426,874.9830322265625,30512026.0
2024-09-06,881.7734153597962,890.5038452148438,875.9531287897646,890.5038452148438,24458336.0
2024-09-09,865.2824815658892,873.04286256648,864.3124339408153,872.0728149414062,35885268.0
2024-09-10,879.8332999575455,883.7134909165644,874.013013519017,876.9231567382812,33498628.0
2024-09-11,878.8631777408782,878.8631777408782,873.0428917955743,874.012939453125,18029342.0
2024-09-12,912.0136386303191,919.8086269946808,904.2186502659574,915.9111328125,39454846.0
2024-09-13,930.5267388767778,930.5267388767778,914.9367620997847,922.7317504882812,25347586.0
2024-09-16,927.6036182310917,927.6036182310917,918.834256294033,922.7317504882812,13626239.0
2024-09-18,920.783053488331,923.7061742930558,909.0905702694316,916.8855590820312,28424324.0
2024-09-19,915.9112091064453,935.398681640625,912.0137145996094,935.398681640625,32739630.0
2024-09-20,955.8604793411364,956.8348529184465,946.1167435680362,948.0654907226562,60133709.0
2024-09-23,946.1167710615644,951.9630126953125,946.1167710615644,951.9630126953125,14497067.0
2024-09-24,950.9886166650837,961.7067260742188,946.1167487518404,961.7067260742188,26785975.0
2024-09-25,974.3736760533271,979.2455444335938,972.4249287012204,979.2455444335938,39405222.0
2024-09-26,984.1172680784329,988.9891357421875,979.2454004146782,988.9891357421875,38321585.0
2024-09-27,993.861005859375,998.7328735351563,974.37353515625,974.37353515625,35783779.0
2024-09-30,952.9373702763764,964.6298533472522,932.4755249023438,932.4755249023438,61603217.0
2024-10-01,942.2192575588148,951.9629934177477,942.2192575588148,947.0911254882812,26760355.0
2024-10-04,960.7323751459346,960.7323751459346,942.2192766390657,951.9630126953125,40934818.0
2024-10-07,967.5530603209538,984.1174128138604,963.6555656167405,979.2455444335938,39667071.0
2024-10-08,974.3735134011448,984.1172485351562,971.4503928609413,984.1172485351562,30845902.0
2024-10-09,1003.6048201018689,1008.4766881606158,993.861083984375,993.861083984375,46975717.0
2024-10-11,998.7329262181332,1023.0922658819901,993.8610582853619,1018.2203979492188,43058754.0
2024-10-14,1018.2203979492188,1027.9641338147615,1008.4766620836759,1018.2203979492188,36858874.0
2024-10-15,1023.0922406633323,1047.451579726745,1023.0922406633323,1042.5797119140625,42850176.0
2024-10-16,1013.3485300164474,1042.5797376130756,1008.4766620836759,1018.2203979492188,52652149.0
2024-10-17,1023.0922267747962,1027.9640945213428,1003.6047557886096,1008.4766235351562,54173771.0
2024-10-18,1066.9390480990785,1071.8109158986176,1047.4515769009217,1057.1953125,85011961.0
2024-10-21,1062.0671802995391,1066.9390480990785,1052.3234447004609,1057.1953125,36491060.0
2024-10-22,1037.7078028479286,1047.4515380859375,1032.8359352289244,1047.4515380859375,41197877.0
2024-10-23,1032.8359375,1042.579672759434,1027.964069870283,1032.8359375,31423466.0
2024-10-24,1042.579672759434,1047.451540389151,1027.964069870283,1032.8359375,38236996.0
2024-10-25,1037.7078857421875,1042.5797537503668,1032.8360177340082,1037.7078857421875,22009575.0
2024-10-28,1047.451687767392,1052.3235560825892,1023.0923461914062,1023.0923461914062,40142324.0
2024-10-29,1008.4765821603629,1013.3484497070312,993.8609795203577,1013.3484497070312,45415773.0
2024-10-30,1013.3484716322815,1027.9640745885163,1003.604736328125,1003.604736328125,38201984.0
2024-11-01,970.4760766006098,1003.6047780106708,970.4760766006098,998.73291015625,54480255.0
2024-11-04,1003.6047146136945,1018.2203172536997,998.732847067026,1013.3484497070312,26747978.0
2024-11-05,1003.6048729306176,1027.9642145066034,1003.6048729306176,1023.0923461914062,32385622.0
2024-11-06,1023.092202240566,1052.323408018868,1013.3484669811321,1032.8359375,55349259.0
2024-11-07,1023.0922817176497,1047.451621758546,1023.0922817176497,1037.7078857421875,43975446.0
2024-11-08,1057.1953925736454,1062.0672607421875,1052.3235244051032,1062.0672607421875,37099479.0
2024-11-11,1052.3234447004609,1062.0671802995391,1042.5797091013826,1057.1953125,34690205.0
2024-11-12,1032.8360828218006,1037.7079511369977,1023.0923461914062,1023.0923461914062,51099848.0
2024-11-13,1018.2203590282496,1023.0922267747962,1008.4766235351562,1008.4766235351562,42331232.0
2024-11-14,1003.6047557886096,1013.3484912817029,998.732888042063,1008.4766235351562,44627940.0
2024-11-15,1013.3484912817029,1018.2203590282496,1003.6047557886096,1008.4766235351562,34791611.0
2024-11-18,1003.6047780106708,1008.4766458650914,993.8610423018292,998.73291015625,31815076.0
2024-11-19,1003.6047146136945,1018.2203172536997,998.732847067026,1013.3484497070312,24349599.0
2024-11-20,998.73291015625,998.73291015625,998.73291015625,998.73291015625,40203197.0
2024-11-21,993.8609836691677,998.7328512361734,984.1172485351562,984.1172485351562,41429227.0
2024-11-22,1008.4765821603629,1023.0921848003682,1008.4765821603629,1013.3484497070312,25187973.0
2024-11-25,1018.2203392843599,1023.0922069364381,1003.604736328125,1003.604736328125,49566674.0
2024-11-26,988.9891161021619,993.8609836691677,984.1172485351562,984.1172485351562,27312402.0
2024-11-27,984.1172705078126,993.861005859375,974.37353515625,974.37353515625,31276090.0
2024-11-28,979.2455444335938,979.2455444335938,966.5786866449005,979.2455444335938,33689956.0
2024-11-29,969.5017616241332,984.1173660707282,968.5273879943602,970.4761352539062,40094983.0
2024-12-02,993.8610202955164,1013.3484912817029,988.9891525489696,1008.4766235351562,31168404.0
2024-12-03,1032.8358565054798,1037.7077237531473,1027.9639892578125,1027.9639892578125,43414538.0
2024-12-04,1037.70784410138,1042.5797119140625,1027.9641084760149,1042.5797119140625,33466290.0
2024-12-05,1042.579670466933,1052.3234057049417,1042.579670466933,1047.4515380859375,31425359.0
2024-12-06,1047.451621758546,1052.3234897667253,1032.8360177340082,1037.7078857421875,30765288.0
2024-12-09,1042.579670466933,1047.4515380859375,1037.7078028479286,1047.4515380859375,22247131.0
2024-12-10,1042.5797537503668,1047.451621758546,1032.8360177340082,1037.7078857421875,28506584.0
2024-12-11,1018.2203979492188,1032.836001747533,1018.2203979492188,1018.2203979492188,25264194.0
2024-12-12,1036.80419921875,1041.6947850641216,1031.9136133733787,1036.80419921875,22791260.0
2024-12-13,1036.804238189554,1046.5854102479461,1031.913652160358,1041.69482421875,20423659.0
2024-12-16,1061.2572021484375,1061.2572021484375,1051.4760297784057,1061.2572021484375,39722392.0
2024-12-17,1066.1477096202761,1071.0382954442223,1051.4759521484375,1051.4759521484375,37880707.0
2024-12-18,1051.4760297784057,1066.1477883334533,1046.58544359339,1061.2572021484375,41863190.0
2024-12-19,1041.6948630074473,1046.58544921875,1031.9136905848422,1046.58544921875,42702851.0
2024-12-20,1036.804248754529,1036.804248754529,1012.351318359375,1012.351318359375,52030520.0
2024-12-23,1041.6946987575955,1056.366455078125,1036.804113317419,1056.366455078125,30728473.0
2024-12-24,1071.0382113986545,1071.0382113986545,1056.366455078125,1056.366455078125,26461906.0
2024-12-25,1066.1477883334533,1066.1477883334533,1056.3666159634217,1061.2572021484375,15481622.0
2024-12-26,1061.2572021484375,1066.1477883334533,1061.2572021484375,1061.2572021484375,14374900.0
2024-12-27,1056.3666544223051,1071.0384135115037,1056.3666544223051,1066.1478271484375,24948385.0
2024-12-30,1066.1478271484375,1071.0384135115037,1061.2572407853713,1066.1478271484375,23954634.0
2024-12-31,1056.3665379723836,1061.25712379633,1051.4759521484375,1051.4759521484375,28397820.0
2025-01-02,1046.5854102479461,1051.475996277142,1031.913652160358,1041.69482421875,43177098.0
2025-01-03,1056.3665379723836,1061.25712379633,1051.4759521484375,1051.4759521484375,30415096.0
2025-01-06,1075.9290256076388,1100.3819580078125,1071.038439127604,1100.3819580078125,69289786.0
2025-01-07,1124.8346811480226,1134.6158522884402,1105.2723388671875,1105.2723388671875,48758688.0
2025-01-08,1085.7100437906533,1105.2723869220165,1080.8194580078125,1080.8194580078125,45211419.0
2025-01-09,1075.928955078125,1090.600713556463,1075.928955078125,1075.928955078125,27263215.0
2025-01-10,1075.928955078125,1085.710127397017,1075.928955078125,1075.928955078125,22021522.0
2025-01-13,1085.710052916061,1090.6006387400073,1046.5853663244911,1051.4759521484375,56690300.0
2025-01-14,1061.2572407853713,1066.1478271484375,1051.4760680592387,1066.1478271484375,28695247.0
2025-01-15,1061.257168335534,1061.257168335534,1041.69482421875,1041.69482421875,35489482.0
2025-01-16,1071.038286442131,1090.600629573494,1066.1477006592902,1080.8194580078125,47542962.0
2025-01-17,1100.381796700614,1100.381796700614,1071.038282121931,1095.4912109375,59214050.0
2025-01-20,1100.381796700614,1110.1629682268415,1095.4912109375,1095.4912109375,29834528.0
2025-01-21,1090.600625174386,1100.381796700614,1085.7100394112724,1095.4912109375,21904213.0
2025-01-22,1115.0534270030287,1124.8345974153358,1110.162841796875,1110.162841796875,42960405.0
2025-02-03,1041.6948630074473,1051.4760354300524,1036.804276796145,1046.58544921875,97946226.0
2025-02-04,1061.2571581139412,1075.928916060217,1056.3665721318494,1071.038330078125,53308108.0
2025-02-05,1085.7100830078125,1095.4912549268017,1080.8194970483178,1085.7100830078125,40385340.0
2025-02-06,1095.4912941423768,1095.4912941423768,1080.8195357386842,1090.6007080078125,29971252.0
2025-02-07,1085.7101985677084,1100.3819580078125,1080.8196120876735,1100.3819580078125,27883220.0
2025-02-10,1100.3818011391756,1100.3818011391756,1071.038286442131,1080.8194580078125,28527108.0
2025-02-11,1085.7100830078125,1090.6006689673072,1075.9289110888233,1085.7100830078125,18898928.0
2025-02-12,1085.710127397017,1090.600713556463,1075.928955078125,1075.928955078125,24172954.0
2025-02-13,1066.1478271484375,1071.0384135115037,1056.3666544223051,1066.1478271484375,33210403.0
2025-02-14,1041.6947850641216,1046.585370909493,1036.80419921875,1036.80419921875,64486940.0
2025-02-17,1041.6948574083742,1061.2572021484375,1041.6948574083742,1061.2572021484375,35491271.0
2025-02-18,1061.257196599787,1075.928955078125,1056.366610440341,1075.928955078125,21616188.0
2025-02-19,1066.1478271484375,1071.0384135115037,1061.2572407853713,1066.1478271484375,26400293.0
2025-02-20,1056.366455078125,1061.2570405183014,1046.5852841977721,1056.366455078125,29643124.0
2025-02-21,1061.2571581139412,1071.038330078125,1056.3665721318494,1071.038330078125,28972910.0
2025-02-24,1056.3665379723836,1061.25712379633,1051.4759521484375,1051.4759521484375,30822970.0
2025-02-25,1031.91357421875,1036.8041598785544,1027.0229885589454,1031.91357421875,45158522.0
2025-02-26,1022.1324416826357,1036.80419921875,1022.1324416826357,1036.80419921875,36768449.0
2025-02-27,1041.6947496854343,1041.6947496854343,1017.2418212890625,1017.2418212890625,55283596.0
2025-03-03,978.1172210094975,997.6795654296875,978.1172210094975,997.6795654296875,65621663.0
2025-03-04,974.20471875,987.898359375,974.20471875,978.1171875,64569262.0
2025-03-05,997.6795654296875,1007.4607376397825,992.78897932464,997.6795654296875,41994320.0
2025-03-06,997.6796328416511,1002.5702192771494,983.0078735351562,983.0078735351562,45187017.0
2025-03-07,983.0078735351562,987.8984599706546,978.1172870996579,983.0078735351562,40822280.0
2025-03-10,983.007708532299,983.007708532299,970.2921859343688,976.160888671875,46849886.0
2025-03-11,947.7955356837547,957.5767073626376,941.926832676425,949.7517700195312,50204233.0
2025-03-12,958.5548234082427,973.2265809093892,954.6423547412703,966.3797607421875,34184887.0
2025-03-13,978.117157140544,983.0077429262468,943.883056640625,943.883056640625,37035693.0
2025-03-14,943.8831075562923,947.7955763959039,934.1019354572634,938.014404296875,34333748.0
2025-03-17,955.6205634992148,963.4455015831387,946.8175081548003,948.7737426757812,31491061.0
2025-03-18,959.0917858119851,961.0571378320916,951.230377731559,954.1784057617188,21575327.0
2025-03-19,948.2824184513894,950.2477706139829,933.5422772319376,935.5076293945312,35245036.0
2025-03-20,961.057180708677,967.9359130859375,954.1784483314166,967.9359130859375,28715956.0
2025-03-21,967.9359216258359,969.9012737509645,953.1957806873714,955.1611328125,39214916.0
2025-03-24,968.9185976884002,969.9012737509645,955.1611328125,955.1611328125,16121506.0
2025-03-25,971.866628134371,977.7626845234572,967.9359238749802,972.8493041992188,26167428.0
2025-03-26,977.762600645727,977.762600645727,963.0224609375,963.0224609375,21735917.0
2025-03-27,944.3516535430462,947.2996815978112,941.4036254882812,941.4036254882812,34563256.0
2025-03-28,929.6115729067506,938.4556576384216,929.6115729067506,935.5076293945312,33101234.0
2025-03-31,904.0619285499656,907.9926325871394,894.2351684570312,894.2351684570312,51064611.0
2025-04-01,912.9060386399092,929.6115312737934,908.9753344907599,927.6461791992188,32197752.0
2025-04-02,932.5595795779218,935.507607753616,921.7501429337099,925.6808471679688,24849656.0
2025-04-07,833.3092651367188,833.3092651367188,833.3092651367188,833.3092651367188,23820773.0
2025-04-08,783.1928027283911,828.3959005019244,783.1928027283911,801.8636474609375,116648736.0
2025-04-09,794.9849208953275,811.690413670631,766.4873155727508,771.4006958007812,107582838.0
2025-04-10,848.04931640625,848.04931640625,848.04931640625,848.04931640625,19416428.0
2025-04-11,833.3092814081833,873.5989990234375,821.5171689354261,873.5989990234375,76103586.0
2025-04-14,879.4950515658869,887.3564598480401,850.0147705078125,850.0147705078125,66326054.0
2025-04-15,858.8588566535419,863.7722368403471,850.0147723172926,861.806884765625,30562095.0
2025-04-16,851.9802241810581,853.945576485974,837.2400818941886,840.1881103515625,42128082.0
2025-04-17,834.2920123644111,841.1707450929752,827.4132796358471,832.32666015625,33684502.0
2025-04-18,838.2226251579733,843.1360051413143,835.2745971679688,835.2745971679688,20101219.0
2025-04-21,829.3785074382484,832.3265353082896,817.5863959580838,820.534423828125,18415705.0
2025-04-22,811.6904078464883,814.6384359621534,801.8636474609375,801.8636474609375,28888527.0
2025-04-23,838.2227586744032,857.8762817382812,833.3093779084336,857.8762817382812,37863656.0
2025-04-24,870.6509775232386,870.6509775232386,844.1187242578577,849.0321044921875,32238198.0
2025-04-25,884.4084456160261,885.3911216667107,870.6509809064436,872.6163330078125,34640282.0
2025-04-28,882.4431253048356,882.4431253048356,877.5297448744078,881.46044921875,21830091.0
2025-04-29,881.460399145562,886.373779296875,877.5296950245115,886.373779296875,24362874.0
2025-04-30,885.3911042066397,892.2698364257812,883.4257521440279,892.2698364257812,35405654.0
2025-05-02,921.7500636050576,933.5421752929688,915.8540077611019,933.5421752929688,43873135.0
2025-05-05,939.4382285177072,940.42090448896,907.0099214663637,921.7500610351562,52770209.0
2025-05-06,900.1312465501868,913.8887110171111,900.1312465501868,904.0619506835938,37538894.0
2025-05-07,908.975311805462,915.8540438948006,895.2178476267848,911.92333984375,36907620.0
2025-05-08,916.8367594799964,922.7328158110575,902.0966186523438,902.0966186523438,27985917.0
2025-05-09,921.7501337756848,932.5595703125,917.8194295804794,932.5595703125,36383573.0
2025-05-12,937.472931386535,945.3343396161915,935.507579329121,940.4209594726562,23402547.0
2025-05-13,972.8492703747822,972.8492703747822,952.2130737304688,952.2130737304688,38047856.0
2025-05-14,972.8492750563063,981.693359375,970.8839229854855,981.693359375,40475123.0
2025-05-15,982.6760959529205,982.6760959529205,975.79736328125,975.79736328125,24662270.0
2025-05-16,973.8319004341691,980.7106323242188,971.8665484655835,980.7106323242188,16878650.0
2025-05-19,975.7973316471752,976.780007711271,963.0225428139291,966.9532470703125,19906139.0
2025-05-20,973.8319787647582,976.7800069547626,961.0571899414062,961.0571899414062,20897857.0
2025-05-21,968.9185999398279,981.6933887828479,965.9705717452848,972.8493041992188,26248757.0
2025-05-22,970.8839101383496,970.8839101383496,962.0398259366846,964.9878540039062,18747545.0
2025-05-23,975.7973316471752,975.7973316471752,958.10916249345,966.9532470703125,22213030.0
2025-05-26,958.1091208536117,966.9532050461065,958.1091208536117,959.091796875,19329052.0
2025-05-27,954.178404686488,958.1091087222717,944.3516445970288,948.2823486328125,26355315.0
2025-05-28,966.9531724647751,967.9358484530524,950.2476806640625,950.2476806640625,26471533.0
2025-05-29,968.9185244413295,968.9185244413295,950.2476806640625,950.2476806640625,48602590.0
2025-06-02,941.403623423667,944.3516514719666,929.6115112304688,929.6115112304688,33676511.0
2025-06-03,943.3689350328947,948.2823149028577,933.5421752929688,933.5421752929688,26020787.0
2025-06-04,957.1264871616555,972.8493041992188,953.1957829022648,972.8493041992188,37233567.0
2025-06-05,982.6759842928043,982.6759842928043,973.8319004341691,980.7106323242188,24414444.0
2025-06-06,979.727986306042,979.727986306042,973.8319302199475,977.7626342773438,13670307.0
2025-06-09,987.5894775390625,992.5028580243314,982.6760970537936,987.5894775390625,21674308.0
2025-06-10,1007.2429631429426,1031.8098646830144,1002.3295828349283,1026.896484375,44877640.0
2025-06-11,1046.5499267578125,1051.4633066956426,1036.7231668821523,1046.5499267578125,37178498.0
2025-06-12,1041.1223646830144,1046.0565938995217,1031.25390625,1031.25390625,25221606.0
2025-06-13,1026.319629854369,1026.319629854369,1011.5169428853155,1016.451171875,28393455.0
2025-06-16,1016.4511968845275,1016.4511968845275,1001.6485095512576,1011.5169677734375,28580673.0
2025-06-17,1026.3196770334928,1036.1881354665072,1021.3854478169857,1031.25390625,26517379.0
2025-06-18,1026.3196275177725,1041.122314453125,1016.4511695608708,1041.122314453125,37931721.0
2025-06-19,1031.2538953403343,1031.2538953403343,1016.451207847411,1021.3854370117188,24002557.0
2025-06-20,1016.4511695608708,1041.122314453125,1011.51694058242,1041.122314453125,57831332.0
2025-06-23,1011.5169929055606,1016.4512221392464,1001.6485344381894,1006.582763671875,32143872.0
2025-06-24,1031.2538812546502,1036.1881103515625,1026.3196521577381,1036.1881103515625,28163537.0
2025-06-25,1046.0565904278621,1055.925048828125,1041.1223612277308,1055.925048828125,38783736.0
2025-06-26,1060.8592529296875,1065.7934820130813,1050.9907947628997,1060.8592529296875,36056692.0
2025-06-27,1055.9249990957755,1065.79345703125,1046.0565411603009,1065.79345703125,32549027.0
2025-06-30,1060.8592051380085,1065.7934339991157,1046.0565185546875,1046.0565185546875,32413717.0
2025-07-01,1065.793432279666,1080.5961188391057,1060.8592034265193,1070.7276611328125,44299887.0
2025-07-02,1060.8592034265193,1070.7276611328125,1055.9249745733728,1070.7276611328125,23822731.0
2025-07-03,1090.4645514531967,1090.4645514531967,1075.661865234375,1075.661865234375,36973556.0
2025-07-04,1080.5961188391057,1085.5303476922525,1065.793432279666,1070.7276611328125,20363322.0
2025-07-07,1065.79345703125,1070.7276859989872,1055.9249990957755,1065.79345703125,18829372.0
2025-07-08,1055.9249990957755,1065.79345703125,1050.9907701280383,1065.79345703125,27461252.0
2025-07-09,1055.9249502759462,1075.661865234375,1050.990721536339,1075.661865234375,23618216.0
2025-07-10,1080.59628795277,1085.530517578125,1075.6620583274148,1085.530517578125,22350503.0
2025-07-11,1080.59628795277,1085.530517578125,1075.6620583274148,1085.530517578125,28249780.0
2025-07-14,1085.5305432184646,1085.5305432184646,1070.7278539927584,1080.5963134765625,25760632.0
2025-07-15,1080.5961171743031,1100.3330325564823,1075.6618883287586,1095.3988037109375,45416390.0
2025-07-16,1105.2672842920354,1115.1357421875,1105.2672842920354,1115.1357421875,31013743.0
2025-07-17,1115.1357421875,1120.0699711352322,1100.3330553443031,1115.1357421875,30648595.0
2025-07-18,1139.806884765625,1144.7411137040044,1129.9384268888664,1139.806884765625,46645034.0
2025-07-21,1129.938573157269,1134.872802734375,1120.0701140030571,1134.872802734375,26749324.0
2025-07-22,1129.9384290306969,1144.7411158738937,1115.1357421875,1115.1357421875,50457506.0
2025-07-23,1125.0042474072052,1129.9384765625,1120.0700182519104,1129.9384765625,29747757.0
2025-07-24,1134.8727057177948,1139.8069348730894,1129.9384765625,1129.9384765625,15055463.0
2025-07-25,1134.8727057177948,1139.8069348730894,1125.0042474072052,1129.9384765625,22476546.0
2025-07-28,1139.8069348730894,1144.7411640283842,1129.9384765625,1129.9384765625,20606376.0
2025-07-29,1129.9384039656181,1129.9384039656181,1110.2014886125069,1120.0699462890625,31763255.0
2025-07-30,1134.8726558272458,1144.7411137040044,1129.9384268888664,1139.806884765625,34182363.0
2025-07-31,1144.7410888671875,1149.6753176985117,1139.8068600358633,1144.7410888671875,33230751.0
2025-08-04,1115.1357174507846,1120.0699462890625,1110.2014886125069,1120.0699462890625,23939021.0
2025-08-05,1129.938573157269,1134.872802734375,1125.004343580163,1134.872802734375,17012960.0
2025-08-06,1115.1358897569446,1120.070119357639,1110.20166015625,1110.20166015625,22023406.0
2025-08-07,1144.7411116260594,1164.47802734375,1139.8068826966366,1164.47802734375,61370031.0
2025-08-08,1164.4781748670214,1169.4124044215425,1154.6097157579788,1159.5439453125,25958258.0
2025-08-11,1154.6095694849046,1179.280714132018,1149.6753405554819,1164.47802734375,35579367.0
2025-08-12,1164.47802734375,1174.3464852025952,1154.6095694849046,1164.47802734375,28917167.0
2025-08-13,1169.4123992919922,1184.215087890625,1169.4123992919922,1184.215087890625,37809952.0
2025-08-14,1169.4124044215425,1174.346633976064,1159.5439453125,1159.5439453125,32991791.0
2025-08-15,1159.5437984143273,1169.4122562731727,1154.6095694849046,1164.47802734375,22231552.0
2025-08-18,1154.6095694849046,1169.4122562731727,1154.6095694849046,1164.47802734375,18219895.0
2025-08-19,1164.4780026206486,1169.4122314453125,1159.5437737959849,1169.4122314453125,17867547.0
2025-08-20,1149.6753193187294,1149.6753193187294,1120.0699462890625,1120.0699462890625,66982023.0
2025-08-21,1125.004343580163,1139.807032311481,1125.004343580163,1134.872802734375,23424804.0
2025-08-22,1139.8068616421738,1139.8068616421738,1120.0699462890625,1120.0699462890625,19205763.0
2025-08-25,1149.6755115476428,1164.4782005375266,1144.7412818843484,1154.6097412109375,25103514.0
2025-08-26,1149.6754862034575,1169.4124044215425,1144.741256648936,1159.5439453125,35508897.0
2025-08-27,1174.3465576171875,1174.3465576171875,1164.4780991498162,1174.3465576171875,21952558.0
2025-08-28,1169.4122330238079,1169.4122330238079,1144.7410888671875,1144.7410888671875,19975237.0
2025-08-29,1164.478004192484,1169.4122330238079,1144.7410888671875,1144.7410888671875,19522740.0
2025-09-01,1134.8726067931866,1149.67529296875,1129.9383780679989,1149.67529296875,22018940.0
2025-09-02,1154.6095465298356,1159.5437753611598,1139.8068600358633,1144.7410888671875,14037411.0
2025-09-03,1139.8068600358633,1144.7410888671875,1129.9384023732152,1144.7410888671875,19511981.0
2025-09-04,1154.6095465298356,1159.5437753611598,1144.7410888671875,1144.7410888671875,24333323.0
2025-09-05,1159.5437984143273,1164.47802734375,1154.6095694849046,1164.47802734375,27133819.0
2025-09-08,1179.280714132018,1179.280714132018,1164.47802734375,1164.47802734375,27281959.0
2025-09-09,1179.2808583577473,1184.215087890625,1174.3466288248699,1184.215087890625,31329096.0
2025-09-10,1203.9520009566327,1213.8204599808673,1199.0177714445153,1208.88623046875,39665156.0
2025-09-11,1238.4914068406626,1243.4256355531754,1218.7544919906122,1223.688720703125,30345708.0
2025-09-12,1238.4915519593253,1243.42578125,1233.5573226686508,1243.42578125,26492972.0
2025-09-15,1243.4258065394672,1243.4258065394672,1233.5573477574078,1238.4915771484375,24589707.0
2025-09-16,1253.3534336090088,1273.169298171997,1248.3994674682617,1268.21533203125,40130070.0
2025-09-17,1258.307482089921,1263.261448554842,1253.353515625,1253.353515625,29283972.0
2025-09-18,1263.261379138041,1273.1693115234375,1253.3534467526447,1273.1693115234375,24191307.0
2025-09-19,1273.1693814846838,1278.1233479496047,1253.353515625,1253.353515625,44913316.0
2025-09-22,1258.3074390308277,1283.0772705078125,1258.3074390308277,1283.0772705078125,28859955.0
2025-09-23,1307.8470987348414,1327.6629638671875,1302.8931324517548,1327.6629638671875,33953781.0
2025-09-24,1337.5708964333605,1342.5248627164472,1312.8010650179278,1327.6629638671875,44737182.0
2025-09-25,1307.8470458984375,1317.7549780643349,1307.8470458984375,1307.8470458984375,25861812.0
2025-09-26,1297.9390596829928,1302.8930255596454,1283.0771620530347,1288.0311279296875,25793295.0
2025-09-30,1297.9391958887093,1307.8471286817528,1292.9852294921875,1292.9852294921875,36642789.0
2025-10-01,1312.801025390625,1337.5708560583726,1312.801025390625,1312.801025390625,33837323.0
2025-10-02,1347.4788948031135,1357.3868278531363,1342.5249282781022,1352.432861328125,29593487.0
2025-10-03,1352.4328308105469,1387.110595703125,1352.4328308105469,1387.110595703125,31032341.0
2025-10-07,1406.9264311574477,1431.6962626919099,1406.9264311574477,1421.788330078125,38395572.0
2025-10-08,1397.0185676278159,1406.9265007315591,1392.0646010759442,1401.9725341796875,23064494.0
2025-10-09,1426.742431640625,1441.6043319702148,1416.834498087565,1426.742431640625,39052134.0
2025-10-13,1377.202701420329,1406.9265007315591,1377.202701420329,1401.9725341796875,53850992.0
2025-10-14,1441.6040437397205,1446.5580095257676,1406.9262832373904,1411.8802490234375,39889256.0
2025-10-15,1421.7881684287008,1451.511962890625,1411.880236941393,1451.511962890625,41056405.0
2025-10-16,1451.5121375703652,1481.2359356093486,1451.5121375703652,1471.3280029296875,37737678.0
2025-10-17,1441.6041125067347,1451.5120445514547,1436.650146484375,1436.650146484375,38077331.0
2025-10-20,1446.558158255912,1481.2359223236908,1441.6041919605152,1466.3740234375,33015553.0
2025-10-21,1471.3279897328969,1486.1898886190877,1466.3740234375,1466.3740234375,34601251.0
2025-10-22,1446.5582275390625,1456.4661606043985,1441.6042610063944,1446.5582275390625,27360948.0
2025-10-23,1426.742214439655,1441.6041125067347,1421.788248417295,1436.650146484375,23570046.0
2025-10-27,1486.1898886190877,1486.1898886190877,1466.3740234375,1466.3740234375,32851952.0
2025-10-28,1466.3740101959745,1476.2819426972987,1456.4660776946505,1461.4200439453125,28381919.0
2025-10-29,1481.235866609998,1501.0517310462521,1476.2819005009344,1491.143798828125,30631103.0
2025-10-30,1501.0517310462521,1506.0056971553156,1486.1898327190615,1491.143798828125,27867757.0
2025-10-31,1501.0517175292969,1510.9596496582033,1486.1898193359375,1486.1898193359375,31928423.0
2025-11-03,1496.097900390625,1506.0058335057947,1476.2820341602855,1496.097900390625,29118770.0
2025-11-04,1506.0056971553156,1510.9596632643793,1481.235866609998,1491.143798828125,33925673.0
2025-11-05,1466.3740936697345,1471.3280602024026,1441.6042610063944,1446.5582275390625,56305422.0
2025-11-06,1456.465928634279,1466.373860121587,1451.511962890625,1451.511962890625,27411394.0
2025-11-07,1446.5582275390625,1451.5121940717304,1441.6042610063944,1446.5582275390625,20329390.0
2025-11-10,1456.4660776946505,1471.3279764466367,1451.5121114439883,1461.4200439453125,25281744.0
2025-11-11,1476.281791608895,1481.235757352549,1451.511962890625,1451.511962890625,22444166.0
2025-11-12,1456.4660776946505,1471.3279764466367,1446.5581451933263,1461.4200439453125,23642502.0
2025-11-13,1446.5582275390625,1456.4661606043985,1446.5582275390625,1446.5582275390625,21255597.0
2025-11-14,1411.8803843251476,1426.7422831075176,1411.8803843251476,1416.8343505859375,26861702.0
2025-11-17,1436.650132967939,1446.558064919442,1431.6961669921875,1431.6961669921875,26602730.0
2025-11-18,1421.788373953931,1421.788373953931,1392.0645751953125,1392.0645751953125,42198432.0
2025-11-19,1387.1104600694443,1401.9723578559028,1382.156494140625,1382.156494140625,35591948.0
2025-11-20,1436.6502815587414,1446.5582145350086,1426.7423485824743,1441.604248046875,25964403.0
2025-11-21,1382.1567127214012,1392.0646461459273,1372.248779296875,1372.248779296875,54518246.0
2025-11-24,1387.1105291193182,1392.0644952947443,1362.3406982421875,1362.3406982421875,79134658.0
2025-11-25,1411.880467283431,1411.880467283431,1392.0646010759442,1401.9725341796875,27427405.0
2025-11-26,1416.834498087565,1426.742431640625,1411.8805313110352,1426.742431640625,29213211.0
2025-11-27,1436.6502289988023,1441.6041953056947,1416.8343637712326,1421.788330078125,22039774.0
2025-11-28,1426.742431640625,1441.6043319702148,1421.788464864095,1426.742431640625,23152513.0
2025-12-01,1431.6961951289616,1431.6961951289616,1397.0184326171875,1397.0184326171875,30559208.0
2025-12-02,1416.8343505859375,1426.7422831075176,1406.9264180643577,1416.8343505859375,23544477.0
2025-12-03,1426.742214439655,1436.650146484375,1421.788248417295,1436.650146484375,20301540.0
2025-12-04,1431.6961669921875,1436.650132967939,1416.8342690649329,1431.6961669921875,20696944.0
2025-12-05,1431.6963279410584,1446.5582275390625,1426.7423614083905,1446.5582275390625,21072604.0
2025-12-08,1451.5121633472252,1481.2359619140625,1446.5581969194188,1481.2359619140625,24257260.0
2025-12-09,1481.2359223236908,1486.1898886190877,1466.3740234375,1466.3740234375,24235825.0
2025-12-10,1476.2819005009344,1491.143798828125,1471.327934391871,1491.143798828125,23319221.0
2025-12-11,1501.0847574869792,1506.0552368164062,1456.3504435221355,1461.3209228515625,28924982.0
2025-12-12,1466.2914832862648,1476.2324424949852,1461.3210036819046,1471.261962890625,22107664.0
2025-12-15,1441.43896484375,1446.4094440328663,1436.4684856546335,1441.43896484375,25889058.0
2025-12-16,1426.527587890625,1436.4685466912565,1416.5866290899935,1426.527587890625,32168064.0
2025-12-17,1426.5276083779502,1436.4685673213505,1416.5866494345498,1421.55712890625,30535812.0
2025-12-18,1411.6161699628497,1426.5276083779502,1406.6456904911495,1421.55712890625,30534136.0
2025-12-19,1446.4095262647509,1446.4095262647509,1421.55712890625,1421.55712890625,38763280.0
2025-12-22,1456.350341796875,1461.320820779117,1446.4093838323913,1456.350341796875,22661665.0
2025-12-23,1466.2913216200452,1481.2027587890625,1461.320842563706,1481.2027587890625,20739075.0
2025-12-24,1486.17333984375,1491.1438192412206,1476.2323810488085,1486.17333984375,12987261.0
2025-12-26,1496.1143592682895,1501.0848388671875,1486.1734000704935,1501.0848388671875,18823612.0
2025-12-29,1506.0552368164062,1520.9666748046875,1501.0847574869792,1520.9666748046875,21124648.0
2025-12-30,1506.055155703896,1520.9665928890831,1501.0846766421669,1511.025634765625,20325400.0
2025-12-31,1511.0257560483872,1540.8486328125,1506.0552765877017,1540.8486328125,29695967.0
2026-01-02,1545.8190914117952,1575.6419677734375,1535.878132624581,1575.6419677734375,37512761.0
2026-01-05,1620.37630110872,1684.9925339750187,1615.4058216574663,1660.14013671875,66871820.0
2026-01-06,1635.2877190106076,1694.9334716796875,1635.2877190106076,1694.9334716796875,46751692.0
2026-01-07,1655.1696369228077,1675.051554483442,1655.1696369228077,1665.110595703125,49857449.0
2026-01-08,1650.1992375857753,1689.963074636035,1645.2287579544927,1675.0516357421875,29215618.0
2026-01-09,1655.1696166992188,1689.9629720052083,1645.2286580403645,1670.0810546875,37387656.0
2026-01-12,1689.9629310743342,1694.9334102833764,1680.02197265625,1680.02197265625,29987449.0
2026-01-13,1709.8450121070907,1709.8450121070907,1689.9630933616593,1699.904052734375,30171800.0
2026-01-14,1694.9335730480173,1704.8745324207327,1689.9630933616593,1699.904052734375,29100816.0
2026-01-15,1675.0514934472078,1689.9629310743342,1670.0810142381656,1680.02197265625,36391886.0
2026-01-16,1724.756327311198,1739.6677652994792,1699.9039306640625,1729.726806640625,53551629.0
2026-01-19,1714.815288890492,1769.4905589710584,1714.815288890492,1749.608642578125,29580038.0
2026-01-20,1729.726786696743,1764.5201416015625,1729.726786696743,1764.5201416015625,29401234.0
2026-01-21,1734.697285970052,1754.5792032877605,1729.726806640625,1729.726806640625,45192749.0
2026-01-22,1754.5791216763582,1759.5496007745917,1739.6676843816583,1749.608642578125,32069478.0
2026-01-23,1759.5496826171875,1764.5201619466145,1739.6677652994792,1759.5496826171875,27601167.0
2026-01-26,1754.5792646706952,1774.461182683961,1744.6383056640625,1744.6383056640625,22960198.0
2026-01-27,1749.6088044241574,1774.4612022142733,1744.638324866134,1769.49072265625,28985200.0
2026-01-28,1779.431639954284,1809.2545166015625,1779.431639954284,1809.2545166015625,29301156.0
2026-01-29,1819.1955377045101,1824.1660173157245,1789.3726600372229,1794.3431396484375,32224002.0
2026-01-30,1779.4315794179138,1789.372537962148,1764.5201416015625,1764.5201416015625,40825139.0
2026-02-02,1739.6677854716272,1754.5792236328125,1734.6973060845653,1754.5792236328125,28251381.0
2026-02-03,1799.3135172526042,1799.3135172526042,1774.4611206054688,1789.37255859375,26744162.0
2026-02-04,1774.4610595703125,1794.3429762041535,1764.520101253392,1774.4610595703125,26952301.0
2026-02-05,1754.5792236328125,1769.490661793998,1749.6087442457508,1754.5792236328125,26299986.0
2026-02-06,1734.6973657500878,1769.49072265625,1729.7268861920645,1769.49072265625,33263592.0
2026-02-09,1819.1953730307334,1824.1658521920197,1804.283935546875,1804.283935546875,36529289.0
2026-02-10,1834.1069124911694,1868.9002685546875,1829.136433053524,1868.9002685546875,41859169.0
2026-02-11,1868.9002478377938,1913.6345622807196,1863.9297684552464,1903.693603515625,40488310.0
2026-02-23,1888.7822265625,1923.5755833675987,1888.7822265625,1888.7822265625,69816209.0
2026-02-24,1903.693523688474,1963.3392737779302,1903.693523688474,1953.3983154296875,40961679.0
2026-02-25,1983.22123229829,2013.0441079719485,1983.22123229829,2003.1031494140625,40832607.0
2026-02-26,1988.19179295896,1998.1327519237548,1983.2213134765625,1983.2213134765625,58561388.0
2026-03-02,1928.5459998022152,1983.2212729924843,1928.5459998022152,1963.33935546875,48884884.0
2026-03-03,1958.3687936551194,1968.3097519985465,1923.575439453125,1923.575439453125,43090471.0
2026-03-04,1883.811645180546,1898.7230830051942,1853.98876953125,1853.98876953125,68160943.0
2026-03-05,1928.5460629111842,1948.4279810855264,1883.8117470189145,1888.7822265625,48120463.0
2026-03-06,1868.9002278645833,1888.7821451822917,1868.9002278645833,1878.8411865234375,30082724.0
2026-03-09,1764.5201220433357,1799.3134765625,1759.5496428263123,1799.3134765625,76459172.0
2026-03-10,1858.9593103357263,1878.8412280933276,1819.1954748205235,1839.077392578125,41375691.0
2026-03-11,1873.8707467305292,1938.4869793764094,1863.9297878619323,1928.5460205078125,36167313.0
2026-03-12,1888.7821656892406,1903.6936038394188,1873.8707275390625,1873.8707275390625,34040589.0
2026-03-13,1829.1363731568365,1873.8706866307807,1829.1363731568365,1853.98876953125,31214304.0
2026-03-16,1863.929810562754,1868.900290057588,1834.10693359375,1834.10693359375,31249086.0
2026-03-17,1870.0111103567847,1874.9978066510694,1855.0510214739304,1865.0244140625,23812211.0
2026-03-18,1894.9445781557579,1904.9179706723671,1884.9711856391486,1899.9312744140625,23068156.0
2026-03-19,1870.0111182960304,1874.9978146114865,1845.07763671875,1845.07763671875,31040569.0
2026-03-20,1855.0510333517325,1865.0244260041611,1835.104248046875,1835.104248046875,46312322.0
2026-03-23,1785.2372965944407,1810.1707783904524,1780.2506002352384,1805.18408203125,34902948.0
2026-03-24,1845.077652904869,1845.077652904869,1795.2106893128455,1805.18408203125,27001025.0
2026-03-25,1860.037727666095,1870.0111203077363,1840.0909423828125,1840.0909423828125,40964040.0
2026-03-26,1845.0776406993036,1860.0377296779468,1835.104248046875,1835.104248046875,20958470.0
2026-03-27,1800.1973816588684,1820.1441670512104,1795.210685310783,1815.157470703125,28974140.0
2026-03-30,1775.263916015625,1795.2107015888341,1775.263916015625,1775.263916015625,39889700.0
2026-03-31,1770.2772279219193,1785.2373171719637,1755.317138671875,1755.317138671875,49221091.0
2026-04-01,1835.1042421243262,1850.0643310546875,1825.1308495040853,1850.0643310546875,35537379.0
2026-04-02,1860.0377419824758,1860.0377419824758,1800.1973856720479,1805.18408203125,25132417.0
2026-04-07,1845.077632780998,1855.051025390625,1830.1175438665575,1855.051025390625,17953562.0
2026-04-08,1929.851434795673,1944.8115234375,1919.8780423677883,1944.8115234375,46515921.0
2026-04-09,1939.824825355159,1949.7982177734375,1924.8647367277415,1949.7982177734375,31835073.0
2026-04-10,1969.7449859619142,1994.678466796875,1964.758289794922,1994.678466796875,28637625.0
2026-04-13,1979.7183819488066,1989.6917743011936,1969.7449895964196,1984.705078125,28968757.0
2026-04-14,2009.6386552425488,2049.5322265625,2004.6519588275548,2049.5322265625,39113405.0
2026-04-15,2059.505487882174,2094.412360558143,2054.518791785607,2074.465576171875,40343568.0
2026-04-16,2074.4656961930455,2084.4390889632045,2049.532214267648,2079.452392578125,32038524.0
2026-04-17,2049.5321135121612,2054.5188096520938,2024.5986328125,2024.5986328125,39260244.0
2026-04-20,2024.598634620949,2049.532115342882,2019.6119384765625,2019.6119384765625,25407621.0
2026-04-21,2044.54541015625,2069.4788907679117,2039.5587140339176,2044.54541015625,25783476.0
2026-04-22,2039.5587140339176,2064.4921946455793,2034.5720179115854,2044.54541015625,24762881.0
2026-04-23,2084.438968365009,2129.319233234112,2049.53209568904,2074.465576171875,48682193.0
2026-04-24,2104.385834927417,2184.172975588172,2099.39913863612,2179.186279296875,45088050.0
2026-04-27,2273.9334773385763,2323.800439560913,2258.973388671875,2258.973388671875,68696037.0
2026-04-28,2239.026622901383,2273.933496755079,2209.1064453125,2209.1064453125,47175356.0
2026-04-29,2169.2127668748208,2204.11963898545,2159.2393748432123,2174.199462890625,42895935.0
2026-04-30,2199.1330846567625,2209.1064773309427,2129.3193359375,2129.3193359375,48975164.0
2026-05-04,2194.1463341346152,2278.9201697716344,2189.159637920673,2268.94677734375,38390062.0
2026-05-05,2244.013427734375,2263.9602137586808,2234.040034722222,2244.013427734375,21625279.0
2026-05-06,2244.013427734375,2278.9203032769096,2234.040034722222,2244.013427734375,31918664.0
2026-05-07,2328.7872420141707,2338.760634913589,2303.853759765625,2303.853759765625,35034517.0
2026-05-08,2293.880375358215,2303.8537682945553,2258.9735000810247,2283.906982421875,27102571.0
2026-05-11,2258.9734001415686,2268.946792636675,2229.05322265625,2229.05322265625,37244077.0
2026-05-12,2229.0532150776053,2273.9334811529934,2204.119733924612,2249.0,44459541.0
2026-05-13,2199.132929621516,2234.0398015202704,2199.132929621516,2214.093017578125,35350292.0
2026-05-14,2244.0134191303,2263.960205078125,2224.066633182475,2263.960205078125,31747100.0
2026-05-15,2303.8536546719783,2318.8137433386796,2244.0133000051737,2258.973388671875,29922154.0
2026-05-18,2219.0799495152064,2253.986825125558,2209.106556483677,2234.0400390625,25875079.0
2026-05-19,2214.0931454613096,2224.0665380084324,2199.133056640625,2199.133056640625,34824449.0
2026-05-20,2199.133064462064,2204.119760753361,2179.186279296875,2179.186279296875,29320253.0
2026-05-21,2234.039798206278,2248.9998861406953,2224.06640625,2224.06640625,22964974.0
2026-05-22,2239.0266075388026,2253.9866962305987,2219.079822616408,2249.0,24437825.0
2026-05-25,2268.946884617661,2303.853759765625,2268.946884617661,2303.853759765625,25215869.0
2026-05-26,2313.8271699476873,2318.8138664346434,2263.960205078125,2263.960205078125,22586387.0
2026-05-27,2303.853764011549,2323.8005498471466,2283.9069781759513,2293.88037109375,31986652.0
2026-05-28,2343.7472128608388,2353.7206052559914,2263.9600736996185,2288.8935546875,36889432.0
2026-05-29,2333.773798268312,2368.680671319334,2323.80040596802,2348.73388671875,86132863.0
2026-06-01,2348.73388671875,2408.5742405205015,2343.747190568604,2348.73388671875,35023445.0
2026-06-02,2383.6408732438285,2393.6142660189075,2353.7206949185925,2373.66748046875,29610654.0
2026-06-03,2418.547607421875,2433.5076957152064,2403.587519128544,2418.547607421875,22536554.0
2026-06-04,2378.654052734375,2408.5742294983293,2378.654052734375,2378.654052734375,25054494.0
2026-06-05,2388.6274522454746,2398.600844530424,2343.7471869632004,2358.707275390625,32795780.0
2026-06-08,2224.0665041190086,2313.827035675381,2224.0665041190086,2288.8935546875,44721632.0
2026-06-09,2298.866943359375,2313.827031927874,2288.8935509803755,2298.866943359375,33252041.0
2026-06-10,2278.920177383592,2293.880266075388,2249.0,2249.0,42608467.0
2026-06-11,2240.0,2260.0,2210.0,2250.0,34790220.0
2026-06-12,2325.0,2325.0,2290.0,2310.0,21560608.0
