Date,Open,High,Low,Close,Volume
2021-06-15,552.0523844000154,553.871337890625,551.1429076547106,553.871337890625,26012250.0
2021-06-16,552.9618285123967,552.9618285123967,550.2333984375,550.2333984375,25856919.0
2021-06-17,548.8636175476679,553.4298706054688,546.1238657129874,553.4298706054688,22872361.0
2021-06-18,555.2564391583747,555.2564391583747,548.8636841022751,550.690185546875,32652017.0
2021-06-21,538.8179877201035,542.4709910266804,532.4252319335938,532.4252319335938,44279632.0
2021-06-22,534.2515178535224,536.9912692271303,527.8587646484375,527.8587646484375,27823974.0
2021-06-23,532.4250872956604,546.1238459739365,530.598586138557,543.3840942382812,34392376.0
2021-06-24,546.1238142627781,546.1238142627781,536.9913090075477,538.8178100585938,16524230.0
2021-06-25,546.1237094833967,546.1237094833967,537.9044563306367,539.73095703125,18841696.0
2021-06-28,538.8178100585938,538.8178100585938,535.1648079565016,538.8178100585938,15028407.0
2021-06-29,546.1238459739365,546.1238459739365,539.7310919240743,543.3840942382812,28659610.0
2021-06-30,547.0370965524882,547.0370965524882,543.3840942382812,543.3840942382812,24883853.0
2021-07-01,544.297430389044,545.2106811111732,539.7311767783976,541.5576782226562,18250994.0
2021-07-02,538.817895383251,541.5576473936743,536.0781433728276,536.9913940429688,18322419.0
2021-07-05,536.9912059803299,545.2104591330901,536.9912059803299,539.73095703125,28836816.0
2021-07-06,543.3840999087772,544.2973504968592,537.9045963802853,540.6443481445312,12997112.0
2021-07-07,538.8177623813,542.4707641601562,536.9912614918719,542.4707641601562,16966158.0
2021-07-08,543.3841487339564,543.3841487339564,536.9913940429688,536.9913940429688,21140426.0
2021-07-09,531.5119992608894,534.2517518343991,529.6854975452162,533.3385009765625,29029415.0
2021-07-12,543.3841796669147,545.2106811111732,538.8179260562684,541.5576782226562,31304547.0
2021-07-13,547.9503851549629,555.2563902903624,547.037134513038,554.3431396484375,52540315.0
2021-07-14,559.8225708007812,561.6490718474396,555.2563181841355,559.8225708007812,38418875.0
2021-07-15,559.8224674187576,560.7357177734375,555.2562156453582,560.7357177734375,22012834.0
2021-07-16,539.7310420037935,543.3840439801305,536.9912905215407,537.904541015625,57970545.0
2021-07-19,532.4250302658868,533.3382807466173,527.8587778622342,531.5117797851562,40644341.0
2021-07-20,528.7721314947289,533.3383847891566,528.7721314947289,530.5986328125,15354333.0
2021-07-21,535.1648986294739,535.1648986294739,529.6853945479434,534.2516479492188,25828732.0
2021-07-22,537.9044563306367,542.4707080821701,536.0779556300232,539.73095703125,26058172.0
2021-07-23,540.6444027110043,540.6444027110043,532.4251465887086,534.2516479492188,15271451.0
2021-07-26,539.7310584758891,539.7310584758891,529.685302734375,529.685302734375,21619179.0
2021-07-27,530.5985532563309,533.3383048221983,529.685302734375,529.685302734375,17785992.0
2021-07-28,526.0324643782383,528.772216796875,523.2927119596017,528.772216796875,36158305.0
2021-07-29,534.2517335868822,534.2517335868822,526.9457269737283,532.4252319335938,23224896.0
2021-07-30,530.5985532563309,531.5118037782867,527.8588016904633,529.685302734375,18999281.0
2021-08-02,532.4250563799325,538.8178100585938,529.6853048033634,538.8178100585938,23482491.0
2021-08-03,542.4707641601562,542.4707641601562,538.8177623813,542.4707641601562,22747702.0
2021-08-04,546.1238645003145,546.1238645003145,542.4708620621853,544.29736328125,20313271.0
2021-08-05,546.1238645003145,546.1238645003145,541.5576114526531,544.29736328125,15116242.0
2021-08-06,544.2972087827834,544.2972087827834,536.9912059803299,539.73095703125,13687213.0
2021-08-09,538.8178413455225,543.3840942382812,532.4250872956604,543.3840942382812,17390951.0
2021-08-10,544.2972087827834,544.2972087827834,537.9044563306367,539.73095703125,17190865.0
2021-08-11,538.8178100585938,538.8178100585938,534.2515574309786,538.8178100585938,19969687.0
2021-08-12,535.1648559570312,536.9913571719017,533.3383547421608,535.1648559570312,15444622.0
2021-08-13,534.2516354480422,534.2516354480422,528.7721314947289,530.5986328125,22524428.0
2021-08-16,531.5119992608894,535.1650026922357,527.858995829543,533.3385009765625,19315705.0
2021-08-17,533.3385009765625,533.3385009765625,533.3385009765625,533.3385009765625,0.0
2021-08-18,518.7262469035824,525.1189999464082,516.8997460342035,524.2057495117188,43716164.0
2021-08-19,523.2925257810753,523.2925257810753,510.50701904296875,510.50701904296875,38868947.0
2021-08-20,511.42032346863675,514.1600752015045,503.20106827003366,504.11431884765625,45614061.0
2021-08-23,511.4202169142005,522.379221562362,510.5069665268537,516.8997192382812,33685159.0
2021-08-24,524.2057734135981,525.1190238899285,521.4660219846072,522.3792724609375,24844800.0
2021-08-25,528.7721438676883,534.2516479492188,524.2058904664129,534.2516479492188,27504657.0
2021-08-26,548.8635172731548,550.6900181625829,539.7310128260141,542.4707641601562,43822008.0
2021-08-27,544.2972968456543,547.950298837907,541.5575453514647,547.0370483398438,27105651.0
2021-08-30,549.7767890867123,552.5165405273438,547.0370376460808,552.5165405273438,36575609.0
2021-08-31,551.6032142266388,560.7357177734375,546.1237120985596,560.7357177734375,52721470.0
2021-09-01,560.7358213241105,560.7358213241105,555.2563181841355,559.8225708007812,30092045.0
2021-09-02,559.8226434999872,561.649144783837,554.3431396484375,554.3431396484375,24112463.0
2021-09-03,557.082766625189,566.2152709960938,557.082766625189,566.2152709960938,51562454.0
2021-09-06,568.9551641158937,582.6539240865814,567.1286627864687,576.2611694335938,55589014.0
2021-09-07,579.0008339185393,579.0008339185393,568.955078125,568.955078125,26526056.0
2021-09-08,568.0419371671168,572.608190681322,558.9094301387066,565.3021850585938,37817737.0
2021-09-09,558.9094301387066,566.2154357614347,557.0829287330246,565.3021850585938,18735512.0
2021-09-10,561.6492366484124,568.9552429787982,560.7359858571141,568.0419921875,16304725.0
2021-09-13,565.3021726530742,566.215423335874,559.8226685562754,561.649169921875,15198774.0
2021-09-14,564.3888234174271,564.3888234174271,558.9093202774521,559.8225708007812,14441901.0
2021-09-15,557.0828915742123,559.8226434999872,554.3431396484375,554.3431396484375,23433501.0
2021-09-16,553.1964349365235,556.8660630289713,549.5268068440755,550.4442138671875,22467022.0
2021-09-17,550.4442138671875,559.6182840983073,549.5268068440755,550.4442138671875,40717715.0
2021-09-22,537.6004028320312,540.3526233243455,534.8481823397171,537.6004028320312,40642293.0
2021-09-23,539.435302734375,544.0223376215721,539.435302734375,539.435302734375,21696296.0
2021-09-24,542.1874054873667,548.6092529296875,541.2699987098923,548.6092529296875,16736973.0
2021-09-27,550.4441777733077,552.2789916992188,544.0223290326192,552.2789916992188,19464241.0
2021-09-28,545.8569818875606,546.7743885798085,543.1047618108165,544.9395751953125,16707080.0
2021-09-29,532.0960083007812,534.8482290333715,529.343787568191,532.0960083007812,49310524.0
2021-09-30,532.0960083007812,536.6830428550984,527.5089737464642,532.0960083007812,30465107.0
2021-10-01,531.1785255990377,531.1785255990377,523.8392713593273,526.5914916992188,36704493.0
2021-10-04,526.591466303472,527.5088730391923,522.0044326248702,524.7566528320312,20957803.0
2021-10-05,515.582585474828,524.7566528320312,513.7477720033872,524.7566528320312,33824024.0
2021-10-06,525.6741693232815,526.5915762505473,518.3349139051554,523.83935546875,32508846.0
2021-10-07,527.5089737464642,533.9308221225081,524.7567530138739,532.0960083007812,27933054.0
2021-10-08,533.9309440811821,534.8483512015965,525.6742799974525,527.5090942382812,18279079.0
2021-10-12,522.9220586362093,527.5090942382812,517.4176159137228,527.5090942382812,26522907.0
2021-10-13,524.7567623960157,527.508983177813,522.9219485414842,523.83935546875,18914374.0
2021-10-14,531.178512812909,531.178512812909,525.674072265625,525.674072265625,13916927.0
2021-10-15,543.1049576822917,550.4442138671875,537.6005155436198,550.4442138671875,53150216.0
2021-10-18,554.1137149099576,554.1137149099576,541.27001953125,541.27001953125,19158568.0
2021-10-19,548.6093998209635,550.4442138671875,544.0223647054037,550.4442138671875,17386359.0
2021-10-20,553.1962868170594,554.1136935945339,547.6918461522131,548.6092529296875,16372520.0
2021-10-21,552.2789161221293,553.1963229595415,545.8570682602441,546.7744750976562,16169014.0
2021-10-22,550.4442138671875,552.2790279134115,544.9397717285157,550.4442138671875,13995403.0
2021-10-25,547.6920282322078,547.6920282322078,541.2701786549457,544.0223999023438,16785568.0
2021-10-26,545.8570451688687,550.4440791618844,544.0222315716625,549.5266723632812,19998808.0
2021-10-27,548.6092655646781,549.5266723632812,544.9396383702656,549.5266723632812,14961858.0
2021-10-28,548.6093374556854,548.6093374556854,542.1874890239299,545.8571166992188,16570044.0
2021-10-29,545.8570535950741,546.774460407839,540.3526127184851,541.27001953125,25763960.0
2021-11-01,542.1874263440149,544.0222399695444,541.27001953125,541.27001953125,16089351.0
2021-11-02,544.9397333505991,547.6919542261072,541.2701055165884,543.1049194335938,15192404.0
2021-11-03,547.6919542261072,547.6919542261072,543.1049194335938,543.1049194335938,10224009.0
2021-11-04,543.1047949717845,544.9396084683108,536.6829477339425,538.5177612304688,17932145.0
2021-11-05,548.6093998209635,550.4442138671875,545.8571787516277,550.4442138671875,33270827.0
2021-11-08,550.4441777733077,552.2789916992188,548.6093638473967,552.2789916992188,19752355.0
2021-11-09,560.5357055664062,566.0401478469274,559.6182985196527,560.5357055664062,39538660.0
2021-11-10,560.5354132558786,561.4528198242188,557.7831935508578,561.4528198242188,16027674.0
2021-11-11,550.4441063002785,555.9485473632812,550.4441063002785,555.9485473632812,18463848.0
2021-11-12,559.6183342333661,560.5357413386668,552.2790773909613,554.1138916015625,15821327.0
2021-11-15,558.7006708446302,560.5354842135781,556.8658574756823,557.7832641601562,15551452.0
2021-11-16,561.4529164798925,561.4529164798925,557.7832895747952,559.6181030273438,20917108.0
2021-11-17,564.2051366587154,564.2051366587154,557.7832895747952,559.6181030273438,19717852.0
2021-11-18,562.3704223632812,563.2878292513127,556.8659810350925,562.3704223632812,20030651.0
2021-11-19,570.6270246289695,571.5444314209774,566.0399906689295,566.9573974609375,35554348.0
2021-11-22,566.9575433498476,566.9575433498476,564.205322265625,564.205322265625,20312168.0
2021-11-23,564.2050395292395,564.2050395292395,560.5354132558786,561.4528198242188,19431694.0
2021-11-24,561.4531359316697,561.4531359316697,552.2790650831131,553.1964721679688,20391940.0
2021-11-25,555.0312863376801,556.8661005073915,551.3616579982574,553.1964721679688,11888265.0
2021-11-26,548.6092887724806,551.3615092847172,543.1048477480075,546.7744750976562,26588102.0
2021-11-29,544.9398069848097,548.6094353146738,542.1875857374117,544.0223999023438,23379558.0
2021-11-30,547.6918819350684,550.4441024473049,542.1874409105953,546.7744750976562,62021697.0
2021-12-01,546.7745857747396,553.1964349365235,544.9397717285157,550.4442138671875,21403404.0
2021-12-02,555.031251984883,564.205322265625,552.2790309006606,564.205322265625,45125742.0
2021-12-03,563.287704267,563.287704267,555.9484507912084,557.7832641601562,23045832.0
2021-12-06,553.1964349365235,558.7008770751953,550.4442138671875,550.4442138671875,23589363.0
2021-12-07,552.2789324740012,556.865966796875,547.6918981511275,556.865966796875,18606530.0
2021-12-08,563.2878752546849,563.2878752546849,552.2789916992188,552.2789916992188,20801543.0
2021-12-09,555.9484507912084,557.7832641601562,552.2788240533126,557.7832641601562,11039070.0
2021-12-10,555.0311889648438,557.7834097365702,552.2789681931172,555.0311889648438,10497451.0
2021-12-13,558.7008278032706,559.6182347454763,551.361572265625,551.361572265625,17711657.0
2021-12-14,548.6092655646781,550.4440791618844,547.691858766075,549.5266723632812,22579034.0
2021-12-15,547.6919927978515,551.3616208902995,546.7745857747396,550.4442138671875,21827730.0
2021-12-16,557.586669921875,557.586669921875,553.900146484375,557.586669921875,21809022.0
2021-12-17,553.9002673480617,559.4300537109375,552.0570052271031,559.4300537109375,24105733.0
2021-12-20,559.4301175018617,559.4301175018617,551.1354370117188,551.1354370117188,21381070.0
2021-12-21,550.2137451171875,552.9786383087312,548.3704829894917,550.2137451171875,17001461.0
2021-12-22,551.1354972330729,553.900391031901,551.1354972330729,552.978759765625,9831802.0
2021-12-23,559.4298705047506,560.3515012634076,554.821716711466,558.5082397460938,16654439.0
2021-12-24,558.5085457302877,561.2734395210316,556.665283203125,556.665283203125,11059689.0
2021-12-27,556.6649782287799,562.1947627807214,556.6649782287799,558.5082397460938,16259872.0
2021-12-28,562.194945296621,566.8031005859375,562.194945296621,566.8031005859375,33892718.0
2021-12-29,566.8031003877715,570.4896246179358,565.8814693302303,567.7247314453125,24518766.0
2021-12-30,570.4896248173908,571.411255875254,566.8031005859375,566.8031005859375,19681276.0
2022-01-03,570.4896815763979,582.4708865206518,569.5680504268398,581.5492553710938,69089158.0
2022-01-04,594.4520243202768,604.5899658203125,593.530393274819,604.5899658203125,79434666.0
2022-01-05,616.5712961989183,616.5712961989183,595.3737777944712,599.060302734375,69593809.0
2022-01-06,588.0007301472729,595.3737800550757,586.1574676703221,593.530517578125,53210211.0
2022-01-07,592.6088282828828,595.3737217274374,582.470885652849,584.3141479492188,38249908.0
2022-01-10,578.7843585214571,594.4520879718787,577.8627273773146,592.6088256835938,38289770.0
2022-01-11,595.3737168553787,599.9818725585938,588.9222988708777,599.9818725585938,33196585.0
2022-01-12,605.5115961248225,608.2764892578125,599.0601788145124,608.2764892578125,38860063.0
2022-01-13,606.4332269850369,610.1197511612377,603.6683338528862,609.1981201171875,38137411.0
2022-01-14,620.257568359375,620.257568359375,609.197998046875,619.3359375,95200777.0
2022-01-17,631.3173223135237,634.0822156959188,624.8659044212687,629.4740600585938,59614236.0
2022-01-18,624.8659726975548,627.6308663820572,610.119873046875,610.119873046875,43593330.0
2022-01-19,600.9035028580132,608.2765519728355,599.9818717186604,602.7467651367188,40381333.0
2022-01-20,599.0602414179507,605.5116594024518,595.3737168553787,599.9818725585938,46474584.0
2022-01-21,593.5302734375,595.37353515625,587.078857421875,590.765380859375,49577684.0
2022-01-24,588.9221788672173,603.6682741127189,587.0789169615297,601.8250122070312,47134502.0
2022-01-25,592.608642578125,594.451904296875,588.00048828125,590.765380859375,52318736.0
2022-01-26,585.2357785206921,590.7655654043522,585.2357785206921,586.1574096679688,29957189.0
2022-02-07,593.5303972379429,593.5303972379429,581.5491935669907,585.2357177734375,56836469.0
2022-02-08,594.4519669842568,594.4519669842568,578.7842407226562,578.7842407226562,39718217.0
2022-02-09,585.2357793871261,587.0790416844084,580.6276236439203,583.3925170898438,30048791.0
2022-02-10,588.922119140625,598.138427734375,587.078857421875,598.138427734375,34587133.0
2022-02-11,595.3737777944712,599.060302734375,591.6872528545673,599.060302734375,26723278.0
2022-02-14,589.84375,590.765380859375,585.235595703125,587.078857421875,27826382.0
2022-02-15,583.3925170898438,588.9223039816906,583.3925170898438,583.3925170898438,21970460.0
2022-02-16,594.451904296875,595.37353515625,589.84375,595.37353515625,25191741.0
2022-02-17,593.5302734375,595.37353515625,590.765380859375,594.451904296875,18135080.0
2022-02-18,588.00048828125,588.922119140625,586.1572265625,587.078857421875,20804191.0
2022-02-21,583.3924562478367,586.1573494054094,582.4708251953125,582.4708251953125,23797502.0
2022-02-22,578.784485350005,580.6277480422025,576.0195913117088,577.8628540039062,34086593.0
2022-02-23,575.09765625,579.705810546875,574.176025390625,576.019287109375,31953054.0
2022-02-24,569.5681208932637,570.4897521568449,556.665283203125,556.665283203125,73663161.0
2022-02-25,552.9787581487997,561.2734395210316,552.9787581487997,556.665283203125,89012516.0
2022-03-01,552.0571268852183,562.195070784613,552.0571268852183,556.665283203125,66720867.0
2022-03-02,553.9003295898438,557.5868542460157,552.9786984258008,553.9003295898438,40693457.0
2022-03-03,555.7434693396685,559.4299931827178,553.900207418144,554.8218383789062,33792420.0
2022-03-04,548.3705444335938,550.2138067678243,545.6056509322478,548.3705444335938,55917115.0
2022-03-07,534.5458369784885,535.4674677318997,529.9376832114325,530.8593139648438,86496560.0
2022-03-08,517.0349729277101,525.3296516377803,517.0349729277101,518.8782348632812,79029914.0
2022-03-09,522.564758193325,528.0945439943125,522.564758193325,523.4863891601562,52155415.0
2022-03-10,539.154174388775,542.8406986581,536.3892811867813,540.9974365234375,45630467.0
2022-03-11,535.4676526409646,536.3892837126358,529.0162351392663,529.9378662109375,38943098.0
2022-03-14,529.01611328125,531.781005859375,527.1728515625,527.1728515625,33919577.0
2022-03-15,517.9566659141185,518.8782969922576,514.2701416015625,514.2701416015625,74092231.0
2022-03-16,522.374250514533,523.3004459941686,514.0384911978117,516.8170776367188,43438327.0
2022-03-17,535.3410550146988,539.972032999255,532.5624682239651,539.0458374023438,60959900.0
2022-03-18,539.0457633407514,539.0457633407514,533.4885905228055,538.1195678710938,46242430.0
2022-03-21,539.9720236091484,545.5291970939767,539.9720236091484,542.7506103515625,21400273.0
2022-03-22,534.4148721842168,542.7506327555478,534.4148721842168,539.9720458984375,20246949.0
2022-03-23,546.4555053710938,546.4555053710938,542.7507222838321,546.4555053710938,25902069.0
2022-03-24,543.6768700717467,548.3078485221024,541.8244786916046,547.3816528320312,20060758.0
2022-03-25,552.9388555316224,553.8650512695312,551.0864640558045,553.8650512695312,26122381.0
2022-03-28,538.1197281928911,542.750706920885,537.1935324472923,540.8983154296875,26391576.0
2022-03-29,542.7505881758011,545.5291748046875,540.8981970898769,545.5291748046875,14892032.0
2022-03-30,554.7910896809896,555.71728515625,552.9386987304688,555.71728515625,41230239.0
2022-03-31,557.5696982634527,557.5696982634527,550.1601341669284,552.938720703125,22700114.0
2022-04-01,541.824392632839,545.5291748046875,540.8981970898769,545.5291748046875,29732696.0
2022-04-06,535.3411254882812,537.1935169259569,532.5625383317677,535.3411254882812,37645873.0
2022-04-07,528.8576623492022,530.7100534607581,524.2266845703125,524.2266845703125,42904743.0
2022-04-08,525.1530151367188,527.9316025183945,524.2268193428268,525.1530151367188,28024587.0
2022-04-11,521.4480550348973,524.2266414738043,516.8170776367188,516.8170776367188,36820094.0
2022-04-12,513.1123434782456,522.3742991366977,511.25995234655517,515.8909301757812,30671407.0
2022-04-13,522.3743225417212,533.4886698298429,521.4481269343777,530.7100830078125,35865970.0
2022-04-14,534.4148654371863,535.3410610445299,530.7100830078125,530.7100830078125,19056590.0
2022-04-15,520.5219116210938,524.2266939102118,519.5957160488142,520.5219116210938,28253360.0
2022-04-18,517.7433120265151,524.2266808712121,516.8171164772727,519.595703125,15800959.0
2022-04-19,524.2266104639103,527.0051967384541,521.4480241893667,523.3004150390625,16614705.0
2022-04-20,527.9315795898438,527.9315795898438,520.5220135605126,527.9315795898438,27606307.0
2022-04-21,528.8575875881498,528.8575875881498,523.3004150390625,523.3004150390625,18383650.0
2022-04-22,516.8170776367188,517.7432731163544,515.8908821570831,516.8170776367188,29283846.0
2022-04-25,509.4076153129285,511.26000664133915,505.7028326561072,506.6290283203125,43389591.0
2022-04-26,509.4076946104839,510.3338904188666,503.8505197601877,505.7029113769531,35825421.0
2022-04-27,490.88364575752286,492.73603687358894,487.1788635253906,487.1788635253906,55941533.0
2022-04-28,490.88364940578657,492.7360405356197,484.4002804513705,491.8098449707031,45380836.0
2022-04-29,506.62891090137805,506.62891090137805,495.5145655068323,498.29315185546875,36664644.0
2022-05-03,498.2932139251192,500.14560505495234,490.88364940578657,491.8098449707031,26317509.0
2022-05-04,493.6622139005625,497.3669959936249,490.88362733076576,494.5884094238281,16569622.0
2022-05-05,502.9241813856737,503.85037693150366,499.2193992023538,501.99798583984375,20374772.0
2022-05-06,489.0313415527344,491.80992872064763,487.1789501074589,489.0313415527344,32467268.0
2022-05-09,484.4003215496357,485.326517193134,481.6217346191406,481.6217346191406,23709774.0
2022-05-10,468.65500031106717,480.6955437973199,467.72880465827853,479.76934814453125,41679907.0
2022-05-11,479.7692650851727,487.17882902471206,479.7692650851727,482.5478515625,27157254.0
2022-05-12,477.91691096844056,479.76930209622526,467.728759765625,467.728759765625,32532963.0
2022-05-13,469.58116732184897,476.06453649591793,468.6549717255534,473.28594970703125,29074177.0
2022-05-16,482.547930262639,485.326517193134,479.76934333214393,481.6217346191406,21163106.0
2022-05-17,482.54790660930126,493.6622537864829,481.6217110112028,490.8836669921875,24496974.0
2022-05-18,501.0717382041052,501.0717382041052,494.5883700572868,498.29315185546875,30568176.0
2022-05-19,484.400377880111,488.1051608849302,481.62179062649665,483.47418212890625,29019751.0
2022-05-20,485.3264934035967,492.73605818838445,484.4002978054982,490.8836669921875,22651205.0
2022-05-23,493.6623201659232,494.5885158885609,489.0313415527344,489.0313415527344,17054170.0
2022-05-24,490.8836910541241,491.80988669762246,481.6217346191406,481.6217346191406,17802308.0
2022-05-25,483.4741163180985,489.95748569401167,481.62172506783753,485.3265075683594,22176476.0
2022-05-26,484.4002741357232,486.2526652414047,475.1383186073155,476.06451416015625,28327403.0
2022-05-27,485.3264934035967,490.8836669921875,483.47410220739977,490.8836669921875,27866643.0
2022-05-30,498.29326734246456,506.6290283203125,497.36707167825926,506.6290283203125,34476433.0
2022-05-31,501.9980933053153,518.6696166992188,500.1457018171038,518.6696166992188,72405873.0
2022-06-01,509.4076410234517,514.0386195782104,507.55524960154827,508.4814453125,29155176.0
2022-06-02,503.8502893518518,504.7764847366898,500.1455078125,500.1455078125,21420890.0
2022-06-06,501.07170319733797,503.8502893518518,498.29311704282406,500.1455078125,17615003.0
2022-06-07,495.5146484375,498.2932352511682,492.73606162383174,495.5146484375,19497532.0
2022-06-08,499.2194248648251,504.7765984254725,498.29322927138384,503.85040283203125,18835521.0
2022-06-09,498.2931604297236,501.9979422916547,497.3669649642409,501.0717468261719,16338602.0
2022-06-10,490.8836669921875,493.6622537864829,489.957471394089,490.8836669921875,21357130.0
2022-06-13,479.7693529942239,480.6955486563749,476.99076600777084,477.9169616699219,32854092.0
2022-06-14,469.58113249840096,476.0645011916727,469.58113249840096,475.1383056640625,36304444.0
2022-06-15,470.5073980844794,476.9907677431238,470.5073980844794,471.43359375,35680283.0
2022-06-16,479.581789332112,480.5130161075142,472.13197512889474,473.0632019042969,26909199.0
2022-06-17,465.1477765294606,468.4070702588963,464.6821631395412,466.54461669921875,43566737.0
2022-06-20,465.61343028363456,467.4758840047691,460.9572959807982,463.7509765625,34209693.0
2022-06-21,466.5445635200727,470.26947021484375,464.6821101726872,470.26947021484375,33223685.0
2022-06-22,466.544612194096,468.407065735789,460.49163818359375,460.49163818359375,31034893.0
2022-06-23,458.1635696929711,459.5604098444741,451.64498231929065,452.110595703125,43548940.0
2022-06-24,455.83545859671085,458.6291386289685,452.1105518870339,453.0417785644531,27911980.0
2022-06-27,461.8885161343405,471.2007846047909,461.422902710818,464.2165832519531,37909718.0
2022-06-28,461.8884687107412,465.613375716473,461.8884687107412,463.2853088378906,15274062.0
2022-06-29,461.8884948606161,464.2165618710022,457.23236083984375,457.23236083984375,30533789.0
2022-06-30,451.17934308733254,453.0417965159696,443.263916015625,443.263916015625,46311432.0
2022-07-01,439.0734221974702,441.4014891232256,421.3801135617291,422.31134033203125,61744377.0
2022-07-04,412.5334876320579,420.44891572432084,409.73980712890625,409.73980712890625,52445919.0
2022-07-05,418.5864114461993,420.44886488978636,403.22117053660577,415.3271179199219,50084244.0
2022-07-06,411.60219835879195,416.72394517094887,405.0836115069559,405.5492248535156,40549763.0
2022-07-07,411.6022396900615,427.4330950627562,408.3429459368597,426.0362548828125,48151202.0
2022-07-08,437.67658437855494,438.1421977661917,429.76115678873003,434.8829040527344,37897895.0
2022-07-11,435.81413685191757,438.1422038222804,429.29554933490175,430.2267761230469,21941710.0
2022-07-12,426.50182209290705,426.50182209290705,418.5863952636719,418.5863952636719,23036423.0
2022-07-13,438.1422119140625,440.47027892742096,433.95169129001727,438.1422119140625,44035695.0
2022-07-14,433.9516918945312,444.6608001708984,431.15801147460934,442.3327331542969,31936258.0
2022-07-15,447.92007313065113,460.0260210531012,444.1951660775896,458.6291809082031,51846909.0
2022-07-18,461.42291259765625,464.21659319865114,454.90432452866816,461.42291259765625,39179575.0
2022-07-19,453.9730670253031,459.0948144481527,453.0418402211486,457.23236083984375,19874865.0
2022-07-20,467.47580122514205,468.40702792080964,457.6979209206321,460.95721435546875,35436652.0
2022-07-21,461.888482800025,466.54461669921875,460.02602924034744,466.54461669921875,22285593.0
2022-07-22,470.2694969101407,470.2694969101407,465.613363277367,468.40704345703125,25216400.0
2022-07-25,465.61344058902654,468.4071212325607,463.75098682667044,465.1478271484375,15245346.0
2022-07-26,465.147734485973,465.147734485973,457.2323075727983,460.95721435546875,18024265.0
2022-07-27,460.02604608421785,467.4758605957031,457.23236564241085,467.4758605957031,17166365.0
2022-07-28,473.9944309379288,473.9944309379288,464.6821631395412,466.54461669921875,33844011.0
2022-07-29,473.06324944936455,474.9257031873542,469.3383419733853,473.9944763183594,29045617.0
2022-08-01,471.20077151343935,473.063225155785,465.61341058640255,469.33831787109375,24117969.0
2022-08-02,460.0260277724848,461.88848132621956,454.9042804997142,458.16357421875,39838155.0
2022-08-03,460.02602924034744,466.54461669921875,459.0948024605087,466.54461669921875,27603474.0
2022-08-04,464.682115600586,468.4070223388672,460.9572088623047,465.61334228515625,26027618.0
2022-08-05,473.9944433759349,480.5130310058594,472.13198976738505,480.5130310058594,32784279.0
2022-08-08,474.9256628751755,479.5817968249321,473.99443608522415,476.7881164550781,19333128.0
2022-08-09,472.13194849350873,475.85685538497626,469.3382683249081,474.9256286621094,21164373.0
2022-08-10,465.61334228515625,468.4070223388672,465.14772894287114,465.61334228515625,20861380.0
2022-08-11,477.71931647512235,478.6505432128906,474.92563626181754,478.6505432128906,23740033.0
2022-08-12,479.581730029108,482.37541000986005,478.6505033688573,481.4441833496094,19535923.0
2022-08-15,484.2380268395973,487.9629347383634,483.30679986490577,487.0317077636719,21273166.0
2022-08-16,489.8253308686756,489.8253308686756,487.03165027436756,488.89410400390625,20720414.0
2022-08-17,487.9628199770962,490.7565002441406,485.16913971005175,490.7565002441406,27143102.0
2022-08-18,484.2378845214844,485.16911122248723,483.3066578204815,484.2378845214844,17831084.0
2022-08-19,483.3067321777344,487.03163955482677,481.4442784891882,483.3067321777344,14022812.0
2022-08-22,475.8568896651268,478.6505700349808,474.9256628751755,476.7881164550781,11494000.0
2022-08-23,468.40709104992095,471.20077151343935,467.47586422874815,469.33831787109375,19191108.0
2022-08-24,469.33827018358596,473.06317708980487,468.40704345703125,468.40704345703125,14363212.0
2022-08-25,470.2695215780904,474.9256554551012,469.33829480268827,473.0632019042969,9357138.0
2022-08-26,477.71934324502945,479.5817968249321,475.8568896651268,476.7881164550781,12914846.0
2022-08-29,462.81974298138556,467.47587721661074,461.8885161343405,464.2165832519531,26590824.0
2022-08-30,463.28529834747314,465.61336517333984,461.8884582519531,461.8884582519531,24214535.0
2022-08-31,458.1635234568379,470.26947021484375,458.1635234568379,470.26947021484375,39357089.0
2022-09-01,460.95724403311357,461.4228574109248,456.3011102550013,456.7667236328125,39168672.0
2022-09-02,454.43870006443296,455.8355403310245,451.64501953125,451.64501953125,29982959.0
2022-09-05,451.64500609346874,454.4386865435314,450.71377927678117,452.57623291015625,15903415.0
2022-09-06,454.9043206524995,457.6980012296899,453.0418669343726,455.36993408203125,16700285.0
2022-09-07,444.19518984840033,445.12641666149966,439.53905578290346,440.0046691894531,34678562.0
2022-09-08,440.4702795410156,442.3327331542969,439.539052734375,442.3327331542969,27931552.0
2022-09-12,451.6449385483243,457.23229861283966,451.6449385483243,453.0417785644531,21597212.0
2022-09-13,460.95727173841993,460.95727173841993,457.2323644920489,459.0948181152344,16507036.0
2022-09-14,445.59199047088623,449.31689739227295,443.26392364501953,446.98883056640625,22645714.0
2022-09-15,445.81808064992134,449.5644510755509,445.81808064992134,446.286376953125,23104850.0
2022-09-16,440.66685780024125,442.0717468261719,439.2619687743106,442.0717468261719,39087513.0
2022-09-19,442.07172663359876,443.0083192747717,436.92046710714794,437.3887634277344,17182380.0
2022-09-20,440.66682131468065,447.6912658627361,440.19852501147693,446.286376953125,19842582.0
2022-09-21,443.4765520683013,445.34973708231735,438.7935895332612,441.13507080078125,24154633.0
2022-09-22,432.70585088658,438.3254073916005,429.8960726340697,435.0473327636719,29702508.0
2022-09-23,429.4277324969952,431.30091780777815,426.149658203125,426.149658203125,29757787.0
2022-09-26,414.91055478974926,425.2130742089078,414.91055478974926,418.1886291503906,32342267.0
2022-09-27,420.53009850638256,422.87158012390137,417.72032056535994,419.593505859375,24961404.0
2022-09-28,418.6569032015866,420.5300884508107,410.2275695800781,410.2275695800781,34402652.0
2022-09-29,414.91055760876884,415.37885394918504,404.60803811961205,407.4178161621094,41094780.0
2022-09-30,397.5836082566971,400.3933864069211,395.24212646484375,395.24212646484375,48266800.0
2022-10-03,391.9640014428886,397.58355701913075,390.0908162508079,390.5591125488281,36044395.0
2022-10-04,402.2665751708415,404.6080569820804,399.9250933596026,401.79827880859375,40375000.0
2022-10-05,416.3154256070598,422.40327772504827,413.97394402321805,416.7837219238281,46496536.0
2022-10-06,421.9349629810274,422.40325927734375,418.656888906813,422.40325927734375,30331834.0
2022-10-07,420.06179213850464,420.06179213850464,409.2909769554661,410.2275695800781,31941781.0
2022-10-11,382.1297830888076,386.34444981405176,375.5736348495388,376.04193115234375,95793819.0
2022-10-12,371.8272664388021,374.6370442708333,370.42237752278646,372.2955627441406,53570085.0
2022-10-13,375.10533026200306,377.44681172431274,369.9540710449219,369.9540710449219,38046284.0
2022-10-14,388.21764121935206,389.62253015018206,383.0663818063088,385.87615966796875,54504366.0
2022-10-17,374.63704837059197,377.9151225438346,370.890677886886,371.8272705078125,41512192.0
2022-10-18,380.72494094436234,381.1932373046875,374.16879189980995,381.1932373046875,40093216.0
2022-10-19,378.38340016592923,379.31999274059734,370.42236328125,370.42236328125,46385177.0
2022-10-20,366.20771077473955,372.2955627441406,361.5247477213542,372.2955627441406,52938069.0
2022-10-21,370.4223506667954,373.23212829511493,364.80279541015625,364.80279541015625,35923505.0
2022-10-24,369.95407498776143,372.2955564750257,362.4613342285156,362.4613342285156,46714078.0
2022-10-25,355.9051941411514,358.24667568155377,347.4758605957031,347.4758605957031,76416687.0
2022-10-26,347.0075241657014,354.9685604825933,346.53922791176655,352.1587829589844,58850484.0
2022-10-27,360.119834454607,364.33450091766474,358.24664935991456,361.0564270019531,45684455.0
2022-10-28,355.4369201660156,357.77840185353875,351.22225312847394,355.4369201660156,40184472.0
2022-10-31,361.52477792593146,365.2711486816406,356.84181448129505,365.2711486816406,38409054.0
2022-11-01,363.86627770201,368.0809450112997,361.52479586351575,366.6760559082031,41426496.0
2022-11-02,366.2077007052265,369.9540710449219,363.8662192429168,369.9540710449219,22535650.0
2022-11-03,360.5881734689077,362.4613587856293,359.1832844813665,359.6515808105469,39731333.0
2022-11-04,356.8417582886381,360.1198321836781,354.50027693503813,357.7783508300781,28397417.0
2022-11-07,365.2711486816406,368.0809267484225,362.46137061485877,365.2711486816406,35387706.0
2022-11-08,369.9540389211554,374.1687051873458,369.01744641755755,373.7004089355469,31838223.0
2022-11-09,377.9151125022833,390.5591125488281,377.9151125022833,390.5591125488281,52260831.0
2022-11-10,383.0663573469852,385.4078387488617,380.2565796647335,381.6614685058594,32044942.0
2022-11-11,413.5055847167969,413.97388096222926,407.4177335261758,413.5055847167969,80016195.0
2022-11-14,421.4666850915116,421.4666850915116,413.5056477064497,416.7837219238281,61933190.0
2022-11-15,435.51559352874756,456.1206323623657,432.70581550598143,449.5644836425781,113379796.0
2022-11-16,460.3353030539636,462.67678475820554,450.96937623699586,456.1206359863281,85726375.0
2022-11-17,451.90595489187336,454.2474365234375,444.881509997181,454.2474365234375,45144984.0
2022-11-18,460.3353030539636,462.67678475820554,455.18404330463136,456.1206359863281,35859717.0
2022-11-21,456.5889429749295,458.46212838200614,450.03279405016127,451.43768310546875,29710180.0
2022-11-22,445.8181142399121,459.86700439453125,445.8181142399121,459.86700439453125,37343127.0
2022-11-23,463.1450705179354,464.5499595083841,457.5255145561404,460.8035888671875,33475337.0
2022-11-24,462.6767111747496,464.5498962402344,460.80352610926474,464.5498962402344,27396552.0
2022-11-25,462.67678600142756,466.42315673828125,462.67678600142756,466.42315673828125,39949969.0
2022-11-28,455.1840664072662,458.9304373241984,450.0328063964844,450.0328063964844,38926919.0
2022-11-29,443.47663478342173,457.0572286680249,443.00833844257335,456.1206359863281,38182197.0
2022-11-30,452.3742409842355,458.9303894042969,451.9059446685168,458.9303894042969,57111603.0
2022-12-01,473.9158630677188,475.78904829723547,466.89141845703125,466.89141845703125,41746878.0
2022-12-02,458.93036911088194,465.4865172410374,458.93036911088194,461.2718505859375,28319679.0
2022-12-05,460.33531722554403,465.9548734887246,457.99383544921875,457.99383544921875,28360444.0
2022-12-06,457.05730409502485,457.9938969312851,447.6913757324219,447.6913757324219,40561068.0
2022-12-07,446.7546548622533,454.7156916889391,444.8814697265625,444.8814697265625,36563503.0
2022-12-08,444.8815290141586,444.8815290141586,437.38878747286753,441.60345458984375,27238567.0
2022-12-09,447.69128608109423,453.7791382976782,445.8181007836838,450.9693603515625,25915337.0
2022-12-12,446.2863585783306,447.69124743009866,443.47658087479437,444.8814697265625,20973334.0
2022-12-13,443.00834362883586,445.81812170682,441.13515824351305,441.60345458984375,33272826.0
2022-12-14,442.0717681980034,450.0328063964844,442.0717681980034,450.0328063964844,30636639.0
2022-12-15,448.3843632121488,453.56527497195304,446.97138727765673,452.623291015625,24222008.0
2022-12-16,439.43538981638136,443.67431640625,438.4934061297439,443.67431640625,47601400.0
2022-12-19,439.4354553222656,442.26140680343775,438.02247958167953,439.4354553222656,21075559.0
2022-12-20,438.02245893634733,439.90642650166495,428.6026211097592,430.95758056640625,31139235.0
2022-12-21,433.3124976064645,436.13844867781097,430.48654653511795,432.3705139160156,36182644.0
2022-12-22,439.4353826473921,441.79034182556677,437.0804234692174,440.8483581542969,14047382.0
2022-12-23,430.9575901241093,431.8995739276593,428.6026306152344,428.6026306152344,24927413.0
2022-12-26,427.66069573927814,430.4866474732381,427.18970378361814,430.0156555175781,8793306.0
2022-12-27,431.4285865967331,435.66751375761805,430.4866027832031,430.4866027832031,10264001.0
2022-12-28,424.834716796875,425.7767006478659,420.12479754192077,424.834716796875,32578949.0
2022-12-29,418.24081872503854,423.42172976780364,416.8278429861026,420.1247863769531,23020759.0
2022-12-30,428.6026310575181,430.01560676430114,422.479736328125,422.479736328125,21683478.0
2023-01-03,420.1247418468888,427.18961979274457,417.2987906685465,426.7186279296875,14885824.0
2023-01-04,423.42169189453125,428.60260247388595,422.4797081528304,423.42169189453125,19188422.0
2023-01-05,432.37052799337175,432.84151985393095,428.6025931088979,431.8995361328125,23549581.0
2023-01-06,428.6025931088979,432.84151985393095,428.6025931088979,431.8995361328125,20886011.0
2023-01-09,440.848388671875,453.09417724609375,440.37739680363586,453.09417724609375,46666263.0
2023-01-10,457.8041076660156,458.7460914266453,454.97815638412663,457.8041076660156,32646014.0
2023-01-11,458.74607258610683,459.68805630804957,454.0361539763932,456.39111328125,21051115.0
2023-01-12,459.2170691808718,459.68806104669835,455.9201261200861,458.27508544921875,20963689.0
2023-01-13,477.585799621582,479.4697672729492,470.04992901611325,470.9919128417969,77606949.0
2023-01-16,476.6438576877707,478.5278255047184,473.81790596234913,475.7018737792969,34373918.0
2023-01-17,474.7598243546533,474.7598243546533,470.5208973514868,473.8178405761719,27770329.0
2023-01-30,510.5552390644783,511.4972229003906,503.0193683771797,511.4972229003906,124428936.0
2023-01-31,505.84530271332835,506.7872865172638,490.77356185036143,491.7155456542969,72530854.0
2023-02-01,501.1353407373968,502.0773244605874,491.71550350549086,499.2513732910156,33710990.0
2023-02-02,506.7872665970414,510.5552016646774,505.8452828301324,508.6712341308594,43077053.0
2023-02-03,508.67114753300854,510.55511474609375,504.9032131068381,510.55511474609375,31635865.0
2023-02-06,501.1353620521923,502.07734581544827,495.48345947265625,495.48345947265625,30870136.0
2023-02-07,493.5995461225054,497.3674815890894,491.71557838921336,492.6575622558594,23481767.0
2023-02-08,506.7872665970414,508.6712341308594,503.0193315294054,508.6712341308594,35096191.0
2023-02-09,508.6712341308594,508.6712341308594,504.9032990632234,508.6712341308594,18861972.0
2023-02-10,512.4391807626147,514.3231483389478,509.613229398115,513.3811645507812,28495684.0
2023-02-13,512.4391408416128,512.4391408416128,506.7872385529185,509.6131896972656,22768977.0
2023-02-14,512.4391807626147,514.3231483389478,511.4971969744481,513.3811645507812,21883297.0
2023-02-15,495.4835182989211,501.1354215494792,491.7155827985491,494.5415344238281,61796793.0
2023-02-16,497.367431640625,500.19338295676494,493.5994965524385,497.367431640625,29975138.0
2023-02-17,493.5994731652691,493.5994731652691,486.063603345952,487.94757080078125,28121975.0
2023-02-20,484.1796032077339,488.88952152687534,481.3536522162491,487.00555419921875,20065156.0
2023-02-21,485.12158445609634,487.00555177437246,483.2376171378202,486.0635681152344,13504100.0
2023-02-22,476.6437706580529,479.469721867488,475.7017869215745,477.58575439453125,24575245.0
2023-02-23,482.29566843629345,490.77352198302515,480.4117009814642,487.94757080078125,25376835.0
2023-02-24,493.5994562496178,494.54143994475066,481.3536682128906,481.3536682128906,41692491.0
2023-03-01,474.759837183459,491.7155456542968,474.759837183459,491.7155456542969,39560848.0
2023-03-02,488.8896484375,489.8316323458574,485.1217128040703,488.8896484375,16558784.0
2023-03-03,493.5994373883388,494.54142104747683,486.0635681152344,486.0635681152344,23253895.0
2023-03-06,489.83154531175023,493.5994802756868,487.0055940887978,490.7735290527344,21922085.0
2023-03-07,490.7735663843519,495.48348544754145,488.8895987590761,493.5995178222656,24861078.0
2023-03-08,490.7735290527344,492.65749653470266,487.94757782978195,490.7735290527344,24512408.0
2023-03-09,494.54149706610315,495.4834808700386,491.7155456542968,491.7155456542969,21557577.0
2023-03-10,485.1216690628617,486.06365288628473,481.3537337691696,483.2377014160156,24045605.0
2023-03-13,483.2376171378202,487.9475354335105,479.46968250126804,486.0635681152344,21466947.0
2023-03-14,481.35369639677157,484.17964764763326,480.4117126464844,480.4117126464844,20474770.0
2023-03-15,485.1216029934221,486.06358668855495,480.4116845177578,481.3536682128906,23208597.0
2023-03-16,478.2755126953125,483.0109138111076,477.32843247215345,478.2755126953125,21965994.0
2023-03-17,488.6934248876388,490.58758544921875,485.85218404526876,490.58758544921875,33118483.0
2023-03-20,489.640491604805,490.58757185935974,483.01092982292175,484.90509033203125,11837312.0
2023-03-21,487.7463727762897,489.6405334472656,484.9051317698259,489.6405334472656,18284799.0
2023-03-22,496.27004014349785,504.79376220703125,496.27004014349785,504.79376220703125,42385987.0
2023-03-23,500.05843219969796,510.47631620385835,500.05843219969796,509.52923583984375,26728246.0
2023-03-24,507.63495586444805,510.4761962890625,506.6878757229099,510.4761962890625,21926240.0
2023-03-27,504.79372697675745,507.63496746630767,502.8995666503906,502.8995666503906,16111177.0
2023-03-28,497.21710205078125,501.95250302269346,496.27002185639884,497.21710205078125,17234120.0
2023-03-29,504.79378598771,504.79378598771,497.2171437965249,501.9525451660156,17280749.0
2023-03-30,507.63503805855726,508.58211835344264,502.8996365841304,506.6879577636719,19201564.0
2023-03-31,509.52916335343866,509.52916335343866,503.84668197774977,504.79376220703125,23558838.0
2023-04-06,501.9525451660156,502.89962543991373,498.164224070423,501.9525451660156,25423363.0
2023-04-07,506.6878873031242,506.6878873031242,501.0054063240238,502.8995666503906,8557482.0
2023-04-10,504.7937529767618,504.7937529767618,500.05835191694234,501.00543212890625,7435151.0
2023-04-11,494.3759503546562,499.11135217797664,494.3759503546562,496.2701110839844,22675697.0
2023-04-12,495.3229913564829,496.27007164588343,489.6405096200796,492.48175048828125,23816473.0
2023-04-13,487.7463265213312,489.64048701267615,483.01092529296875,483.01092529296875,25536889.0
2023-04-14,488.6933898925781,492.4817107444586,485.8521492536678,488.6933898925781,18072504.0
2023-04-17,491.53467019888075,492.48175048828125,486.799268751878,492.48175048828125,14634287.0
2023-04-18,490.58757869387136,492.48173922936894,486.7992576228762,487.746337890625,15168888.0
2023-04-19,489.64048701267615,490.58756725834866,482.06384504729624,483.01092529296875,21123233.0
2023-04-20,484.9050925925926,488.69341362847223,483.01093207465277,485.8521728515625,17221961.0
2023-04-21,492.4817300636008,492.4817300636008,483.01092756237773,483.9580078125,25016683.0
2023-04-24,478.2755172699396,483.01091843102813,477.3284370377219,480.169677734375,16886512.0
2023-04-25,477.328416203878,478.27549639475876,471.64593505859375,471.64593505859375,36898412.0
2023-04-26,471.64598156452666,472.1195217066597,465.0164195746638,465.4899597167969,31269245.0
2023-04-27,465.01636329658606,468.80468397517336,463.1222029572925,467.3840637207031,29537148.0
2023-04-28,472.1195147085,475.4342956542969,471.6459745733861,475.4342956542969,24824100.0
2023-05-02,473.54007195569795,475.43423224352074,470.2252914520081,474.4871520996094,15325791.0
2023-05-03,469.75177001953125,471.6459303825132,468.80468983804025,469.75177001953125,11369311.0
2023-05-04,470.69885486771307,473.06655534491483,469.7517746768323,471.64593505859375,13140291.0
2023-05-05,473.5400695800781,475.4342298583984,472.11944937133785,473.5400695800781,7488897.0
2023-05-08,482.06380044846304,482.06380044846304,475.43423934209915,477.3283996582031,11243634.0
2023-05-09,480.1696845559513,483.01092529296875,478.2755240646063,483.01092529296875,16197743.0
2023-05-10,481.11671790545785,481.11671790545785,473.54007667860026,476.3813171386719,18859212.0
2023-05-11,479.22260989263685,479.22260989263685,472.1195079673507,472.5930480957031,13382927.0
2023-05-12,469.75177001953125,473.5400907454952,468.80468983804025,469.75177001953125,18465362.0
2023-05-15,470.69891024838785,473.0666110041645,468.33120949261126,469.2782897949219,13315766.0
2023-05-16,476.3813522489944,481.1167533647896,473.5401115795173,478.2755126953125,21140315.0
2023-05-17,481.116844574151,493.42888980931633,479.222683768741,491.53472900390625,41406763.0
2023-05-18,504.79378598771,507.63502680940445,498.164224070423,501.9525451660156,43096277.0
2023-05-19,506.6878896727598,506.6878896727598,501.005408667084,503.8466491699219,32099068.0
2023-05-22,503.846646813574,504.79372697675745,501.0054063240238,502.8995666503906,17208135.0
2023-05-23,501.9525451660156,502.89962543991373,497.2171437965249,501.9525451660156,19588873.0
2023-05-24,499.1112624395461,500.0583426339286,496.27002185639884,497.21710205078125,19086681.0
2023-05-25,513.3175680536372,516.1588092052256,508.5821661343232,514.2646484375,63827245.0
2023-05-26,537.9416460771864,537.9416460771864,533.2062442631267,536.0474853515625,95808471.0
2023-05-29,543.6241326130612,543.6241326130612,534.1533289090008,537.941650390625,54657853.0
2023-05-30,536.0474853515625,537.9416460771864,533.2062442631267,536.0474853515625,40136130.0
2023-05-31,530.364985859095,532.2591465228775,521.8412628720738,528.4708251953125,81176782.0
2023-06-01,520.8941672544946,524.6824884708909,520.8941672544946,521.8412475585938,24477529.0
2023-06-02,529.4179142310526,534.1533159683607,527.5237535361293,532.2591552734375,30206141.0
2023-06-05,530.3649792370495,530.3649792370495,525.6295776367188,525.6295776367188,16827391.0
2023-06-06,524.6823874337333,532.2590284075056,523.7353073120117,530.3648681640625,20228086.0
2023-06-07,531.3120877977827,537.941650390625,530.3650074273768,537.941650390625,27604813.0
2023-06-08,532.2591487222579,537.9416307370863,525.6295863716248,529.4179077148438,23080195.0
2023-06-09,531.3119601899543,536.0473609046599,531.3119601899543,535.1002807617188,19091713.0
2023-06-12,543.6240234375,543.6240234375,540.7827828968859,543.6240234375,26392389.0
2023-06-13,561.6185302734375,562.5656104256693,557.8302096645104,561.6185302734375,56174363.0
2023-06-14,558.7774047851562,559.7244851322498,555.9361637438758,558.7774047851562,23583314.0
2023-06-15,561.3937610297033,564.2483055773121,558.5392164820947,562.3452758789062,27392154.0
2023-06-16,561.393959032457,561.393959032457,555.6848679236524,560.4424438476562,38128802.0
2023-06-19,554.7332763671875,556.6363064747936,553.7817613133844,554.7332763671875,14346885.0
2023-06-20,550.9272161519752,556.6363064747936,550.9272161519752,554.7332763671875,16221413.0
2023-06-21,553.781654029623,556.6361986380231,549.9755945517561,552.8301391601562,21703937.0
2023-06-26,548.0725854747387,549.9756152854148,546.1695556640625,546.1695556640625,27142262.0
2023-06-27,542.3635714871067,547.12114667559,541.41205644941,544.2666015625,21501718.0
2023-06-28,550.927130190753,550.927130190753,543.3150109480482,546.1695556640625,18175426.0
2023-06-29,549.9755919025415,551.8786216323081,542.3634729834752,545.218017578125,16937929.0
2023-06-30,542.3635419209799,548.0726318359375,540.4605119493273,548.0726318359375,22654976.0
2023-07-03,549.9757309882341,551.878761199266,548.072700777202,550.92724609375,14785585.0
2023-07-04,556.6363525390625,556.6363525390625,551.8787768763355,556.6363525390625,17219541.0
2023-07-05,560.4423433808527,560.4423433808527,550.9271932385632,553.78173828125,14913592.0
2023-07-06,545.2180767768252,546.1695917450221,537.60595703125,537.60595703125,28564891.0
2023-07-07,537.60595703125,544.2665618086284,535.7029270948561,537.60595703125,18796190.0
2023-07-10,539.5089869676438,545.2180767768252,537.60595703125,537.60595703125,18454982.0
2023-07-11,546.1695641264758,549.0241088867188,542.363504446152,549.0241088867188,17850636.0
2023-07-12,546.1697083575502,549.9757690429688,544.266678014841,549.9757690429688,15588228.0
2023-07-13,558.5393828041533,561.3939282017895,556.6363525390625,556.6363525390625,25442137.0
2023-07-14,560.4422461805005,562.3452758789062,558.5392164820947,562.3452758789062,23121873.0
2023-07-17,559.4907313312976,562.3452758789062,558.5392164820947,562.3452758789062,13807834.0
2023-07-18,558.5392283769565,559.4907432464232,551.8786242906896,552.8301391601562,20932006.0
2023-07-19,555.6846837685564,558.5392283769565,550.9271094212229,552.8301391601562,22499123.0
2023-07-20,551.878761199266,555.6848216213299,549.9757309882341,550.92724609375,15108109.0
2023-07-21,532.8483276367188,535.7028722490583,529.9937830243791,532.8483276367188,46711021.0
2023-07-24,529.9938585288209,535.7029485668332,529.9938585288209,530.9453735351562,25268835.0
2023-07-25,533.7998679752718,541.4119873046875,533.7998679752718,541.4119873046875,19590349.0
2023-07-26,541.4121015029746,543.3151317367284,535.7030108017129,538.5575561523438,13314305.0
2023-07-27,542.3635022208645,542.3635022208645,538.5574425561566,541.4119873046875,12200358.0
2023-07-28,541.4119408017114,545.218000139509,537.6058814639136,539.5089111328125,18540078.0
2023-07-31,547.121106713219,547.121106713219,532.8483821902655,537.60595703125,24208467.0
2023-08-01,537.6058814639136,540.4604259672619,536.6543666294643,539.5089111328125,16259643.0
2023-08-02,539.5089551956258,541.411985019949,530.9453209861714,533.7998657226562,25583234.0
2023-08-04,529.0423121262974,532.8483719257672,525.2362523268276,527.1392822265625,26279173.0
2023-08-07,530.9453735351562,533.7999185541624,529.0423435224855,530.9453735351562,14369551.0
2023-08-08,530.9454803466797,530.9454803466797,524.2848739624023,525.2363891601562,19010690.0
2023-08-09,523.3332224270928,529.9938270761648,523.3332224270928,527.1392822265625,14389090.0
2023-08-10,525.2363050845055,527.1393351753914,523.3332749936195,524.2847900390625,17892615.0
2023-08-11,529.0423722599015,530.9454023759444,519.5272216796875,519.5272216796875,17608427.0
2023-08-14,513.8180164048059,516.6725609403882,510.96347186922367,514.76953125,20939030.0
2023-08-15,516.6725230762439,518.5755526271694,513.8179787498559,515.7210083007812,14066307.0
2023-08-16,514.7694935253186,516.6725230762439,510.01191964800506,515.7210083007812,28269840.0
2023-08-17,513.818146200741,519.5272367140826,510.96360094407027,517.6242065429688,22843138.0
2023-08-18,513.8180921338706,517.624152075603,512.8665771484375,512.8665771484375,17592345.0
2023-08-21,517.6241052723464,517.6241052723464,508.1089562783694,510.9635009765625,16633821.0
2023-08-22,517.6240757855822,517.6240757855822,511.91498671441775,514.76953125,14594304.0
2023-08-23,519.5272979736328,525.2363891601562,517.624267578125,525.2363891601562,20636332.0
2023-08-24,535.7028430911666,536.6543579101562,530.9452689962184,536.6543579101562,23280827.0
2023-08-25,522.3817668537517,524.2847969697946,519.5272216796875,519.5272216796875,24144537.0
2023-08-28,520.4786839441741,526.1877737132144,520.4786839441741,522.3817138671875,8991985.0
2023-08-29,524.2848739624023,526.1879043579102,519.5272979736328,525.2363891601562,10516678.0
2023-08-30,530.9453652871622,532.8483952702703,527.1393053209459,528.0908203125,15117416.0
2023-08-31,526.1877737132144,529.0423185977345,521.4301989056808,522.3817138671875,40431378.0
2023-09-01,516.6726011847057,526.1877503777943,516.6726011847057,521.43017578125,13669766.0
2023-09-04,522.3817157300199,529.9938354492188,522.3817157300199,529.9938354492188,9531157.0
2023-09-05,526.1879043579102,528.090934753418,523.3333587646484,525.2363891601562,12220686.0
2023-09-06,529.0423419744318,529.0423419744318,523.333251953125,523.333251953125,14067008.0
2023-09-07,519.527067402632,521.4300969535574,515.7210083007812,515.7210083007812,20717005.0
2023-09-08,509.06051720670513,513.8180921338706,509.06051720670513,512.8665771484375,15283568.0
2023-09-11,512.8666302125845,513.8181452964669,510.0120849609375,510.0120849609375,14631968.0
2023-09-12,510.01208585851333,518.5757216285257,510.01208585851333,517.6242065429688,16028336.0
2023-09-13,518.5755906307763,521.4301351663586,514.76953125,514.76953125,16191392.0
2023-09-14,520.5105397727273,526.25146484375,519.5537189275568,526.25146484375,17144287.0
2023-09-15,525.2945586173765,533.9059448242188,523.3809172380783,533.9059448242188,42517441.0
2023-09-18,524.3378558123553,525.2946767171223,516.6832885742188,516.6832885742188,36684692.0
2023-09-19,515.7263519400558,519.5536347002788,514.76953125,514.76953125,18901683.0
2023-09-20,512.8559908002336,514.7696325569509,511.899169921875,511.899169921875,24635567.0
2023-09-21,507.11506099809503,508.0718818679028,503.2877775188642,504.2445983886719,32012694.0
2023-09-22,500.41727000269395,502.3309115705819,499.46044921875,499.46044921875,29049309.0
2023-09-25,499.4604701450893,506.15821591331843,499.4604701450893,502.3309326171875,17116402.0
2023-09-26,498.50363794227553,501.37410034885295,496.5899963378906,496.5899963378906,26392692.0
2023-09-27,494.6763452990302,500.41727000269395,493.7195245150862,499.46044921875,16846401.0
2023-09-28,500.417236328125,502.3308777672383,497.5467741694551,500.417236328125,19733331.0
2023-10-02,507.11498095886344,510.9422638340247,505.2013395212828,509.9854431152344,25427911.0
2023-10-03,505.2013823251418,509.98548632443294,505.2013823251418,506.158203125,14490129.0
2023-10-04,498.50366533719574,500.41730704674353,496.590023627648,497.5468444824219,28358964.0
2023-10-05,500.4172210115375,506.1581451531613,500.4172210115375,505.2013244628906,24945684.0
2023-10-06,507.1150448447779,509.98550736276724,506.1582240054482,509.0286865234375,15336587.0
2023-10-11,518.5967956991757,520.5104370117188,516.6831543866325,520.5104370117188,46639969.0
2023-10-12,521.4673606178977,526.25146484375,520.5105397727273,526.25146484375,34161176.0
2023-10-13,526.2514248894524,530.0787079795575,524.3377833443999,529.1218872070312,31123496.0
2023-10-16,522.4241670101061,523.3809878288059,518.5968837353067,521.4673461914062,19875676.0
2023-10-17,526.2514920935657,528.1651338829969,524.3378503041346,527.2083129882812,18364998.0
2023-10-18,525.2946767171223,525.2946767171223,516.6832885742188,516.6832885742188,26418940.0
2023-10-19,516.6832087590144,524.3377748147035,516.6832087590144,522.4241333007812,22881262.0
2023-10-20,525.2946851991063,531.992431640625,522.4242224384554,531.992431640625,45984177.0
2023-10-23,528.1650022618911,529.1218229181626,519.5536163554472,520.5104370117188,22747367.0
2023-10-24,519.5536163554472,522.4240783242618,516.6831543866325,520.5104370117188,15007814.0
2023-10-25,520.5104370117188,527.2081816056195,520.5104370117188,520.5104370117188,16526355.0
2023-10-26,507.1150480511049,511.89915227800213,507.1150480511049,508.0718688964844,28188348.0
2023-10-27,510.9422638340247,512.8559052716053,509.02862239644406,509.9854431152344,15679643.0
2023-10-30,508.0718656841077,510.94232820209703,505.2014031661184,509.0286865234375,21404842.0
2023-10-31,511.89912792414935,511.89912792414935,504.2445615252836,506.158203125,25667058.0
2023-11-01,509.98542791424376,509.98542791424376,504.24450377262,505.2013244628906,13603347.0
2023-11-02,512.8560123757427,523.3810424804688,511.8991914571312,523.3810424804688,29401438.0
2023-11-03,523.381035921135,525.294677734375,521.4673941078951,525.294677734375,15426176.0
2023-11-06,529.1219273792614,531.9923899147727,526.25146484375,526.25146484375,29215201.0
2023-11-07,528.1649994721283,531.0354614257812,526.2513581696932,531.0354614257812,14777790.0
2023-11-08,526.2515061193233,532.949252560842,526.2515061193233,531.992431640625,15314834.0
2023-11-09,527.2082332152224,532.9491577148438,527.2082332152224,532.9491577148438,13165684.0
2023-11-10,531.03551621497,532.9491577148438,530.0786954650331,532.9491577148438,12994933.0
2023-11-13,553.999293659698,554.9561145468476,546.3447265625,546.3447265625,43866014.0
2023-11-14,551.1287355222902,551.1287355222902,546.3446319153259,547.3014526367188,21568576.0
2023-11-15,557.8264832488436,557.8264832488436,550.1719174409692,555.912841796875,50305088.0
2023-11-16,555.9128356200753,557.8264770507812,553.0423734740164,557.8264770507812,28291435.0
2023-11-17,553.9991729736328,557.8264556884766,553.9991729736328,554.9559936523438,22031704.0
2023-11-20,551.1288724003466,553.9993352774318,550.1720514413182,552.085693359375,22010114.0
2023-11-21,556.8697109124599,559.7401733398438,555.912890103332,559.7401733398438,35921706.0
2023-11-22,551.1288724003466,553.9993352774318,549.2152304822899,552.085693359375,21969125.0
2023-11-23,549.2151362541225,553.0424194335938,549.2151362541225,553.0424194335938,14486134.0
2023-11-24,552.0855775518003,553.0423983101223,549.2151152768342,550.1719360351562,10058969.0
2023-11-27,548.2583474172673,552.0856308198311,543.4742431640625,543.4742431640625,18528520.0
2023-11-28,540.6037284519361,551.1287567934783,540.6037284519361,550.1719360351562,26343906.0
2023-11-29,553.04230927258,553.9991298768579,545.3877444383575,549.2150268554688,24868842.0
2023-11-30,551.1288724003466,552.085693359375,545.3879466461764,552.085693359375,47192647.0
2023-12-01,548.2584029281695,553.9993286132812,548.2584029281695,553.9993286132812,28051165.0
2023-12-04,556.8695916896913,556.8695916896913,546.3445650426353,549.2150268554688,26847171.0
2023-12-05,546.344638115063,547.3014588473136,542.5173551860609,545.3878173828125,22229723.0
2023-12-06,543.4741759183114,550.1719210440652,543.4741759183114,545.3878173828125,21518089.0
2023-12-07,545.3878913582846,548.2583539443808,541.5606079101562,541.5606079101562,20840397.0
2023-12-08,549.2151003118147,552.0855625085663,545.3878173828125,545.3878173828125,33507214.0
2023-12-11,547.3013856469131,550.1718474597466,545.3877444383575,549.2150268554688,27378610.0
2023-12-12,554.9560610233293,555.9128818181972,550.1719570489903,553.0424194335938,29403010.0
2023-12-13,551.1288724003466,553.9993352774318,551.1288724003466,552.085693359375,22977731.0
2023-12-14,558.8183907315494,559.7802124023438,556.8947473899606,559.7802124023438,39409958.0
2023-12-15,562.6657104492188,563.6275321764824,557.8566018129006,562.6657104492188,54323262.0
2023-12-18,556.8947800856371,562.6657104492188,554.9711366311097,562.6657104492188,26122277.0
2023-12-19,565.5511756310096,565.5511756310096,557.8566018129006,562.6657104492188,28254292.0
2023-12-20,564.589353903746,564.589353903746,560.7420669946915,562.6657104492188,38121456.0
2023-12-21,554.9710083007812,556.8946513104893,553.0473652910731,554.9710083007812,24923414.0
2023-12-22,559.7802124023438,559.7802124023438,556.8947473899606,559.7802124023438,18690214.0
2023-12-25,559.7802421320325,562.6657072976616,557.8565986882799,558.8184204101562,9548143.0
2023-12-26,560.7419159664636,563.6273803710938,559.7800944982534,563.6273803710938,16094308.0
2023-12-27,564.589329075169,569.3984375,563.6275073902027,569.3984375,33401336.0
2023-12-28,569.3984078572934,570.3602294921875,566.5129429526112,570.3602294921875,25514849.0
2023-12-29,566.5129429526112,570.3602294921875,566.5129429526112,570.3602294921875,18416318.0
2024-01-02,567.4747645875052,570.3602294921875,566.5129429526112,570.3602294921875,26059058.0
2024-01-03,561.7037906844723,562.6656122438635,554.0092182093425,555.932861328125,37106763.0
2024-01-04,557.8565063476562,558.8183279103246,554.9710416596511,557.8565063476562,15309129.0
2024-01-05,555.9327981736925,557.8564410739475,552.0855123731825,554.0091552734375,18158971.0
2024-01-08,559.7801827746435,562.6656476343067,556.8947179149804,560.7420043945312,17761275.0
2024-01-09,565.5510233075138,566.5128447757239,560.7419159664636,563.6273803710938,22501510.0
2024-01-10,558.8183316792528,563.6274395250294,557.8565101100974,561.7037963867188,13037716.0
2024-01-11,563.6273803710938,566.5128447757239,560.7419159664636,563.6273803710938,23997409.0
2024-01-12,558.8183316792528,565.5510826633401,558.8183316792528,561.7037963867188,16496053.0
2024-01-15,567.4746662439339,567.4746662439339,562.6655589028836,563.6273803710938,21143076.0
2024-01-16,558.8183279103246,565.5510788490033,556.8946847849878,557.8565063476562,27223860.0
2024-01-17,560.7420638539089,561.7038855757853,555.9329552445272,558.8184204101562,42592335.0
2024-01-18,563.6275649297805,566.5130302792504,562.6657431466239,565.5512084960938,27209996.0
2024-01-19,601.1385201646116,603.0621634291384,590.5584822097145,602.100341796875,161106401.0
2024-01-22,608.8330932227186,608.8330932227186,599.2148769000848,602.100341796875,65168775.0
2024-01-23,604.9857473191182,604.9857473191182,598.2529965540406,604.02392578125,41072439.0
2024-01-24,604.0240165065541,605.9476598712246,600.1767297772129,603.0621948242188,26635005.0
2024-01-25,610.756690004533,617.4894409179688,608.8330468864084,617.4894409179688,52243347.0
2024-01-26,619.4131469726562,621.3367902862359,614.6040386887071,619.4131469726562,41153025.0
2024-01-29,621.3367936876085,623.2604370117188,619.4131503634983,623.2604370117188,27825490.0
2024-01-30,617.4894409179688,622.2985487132801,617.4894409179688,617.4894409179688,36161825.0
2024-01-31,609.7948550084593,612.6803196220641,602.1002827055135,604.02392578125,41277950.0
2024-02-01,601.1384611676452,604.02392578125,595.3675319404359,604.02392578125,44946369.0
2024-02-02,608.8331315168246,610.7567749023438,604.0240230530266,610.7567749023438,26334815.0
2024-02-05,620.3748484514076,622.2984913923423,613.6420981581366,621.336669921875,44017740.0
2024-02-15,681.9315075210725,681.9315075210725,666.5423620763091,670.3896484375,112945296.0
2024-02-16,670.38963530109,672.3132784439914,656.9241333007812,656.9241333007812,44232811.0
2024-02-19,648.2677041562961,655.9622763124539,648.2677041562961,652.114990234375,34408673.0
2024-02-20,649.229504447837,661.7331837927584,649.229504447837,660.7713623046875,30166461.0
2024-02-21,652.115205874002,656.9243150618634,652.115205874002,655.0006713867188,30564485.0
2024-02-22,668.4659699897546,668.4659699897546,658.8477545942186,665.5805053710938,33145643.0
2024-02-23,674.2369347986908,676.1605779792862,669.4278268472023,670.3896484375,46448923.0
2024-02-26,673.2751447355166,673.2751447355166,668.4660365588344,671.3515014648438,28798079.0
2024-02-27,673.2751447355166,674.2369663708531,664.6187500174885,671.3515014648438,33006829.0
2024-02-29,664.6187430119169,671.3514943883039,661.7332781363224,663.6569213867188,54368302.0
2024-03-01,670.3897027401862,670.3897027401862,661.7333077263244,662.6951293945312,23390635.0
2024-03-04,686.7406408270474,697.3206787109375,683.8551759496229,697.3206787109375,88861397.0
2024-03-05,706.9388686924765,709.8243334626499,700.2061175620719,702.1297607421875,64403889.0
2024-03-06,690.5879955888606,709.8244300063776,689.6261738679847,706.93896484375,43687122.0
2024-03-07,726.1753885369552,739.6408924303557,725.2135668302838,730.9844970703125,71817344.0
2024-03-08,764.6481525654696,765.6099741410236,742.5262563277264,754.068115234375,87139744.0
2024-03-11,738.6790143603133,748.2972306931299,731.9462629273416,736.75537109375,64759810.0
2024-03-12,728.0989798409598,741.5644827706474,725.2135149274553,740.6026611328125,58110339.0
2024-03-13,755.0299013502638,755.0299013502638,747.3353291072037,749.2589721679688,36754557.0
2024-03-14,749.2590073566048,755.029936809929,740.6026131766183,754.068115234375,42010806.0
2024-03-15,741.5644988405752,747.3354287926419,724.251708984375,724.251708984375,73316437.0
2024-03-18,728.5997517371053,739.229191086055,728.5997517371053,738.2628784179688,43589856.0
2024-03-19,732.46507123011,739.2292605422614,729.5661329534736,736.330322265625,30152375.0
2024-03-20,738.2630260940592,743.0945904009575,726.6672717575033,732.4651489257812,41280325.0
2024-03-21,746.9598528025101,757.5892944335938,745.993539926957,757.5892944335938,46026103.0
2024-03-22,761.454419100816,762.420731815411,748.8923538110818,758.5554809570312,30660820.0
2024-03-25,756.62293748122,761.4545015775241,752.7576862041767,753.7239990234375,19877101.0
2024-03-26,761.4544930616607,765.3197442954763,749.8587393602141,755.6566162109375,40990702.0
2024-03-27,758.5555673777981,758.5555673777981,752.7576904296875,752.7576904296875,18794479.0
2024-03-28,747.9261074587025,749.8587330593709,742.128230656697,743.0945434570312,27190918.0
2024-03-29,743.0945747611449,750.8250774894793,742.1282619201031,749.8587646484375,9802000.0
2024-04-01,756.6228563184862,756.6228563184862,743.0944783000202,744.060791015625,21041261.0
2024-04-02,757.5892689378956,763.3871459960938,756.6229560948626,763.3871459960938,37974481.0
2024-04-03,756.62293748122,758.5555631197416,751.7913733849159,753.7239990234375,30890544.0
2024-04-08,762.4208631259728,765.3198017690373,756.6229858398438,756.6229858398438,32202226.0
2024-04-09,768.2186498397436,792.3764690170941,765.3197115384615,791.41015625,56857731.0
2024-04-10,787.544921875,791.4101730253068,782.7133579371166,787.544921875,27480849.0
2024-04-11,783.6796499857088,792.37646484375,783.6796499857088,792.37646484375,25200651.0
2024-04-12,795.2754729254613,798.1744114658943,789.4775958445952,790.4439086914062,31508936.0
2024-04-15,776.9155188624379,784.6460215376861,775.9492060280319,778.84814453125,38913470.0
2024-04-16,774.9829708815831,775.9492838128568,758.5556510499285,761.45458984375,49508969.0
2024-04-17,771.1175896943505,780.7807173847559,766.2860258491479,776.9154663085938,34472074.0
2024-04-18,769.1849641562694,782.713342922837,765.3197130801074,776.9154663085938,43598591.0
2024-04-19,743.0946254069011,744.0609383138021,720.8694285481771,724.7346801757812,130968654.0
2024-04-22,715.0715855189733,731.4989057268416,715.0715855189733,717.0042114257812,46540798.0
2024-04-23,735.3641047389185,735.3641047389185,726.667288782742,728.5999145507812,30423647.0
2024-04-24,744.0609183865641,758.5556116018868,743.0946055055426,756.6229858398438,39457128.0
2024-04-25,744.06080758914,747.9260585376551,739.2292439034962,740.195556640625,28534926.0
2024-04-26,761.4544930616607,762.4208058701147,755.6566162109375,755.6566162109375,32571247.0
2024-04-29,763.3871248833038,768.2186889648438,760.4881864343799,768.2186889648438,26765837.0
2024-04-30,770.151335897325,774.9829001124901,763.3871459960938,763.3871459960938,39051972.0
2024-05-02,762.4208489452619,762.4208489452619,745.9935302734375,745.9935302734375,40527228.0
2024-05-03,761.4545015775241,761.4545015775241,746.9598092886118,753.7239990234375,29901556.0
2024-05-06,764.3534759443831,766.2861016736989,759.5219116210938,759.5219116210938,32599878.0
2024-05-07,770.1513543701171,773.05029296875,765.3197900390625,773.05029296875,33890214.0
2024-05-08,767.2523468854719,774.9828491210938,765.3197213265663,774.9828491210938,21757193.0
2024-05-09,771.1176231806003,774.9828744246133,769.1849975585938,769.1849975585938,21923999.0
2024-05-10,775.9491619005464,779.8144130183574,771.1175980032828,774.9828491210938,25101318.0
2024-05-13,795.2754073183761,797.2080328525641,790.443843482906,791.41015625,34812619.0
2024-05-14,788.5112535511364,797.2080688476562,783.6796894975142,797.2080688476562,28691846.0
2024-05-15,809.7702593070247,815.5681370586263,808.8039463484245,810.736572265625,39467772.0
2024-05-16,823.2985700500706,827.1638215526531,808.8038769153862,812.6691284179688,43927195.0
2024-05-17,819.4334066242515,819.4334066242515,805.9050249111152,806.871337890625,26207289.0
2024-05-20,805.9050249111152,809.7702768291541,794.3092691569984,806.871337890625,28808661.0
2024-05-21,802.0396867858668,812.6691284179688,802.0396867858668,812.6691284179688,19705349.0
2024-05-22,816.5344029885752,835.8606610474764,814.601777182685,834.8943481445312,36628342.0
2024-05-23,845.5237426757812,847.4563683733259,837.7932398856026,845.5237426757812,37266618.0
2024-05-24,829.0963975318988,842.6247769788063,829.0963975318988,837.793212890625,34136382.0
2024-05-27,842.6248909935989,848.4227686839218,836.827013303276,839.7259521484375,26726954.0
2024-05-28,837.793282534208,843.5911599219879,835.8606567382812,835.8606567382812,25329216.0
2024-05-29,831.9952557807486,838.7594448521369,827.1636921583284,828.1300048828125,33436835.0
2024-05-30,812.6691413096426,819.4333315464648,809.7702026367188,809.7702026367188,38065102.0
2024-05-31,809.7701526042459,817.5006552544058,793.3428344726562,793.3428344726562,77438401.0
2024-06-03,810.736360374072,824.2647382587406,808.8037349619764,817.5005493164062,28345488.0
2024-06-04,815.5681370586263,822.3323277688282,808.8039463484245,810.736572265625,28223635.0
2024-06-05,812.6690736006797,828.1300785681124,806.8711967378924,825.2311401367188,31975446.0
2024-06-06,862.91729319869,868.7151697487373,855.1867911319605,863.8836059570312,62925136.0
2024-06-07,855.186976930794,858.0859158356442,849.3890991210938,849.3890991210938,41075399.0
2024-06-11,861.9510883750354,864.850027013068,853.2542724609375,853.2542724609375,48228488.0
2024-06-12,858.0857280063944,883.2098596822573,858.0857280063944,878.3782958984375,48106925.0
2024-06-13,895.3540679300701,906.9946408609052,883.713494999235,891.473876953125,55857091.0
2024-06-14,888.5635647391032,894.3838500976562,877.8930415817558,894.3838500976562,38408123.0
2024-06-17,885.6535587538596,897.2941312676014,885.6535587538596,893.4139404296875,26292426.0
2024-06-18,915.7249915081522,921.5452774711277,911.8448008661685,914.7549438476562,37876013.0
2024-06-19,924.4554256085348,954.5269032516246,924.4554256085348,951.6167602539062,72228052.0
2024-06-20,941.916283594845,951.6167602539062,941.916283594845,951.6167602539062,48225374.0
2024-06-21,932.2157991075024,948.7066092894249,931.2457514497423,940.9462280273438,88376132.0
2024-06-24,929.305645232505,931.2457405252659,911.8447875976562,911.8447875976562,66391994.0
2024-06-25,897.2941145316634,916.695068359375,895.3540191488922,916.695068359375,57368432.0
2024-06-26,922.5152988433838,931.2457275390625,922.5152988433838,931.2457275390625,44967166.0
2024-06-27,922.5152988433838,932.2157751719157,920.5752035776774,931.2457275390625,39729446.0
2024-06-28,927.3655634341033,941.9162783415421,926.3955157736074,937.0660400390625,39138210.0
2024-07-01,939.0061645507812,947.736593766646,936.0960214788264,939.0061645507812,19935737.0
2024-07-02,938.0360609690348,941.9162515004475,930.2756799062092,931.2457275390625,25427569.0
2024-07-03,946.7666145301329,949.6767578125,938.0361846830311,949.6767578125,24070411.0
2024-07-04,970.0476499339242,979.7481264332633,967.1375069841223,974.8978881835938,41893299.0
2024-07-05,974.8978881835938,979.7481264332633,970.0476499339242,974.8978881835938,19998094.0
2024-07-08,974.8978395323822,1018.5499816009964,970.0476015247584,1003.999267578125,40146763.0
2024-07-09,999.1490719134991,1023.4002629793608,994.2988337003268,1008.8495483398438,46373121.0
2024-07-10,989.448577442808,1018.5500061911258,984.5983393180883,1013.6997680664062,46206302.0
2024-07-11,1033.1007741292317,1047.6514892578125,1023.4002973768446,1047.6514892578125,41724336.0
2024-07-12,999.1490719134991,1013.6997865530161,994.2988337003268,1008.8495483398438,68983062.0
2024-07-15,1008.8495483398438,1013.6997865530161,994.2988337003268,1008.8495483398438,38393309.0
2024-07-16,1008.8497343379739,1037.9511689823385,1003.9994952305798,1023.4004516601562,32125609.0
2024-07-17,1003.9994086108162,1013.6998859886984,989.4486925439927,999.149169921875,54022399.0
2024-07-18,958.407078134717,974.8978881835938,956.4669828348492,974.8978881835938,81990095.0
2024-07-19,958.4070858670265,965.1974194713475,940.9462280273438,940.9462280273438,92507621.0
2024-07-22,935.126010102586,936.0960578309081,909.9047691662091,910.8748168945312,83062356.0
2024-07-23,934.1559936398749,949.6767578125,927.3656593143514,949.6767578125,47213266.0
2024-07-26,887.5936067259157,902.144321590275,887.5936067259157,896.3240356445312,82081735.0
2024-07-29,913.7848802986791,919.6051661604541,907.9645944369041,915.7249755859375,40809258.0
2024-07-30,902.1443111338514,920.5752164150806,898.2641205483294,911.8447875976562,41761392.0
2024-07-31,901.1743584250995,911.8448836594118,900.2043106765257,906.0245971679688,39894991.0
2024-08-01,939.9761562347412,939.9761562347412,919.6051559448242,931.2457275390625,47382270.0
2024-08-02,890.503779313097,900.2042562119325,875.9530639648438,875.9530639648438,76144485.0
2024-08-05,826.4806317101227,831.3308701591258,788.6487718078988,790.5888671875,144057989.0
2024-08-06,842.0014556884767,868.1927452087402,814.8401184082031,853.6420288085938,102930842.0
2024-08-07,874.0129421068275,892.44384765625,866.2525608228601,892.44384765625,59158704.0
2024-08-08,874.0128967421396,877.8930871827262,860.4322302000863,869.1626586914062,38236391.0
2024-08-09,899.2342629279518,906.0245971679688,894.3840241850827,906.0245971679688,49494621.0
2024-08-12,913.7848828904172,919.6051687687001,903.1143587802319,911.8447875976562,38331663.0
2024-08-13,916.6950711484416,916.6950711484416,908.9346895937458,912.8148803710938,25764381.0
2024-08-14,922.515306496922,926.3954970605263,916.6950206515155,919.6051635742188,36780856.0
2024-08-15,916.6950391686481,921.5452774711277,912.8148485266644,914.7549438476562,19476402.0
2024-08-16,934.1559709011585,939.9762573242188,929.305732215275,939.9762573242188,44062316.0
2024-08-19,939.9761935917226,945.7964796201543,935.1259552346961,943.8563842773438,21348863.0
2024-08-20,947.7365749629649,947.7365749629649,939.0061459203173,943.8563842773438,24039959.0
2024-08-21,932.2158682868974,935.1260114761384,927.3656296381622,929.3057250976562,29758188.0
2024-08-22,929.3057148930402,935.1260012076103,919.6052377020899,922.515380859375,24349754.0
2024-08-23,915.7250179053609,923.4853994130334,910.8747794630656,920.5752563476562,27592153.0
2024-08-26,928.3355603027344,932.2157507324218,916.694989013672,921.5452270507812,25057581.0
2024-08-27,916.6949939120348,917.6650415246401,911.8447558490082,913.7848510742188,18693037.0
2024-08-28,916.6950105532571,935.1259155273438,914.7549152928269,935.1259155273438,31059233.0
2024-08-29,913.7848961871604,918.63513448964,908.9346578846807,914.7549438476562,43530708.0
2024-08-30,915.7249755859375,923.4853567349709,912.8148326550499,915.7249755859375,63834981.0
2024-09-02,921.545258856021,926.3954970605263,914.7549253697134,919.6051635742188,18646835.0
2024-09-03,919.6051687687001,923.485359354222,910.8747399512757,911.8447875976562,19547575.0
2024-09-04,867.2227365774835,877.8932624190409,861.4024497548158,862.3724975585938,79709021.0
2024-09-05,879.8332093909152,887.5935905101294,873.0428759116027,874.9829711914062,30512026.0
2024-09-06,881.7732944862515,890.5037231445312,875.953008714065,890.5037231445312,24458336.0
2024-09-09,865.2825421257995,873.0429236695286,864.3124944328333,872.0728759765625,35885268.0
2024-09-10,879.833238719839,883.7134294087908,874.0129526864112,876.923095703125,33498628.0
2024-09-11,878.8631777408782,878.8631777408782,873.0428917955743,874.012939453125,18029342.0
2024-09-12,912.013577854887,919.8085656998005,904.2185900099735,915.9110717773438,39454846.0
2024-09-13,930.5268004275426,930.5268004275426,914.9368226193325,922.7318115234375,25347586.0
2024-09-16,927.6036795885033,927.6036795885033,918.834317071385,922.7318115234375,13626239.0
2024-09-18,920.783053488331,923.7061742930558,909.0905702694316,916.8855590820312,28424324.0
2024-09-19,915.9111493428547,935.3986206054688,912.013655090332,935.3986206054688,32739630.0
2024-09-20,955.8604793411364,956.8348529184465,946.1167435680362,948.0654907226562,60133709.0
2024-09-23,946.1167104012402,951.9629516601562,946.1167104012402,951.9629516601562,14497067.0
2024-09-24,950.9886166650837,961.7067260742188,946.1167487518404,961.7067260742188,26785975.0
2024-09-25,974.3735545903296,979.2454223632812,972.424807481149,979.2454223632812,39405222.0
2024-09-26,984.1172073439424,988.9890747070312,979.2453399808536,988.9890747070312,38321585.0
2024-09-27,993.861005859375,998.7328735351563,974.37353515625,974.37353515625,35783779.0
2024-09-30,952.9372455274049,964.6297270676185,932.4754028320312,932.4754028320312,61603217.0
2024-10-01,942.2192575588148,951.9629934177477,942.2192575588148,947.0911254882812,26760355.0
2024-10-04,960.7323135485302,960.7323135485302,942.2192162286295,951.9629516601562,40934818.0
2024-10-07,967.5529397081973,984.1172901362329,963.655445489836,979.2454223632812,39667071.0
2024-10-08,974.3735738319925,984.1173095703125,971.4504531104966,984.1173095703125,30845902.0
2024-10-09,1003.6047584683287,1008.4766262278837,993.8610229492188,993.8610229492188,46975717.0
2024-10-11,998.732866351114,1023.0922045547997,993.8609987103769,1018.2203369140625,43058754.0
2024-10-14,1018.2203369140625,1027.9640721955368,1008.4766016325883,1018.2203369140625,36858874.0
2024-10-15,1023.0921208747079,1047.4514570860106,1023.0921208747079,1042.57958984375,42850176.0
2024-10-16,1013.3484692733255,1042.5796751177484,1008.4766016325883,1018.2203369140625,52652149.0
2024-10-17,1023.0921648550724,1027.9640323067633,1003.6046950483092,1008.4765625,54173771.0
2024-10-18,1066.9390480990785,1071.8109158986176,1047.4515769009217,1057.1953125,85011961.0
2024-10-21,1062.0671802995391,1066.9390480990785,1052.3234447004609,1057.1953125,36491060.0
2024-10-22,1037.7078028479286,1047.4515380859375,1032.8359352289244,1047.4515380859375,41197877.0
2024-10-23,1032.8359375,1042.579672759434,1027.964069870283,1032.8359375,31423466.0
2024-10-24,1042.579672759434,1047.451540389151,1027.964069870283,1032.8359375,38236996.0
2024-10-25,1037.7078857421875,1042.5797537503668,1032.8360177340082,1037.7078857421875,22009575.0
2024-10-28,1047.4515627906437,1052.3234305245535,1023.0922241210938,1023.0922241210938,40142324.0
2024-10-29,1008.4765821603629,1013.3484497070312,993.8609795203577,1013.3484497070312,45415773.0
2024-10-30,1013.3485332600121,1027.9641371051084,1003.6047973632812,1003.6047973632812,38201984.0
2024-11-01,970.4760766006098,1003.6047780106708,970.4760766006098,998.73291015625,54480255.0
2024-11-04,1003.6047146136945,1018.2203172536997,998.732847067026,1013.3484497070312,26747978.0
2024-11-05,1003.6047531854539,1027.9640918550037,1003.6047531854539,1023.0922241210938,32385622.0
2024-11-06,1023.092202240566,1052.323408018868,1013.3484669811321,1032.8359375,55349259.0
2024-11-07,1023.0922817176497,1047.451621758546,1023.0922817176497,1037.7078857421875,43975446.0
2024-11-08,1057.1952710632884,1062.067138671875,1052.3234034547017,1062.067138671875,37099479.0
2024-11-11,1052.3234447004609,1062.0671802995391,1042.5797091013826,1057.1953125,34690205.0
2024-11-12,1032.8359595889137,1037.7078273228237,1023.0922241210938,1023.0922241210938,51099848.0
2024-11-13,1018.2202974033817,1023.0921648550724,1008.4765625,1008.4765625,42331232.0
2024-11-14,1003.6046950483092,1013.3484299516908,998.7328275966183,1008.4765625,44627940.0
2024-11-15,1013.3484299516908,1018.2202974033817,1003.6046950483092,1008.4765625,34791611.0
2024-11-18,1003.6047780106708,1008.4766458650914,993.8610423018292,998.73291015625,31815076.0
2024-11-19,1003.6047146136945,1018.2203172536997,998.732847067026,1013.3484497070312,24349599.0
2024-11-20,998.73291015625,998.73291015625,998.73291015625,998.73291015625,40203197.0
2024-11-21,993.8610453086324,998.7329131777923,984.1173095703125,984.1173095703125,41429227.0
2024-11-22,1008.4765821603629,1023.0921848003682,1008.4765821603629,1013.3484497070312,25187973.0
2024-11-25,1018.2204012083777,1023.0922691567431,1003.6047973632812,1003.6047973632812,49566674.0
2024-11-26,988.9891774394724,993.8610453086324,984.1173095703125,984.1173095703125,27312402.0
2024-11-27,984.1172705078126,993.861005859375,974.37353515625,974.37353515625,31276090.0
2024-11-28,979.2454223632812,979.2454223632812,966.578566153607,979.2454223632812,33689956.0
2024-11-29,969.5017006502572,984.1173041776481,968.5273270817645,970.47607421875,40094983.0
2024-12-02,993.8609601449275,1013.3484299516908,988.9890926932367,1008.4765625,31168404.0
2024-12-03,1032.8361018031694,1037.7079702079013,1027.9642333984375,1027.9642333984375,43414538.0
2024-12-04,1037.7077226014894,1042.57958984375,1027.9639881169685,1042.57958984375,33466290.0
2024-12-05,1042.579670466933,1052.3234057049417,1042.579670466933,1047.4515380859375,31425359.0
2024-12-06,1047.451621758546,1052.3234897667253,1032.8360177340082,1037.7078857421875,30765288.0
2024-12-09,1042.579670466933,1047.4515380859375,1037.7078028479286,1047.4515380859375,22247131.0
2024-12-10,1042.5797537503668,1047.451621758546,1032.8360177340082,1037.7078857421875,28506584.0
2024-12-11,1018.2203369140625,1032.835939836274,1018.2203369140625,1018.2203369140625,25264194.0
2024-12-12,1036.80419921875,1041.6947850641216,1031.9136133733787,1036.80419921875,22791260.0
2024-12-13,1036.8043596867665,1046.5855328913585,1031.9137730844704,1041.6949462890625,20423659.0
2024-12-16,1061.257080078125,1061.257080078125,1051.4759088331652,1061.257080078125,39722392.0
2024-12-17,1066.1478333938953,1071.0384197856106,1051.47607421875,1051.47607421875,37880707.0
2024-12-18,1051.4759088331652,1066.1476657006049,1046.5853232106856,1061.257080078125,41863190.0
2024-12-19,1041.6948630074473,1046.58544921875,1031.9136905848422,1046.58544921875,42702851.0
2024-12-20,1036.804248754529,1036.804248754529,1012.351318359375,1012.351318359375,52030520.0
2024-12-23,1041.694819132487,1056.3665771484375,1036.8042331271702,1056.3665771484375,30728473.0
2024-12-24,1071.038335164388,1071.038335164388,1056.3665771484375,1056.3665771484375,26461906.0
2024-12-25,1066.1476657006049,1066.1476657006049,1056.3664944556451,1061.257080078125,15481622.0
2024-12-26,1061.257080078125,1066.1476657006049,1061.257080078125,1061.257080078125,14374900.0
2024-12-27,1056.3665334719037,1071.0382908812358,1056.3665334719037,1066.147705078125,24948385.0
2024-12-30,1066.147705078125,1071.0382908812358,1061.2571192750145,1066.147705078125,23954634.0
2024-12-31,1056.3666606104653,1061.2572470021803,1051.47607421875,1051.47607421875,28397820.0
2025-01-02,1046.5855328913585,1051.4761194936546,1031.9137730844704,1041.6949462890625,43177098.0
2025-01-03,1056.3666606104653,1061.2572470021803,1051.47607421875,1051.47607421875,30415096.0
2025-01-06,1075.92890625,1100.3818359375,1071.0383203125,1100.3818359375,69289786.0
2025-01-07,1124.8346811480226,1134.6158522884402,1105.2723388671875,1105.2723388671875,48758688.0
2025-01-08,1085.7100437906533,1105.2723869220165,1080.8194580078125,1080.8194580078125,45211419.0
2025-01-09,1075.928955078125,1090.600713556463,1075.928955078125,1075.928955078125,27263215.0
2025-01-10,1075.928955078125,1085.710127397017,1075.928955078125,1075.928955078125,22021522.0
2025-01-13,1085.710178960756,1090.600765352471,1046.585487827035,1051.47607421875,56690300.0
2025-01-14,1061.2571192750145,1066.147705078125,1051.475947668793,1066.147705078125,28695247.0
2025-01-15,1061.2572926982468,1061.2572926982468,1041.6949462890625,1041.6949462890625,35489482.0
2025-01-16,1071.038286442131,1090.600629573494,1066.1477006592902,1080.8194580078125,47542962.0
2025-01-17,1100.3819193158831,1100.3819193158831,1071.0384014674596,1095.4913330078125,59214050.0
2025-01-20,1100.3819193158831,1110.1630919320241,1095.4913330078125,1095.4913330078125,29834528.0
2025-01-21,1090.6007466997419,1100.3819193158831,1085.7101603916713,1095.4913330078125,21904213.0
2025-01-22,1115.0535496110958,1124.8347210989125,1110.1629638671875,1110.1629638671875,42960405.0
2025-02-03,1041.6948630074473,1051.4760354300524,1036.804276796145,1046.58544921875,97946226.0
2025-02-04,1061.257037158426,1075.9287934325057,1056.366451733733,1071.0382080078125,53308108.0
2025-02-05,1085.7100830078125,1095.4912549268017,1080.8194970483178,1085.7100830078125,40385340.0
2025-02-06,1095.4912941423768,1095.4912941423768,1080.8195357386842,1090.6007080078125,29971252.0
2025-02-07,1085.7100781249999,1100.3818359375,1080.8194921875,1100.3818359375,27883220.0
2025-02-10,1100.3818011391756,1100.3818011391756,1071.038286442131,1080.8194580078125,28527108.0
2025-02-11,1085.7100830078125,1090.6006689673072,1075.9289110888233,1085.7100830078125,18898928.0
2025-02-12,1085.710127397017,1090.600713556463,1075.928955078125,1075.928955078125,24172954.0
2025-02-13,1066.147705078125,1071.0382908812358,1056.3665334719037,1066.147705078125,33210403.0
2025-02-14,1041.6947850641216,1046.585370909493,1036.80419921875,1036.80419921875,64486940.0
2025-02-17,1041.6947375882057,1061.257080078125,1041.6947375882057,1061.257080078125,35491271.0
2025-02-18,1061.257196599787,1075.928955078125,1056.366610440341,1075.928955078125,21616188.0
2025-02-19,1066.147705078125,1071.0382908812358,1061.2571192750145,1066.147705078125,26400293.0
2025-02-20,1056.3665771484375,1061.2571631537544,1046.585405137804,1056.3665771484375,29643124.0
2025-02-21,1061.257037158426,1071.0382080078125,1056.366451733733,1071.0382080078125,28972910.0
2025-02-24,1056.3666606104653,1061.2572470021803,1051.47607421875,1051.47607421875,30822970.0
2025-02-25,1031.9136962890625,1036.8042825273994,1027.0231100507258,1031.9136962890625,45158522.0
2025-02-26,1022.1324416826357,1036.80419921875,1022.1324416826357,1036.80419921875,36768449.0
2025-02-27,1041.6948121877817,1041.6948121877817,1017.2418823242188,1017.2418823242188,55283596.0
2025-03-03,978.1172210094975,997.6795654296875,978.1172210094975,997.6795654296875,65621663.0
2025-03-04,974.2046579589844,987.8982977294921,974.2046579589844,978.1171264648438,64569262.0
2025-03-05,997.6795654296875,1007.4607376397825,992.78897932464,997.6795654296875,41994320.0
2025-03-06,997.6795708955224,1002.5701570273632,983.0078125,983.0078125,45187017.0
2025-03-07,983.0078125,987.8983986318408,978.1172263681592,983.0078125,40822280.0
2025-03-10,983.007831458816,983.007831458816,970.2923072707915,976.1610107421875,46849886.0
2025-03-11,947.7954747743145,957.576645824617,941.926772144133,949.751708984375,50204233.0
2025-03-12,958.5548234082427,973.2265809093892,954.6423547412703,966.3797607421875,34184887.0
2025-03-13,978.1172203894106,983.0078064913577,943.8831176757812,943.8831176757812,37035693.0
2025-03-14,943.8831075562923,947.7955763959039,934.1019354572634,938.014404296875,34333748.0
2025-03-17,955.6205020235985,963.4454396041398,946.8174472454897,948.773681640625,31491061.0
2025-03-18,959.0917858119851,961.0571378320916,951.230377731559,954.1784057617188,21575327.0
2025-03-19,948.2824184513894,950.2477706139829,933.5422772319376,935.5076293945312,35245036.0
2025-03-20,961.0571201072732,967.9358520507812,954.1783881637651,967.9358520507812,28715956.0
2025-03-21,967.9359216258359,969.9012737509645,953.1957806873714,955.1611328125,39214916.0
2025-03-24,968.9185976884002,969.9012737509645,955.1611328125,955.1611328125,16121506.0
2025-03-25,971.866628134371,977.7626845234572,967.9359238749802,972.8493041992188,26167428.0
2025-03-26,977.7626626150949,977.7626626150949,963.0225219726562,963.0225219726562,21735917.0
2025-03-27,944.3516535430462,947.2996815978112,941.4036254882812,941.4036254882812,34563256.0
2025-03-28,929.6115729067506,938.4556576384216,929.6115729067506,935.5076293945312,33101234.0
2025-03-31,904.0619902558378,907.9926945612981,894.2352294921875,894.2352294921875,51064611.0
2025-04-01,912.9060386399092,929.6115312737934,908.9753344907599,927.6461791992188,32197752.0
2025-04-02,932.5595795779218,935.507607753616,921.7501429337099,925.6808471679688,24849656.0
2025-04-07,833.3092651367188,833.3092651367188,833.3092651367188,833.3092651367188,23820773.0
2025-04-08,783.1928027283911,828.3959005019244,783.1928027283911,801.8636474609375,116648736.0
2025-04-09,794.9849208953275,811.690413670631,766.4873155727508,771.4006958007812,107582838.0
2025-04-10,848.0494995117188,848.0494995117188,848.0494995117188,848.0494995117188,19416428.0
2025-04-11,833.3092814081833,873.5989990234375,821.5171689354261,873.5989990234375,76103586.0
2025-04-14,879.4950515658869,887.3564598480401,850.0147705078125,850.0147705078125,66326054.0
2025-04-15,858.8587958271718,863.7721756660001,850.0147121172811,861.8068237304688,30562095.0
2025-04-16,851.980100397478,853.9454524168494,837.239960252193,840.18798828125,42128082.0
2025-04-17,834.291951185134,841.1706834092754,827.4132189609928,832.3265991210938,33684502.0
2025-04-18,838.2226251579733,843.1360051413143,835.2745971679688,835.2745971679688,20101219.0
2025-04-21,829.3785691312687,832.3265972205978,817.586456773952,820.5344848632812,18415705.0
2025-04-22,811.6904078464883,814.6384359621534,801.8636474609375,801.8636474609375,28888527.0
2025-04-23,838.2226394006613,857.8761596679688,833.3092593338345,857.8761596679688,37863656.0
2025-04-24,870.6509775232386,870.6509775232386,844.1187242578577,849.0321044921875,32238198.0
2025-04-25,884.4083837560705,885.3910597380217,870.6509200087538,872.6162719726562,34640282.0
2025-04-28,882.4430642016356,882.4430642016356,877.529684111426,881.4603881835938,21830091.0
2025-04-29,881.460399145562,886.373779296875,877.5296950245115,886.373779296875,24362874.0
2025-04-30,885.3911042066397,892.2698364257812,883.4257521440279,892.2698364257812,35405654.0
2025-05-02,921.7501238692435,933.542236328125,915.8540676398027,933.542236328125,43873135.0
2025-05-05,939.4382907241137,940.420966760436,907.009981525478,921.7501220703125,52770209.0
2025-05-06,900.1311857804008,913.8886493185291,900.1311857804008,904.0618896484375,37538894.0
2025-05-07,908.975311805462,915.8540438948006,895.2178476267848,911.92333984375,36907620.0
2025-05-08,916.8367594799964,922.7328158110575,902.0966186523438,902.0966186523438,27985917.0
2025-05-09,921.7501337756848,932.5595703125,917.8194295804794,932.5595703125,36383573.0
2025-05-12,937.4728705427116,945.3342782621473,935.5075186128527,940.4208984375,23402547.0
2025-05-13,972.8493327326819,972.8493327326819,952.213134765625,952.213134765625,38047856.0
2025-05-14,972.8492145710163,981.6932983398438,970.8838626223879,981.6932983398438,40475123.0
2025-05-15,982.6760959529205,982.6760959529205,975.79736328125,975.79736328125,24662270.0
2025-05-16,973.831961041223,980.710693359375,971.8666089503225,980.710693359375,16878650.0
2025-05-19,975.7973316471752,976.780007711271,963.0225428139291,966.9532470703125,19906139.0
2025-05-20,973.8319787647582,976.7800069547626,961.0571899414062,961.0571899414062,20897857.0
2025-05-21,968.9185999398279,981.6933887828479,965.9705717452848,972.8493041992188,26248757.0
2025-05-22,970.8839101383496,970.8839101383496,962.0398259366846,964.9878540039062,18747545.0
2025-05-23,975.7973316471752,975.7973316471752,958.10916249345,966.9532470703125,22213030.0
2025-05-26,958.1091208536117,966.9532050461065,958.1091208536117,959.091796875,19329052.0
2025-05-27,954.1784661011375,958.1091703899166,944.3517053791896,948.2824096679688,26355315.0
2025-05-28,966.9532345729382,967.9359106243335,950.2477416992188,950.2477416992188,26471533.0
2025-05-29,968.9185866757286,968.9185866757286,950.2477416992188,950.2477416992188,48602590.0
2025-06-02,941.403623423667,944.3516514719666,929.6115112304688,929.6115112304688,33676511.0
2025-06-03,943.3689967105263,948.282376901727,933.542236328125,933.542236328125,26020787.0
2025-06-04,957.1264871616555,972.8493041992188,953.1957829022648,972.8493041992188,37233567.0
2025-06-05,982.6760454502755,982.6760454502755,973.831961041223,980.710693359375,24414444.0
2025-06-06,979.727986306042,979.727986306042,973.8319302199475,977.7626342773438,13670307.0
2025-06-09,987.58935546875,992.502735346704,982.675975590796,987.58935546875,21674308.0
2025-06-10,1007.2429631429426,1031.8098646830144,1002.3295828349283,1026.896484375,44877640.0
2025-06-11,1046.5501708984375,1051.4635519824676,1036.723408730377,1046.5501708984375,37178498.0
2025-06-12,1041.1224879214637,1046.0567177220396,1031.2540283203125,1031.2540283203125,25221606.0
2025-06-13,1026.3196914820996,1026.3196914820996,1011.5170036241847,1016.4512329101562,28393455.0
2025-06-16,1016.4512582174162,1016.4512582174162,1001.648569990949,1011.5170288085938,28580673.0
2025-06-17,1026.3197985197369,1036.1882581208881,1021.3855687191611,1031.2540283203125,26517379.0
2025-06-18,1026.3196275177725,1041.122314453125,1016.4511695608708,1041.122314453125,37931721.0
2025-06-19,1031.2538953403343,1031.2538953403343,1016.451207847411,1021.3854370117188,24002557.0
2025-06-20,1016.4511695608708,1041.122314453125,1011.51694058242,1041.122314453125,57831332.0
2025-06-23,1011.5169315712125,1016.4511605057062,1001.648473702225,1006.5827026367188,32143872.0
2025-06-24,1031.2537597656249,1036.18798828125,1026.31953125,1036.18798828125,28163537.0
2025-06-25,1046.0565904278621,1055.925048828125,1041.1223612277308,1055.925048828125,38783736.0
2025-06-26,1060.8592529296875,1065.7934820130813,1050.9907947628997,1060.8592529296875,36056692.0
2025-06-27,1055.9249990957755,1065.79345703125,1046.0565411603009,1065.79345703125,32549027.0
2025-06-30,1060.8592051380085,1065.7934339991157,1046.0565185546875,1046.0565185546875,32413717.0
2025-07-01,1065.793432279666,1080.5961188391057,1060.8592034265193,1070.7276611328125,44299887.0
2025-07-02,1060.8592034265193,1070.7276611328125,1055.9249745733728,1070.7276611328125,23822731.0
2025-07-03,1090.4645514531967,1090.4645514531967,1075.661865234375,1075.661865234375,36973556.0
2025-07-04,1080.5961188391057,1085.5303476922525,1065.793432279666,1070.7276611328125,20363322.0
2025-07-07,1065.79345703125,1070.7276859989872,1055.9249990957755,1065.79345703125,18829372.0
2025-07-08,1055.9249990957755,1065.79345703125,1050.9907701280383,1065.79345703125,27461252.0
2025-07-09,1055.9249502759462,1075.661865234375,1050.990721536339,1075.661865234375,23618216.0
2025-07-10,1080.59628795277,1085.530517578125,1075.6620583274148,1085.530517578125,22350503.0
2025-07-11,1080.59628795277,1085.530517578125,1075.6620583274148,1085.530517578125,28249780.0
2025-07-14,1085.5304205907535,1085.5304205907535,1070.727733037243,1080.59619140625,25760632.0
2025-07-15,1080.5962375950169,1100.333155176661,1075.662008199606,1095.39892578125,45416390.0
2025-07-16,1105.2674052820796,1115.1358642578125,1105.2674052820796,1115.1358642578125,31013743.0
2025-07-17,1115.1358642578125,1120.070093745679,1100.3331757942133,1115.1358642578125,30648595.0
2025-07-18,1139.8067626953125,1144.740991105249,1129.9383058754397,1139.8067626953125,46645034.0
2025-07-21,1129.938573157269,1134.872802734375,1120.0701140030571,1134.872802734375,26749324.0
2025-07-22,1129.9385527214117,1144.7412411850112,1115.1358642578125,1115.1358642578125,50457506.0
2025-07-23,1125.0042474072052,1129.9384765625,1120.0700182519104,1129.9384765625,29747757.0
2025-07-24,1134.8727057177948,1139.8069348730894,1129.9384765625,1129.9384765625,15055463.0
2025-07-25,1134.8727057177948,1139.8069348730894,1125.0042474072052,1129.9384765625,22476546.0
2025-07-28,1139.8069348730894,1144.7411640283842,1129.9384765625,1129.9384765625,20606376.0
2025-07-29,1129.9384039656181,1129.9384039656181,1110.2014886125069,1120.0699462890625,31763255.0
2025-07-30,1134.872534285376,1144.740991105249,1129.9383058754397,1139.8067626953125,34182363.0
2025-07-31,1144.7410888671875,1149.6753176985117,1139.8068600358633,1144.7410888671875,33230751.0
2025-08-04,1115.1357174507846,1120.0699462890625,1110.2014886125069,1120.0699462890625,23939021.0
2025-08-05,1129.938573157269,1134.872802734375,1125.004343580163,1134.872802734375,17012960.0
2025-08-06,1115.1358897569446,1120.070119357639,1110.20166015625,1110.20166015625,22023406.0
2025-08-07,1144.7411116260594,1164.47802734375,1139.8068826966366,1164.47802734375,61370031.0
2025-08-08,1164.4781748670214,1169.4124044215425,1154.6097157579788,1159.5439453125,25958258.0
2025-08-11,1154.6095694849046,1179.280714132018,1149.6753405554819,1164.47802734375,35579367.0
2025-08-12,1164.47802734375,1174.3464852025952,1154.6095694849046,1164.47802734375,28917167.0
2025-08-13,1169.4122787475585,1184.2149658203125,1169.4122787475585,1184.2149658203125,37809952.0
2025-08-14,1169.4124044215425,1174.346633976064,1159.5439453125,1159.5439453125,32991791.0
2025-08-15,1159.5437984143273,1169.4122562731727,1154.6095694849046,1164.47802734375,22231552.0
2025-08-18,1154.6095694849046,1169.4122562731727,1154.6095694849046,1164.47802734375,18219895.0
2025-08-19,1164.4780026206486,1169.4122314453125,1159.5437737959849,1169.4122314453125,17867547.0
2025-08-20,1149.6753193187294,1149.6753193187294,1120.0699462890625,1120.0699462890625,66982023.0
2025-08-21,1125.004343580163,1139.807032311481,1125.004343580163,1134.872802734375,23424804.0
2025-08-22,1139.8068616421738,1139.8068616421738,1120.0699462890625,1120.0699462890625,19205763.0
2025-08-25,1149.6753899989985,1164.4780774238782,1144.7411608573718,1154.609619140625,25103514.0
2025-08-26,1149.6754862034575,1169.4124044215425,1144.741256648936,1159.5439453125,35508897.0
2025-08-27,1174.3465576171875,1174.3465576171875,1164.4780991498162,1174.3465576171875,21952558.0
2025-08-28,1169.4122330238079,1169.4122330238079,1144.7410888671875,1144.7410888671875,19975237.0
2025-08-29,1164.478004192484,1169.4122330238079,1144.7410888671875,1144.7410888671875,19522740.0
2025-09-01,1134.8727272917783,1149.6754150390625,1129.9384980426837,1149.6754150390625,22018940.0
2025-09-02,1154.6095465298356,1159.5437753611598,1139.8068600358633,1144.7410888671875,14037411.0
2025-09-03,1139.8068600358633,1144.7410888671875,1129.9384023732152,1144.7410888671875,19511981.0
2025-09-04,1154.6095465298356,1159.5437753611598,1144.7410888671875,1144.7410888671875,24333323.0
2025-09-05,1159.5437984143273,1164.47802734375,1154.6095694849046,1164.47802734375,27133819.0
2025-09-08,1179.280714132018,1179.280714132018,1164.47802734375,1164.47802734375,27281959.0
2025-09-09,1179.280736796061,1184.2149658203125,1174.34650777181,1184.2149658203125,31329096.0
2025-09-10,1203.9518793845664,1213.8203374123086,1199.0176503706953,1208.8861083984375,39665156.0
2025-09-11,1238.4915303876323,1243.4257595923639,1218.754613568706,1223.6888427734375,30345708.0
2025-09-12,1238.4916735452318,1243.4259033203125,1233.5574437701514,1243.4259033203125,26492972.0
2025-09-15,1243.4258065394672,1243.4258065394672,1233.5573477574078,1238.4915771484375,24589707.0
2025-09-16,1253.3534336090088,1273.169298171997,1248.3994674682617,1268.21533203125,40130070.0
2025-09-17,1258.307482089921,1263.261448554842,1253.353515625,1253.353515625,29283972.0
2025-09-18,1263.26150025839,1273.16943359375,1253.35356692303,1273.16943359375,24191307.0
2025-09-19,1273.1693814846838,1278.1233479496047,1253.353515625,1253.353515625,44913316.0
2025-09-22,1258.3074390308277,1283.0772705078125,1258.3074390308277,1283.0772705078125,28859955.0
2025-09-23,1307.8470987348414,1327.6629638671875,1302.8931324517548,1327.6629638671875,33953781.0
2025-09-24,1337.5708964333605,1342.5248627164472,1312.8010650179278,1327.6629638671875,44737182.0
2025-09-25,1307.8470458984375,1317.7549780643349,1307.8470458984375,1307.8470458984375,25861812.0
2025-09-26,1297.9390596829928,1302.8930255596454,1283.0771620530347,1288.0311279296875,25793295.0
2025-09-30,1297.9390733506943,1307.8470052083333,1292.985107421875,1292.985107421875,36642789.0
2025-10-01,1312.801025390625,1337.5708560583726,1312.801025390625,1312.801025390625,33837323.0
2025-10-02,1347.478773179945,1357.3867053356798,1342.5248071020776,1352.4327392578125,29593487.0
2025-10-03,1352.4328308105469,1387.110595703125,1352.4328308105469,1387.110595703125,31032341.0
2025-10-07,1406.9264311574477,1431.6962626919099,1406.9264311574477,1421.788330078125,38395572.0
2025-10-08,1397.0185676278159,1406.9265007315591,1392.0646010759442,1401.9725341796875,23064494.0
2025-10-09,1426.7423095703125,1441.6042086283367,1416.8343768649631,1426.7423095703125,39052134.0
2025-10-13,1377.202701420329,1406.9265007315591,1377.202701420329,1401.9725341796875,53850992.0
2025-10-14,1441.6040437397205,1446.5580095257676,1406.9262832373904,1411.8802490234375,39889256.0
2025-10-15,1421.78828799928,1451.5120849609375,1411.8803556787275,1451.5120849609375,41056405.0
2025-10-16,1451.5121375703652,1481.2359356093486,1451.5121375703652,1471.3280029296875,37737678.0
2025-10-17,1441.6041125067347,1451.5120445514547,1436.650146484375,1436.650146484375,38077331.0
2025-10-20,1446.558158255912,1481.2359223236908,1441.6041919605152,1466.3740234375,33015553.0
2025-10-21,1471.3279897328969,1486.1898886190877,1466.3740234375,1466.3740234375,34601251.0
2025-10-22,1446.55810546875,1456.466037697988,1441.604139354131,1446.55810546875,27360948.0
2025-10-23,1426.742214439655,1441.6041125067347,1421.788248417295,1436.650146484375,23570046.0
2025-10-27,1486.1898886190877,1486.1898886190877,1466.3740234375,1466.3740234375,32851952.0
2025-10-28,1466.3741326800848,1476.2820660090042,1456.4661993511652,1461.420166015625,28381919.0
2025-10-29,1481.235866609998,1501.0517310462521,1476.2819005009344,1491.143798828125,30631103.0
2025-10-30,1501.0517310462521,1506.0056971553156,1486.1898327190615,1491.143798828125,27867757.0
2025-10-31,1501.0517175292969,1510.9596496582033,1486.1898193359375,1486.1898193359375,31928423.0
2025-11-03,1496.0977783203125,1506.0057106270697,1476.2819137067984,1496.0977783203125,29118770.0
2025-11-04,1506.0056971553156,1510.9596632643793,1481.235866609998,1491.143798828125,33925673.0
2025-11-05,1466.373969927226,1471.327936041845,1441.604139354131,1446.55810546875,56305422.0
2025-11-06,1456.4660511212137,1466.373983441766,1451.5120849609375,1451.5120849609375,27411394.0
2025-11-07,1446.55810546875,1451.5120715833689,1441.604139354131,1446.55810546875,20329390.0
2025-11-10,1456.4661993511652,1471.3280993445444,1451.5122326867056,1461.420166015625,25281744.0
2025-11-11,1476.2819157623187,1481.235881922595,1451.5120849609375,1451.5120849609375,22444166.0
2025-11-12,1456.4661993511652,1471.3280993445444,1446.5582660222458,1461.420166015625,23642502.0
2025-11-13,1446.55810546875,1456.466037697988,1446.55810546875,1446.55810546875,21255597.0
2025-11-14,1411.8802626816541,1426.7421601835663,1411.8802626816541,1416.834228515625,26861702.0
2025-11-17,1436.650132967939,1446.558064919442,1431.6961669921875,1431.6961669921875,26602730.0
2025-11-18,1421.7882492771353,1421.7882492771353,1392.064453125,1392.064453125,42198432.0
2025-11-19,1387.110582577285,1401.9724816763273,1382.1566162109375,1382.1566162109375,35591948.0
2025-11-20,1436.6502815587414,1446.5582145350086,1426.7423485824743,1441.604248046875,25964403.0
2025-11-21,1382.1564668180279,1392.064398479806,1372.24853515625,1372.24853515625,54518246.0
2025-11-24,1387.1105291193182,1392.0644952947443,1362.3406982421875,1362.3406982421875,79134658.0
2025-11-25,1411.880467283431,1411.880467283431,1392.0646010759442,1401.9725341796875,27427405.0
2025-11-26,1416.8343768649631,1426.7423095703125,1411.8804105122886,1426.7423095703125,29213211.0
2025-11-27,1436.6502289988023,1441.6041953056947,1416.8343637712326,1421.788330078125,22039774.0
2025-11-28,1426.7423095703125,1441.6042086283367,1421.788343217638,1426.7423095703125,23152513.0
2025-12-01,1431.6963202293882,1431.6963202293882,1397.0185546875,1397.0185546875,30559208.0
2025-12-02,1416.834228515625,1426.7421601835663,1406.9262968476835,1416.834228515625,23544477.0
2025-12-03,1426.742214439655,1436.650146484375,1421.788248417295,1436.650146484375,20301540.0
2025-12-04,1431.6961669921875,1436.650132967939,1416.8342690649329,1431.6961669921875,20696944.0
2025-12-05,1431.696207124893,1446.55810546875,1426.742241010274,1446.55810546875,21072604.0
2025-12-08,1451.5121633472252,1481.2359619140625,1446.5581969194188,1481.2359619140625,24257260.0
2025-12-09,1481.2359223236908,1486.1898886190877,1466.3740234375,1466.3740234375,24235825.0
2025-12-10,1476.2819005009344,1491.143798828125,1471.327934391871,1491.143798828125,23319221.0
2025-12-11,1501.0847574869792,1506.0552368164062,1456.3504435221355,1461.3209228515625,28924982.0
2025-12-12,1466.2914832862648,1476.2324424949852,1461.3210036819046,1471.261962890625,22107664.0
2025-12-15,1441.43896484375,1446.4094440328663,1436.4684856546335,1441.43896484375,25889058.0
2025-12-16,1426.527587890625,1436.4685466912565,1416.5866290899935,1426.527587890625,32168064.0
2025-12-17,1426.5276083779502,1436.4685673213505,1416.5866494345498,1421.55712890625,30535812.0
2025-12-18,1411.6161699628497,1426.5276083779502,1406.6456904911495,1421.55712890625,30534136.0
2025-12-19,1446.4095262647509,1446.4095262647509,1421.55712890625,1421.55712890625,38763280.0
2025-12-22,1456.350341796875,1461.320820779117,1446.4093838323913,1456.350341796875,22661665.0
2025-12-23,1466.2913216200452,1481.2027587890625,1461.320842563706,1481.2027587890625,20739075.0
2025-12-24,1486.17333984375,1491.1438192412206,1476.2323810488085,1486.17333984375,12987261.0
2025-12-26,1496.1143592682895,1501.0848388671875,1486.1734000704935,1501.0848388671875,18823612.0
2025-12-29,1506.0552368164062,1520.9666748046875,1501.0847574869792,1520.9666748046875,21124648.0
2025-12-30,1506.055155703896,1520.9665928890831,1501.0846766421669,1511.025634765625,20325400.0
2025-12-31,1511.0257560483872,1540.8486328125,1506.0552765877017,1540.8486328125,29695967.0
2026-01-02,1545.8190914117952,1575.6419677734375,1535.878132624581,1575.6419677734375,37512761.0
2026-01-05,1620.37630110872,1684.9925339750187,1615.4058216574663,1660.14013671875,66871820.0
2026-01-06,1635.2877190106076,1694.9334716796875,1635.2877190106076,1694.9334716796875,46751692.0
2026-01-07,1655.1696369228077,1675.051554483442,1655.1696369228077,1665.110595703125,49857449.0
2026-01-08,1650.1992375857753,1689.963074636035,1645.2287579544927,1675.0516357421875,29215618.0
2026-01-09,1655.1696166992188,1689.9629720052083,1645.2286580403645,1670.0810546875,37387656.0
2026-01-12,1689.9629310743342,1694.9334102833764,1680.02197265625,1680.02197265625,29987449.0
2026-01-13,1709.8450121070907,1709.8450121070907,1689.9630933616593,1699.904052734375,30171800.0
2026-01-14,1694.9335730480173,1704.8745324207327,1689.9630933616593,1699.904052734375,29100816.0
2026-01-15,1675.0514934472078,1689.9629310743342,1670.0810142381656,1680.02197265625,36391886.0
2026-01-16,1724.756327311198,1739.6677652994792,1699.9039306640625,1729.726806640625,53551629.0
2026-01-19,1714.815288890492,1769.4905589710584,1714.815288890492,1749.608642578125,29580038.0
2026-01-20,1729.726786696743,1764.5201416015625,1729.726786696743,1764.5201416015625,29401234.0
2026-01-21,1734.697285970052,1754.5792032877605,1729.726806640625,1729.726806640625,45192749.0
2026-01-22,1754.5791216763582,1759.5496007745917,1739.6676843816583,1749.608642578125,32069478.0
2026-01-23,1759.5496826171875,1764.5201619466145,1739.6677652994792,1759.5496826171875,27601167.0
2026-01-26,1754.5792646706952,1774.461182683961,1744.6383056640625,1744.6383056640625,22960198.0
2026-01-27,1749.6088044241574,1774.4612022142733,1744.638324866134,1769.49072265625,28985200.0
2026-01-28,1779.431639954284,1809.2545166015625,1779.431639954284,1809.2545166015625,29301156.0
2026-01-29,1819.1955377045101,1824.1660173157245,1789.3726600372229,1794.3431396484375,32224002.0
2026-01-30,1779.4315794179138,1789.372537962148,1764.5201416015625,1764.5201416015625,40825139.0
2026-02-02,1739.6677854716272,1754.5792236328125,1734.6973060845653,1754.5792236328125,28251381.0
2026-02-03,1799.3135172526042,1799.3135172526042,1774.4611206054688,1789.37255859375,26744162.0
2026-02-04,1774.4610595703125,1794.3429762041535,1764.520101253392,1774.4610595703125,26952301.0
2026-02-05,1754.5792236328125,1769.490661793998,1749.6087442457508,1754.5792236328125,26299986.0
2026-02-06,1734.6973657500878,1769.49072265625,1729.7268861920645,1769.49072265625,33263592.0
2026-02-09,1819.1953730307334,1824.1658521920197,1804.283935546875,1804.283935546875,36529289.0
2026-02-10,1834.1069124911694,1868.9002685546875,1829.136433053524,1868.9002685546875,41859169.0
2026-02-11,1868.9002478377938,1913.6345622807196,1863.9297684552464,1903.693603515625,40488310.0
2026-02-23,1888.7822265625,1923.5755833675987,1888.7822265625,1888.7822265625,69816209.0
2026-02-24,1903.693523688474,1963.3392737779302,1903.693523688474,1953.3983154296875,40961679.0
2026-02-25,1983.22123229829,2013.0441079719485,1983.22123229829,2003.1031494140625,40832607.0
2026-02-26,1988.19179295896,1998.1327519237548,1983.2213134765625,1983.2213134765625,58561388.0
2026-03-02,1928.5459998022152,1983.2212729924843,1928.5459998022152,1963.33935546875,48884884.0
2026-03-03,1958.3687936551194,1968.3097519985465,1923.575439453125,1923.575439453125,43090471.0
2026-03-04,1883.811645180546,1898.7230830051942,1853.98876953125,1853.98876953125,68160943.0
2026-03-05,1928.5460629111842,1948.4279810855264,1883.8117470189145,1888.7822265625,48120463.0
2026-03-06,1868.9002278645833,1888.7821451822917,1868.9002278645833,1878.8411865234375,30082724.0
2026-03-09,1764.5201220433357,1799.3134765625,1759.5496428263123,1799.3134765625,76459172.0
2026-03-10,1858.9593103357263,1878.8412280933276,1819.1954748205235,1839.077392578125,41375691.0
2026-03-11,1873.8707467305292,1938.4869793764094,1863.9297878619323,1928.5460205078125,36167313.0
2026-03-12,1888.7821656892406,1903.6936038394188,1873.8707275390625,1873.8707275390625,34040589.0
2026-03-13,1829.1363731568365,1873.8706866307807,1829.1363731568365,1853.98876953125,31214304.0
2026-03-16,1863.929810562754,1868.900290057588,1834.10693359375,1834.10693359375,31249086.0
2026-03-17,1870.0111103567847,1874.9978066510694,1855.0510214739304,1865.0244140625,23812211.0
2026-03-18,1894.9445781557579,1904.9179706723671,1884.9711856391486,1899.9312744140625,23068156.0
2026-03-19,1870.0111182960304,1874.9978146114865,1845.07763671875,1845.07763671875,31040569.0
2026-03-20,1855.0510333517325,1865.0244260041611,1835.104248046875,1835.104248046875,46312322.0
2026-03-23,1785.2372965944407,1810.1707783904524,1780.2506002352384,1805.18408203125,34902948.0
2026-03-24,1845.077652904869,1845.077652904869,1795.2106893128455,1805.18408203125,27001025.0
2026-03-25,1860.037727666095,1870.0111203077363,1840.0909423828125,1840.0909423828125,40964040.0
2026-03-26,1845.0776406993036,1860.0377296779468,1835.104248046875,1835.104248046875,20958470.0
2026-03-27,1800.1973816588684,1820.1441670512104,1795.210685310783,1815.157470703125,28974140.0
2026-03-30,1775.263916015625,1795.2107015888341,1775.263916015625,1775.263916015625,39889700.0
2026-03-31,1770.2772279219193,1785.2373171719637,1755.317138671875,1755.317138671875,49221091.0
2026-04-01,1835.1042421243262,1850.0643310546875,1825.1308495040853,1850.0643310546875,35537379.0
2026-04-02,1860.0377419824758,1860.0377419824758,1800.1973856720479,1805.18408203125,25132417.0
2026-04-07,1845.077632780998,1855.051025390625,1830.1175438665575,1855.051025390625,17953562.0
2026-04-08,1929.851434795673,1944.8115234375,1919.8780423677883,1944.8115234375,46515921.0
2026-04-09,1939.824825355159,1949.7982177734375,1924.8647367277415,1949.7982177734375,31835073.0
2026-04-10,1969.7449859619142,1994.678466796875,1964.758289794922,1994.678466796875,28637625.0
2026-04-13,1979.7183819488066,1989.6917743011936,1969.7449895964196,1984.705078125,28968757.0
2026-04-14,2009.6386552425488,2049.5322265625,2004.6519588275548,2049.5322265625,39113405.0
2026-04-15,2059.505487882174,2094.412360558143,2054.518791785607,2074.465576171875,40343568.0
2026-04-16,2074.4656961930455,2084.4390889632045,2049.532214267648,2079.452392578125,32038524.0
2026-04-17,2049.5321135121612,2054.5188096520938,2024.5986328125,2024.5986328125,39260244.0
2026-04-20,2024.598634620949,2049.532115342882,2019.6119384765625,2019.6119384765625,25407621.0
2026-04-21,2044.54541015625,2069.4788907679117,2039.5587140339176,2044.54541015625,25783476.0
2026-04-22,2039.5587140339176,2064.4921946455793,2034.5720179115854,2044.54541015625,24762881.0
2026-04-23,2084.438968365009,2129.319233234112,2049.53209568904,2074.465576171875,48682193.0
2026-04-24,2104.385834927417,2184.172975588172,2099.39913863612,2179.186279296875,45088050.0
2026-04-27,2273.9334773385763,2323.800439560913,2258.973388671875,2258.973388671875,68696037.0
2026-04-28,2239.026622901383,2273.933496755079,2209.1064453125,2209.1064453125,47175356.0
2026-04-29,2169.2127668748208,2204.11963898545,2159.2393748432123,2174.199462890625,42895935.0
2026-04-30,2199.1330846567625,2209.1064773309427,2129.3193359375,2129.3193359375,48975164.0
2026-05-04,2194.1463341346152,2278.9201697716344,2189.159637920673,2268.94677734375,38390062.0
2026-05-05,2244.013427734375,2263.9602137586808,2234.040034722222,2244.013427734375,21625279.0
2026-05-06,2244.013427734375,2278.9203032769096,2234.040034722222,2244.013427734375,31918664.0
2026-05-07,2328.7872420141707,2338.760634913589,2303.853759765625,2303.853759765625,35034517.0
2026-05-08,2293.880375358215,2303.8537682945553,2258.9735000810247,2283.906982421875,27102571.0
2026-05-11,2258.9734001415686,2268.946792636675,2229.05322265625,2229.05322265625,37244077.0
2026-05-12,2229.0532150776053,2273.9334811529934,2204.119733924612,2249.0,44459541.0
2026-05-13,2199.132929621516,2234.0398015202704,2199.132929621516,2214.093017578125,35350292.0
2026-05-14,2244.0134191303,2263.960205078125,2224.066633182475,2263.960205078125,31747100.0
2026-05-15,2303.8536546719783,2318.8137433386796,2244.0133000051737,2258.973388671875,29922154.0
2026-05-18,2219.0799495152064,2253.986825125558,2209.106556483677,2234.0400390625,25875079.0
2026-05-19,2214.0931454613096,2224.0665380084324,2199.133056640625,2199.133056640625,34824449.0
2026-05-20,2199.133064462064,2204.119760753361,2179.186279296875,2179.186279296875,29320253.0
2026-05-21,2234.039798206278,2248.9998861406953,2224.06640625,2224.06640625,22964974.0
2026-05-22,2239.0266075388026,2253.9866962305987,2219.079822616408,2249.0,24437825.0
2026-05-25,2268.946884617661,2303.853759765625,2268.946884617661,2303.853759765625,25215869.0
2026-05-26,2313.8271699476873,2318.8138664346434,2263.960205078125,2263.960205078125,22586387.0
2026-05-27,2303.853764011549,2323.8005498471466,2283.9069781759513,2293.88037109375,31986652.0
2026-05-28,2343.7472128608388,2353.7206052559914,2263.9600736996185,2288.8935546875,36889432.0
2026-05-29,2333.773798268312,2368.680671319334,2323.80040596802,2348.73388671875,86132863.0
2026-06-01,2348.73388671875,2408.5742405205015,2343.747190568604,2348.73388671875,35023445.0
2026-06-02,2383.6408732438285,2393.6142660189075,2353.7206949185925,2373.66748046875,29610654.0
2026-06-03,2418.547607421875,2433.5076957152064,2403.587519128544,2418.547607421875,22536554.0
2026-06-04,2378.654052734375,2408.5742294983293,2378.654052734375,2378.654052734375,25054494.0
2026-06-05,2388.6274522454746,2398.600844530424,2343.7471869632004,2358.707275390625,32795780.0
2026-06-08,2224.0665041190086,2313.827035675381,2224.0665041190086,2288.8935546875,44721632.0
2026-06-09,2298.866943359375,2313.827031927874,2288.8935509803755,2298.866943359375,33252041.0
2026-06-10,2278.920177383592,2293.880266075388,2249.0,2249.0,42608467.0
2026-06-11,2240.0,2260.0,2210.0,2250.0,34790220.0
2026-06-12,2325.0,2325.0,2290.0,2310.0,21560608.0
