Date,Foreign_net,Trust_net,Dealer_net
2015-01-05,3685335.0,-752000.0,545000.0
2015-01-06,-37077081.0,-1212000.0,3307000.0
2015-01-07,1524649.0,-1341000.0,1386000.0
2015-01-08,7796623.0,86000.0,-624000.0
2015-01-09,-32026292.0,-1495000.0,-13000.0
2015-01-12,-10359626.0,-2747000.0,298000.0
2015-01-13,-8078546.0,-583000.0,559000.0
2015-01-14,-24793520.0,-413000.0,-350000.0
2015-01-15,77271.0,-495000.0,622000.0
2015-01-16,12799083.0,4403000.0,843916.0
2015-01-19,29095100.0,109000.0,-3354000.0
2015-01-20,10083215.0,432000.0,261000.0
2015-01-21,53877744.0,-141000.0,-1456000.0
2015-01-22,17467193.0,-99000.0,-55000.0
2015-01-23,53385433.0,674000.0,-412000.0
2015-01-26,22723917.0,213000.0,-257000.0
2015-01-27,32777586.0,-128000.0,-310000.0
2015-01-28,19306926.0,38000.0,-3000.0
2015-01-29,-1512754.0,-744791.0,95000.0
2015-01-30,-10169677.0,-413000.0,1356000.0
2015-02-02,4953523.0,-286000.0,350000.0
2015-02-03,5476151.0,175000.0,235000.0
2015-02-04,7472032.0,-62000.0,593936.0
2015-02-05,-5590308.0,-43000.0,304937.0
2015-02-06,-1277000.0,-4000.0,426000.0
2015-02-09,-2806925.0,-123000.0,299000.0
2015-02-10,1715930.0,-464000.0,315000.0
2015-02-11,25966705.0,142000.0,-921000.0
2015-02-12,11144179.0,-702000.0,-919000.0
2015-02-13,10709418.0,210000.0,-257000.0
2015-02-24,11348129.0,852000.0,-540000.0
2015-02-25,22167059.0,1115000.0,-1076042.0
2015-02-26,8412363.0,-763000.0,512000.0
2015-03-02,-7614497.0,732923.0,1275000.0
2015-03-03,852283.0,-500000.0,508269.0
2015-03-04,2764344.0,-207000.0,-277000.0
2015-03-05,2412825.0,-45000.0,-974042.0
2015-03-06,-7018457.0,-335000.0,2206000.0
2015-03-09,-38434019.0,239000.0,4126841.0
2015-03-10,-31922995.0,148000.0,2271000.0
2015-03-11,-10692633.0,651000.0,407000.0
2015-03-12,-3210241.0,1715900.0,-770000.0
2015-03-13,-5934230.0,541000.0,-533000.0
2015-03-16,-10693579.0,-129000.0,110000.0
2015-03-17,8139660.0,208000.0,-4257042.0
2015-03-18,22040377.0,-187000.0,-2896000.0
2015-03-19,3769365.0,255000.0,-478000.0
2015-03-20,141363.0,-751000.0,-325000.0
2015-03-23,6739506.0,-423000.0,-362000.0
2015-03-24,-3657505.0,-862000.0,-85000.0
2015-03-25,-6104845.0,-524000.0,93000.0
2015-03-26,-67850692.0,-1011000.0,5800000.0
2015-03-27,-68227466.0,-1296000.0,2558000.0
2015-03-30,-35125594.0,326000.0,154000.0
2015-03-31,-18339404.0,-81000.0,1408000.0
2015-04-01,-13460412.0,-99000.0,-161000.0
2015-04-02,3960077.0,51000.0,-1722000.0
2015-04-07,-5188864.0,-152000.0,-364000.0
2015-04-08,-11651640.0,-827000.0,698000.0
2015-04-09,-7049535.0,-698000.0,14000.0
2015-04-10,3756162.0,-560000.0,-133000.0
2015-04-13,-9382040.0,-72000.0,-82000.0
2015-04-14,-23354711.0,-448000.0,-8000.0
2015-04-15,-40331399.0,-176000.0,3284000.0
2015-04-16,11248706.0,-272000.0,979000.0
2015-04-17,-35732495.0,-2307000.0,-1794000.0
2015-04-20,-8871039.0,-434000.0,-382000.0
2015-04-21,-8372154.0,-296000.0,-258000.0
2015-04-22,624769.0,-161000.0,-279000.0
2015-04-23,15469933.0,518000.0,1288000.0
2015-04-24,88816926.0,-232000.0,-1957000.0
2015-04-27,25674798.0,-651000.0,555000.0
2015-04-28,13232865.0,-290000.0,241990.0
2015-04-29,-1665484.0,-339000.0,2187000.0
2015-04-30,-14489583.0,-100000.0,56000.0
2015-05-04,-2418138.0,54000.0,841010.0
2015-05-05,-5342696.0,18000.0,-562000.0
2015-05-06,-4789238.0,-433000.0,492000.0
2015-05-07,-1859009.0,197000.0,255000.0
2015-05-08,-192058.0,29000.0,13000.0
2015-05-11,4459001.0,-243000.0,-214000.0
2015-05-12,-1180170.0,57000.0,632000.0
2015-05-13,1659505.0,275000.0,1066000.0
2015-05-14,-4455333.0,100000.0,129000.0
2015-05-15,2083868.0,-245000.0,-1275000.0
2015-05-18,-940000.0,-553000.0,-289000.0
2015-05-19,-892972.0,-469000.0,-1193000.0
2015-05-20,164207.0,-523000.0,-613000.0
2015-05-21,-6607282.0,-638000.0,-840000.0
2015-05-22,-8668901.0,-632000.0,-136000.0
2015-05-25,306000.0,-519000.0,840000.0
2015-05-26,876591.0,0.0,-107006.0
2015-05-27,-11914299.0,-36000.0,398000.0
2015-05-28,1473529.0,-533000.0,-20000.0
2015-05-29,-6628113.0,-63000.0,1367000.0
2015-06-01,-17204800.0,-81000.0,-128000.0
2015-06-02,-5847032.0,-3335000.0,-1410994.0
2015-06-03,-1142009.0,-1284000.0,-2540000.0
2015-06-04,-22843600.0,-1162113.0,210000.0
2015-06-05,-13391031.0,-730000.0,-406000.0
2015-06-08,-28772642.0,-1174000.0,382000.0
2015-06-09,-8121491.0,-95000.0,-850000.0
2015-06-10,-14453230.0,40000.0,-30000.0
2015-06-11,-1555100.0,462000.0,-227000.0
2015-06-12,-9519538.0,-34000.0,-570342.0
2015-06-15,-9303000.0,-390000.0,88000.0
2015-06-16,-10674395.0,-212000.0,184000.0
2015-06-17,-6580782.0,-32000.0,1052000.0
2015-06-18,-11079934.0,-143000.0,1832000.0
2015-06-22,-8331351.0,-193000.0,1080000.0
2015-06-23,2084010.0,340000.0,-181000.0
2015-06-24,1355896.0,-80000.0,205000.0
2015-06-25,19630451.0,59000.0,-515704.0
2015-06-26,11716400.0,-23000.0,4465704.0
2015-06-29,-19192532.0,-202000.0,-2565000.0
2015-06-30,-67313.0,252000.0,-971000.0
2015-07-01,-5688169.0,167000.0,67000.0
2015-07-02,4784.0,-341000.0,-524000.0
2015-07-03,1203464.0,50000.0,-990001.0
2015-07-06,-6146192.0,-350000.0,-416000.0
2015-07-07,-1969872.0,-25000.0,-1233000.0
2015-07-08,-11516118.0,259000.0,-568000.0
2015-07-09,-22266980.0,-362000.0,-855000.0
2015-07-13,-7220203.0,-53000.0,921000.0
2015-07-14,-823027.0,45000.0,-1595000.0
2015-07-15,-1111964.0,628000.0,-1338000.0
2015-07-16,-9068405.0,-632000.0,811000.0
2015-07-17,22873116.0,986000.0,-2772000.0
2015-07-20,7025448.0,48000.0,-733000.0
2015-07-21,5353800.0,958000.0,-876000.0
2015-07-22,-3861719.0,400000.0,622000.0
2015-07-23,-14202274.0,367000.0,1416000.0
2015-07-24,-3414295.0,629000.0,-447000.0
2015-07-27,-19128202.0,437000.0,118000.0
2015-07-28,-14379589.0,796000.0,2034000.0
2015-07-29,7401465.0,338000.0,-1007000.0
2015-07-30,12377894.0,487000.0,-1441000.0
2015-07-31,6333598.0,257000.0,-1494000.0
2015-08-03,-15415952.0,520000.0,-858000.0
2015-08-04,-1733293.0,278000.0,4188000.0
2015-08-05,-13269659.0,195000.0,2434000.0
2015-08-06,-530181.0,-554000.0,365000.0
2015-08-07,-8120717.0,214000.0,2000.0
2015-08-10,-7135640.0,-825000.0,1320000.0
2015-08-11,22282397.0,-26000.0,-4431000.0
2015-08-12,-10023500.0,754000.0,432382.0
2015-08-13,1870686.0,-209000.0,371000.0
2015-08-14,-4307600.0,-1518000.0,296000.0
2015-08-17,1710110.0,-299000.0,-149285.0
2015-08-18,7398799.0,-100000.0,-1728000.0
2015-08-19,-4752942.0,-38000.0,-940000.0
2015-08-20,-4536988.0,-591000.0,1036000.0
2015-08-21,-13678463.0,-335000.0,-1290000.0
2015-08-24,2567954.0,5000.0,-1280000.0
2015-08-25,20933637.0,1269270.0,-2498000.0
2015-08-26,-10698644.0,849000.0,-741000.0
2015-08-27,-2342934.0,251000.0,-609000.0
2015-08-28,-665730.0,-220000.0,-480000.0
2015-08-31,9274323.0,-386000.0,-2871000.0
2015-09-01,-9943550.0,-14000.0,-1590444.0
2015-09-02,5746438.0,1054000.0,-153000.0
2015-09-03,7012600.0,54000.0,-1962000.0
2015-09-04,-29041.0,-286000.0,-977000.0
2015-09-07,-1544803.0,25000.0,134000.0
2015-09-08,-1839855.0,-139259.0,-545000.0
2015-09-09,34832447.0,291000.0,399000.0
2015-09-10,-10675736.0,-443000.0,1509000.0
2015-09-11,5179914.0,-293000.0,366000.0
2015-09-14,1495933.0,414683.0,141000.0
2015-09-15,-3397408.0,37000.0,901000.0
2015-09-16,20664503.0,630000.0,255000.0
2015-09-17,18619093.0,289940.0,500000.0
2015-09-18,7206064.0,-1854000.0,559000.0
2015-09-21,-1124272.0,-85000.0,99000.0
2015-09-22,1486888.0,-312834.0,262000.0
2015-09-23,-21083785.0,0.0,737000.0
2015-09-24,6650634.0,545000.0,-1343000.0
2015-09-25,654115.0,202000.0,81000.0
2015-09-30,19361953.0,1124000.0,-1130999.0
2015-10-01,18965529.0,295000.0,-565000.0
2015-10-02,-714541.0,216000.0,271000.0
2015-10-05,-1600911.0,-426623.0,31000.0
2015-10-06,2733120.0,802000.0,19000.0
2015-10-07,20708874.0,200000.0,-404000.0
2015-10-08,13849609.0,420000.0,2000.0
2015-10-12,10521255.0,1313000.0,500000.0
2015-10-13,7894687.0,76000.0,898000.0
2015-10-14,-5158316.0,-190804.0,383000.0
2015-10-15,23068109.0,756000.0,795000.0
2015-10-16,-2340655.0,309000.0,804000.0
2015-10-19,8561947.0,895000.0,-223000.0
2015-10-20,14142843.0,646000.0,-378000.0
2015-10-21,8801600.0,-32000.0,-174000.0
2015-10-22,2677049.0,190000.0,-337382.0
2015-10-23,17978104.0,-142000.0,-437000.0
2015-10-26,9628908.0,45000.0,-563000.0
2015-10-27,5988969.0,9000.0,-32000.0
2015-10-28,-2310264.0,74000.0,738000.0
2015-10-29,-2307867.0,121000.0,198000.0
2015-10-30,45080.0,126000.0,245000.0
2015-11-02,4818375.0,39000.0,407000.0
2015-11-03,19180586.0,359000.0,-624000.0
2015-11-04,50801919.0,861000.0,-285000.0
2015-11-05,5290742.0,113000.0,372000.0
2015-11-06,-7601713.0,-132000.0,387000.0
2015-11-09,8199189.0,364000.0,-657000.0
2015-11-10,-7657255.0,100000.0,489000.0
2015-11-11,-9237691.0,406000.0,73000.0
2015-11-12,756492.0,14000.0,-237000.0
2015-11-13,-7385236.0,76000.0,55000.0
2015-11-16,-12236487.0,-166000.0,615000.0
2015-11-17,4527437.0,348000.0,-721000.0
2015-11-18,-5649005.0,140000.0,275000.0
2015-11-19,6962397.0,-87000.0,-243801.0
2015-11-20,6525664.0,29000.0,-419000.0
2015-11-23,3468549.0,-95000.0,-148199.0
2015-11-24,899486.0,-90000.0,-378000.0
2015-11-25,3043548.0,218000.0,-13996.0
2015-11-26,10315412.0,-373000.0,147000.0
2015-11-27,-7574734.0,-380000.0,142996.0
2015-11-30,-21143405.0,103000.0,1064000.0
2015-12-01,16980237.0,-107000.0,-173000.0
2015-12-02,7522055.0,-362000.0,-293000.0
2015-12-03,1429008.0,-378000.0,274000.0
2015-12-04,-10256714.0,-141000.0,748000.0
2015-12-07,16148666.0,1217000.0,-393000.0
2015-12-08,-6039699.0,924000.0,137000.0
2015-12-09,-8202542.0,-58000.0,207500.0
2015-12-10,-10296950.0,256000.0,641000.0
2015-12-11,-7059655.0,474000.0,-326500.0
2015-12-14,-1363731.0,618603.0,-26000.0
2015-12-15,-1833551.0,122000.0,2182.0
2015-12-16,39197223.0,-371000.0,-1233000.0
2015-12-17,16088561.0,-102000.0,-134000.0
2015-12-18,5523849.0,76000.0,340818.0
2015-12-21,-4219663.0,51000.0,1685000.0
2015-12-22,2303926.0,-108000.0,-154000.0
2015-12-23,3083181.0,-39000.0,-186004.0
2015-12-24,4441882.0,-242000.0,-370000.0
2015-12-25,2844000.0,-23000.0,-48000.0
2015-12-28,4191000.0,191000.0,245000.0
2015-12-29,-932674.0,-106000.0,898000.0
2015-12-30,509076.0,72000.0,83995.0
2015-12-31,1405235.0,946000.0,-34991.0
2016-01-04,-20539366.0,406000.0,1657000.0
2016-01-05,-5964733.0,-320000.0,1082000.0
2016-01-06,-16091280.0,-555000.0,43000.0
2016-01-07,-17956013.0,-846284.0,2059000.0
2016-01-08,-980009.0,-119000.0,-198000.0
2016-01-11,-3258447.0,-218000.0,-1519000.0
2016-01-12,-7471305.0,47000.0,-390000.0
2016-01-13,6601776.0,-437000.0,-1831000.0
2016-01-14,-4135876.0,-200000.0,-778000.0
2016-01-15,24789257.0,1797000.0,-1612000.0
2016-01-18,-176830.0,1968000.0,930000.0
2016-01-19,383174.0,129000.0,258000.0
2016-01-20,-4052974.0,175000.0,-912000.0
2016-01-21,481458.0,26000.0,-1554000.0
2016-01-22,10551282.0,307000.0,-1709000.0
2016-01-25,7151923.0,-614000.0,224160.0
2016-01-26,-2592917.0,741000.0,269627.0
2016-01-27,4229579.0,207000.0,-1240000.0
2016-01-28,10733354.0,-508000.0,428151.0
2016-01-29,19855765.0,-276000.0,596004.0
2016-01-30,4234000.0,33000.0,1438000.0
2016-02-01,27192795.0,29000.0,-768000.0
2016-02-02,2436729.0,36000.0,1185058.0
2016-02-03,33448679.0,13000.0,-1411000.0
2016-02-05,-5003302.0,-559000.0,149000.0
2016-02-15,974654.0,118440.0,448000.0
2016-02-16,17004882.0,-192000.0,616500.0
2016-02-17,14081010.0,-6000.0,1802500.0
2016-02-18,35431018.0,86000.0,-595000.0
2016-02-19,10747756.0,-21000.0,841000.0
2016-02-22,14701397.0,-15000.0,-280000.0
2016-02-23,1794328.0,-60000.0,462000.0
2016-02-24,1154381.0,-96000.0,83000.0
2016-02-25,14593207.0,29000.0,-644000.0
2016-02-26,5514324.0,-398000.0,2541000.0
2016-03-01,8436253.0,161000.0,-320000.0
2016-03-02,14370787.0,789000.0,7000.0
2016-03-03,16358602.0,-64000.0,-1118000.0
2016-03-04,-264294.0,-401000.0,1405000.0
2016-03-07,-22664.0,94000.0,141000.0
2016-03-08,6524400.0,-141000.0,889000.0
2016-03-09,12206939.0,-369000.0,-625000.0
2016-03-10,14100540.0,13000.0,-1327000.0
2016-03-11,15091884.0,169000.0,-424652.0
2016-03-14,18570792.0,-375000.0,100000.0
2016-03-15,7167468.0,-386000.0,440000.0
2016-03-16,13672058.0,-186000.0,285000.0
2016-03-17,30790570.0,-380000.0,-2228000.0
2016-03-18,26230693.0,-114000.0,-539000.0
2016-03-21,12601553.0,-256000.0,313000.0
2016-03-22,4413704.0,-93000.0,770000.0
2016-03-23,10884002.0,-369000.0,-907000.0
2016-03-24,5502127.0,-598000.0,986000.0
2016-03-25,1450600.0,-371000.0,449000.0
2016-03-28,7823808.0,-615000.0,-690000.0
2016-03-29,5577375.0,-567000.0,-1489000.0
2016-03-30,14812418.0,215000.0,211000.0
2016-03-31,7986908.0,627000.0,596000.0
2016-04-01,-5720556.0,23000.0,1494615.0
2016-04-06,-15350903.0,-177000.0,3732385.0
2016-04-07,-4196243.0,-186000.0,-2289000.0
2016-04-08,-473796.0,-313000.0,-2464000.0
2016-04-11,-4344920.0,-258000.0,-279000.0
2016-04-12,-2180730.0,158000.0,-122000.0
2016-04-13,22644728.0,-467000.0,-874000.0
2016-04-14,7137356.0,-141000.0,1876000.0
2016-04-15,-3565837.0,-1062260.0,126000.0
2016-04-18,-5190492.0,-307740.0,274000.0
2016-04-19,-4567150.0,-157000.0,27000.0
2016-04-20,-10635581.0,-624000.0,421999.0
2016-04-21,11166864.0,-173000.0,-1184000.0
2016-04-22,7472655.0,-86000.0,-2240749.0
2016-04-25,2191060.0,-257000.0,59000.0
2016-04-26,1289182.0,15000.0,363000.0
2016-04-27,-6659070.0,214000.0,2868000.0
2016-04-28,-16297624.0,-273000.0,1452000.0
2016-04-29,-28496849.0,-1187000.0,2040000.0
2016-05-03,-47307028.0,-373000.0,2474000.0
2016-05-04,-26841791.0,-155000.0,1010000.0
2016-05-05,-13866417.0,74000.0,1451000.0
2016-05-06,-6136259.0,-8000.0,123000.0
2016-05-09,-10302993.0,145000.0,-905000.0
2016-05-10,-8876815.0,124107.0,444000.0
2016-05-11,-16584617.0,421938.0,-156000.0
2016-05-12,-7227830.0,-146000.0,-712000.0
2016-05-13,-33496407.0,320000.0,934000.0
2016-05-16,-9747619.0,549000.0,-77000.0
2016-05-17,-7860348.0,560000.0,-13000.0
2016-05-18,-5936544.0,73000.0,440000.0
2016-05-19,-6979647.0,277000.0,-1132000.0
2016-05-20,6171749.0,283000.0,-3769000.0
2016-05-23,13388481.0,2855000.0,48000.0
2016-05-24,-5507268.0,-272000.0,781000.0
2016-05-25,12362897.0,610000.0,-1023000.0
2016-05-26,4087200.0,125000.0,-313000.0
2016-05-27,5755565.0,331000.0,-243000.0
2016-05-30,18644659.0,-87000.0,353000.0
2016-05-31,8534596.0,-54985.0,-27000.0
2016-06-01,13012028.0,-45000.0,-620000.0
2016-06-02,6856672.0,-40000.0,-447000.0
2016-06-03,16979179.0,-171000.0,-289000.0
2016-06-04,752300.0,-708000.0,646000.0
2016-06-06,11301671.0,-105000.0,72000.0
2016-06-07,17829656.0,18466.0,536000.0
2016-06-08,19134405.0,-117000.0,-54000.0
2016-06-13,-8880858.0,-426000.0,1842000.0
2016-06-14,3633162.0,-453000.0,1950000.0
2016-06-15,5152111.0,14000.0,1996000.0
2016-06-16,-10653343.0,-258000.0,1960000.0
2016-06-17,7675581.0,-308552.0,-306250.0
2016-06-20,-365788.0,75000.0,2249240.0
2016-06-21,11665024.0,-9000.0,555000.0
2016-06-22,4326423.0,-5000.0,2583000.0
2016-06-23,1827210.0,-15000.0,2898000.0
2016-06-24,-39335522.0,-680000.0,9460000.0
2016-06-27,6303865.0,475000.0,-5051000.0
2016-06-28,13679449.0,222000.0,-1615000.0
2016-06-29,14988675.0,50000.0,-1454000.0
2016-06-30,25194860.0,-26000.0,-2767000.0
2016-07-01,23285763.0,-129000.0,-1686000.0
2016-07-04,12378788.0,-183000.0,-985000.0
2016-07-05,2103571.0,-885000.0,231000.0
2016-07-06,-11343579.0,-689000.0,1252000.0
2016-07-07,5786792.0,-169000.0,-1663000.0
2016-07-11,26151078.0,-319000.0,-5609000.0
2016-07-12,16099444.0,23000.0,-627000.0
2016-07-13,-13077151.0,-719000.0,1429000.0
2016-07-14,8311867.0,-413000.0,-2820000.0
2016-07-15,2857037.0,-1087478.0,587000.0
2016-07-18,6120983.0,-598000.0,394000.0
2016-07-19,9919986.0,-795026.0,-87000.0
2016-07-20,13025976.0,28222.0,-880000.0
2016-07-21,11740078.0,-614275.0,137000.0
2016-07-22,5743050.0,-176000.0,-1407000.0
2016-07-25,4472573.0,873000.0,-124000.0
2016-07-26,9523249.0,-66000.0,-19000.0
2016-07-27,17819000.0,-79000.0,-451000.0
2016-07-28,10860240.0,240039.0,-1166000.0
2016-07-29,-2710528.0,-258458.0,1368000.0
2016-08-01,14288330.0,222000.0,-3047995.0
2016-08-02,753143.0,-609000.0,456995.0
2016-08-03,-10019865.0,-162000.0,1717000.0
2016-08-04,1914196.0,-132686.0,-763000.0
2016-08-05,13041881.0,-361000.0,-2658002.0
2016-08-08,2520774.0,58000.0,-510000.0
2016-08-09,5246112.0,92000.0,-1136433.0
2016-08-10,2334690.0,-169000.0,108000.0
2016-08-11,-8460408.0,-370000.0,760435.0
2016-08-12,6078189.0,-244000.0,-1019000.0
2016-08-15,4621372.0,-113000.0,-330000.0
2016-08-16,-9571879.0,-297000.0,2026000.0
2016-08-17,6920611.0,-554000.0,-2411000.0
2016-08-18,2517466.0,-385000.0,738000.0
2016-08-19,-901952.0,-974000.0,-642000.0
2016-08-22,-6360414.0,-115000.0,959000.0
2016-08-23,3254321.0,-419000.0,-702000.0
2016-08-24,172819.0,-148000.0,-303000.0
2016-08-25,9355589.0,-145000.0,-285000.0
2016-08-26,447188.0,-429000.0,908000.0
2016-08-29,-2192574.0,-83000.0,97000.0
2016-08-30,-7382647.0,-243000.0,1581000.0
2016-08-31,8465803.0,-45317.0,-2932000.0
2016-09-01,-8575300.0,468902.0,704000.0
2016-09-02,2209090.0,-62000.0,-598000.0
2016-09-05,7978000.0,150000.0,114000.0
2016-09-06,6983328.0,27000.0,-717000.0
2016-09-07,7275594.0,201000.0,57578.0
2016-09-08,995421.0,-121000.0,521000.0
2016-09-09,-10503059.0,-57000.0,1943422.0
2016-09-10,-8435800.0,-70000.0,-1997274.0
2016-09-12,-22075885.0,-307000.0,2127274.0
2016-09-13,-8800412.0,-67483.0,876000.0
2016-09-14,-19242709.0,281000.0,306000.0
2016-09-19,19318196.0,291000.0,-2538510.0
2016-09-20,4152252.0,-127000.0,591510.0
2016-09-21,5964939.0,158000.0,-1626000.0
2016-09-22,8829399.0,408000.0,-645000.0
2016-09-23,6938936.0,-79000.0,-333000.0
2016-09-26,-6565331.0,-237000.0,1276000.0
2016-09-29,15260493.0,29000.0,-1045000.0
2016-09-30,-3468803.0,944946.0,580500.0
2016-10-03,5496591.0,111000.0,-527000.0
2016-10-04,2634809.0,-199000.0,312000.0
2016-10-05,1581208.0,-606000.0,1054000.0
2016-10-06,2089730.0,119000.0,-335000.0
2016-10-07,3578967.0,89000.0,-873000.0
2016-10-11,-2799233.0,164000.0,232000.0
2016-10-12,1783536.0,-237000.0,591500.0
2016-10-13,-15117332.0,-86000.0,3345000.0
2016-10-14,-10018290.0,-455000.0,-1631000.0
2016-10-17,-3801782.0,-22000.0,395000.0
2016-10-18,-1958287.0,226000.0,1100000.0
2016-10-19,9042003.0,43000.0,-926000.0
2016-10-20,5847705.0,318000.0,-934000.0
2016-10-21,-1121493.0,-95000.0,1430500.0
2016-10-24,2705706.0,286000.0,-473000.0
2016-10-25,5391382.0,-413000.0,-562500.0
2016-10-26,-5942167.0,-9000.0,1077000.0
2016-10-27,-15023109.0,74144.0,3039000.0
2016-10-28,-639758.0,120000.0,-950000.0
2016-10-31,-4010175.0,12700.0,-85000.0
2016-11-01,-63094.0,-50524.0,1108830.0
2016-11-02,-8259800.0,357006.0,630000.0
2016-11-03,-9185216.0,-212000.0,854170.0
2016-11-04,-4745089.0,-193500.0,-156000.0
2016-11-07,-483167.0,111000.0,-1583000.0
2016-11-08,-1430780.0,-137000.0,1070000.0
2016-11-09,-29870222.0,-147000.0,1041000.0
2016-11-10,-4202202.0,269000.0,2352000.0
2016-11-11,-31532935.0,224000.0,-196000.0
2016-11-14,-29711092.0,-163874.0,2092000.0
2016-11-15,-12819833.0,212867.0,-959000.0
2016-11-16,-11577244.0,257000.0,1204000.0
2016-11-17,-4890669.0,4840.0,-187000.0
2016-11-18,-9801528.0,-45000.0,979000.0
2016-11-21,-6749996.0,-184000.0,470000.0
2016-11-22,5255517.0,-10000.0,504000.0
2016-11-23,4231232.0,-550000.0,-548000.0
2016-11-24,-8209856.0,65000.0,1258999.0
2016-11-25,-2545895.0,-7000.0,1579000.0
2016-11-28,1345547.0,-246000.0,-674790.0
2016-11-29,-1547804.0,-427000.0,499178.0
2016-11-30,-1367022.0,-193000.0,-332000.0
2016-12-01,-2466156.0,-9778.0,733000.0
2016-12-02,-37222209.0,-481000.0,324000.0
2016-12-05,-11744163.0,-10000.0,-691000.0
2016-12-06,10136412.0,-141411.0,-589000.0
2016-12-07,-4075570.0,-10000.0,349000.0
2016-12-08,11435158.0,35000.0,-1973000.0
2016-12-09,7855935.0,156000.0,-941000.0
2016-12-12,-210773.0,-30000.0,170000.0
2016-12-13,3311859.0,11000.0,-638000.0
2016-12-14,6819179.0,0.0,-1188000.0
2016-12-15,1196381.0,-20000.0,-215000.0
2016-12-16,-649199.0,-207799.0,143000.0
2016-12-19,-1624720.0,153000.0,1189000.0
2016-12-20,-7953466.0,-674000.0,2256000.0
2016-12-21,-16211224.0,113000.0,4330000.0
2016-12-22,-13979769.0,-139000.0,1243000.0
2016-12-23,-13904477.0,-26000.0,508000.0
2016-12-26,-3106700.0,190000.0,366000.0
2016-12-27,-2368837.0,296000.0,-30000.0
2016-12-28,3910482.0,-10000.0,270822.0
2016-12-29,-3993928.0,-171000.0,530000.0
2016-12-30,7209829.0,-82000.0,1229835.0
2017-01-03,52137.0,-90000.0,-1193000.0
2017-01-04,-4106237.0,15000.0,-115000.0
2017-01-05,1799757.0,-537000.0,301000.0
2017-01-06,3877589.0,45000.0,-196000.0
2017-01-09,3373437.0,7000.0,-971000.0
2017-01-10,3463065.0,-330000.0,-845000.0
2017-01-11,-8874725.0,-50000.0,1535165.0
2017-01-12,12006103.0,-1047000.0,-1945000.0
2017-01-13,-12338727.0,-751000.0,-745000.0
2017-01-16,-16501081.0,-790000.0,358000.0
2017-01-17,-336719.0,-47000.0,-452765.0
2017-01-18,-1256700.0,76000.0,-858000.0
2017-01-19,-2291048.0,-213000.0,-412000.0
2017-01-20,7942539.0,-60000.0,-425000.0
2017-01-23,22455156.0,158172.0,-1970095.0
2017-01-24,30447094.0,10000.0,-1344905.0
2017-02-02,20156297.0,-23000.0,-1465000.0
2017-02-03,-2347059.0,289000.0,260000.0
2017-02-06,1452606.0,-496000.0,369000.0
2017-02-07,-860360.0,-348000.0,5000.0
2017-02-08,-15343983.0,-316400.0,1037000.0
2017-02-09,-737739.0,298000.0,-941000.0
2017-02-10,-5995146.0,524000.0,224000.0
2017-02-13,740994.0,201000.0,-564000.0
2017-02-14,-2290079.0,-82000.0,1541000.0
2017-02-15,12845935.0,16000.0,-2640000.0
2017-02-16,5381910.0,-141000.0,-952000.0
2017-02-17,5446663.0,-1046000.0,-91000.0
2017-02-18,1995000.0,-160000.0,-90000.0
2017-02-20,4865787.0,-276000.0,-177000.0
2017-02-21,15740905.0,-129000.0,225000.0
2017-02-22,6730742.0,-262000.0,365000.0
2017-02-23,14613671.0,-99000.0,610000.0
2017-02-24,4411468.0,-80000.0,-378000.0
2017-03-01,-3381826.0,-58000.0,774000.0
2017-03-02,8552621.0,9000.0,289500.0
2017-03-03,-7986785.0,-468000.0,716000.0
2017-03-06,-3886411.0,-375000.0,591000.0
2017-03-07,-3567255.0,1274000.0,-21000.0
2017-03-08,5559747.0,-506000.0,-1202000.0
2017-03-09,-6362910.0,-320000.0,784500.0
2017-03-10,-8331945.0,-72000.0,558888.0
2017-03-13,4354673.0,-136000.0,-528000.0
2017-03-14,6534291.0,-342000.0,-895000.0
2017-03-15,1643859.0,-19000.0,-278000.0
2017-03-16,19049851.0,205000.0,-410000.0
2017-03-17,14560912.0,12100.0,-262732.0
2017-03-20,4571107.0,-131000.0,-298000.0
2017-03-21,18516051.0,321000.0,-1852000.0
2017-03-22,1080123.0,-149000.0,871000.0
2017-03-23,545141.0,-38000.0,1255000.0
2017-03-24,2292161.0,-88000.0,332000.0
2017-03-27,13745790.0,-340000.0,-1041000.0
2017-03-28,20749012.0,-282000.0,-1423000.0
2017-03-29,5175088.0,394040.0,2426000.0
2017-03-30,14574008.0,-422403.0,60000.0
2017-03-31,1162946.0,-88631.0,1337000.0
2017-04-05,15250385.0,21122.0,133000.0
2017-04-06,3166566.0,-387000.0,-160000.0
2017-04-07,-1546145.0,-232000.0,-616000.0
2017-04-10,-2475829.0,-28000.0,116000.0
2017-04-11,-206958.0,-85000.0,-445000.0
2017-04-12,785866.0,117000.0,-71000.0
2017-04-13,1157253.0,35000.0,-253000.0
2017-04-14,-13283690.0,-451000.0,755000.0
2017-04-17,-10170000.0,-670000.0,228000.0
2017-04-18,-4279949.0,-79000.0,279000.0
2017-04-19,-16476063.0,-70881.0,104000.0
2017-04-20,-3050308.0,36000.0,-68000.0
2017-04-21,3772547.0,158000.0,-176000.0
2017-04-24,7260998.0,181000.0,802000.0
2017-04-25,11271072.0,27583.0,695000.0
2017-04-26,12311232.0,-25000.0,612000.0
2017-04-27,9000282.0,-7000.0,-2396000.0
2017-04-28,17353107.0,-68000.0,-1750000.0
2017-05-02,18421360.0,-465000.0,-164000.0
2017-05-03,16531367.0,-5000.0,-660000.0
2017-05-04,4306425.0,880912.0,247000.0
2017-05-05,474224.0,-35175.0,-332000.0
2017-05-08,10236386.0,-484000.0,-31000.0
2017-05-09,7361454.0,-129000.0,-2807006.0
2017-05-10,2468973.0,49000.0,638000.0
2017-05-11,10647796.0,155000.0,376000.0
2017-05-12,-22270.0,-369000.0,573000.0
2017-05-15,-2319213.0,829000.0,265000.0
2017-05-16,-860616.0,2804000.0,-39000.0
2017-05-17,2725184.0,10000.0,-1482000.0
2017-05-18,-714092.0,-125000.0,40000.0
2017-05-19,2513575.0,-57000.0,110000.0
2017-05-22,2396604.0,11000.0,77000.0
2017-05-23,3445788.0,-309000.0,552000.0
2017-05-24,-102205.0,-151000.0,317000.0
2017-05-25,6863537.0,-96000.0,210000.0
2017-05-26,1570425.0,-172000.0,211000.0
2017-05-31,-9569977.0,-108000.0,2659000.0
2017-06-01,6830234.0,-218000.0,-1373000.0
2017-06-02,9064882.0,-63000.0,-454000.0
2017-06-03,53000.0,-245000.0,290210.0
2017-06-05,9537848.0,-728000.0,-740010.0
2017-06-06,1897192.0,-628000.0,49808.0
2017-06-07,5076800.0,190000.0,256000.0
2017-06-08,8930825.0,-111000.0,-882000.0
2017-06-09,-4285362.0,11000.0,677000.0
2017-06-12,-39835695.0,23000.0,4287000.0
2017-06-13,-21602433.0,-135000.0,2183000.0
2017-06-14,-15143540.0,310000.0,-511000.0
2017-06-15,1331894.0,-668000.0,-194000.0
2017-06-16,-1017526.0,891000.0,1174000.0
2017-06-19,-14601.0,-372000.0,656000.0
2017-06-20,-1201037.0,-67536.0,-1738000.0
2017-06-21,-8751278.0,-90000.0,5337000.0
2017-06-22,543160.0,222000.0,3330000.0
2017-06-23,-14489545.0,46000.0,7123000.0
2017-06-26,14544551.0,6000.0,-7205000.0
2017-06-27,-15543142.0,-183000.0,3209000.0
2017-06-28,-13916154.0,-258456.0,128000.0
2017-06-29,-1338190.0,-120000.0,-895000.0
2017-06-30,-5350980.0,-28000.0,-354000.0
2017-07-03,309904.0,-550000.0,714000.0
2017-07-04,-6966937.0,-370000.0,-241000.0
2017-07-05,-8322805.0,81000.0,2155000.0
2017-07-06,-5485703.0,-199000.0,-390000.0
2017-07-07,-9511643.0,-891000.0,-525000.0
2017-07-10,-6370353.0,-91000.0,884000.0
2017-07-11,8012322.0,50000.0,-2358000.0
2017-07-12,-9161660.0,474327.0,25000.0
2017-07-13,4813586.0,538000.0,-1313000.0
2017-07-14,-5633446.0,78000.0,271000.0
2017-07-17,1793000.0,-192038.0,215000.0
2017-07-18,3918481.0,-648000.0,-1044000.0
2017-07-19,1170311.0,325000.0,-468000.0
2017-07-20,1959759.0,-326000.0,-330000.0
2017-07-21,-4945731.0,31000.0,60000.0
2017-07-24,-3795441.0,-135000.0,-95000.0
2017-07-25,-2790550.0,-361000.0,-781000.0
2017-07-26,-3875793.0,-438000.0,-241000.0
2017-07-27,8430414.0,-244000.0,-500000.0
2017-07-28,-9688670.0,-112000.0,-375000.0
2017-07-31,-2479611.0,-196000.0,147000.0
2017-08-01,-5763830.0,-43000.0,1121000.0
2017-08-02,11418982.0,-23000.0,-1520000.0
2017-08-03,-11200717.0,135000.0,503000.0
2017-08-04,-11353843.0,20000.0,73000.0
2017-08-07,1340885.0,58000.0,-1313000.0
2017-08-08,4420639.0,44000.0,-2048000.0
2017-08-09,-15164024.0,164000.0,449000.0
2017-08-10,-11426037.0,-353000.0,194000.0
2017-08-11,-28444776.0,-410000.0,2418000.0
2017-08-14,-8981304.0,-126000.0,-1158000.0
2017-08-15,717345.0,-91000.0,-2042000.0
2017-08-16,-4267362.0,41000.0,122000.0
2017-08-17,2473970.0,-67000.0,-336000.0
2017-08-18,-6487641.0,22000.0,804000.0
2017-08-21,-5113917.0,-67000.0,305000.0
2017-08-22,4366413.0,202000.0,154000.0
2017-08-23,4375833.0,-84000.0,-2549000.0
2017-08-24,7263145.0,-14000.0,-346000.0
2017-08-25,6463400.0,26000.0,-583000.0
2017-08-28,1402790.0,-192000.0,158000.0
2017-08-29,1496488.0,-49000.0,-391000.0
2017-08-30,9283491.0,-68000.0,-1360000.0
2017-08-31,-34371.0,9000.0,1146000.0
2017-09-01,-482476.0,-6000.0,-249000.0
2017-09-04,153538.0,-7000.0,-739000.0
2017-09-05,192768.0,-43000.0,-1390000.0
2017-09-06,386746.0,-294000.0,-2523115.0
2017-09-07,-4010000.0,100000.0,-54000.0
2017-09-08,2852809.0,-199000.0,-258000.0
2017-09-11,-308084.0,-22000.0,-64000.0
2017-09-12,7984845.0,328000.0,-192000.0
2017-09-13,-1358471.0,-103000.0,-979000.0
2017-09-14,4036181.0,222000.0,-235000.0
2017-09-15,-4919577.0,234000.0,277000.0
2017-09-18,6647273.0,-485000.0,93000.0
2017-09-19,5703733.0,-123000.0,-1163000.0
2017-09-20,2841737.0,-235000.0,-1174000.0
2017-09-21,-41119.0,55000.0,228000.0
2017-09-22,-1086610.0,-14000.0,277000.0
2017-09-25,-3373733.0,-327346.0,-289000.0
2017-09-26,-8132260.0,559000.0,283000.0
2017-09-27,-2287020.0,-86000.0,-330000.0
2017-09-28,-9578697.0,-513000.0,1012000.0
2017-09-29,8990733.0,-169000.0,-1779000.0
2017-09-30,125000.0,-60000.0,9000.0
2017-10-02,6917540.0,-63000.0,-88000.0
2017-10-03,3912760.0,-186890.0,-1383000.0
2017-10-05,4649469.0,-66000.0,-623000.0
2017-10-06,2265334.0,-366000.0,-348000.0
2017-10-11,16109303.0,-5000.0,-2249000.0
2017-10-12,15929846.0,-410000.0,-982000.0
2017-10-13,2759482.0,-239000.0,541000.0
2017-10-16,2177765.0,-123000.0,375000.0
2017-10-17,-2882091.0,-195000.0,767000.0
2017-10-18,4604667.0,-283000.0,1993000.0
2017-10-19,4506077.0,-443000.0,128000.0
2017-10-20,837297.0,167000.0,415000.0
2017-10-23,1711768.0,1921000.0,-288000.0
2017-10-24,-577263.0,-250000.0,-90000.0
2017-10-25,1439606.0,250000.0,-76000.0
2017-10-26,-2100175.0,-34000.0,-87000.0
2017-10-27,6291770.0,762000.0,-426000.0
2017-10-30,4497046.0,-174000.0,-25000.0
2017-10-31,-842253.0,-131000.0,-795000.0
2017-11-01,-4845254.0,47000.0,1177000.0
2017-11-02,-370355.0,-255848.0,-430000.0
2017-11-03,-4679037.0,-64000.0,681000.0
2017-11-06,914818.0,11000.0,-1179000.0
2017-11-07,9942381.0,207000.0,-258000.0
2017-11-08,-3343213.0,40000.0,568000.0
2017-11-09,-1823714.0,0.0,172000.0
2017-11-10,285929.0,127000.0,-622000.0
2017-11-13,-1192384.0,24000.0,-266000.0
2017-11-14,-1832296.0,-111000.0,216000.0
2017-11-15,-9988528.0,148000.0,-672000.0
2017-11-16,4883156.0,-72000.0,48000.0
2017-11-17,4661421.0,-51000.0,494000.0
2017-11-20,-2442382.0,4000.0,116000.0
2017-11-21,3518986.0,-3000.0,-12000.0
2017-11-22,2860430.0,14000.0,-306000.0
2017-11-23,-218511.0,351000.0,-145000.0
2017-11-24,2342613.0,234000.0,-385000.0
2017-11-27,-17373500.0,-338000.0,-87000.0
2017-11-28,-24625374.0,-352000.0,1472000.0
2017-11-29,-9820846.0,-365000.0,352000.0
2017-11-30,-39784218.0,-596000.0,-95000.0
2017-12-01,-9159026.0,129000.0,-955000.0
2017-12-04,-1989103.0,25000.0,-435000.0
2017-12-05,-13314914.0,-94000.0,10000.0
2017-12-06,-15875078.0,7000.0,-468000.0
2017-12-07,-15482601.0,-391000.0,143000.0
2017-12-08,-11542602.0,-177000.0,8000.0
2017-12-11,-3048224.0,-34000.0,151000.0
2017-12-12,-5642605.0,39000.0,-766000.0
2017-12-13,-3452457.0,-208000.0,168000.0
2017-12-14,2821680.0,-58000.0,527000.0
2017-12-15,-2591764.0,271000.0,-1042000.0
2017-12-18,-5003302.0,-559000.0,149000.0
2017-12-19,-8080087.0,-1879000.0,517000.0
2017-12-20,-12377476.0,-858000.0,332000.0
2017-12-21,-4323827.0,-496000.0,-221000.0
2017-12-22,607223.0,-57000.0,-58000.0
2017-12-25,798930.0,40000.0,-9000.0
2017-12-26,-2423500.0,16420.0,31000.0
2017-12-27,-4265309.0,-435000.0,336000.0
2017-12-28,1497802.0,-620000.0,278000.0
2017-12-29,7354407.0,262000.0,-601000.0
2018-01-02,9607424.0,514000.0,53000.0
2018-01-03,8838833.0,915000.0,467000.0
2018-01-04,10930245.0,47000.0,-30001.0
2018-01-05,9298675.0,23000.0,-12000.0
2018-01-08,10272239.0,148000.0,45000.0
2018-01-09,1562206.0,430000.0,-51000.0
2018-01-10,-1139474.0,450000.0,-116000.0
2018-01-11,-7078284.0,-168000.0,253000.0
2018-01-12,-4054903.0,9000.0,570000.0
2018-01-15,527101.0,-205000.0,55000.0
2018-01-16,4904258.0,-127000.0,-203000.0
2018-01-17,15831215.0,63000.0,1735000.0
2018-01-18,26344979.0,-1180000.0,788000.0
2018-01-19,22128986.0,-787000.0,132000.0
2018-01-22,2907886.0,-738000.0,-557000.0
2018-01-23,13445766.0,-24000.0,-804030.0
2018-01-24,-227029.0,-296793.0,925000.0
2018-01-25,5052118.0,39000.0,74000.0
2018-01-26,2414436.0,-1623000.0,622000.0
2018-01-29,4094801.0,52000.0,722000.0
2018-01-30,-1507849.0,-141000.0,520000.0
2018-01-31,1530442.0,30000.0,1963000.0
2018-02-01,-3882839.0,110000.0,-653000.0
2018-02-02,-6665993.0,-87000.0,-580000.0
2018-02-05,-21966551.0,-49000.0,978010.0
2018-02-06,-39209666.0,-35000.0,2811990.0
2018-02-07,-24658554.0,293000.0,-1009000.0
2018-02-08,-7827388.0,-100000.0,-385000.0
2018-02-09,-27591270.0,508000.0,-329000.0
2018-02-12,-5805178.0,-57000.0,-382000.0
2018-02-21,5629057.0,204000.0,-190000.0
2018-02-22,-913170.0,281000.0,-318000.0
2018-02-23,7799829.0,366000.0,-84000.0
2018-02-26,9602382.0,39000.0,209000.0
2018-02-27,165014.0,-32000.0,-608000.0
2018-03-01,1354885.0,15000.0,56000.0
2018-03-02,-15540243.0,24000.0,196000.0
2018-03-05,-601124.0,-47000.0,-514656.0
2018-03-06,15089413.0,-22000.0,-671191.0
2018-03-07,-3227036.0,68000.0,-119478.0
2018-03-08,2177371.0,-29000.0,514000.0
2018-03-09,-5267219.0,1000.0,471000.0
2018-03-12,3243334.0,-20000.0,602115.0
2018-03-13,11917002.0,49000.0,-36000.0
2018-03-14,-6656186.0,16000.0,433000.0
2018-03-15,-2642167.0,34000.0,408000.0
2018-03-16,1132741.0,-411000.0,646000.0
2018-03-19,6327185.0,-69000.0,-213000.0
2018-03-20,4235754.0,-103000.0,-190000.0
2018-03-21,-126150.0,-28000.0,94000.0
2018-03-22,1479221.0,-95000.0,87000.0
2018-03-23,-1721619.0,-89000.0,-833000.0
2018-03-26,-17921021.0,-72148.0,1008000.0
2018-03-27,3769052.0,-52415.0,-752000.0
2018-03-28,-7071444.0,0.0,-1342000.0
2018-03-29,-13118584.0,-29000.0,-47000.0
2018-03-30,2537980.0,98000.0,-336000.0
2018-03-31,-30000.0,-7000.0,-196000.0
2018-04-02,-2480637.0,-312000.0,-321000.0
2018-04-03,-10817947.0,48000.0,-292000.0
2018-04-09,677526.0,28000.0,856000.0
2018-04-10,-1611011.0,-142000.0,723000.0
2018-04-11,-1665681.0,-56000.0,840000.0
2018-04-12,-8626550.0,61000.0,963000.0
2018-04-13,-4124973.0,-45000.0,124000.0
2018-04-16,-4729443.0,-531000.0,-330000.0
2018-04-17,-11322342.0,-407400.0,-421000.0
2018-04-18,-4554748.0,-78000.0,-261000.0
2018-04-19,8301398.0,-296000.0,-44000.0
2018-04-20,-71035113.0,-1039754.0,754000.0
2018-04-23,-43922500.0,-108000.0,978000.0
2018-04-24,-16152689.0,254000.0,1225000.0
2018-04-25,-18670051.0,-582000.0,1084000.0
2018-04-26,-15195831.0,-93000.0,491000.0
2018-04-27,-6109438.0,86000.0,1372000.0
2018-04-30,-2740773.0,110000.0,1132000.0
2018-05-02,-11566194.0,-95000.0,258000.0
2018-05-03,-9537882.0,-1006000.0,-429000.0
2018-05-04,949420.0,-389000.0,-228000.0
2018-05-07,-7614168.0,-263874.0,-445000.0
2018-05-08,-5620890.0,-249769.0,-40000.0
2018-05-09,-986238.0,-28000.0,-604000.0
2018-05-10,-6651310.0,147000.0,-415000.0
2018-05-11,2853329.0,-359000.0,-214000.0
2018-05-14,-2908539.0,-461000.0,0.0
2018-05-15,-5284051.0,-432000.0,-430000.0
2018-05-16,650028.0,-224000.0,-222000.0
2018-05-17,-2855694.0,-509000.0,-407000.0
2018-05-18,-2884277.0,-1866000.0,55000.0
2018-05-21,2953647.0,86000.0,-308000.0
2018-05-22,4922060.0,-6000.0,-27000.0
2018-05-23,2332284.0,-262331.0,400000.0
2018-05-24,-1153223.0,18000.0,666000.0
2018-05-25,-1999684.0,-259000.0,238000.0
2018-05-28,-3411382.0,-88000.0,478000.0
2018-05-29,-11292441.0,-160000.0,-154000.0
2018-05-30,-13218840.0,-1731000.0,-331000.0
2018-05-31,-159778.0,-830000.0,-804000.0
2018-06-01,-637503.0,-127000.0,1178000.0
2018-06-04,2883118.0,-127000.0,1090000.0
2018-06-05,865327.0,-73000.0,-349000.0
2018-06-06,2049829.0,-173000.0,663000.0
2018-06-07,1233431.0,99000.0,-49000.0
2018-06-08,-5715486.0,-336000.0,777000.0
2018-06-11,-3145173.0,-739000.0,676000.0
2018-06-12,-1648478.0,-326000.0,-313000.0
2018-06-13,7264244.0,-478000.0,-269000.0
2018-06-14,-10614004.0,-1211000.0,-591000.0
2018-06-15,-8211438.0,-956000.0,-149000.0
2018-06-19,-22229885.0,-374000.0,-101000.0
2018-06-20,-11339851.0,429916.0,3252000.0
2018-06-21,-17723027.0,-450000.0,2404000.0
2018-06-22,-12197988.0,-81000.0,5674000.0
2018-06-25,-11847129.0,0.0,-4269000.0
2018-06-26,-12349346.0,-532000.0,-652000.0
2018-06-27,-4078959.0,-481000.0,-310000.0
2018-06-28,-3472313.0,0.0,-1216000.0
2018-06-29,1348530.0,-52000.0,-570000.0
2018-07-02,-721599.0,-166000.0,-94000.0
2018-07-03,516757.0,-130000.0,-530000.0
2018-07-04,2030978.0,-71000.0,287000.0
2018-07-05,-3305343.0,84000.0,-171000.0
2018-07-06,-2453194.0,-120000.0,-230000.0
2018-07-09,10490197.0,1287000.0,404000.0
2018-07-10,112284.0,662000.0,-727000.0
2018-07-11,-2752350.0,491000.0,-2320000.0
2018-07-12,-2345274.0,235000.0,114000.0
2018-07-13,3380727.0,119000.0,14000.0
2018-07-16,-2071223.0,894000.0,-1698000.0
2018-07-17,-1300386.0,1197000.0,-39000.0
2018-07-18,1638460.0,1878000.0,195000.0
2018-07-19,7754415.0,1064000.0,278000.0
2018-07-20,37401800.0,3967000.0,-1551000.0
2018-07-23,15813551.0,1799000.0,-1175000.0
2018-07-24,-589506.0,583000.0,-2000.0
2018-07-25,1661771.0,36000.0,-80000.0
2018-07-26,-1110853.0,40000.0,136000.0
2018-07-27,10263148.0,-86000.0,-254000.0
2018-07-30,5879537.0,-38000.0,-526000.0
2018-07-31,-92694.0,1827000.0,-1442000.0
2018-08-01,4787923.0,429000.0,-777000.0
2018-08-02,762377.0,387000.0,-253000.0
2018-08-03,852334.0,1739000.0,789000.0
2018-08-06,-4800701.0,724000.0,-65000.0
2018-08-07,-5304989.0,-81000.0,534000.0
2018-08-08,10694346.0,72000.0,-261000.0
2018-08-09,2745957.0,1083000.0,-168000.0
2018-08-10,-568941.0,276000.0,94000.0
2018-08-13,-5445133.0,-9000.0,-681000.0
2018-08-14,951601.0,130000.0,-362000.0
2018-08-15,2759039.0,-398000.0,-2145000.0
2018-08-16,-2205044.0,-11000.0,554000.0
2018-08-17,1049826.0,42000.0,-597000.0
2018-08-20,337189.0,-221000.0,225000.0
2018-08-21,-2154390.0,164000.0,185000.0
2018-08-22,-555630.0,62000.0,-1102000.0
2018-08-23,3104807.0,543000.0,125000.0
2018-08-24,-960979.0,202000.0,-528000.0
2018-08-27,6402307.0,44000.0,732000.0
2018-08-28,17316452.0,362000.0,174000.0
2018-08-29,27216483.0,1054000.0,-823000.0
2018-08-30,17288364.0,641000.0,-1113000.0
2018-08-31,-2168865.0,52000.0,1052000.0
2018-09-03,8344127.0,55000.0,-1389000.0
2018-09-04,1091605.0,107000.0,299000.0
2018-09-05,10053532.0,210187.0,-2061000.0
2018-09-06,2226635.0,181000.0,-487000.0
2018-09-07,11807146.0,88503.0,-1350000.0
2018-09-10,13894292.0,-354000.0,-890000.0
2018-09-11,742201.0,317000.0,1538000.0
2018-09-12,7626376.0,-191000.0,1441000.0
2018-09-13,-6887499.0,404000.0,1631000.0
2018-09-14,12051134.0,382000.0,523000.0
2018-09-17,2613796.0,856000.0,674000.0
2018-09-18,5339017.0,722000.0,17000.0
2018-09-19,18000302.0,165000.0,538000.0
2018-09-20,13889020.0,565200.0,-501000.0
2018-09-21,6299150.0,-59000.0,180000.0
2018-09-25,5016305.0,66000.0,486000.0
2018-09-26,715628.0,22000.0,-242000.0
2018-09-27,14343088.0,150000.0,-367000.0
2018-09-28,675218.0,61000.0,-1022000.0
2018-10-01,-1552453.0,-849000.0,-2000.0
2018-10-02,-19785473.0,-1151000.0,313000.0
2018-10-03,4649164.0,-1180000.0,-1496000.0
2018-10-04,-15347165.0,-116000.0,-420998.0
2018-10-05,-9140447.0,-918770.0,262001.0
2018-10-08,-23765282.0,-853000.0,1401000.0
2018-10-09,-8147154.0,-185000.0,432000.0
2018-10-11,-37208167.0,-624915.0,-446000.0
2018-10-12,-3534687.0,-584000.0,1074000.0
2018-10-15,-22615950.0,182000.0,259004.0
2018-10-16,-2356115.0,-423000.0,-993000.0
2018-10-17,-2108061.0,273000.0,-1733000.0
2018-10-18,-1985402.0,-201000.0,-548000.0
2018-10-19,-6880318.0,621000.0,-86529.0
2018-10-22,-5428814.0,651000.0,-275000.0
2018-10-23,-11240819.0,197552.0,-12995.0
2018-10-24,-16123641.0,-1042000.0,-858997.0
2018-10-25,-28609882.0,-2447.0,-990990.0
2018-10-26,2320772.0,43000.0,107003.0
2018-10-29,-217173.0,-93000.0,619000.0
2018-10-30,400083.0,147000.0,62001.0
2018-10-31,8158828.0,777000.0,-158000.0
2018-11-01,3126568.0,3000.0,-358000.0
2018-11-02,-1086072.0,154423.0,126000.0
2018-11-05,1524011.0,-20000.0,-1383000.0
2018-11-06,-1087783.0,-25000.0,-158000.0
2018-11-07,-3428981.0,247000.0,-277000.0
2018-11-08,8728088.0,64000.0,-225000.0
2018-11-09,-2782747.0,59000.0,-385000.0
2018-11-12,1707606.0,-7000.0,-341000.0
2018-11-13,-6529011.0,107000.0,495000.0
2018-11-14,-970914.0,-5000.0,-244993.0
2018-11-15,1379386.0,-65000.0,-505000.0
2018-11-16,-15563937.0,-1022448.0,1022000.0
2018-11-19,-10711598.0,-1180000.0,1104000.0
2018-11-20,-15466026.0,-710448.0,599005.0
2018-11-21,-4834310.0,-439000.0,347000.0
2018-11-22,-1041501.0,-10000.0,-1178000.0
2018-11-23,639889.0,104000.0,-267000.0
2018-11-26,5720074.0,-87000.0,-367000.0
2018-11-27,-2962948.0,62000.0,-204000.0
2018-11-28,1600445.0,-227723.0,1451000.0
2018-11-29,4158653.0,282000.0,-24000.0
2018-11-30,-5968088.0,-75000.0,891000.0
2018-12-03,8583323.0,580000.0,197000.0
2018-12-04,123348.0,601000.0,-1171000.0
2018-12-05,-8574063.0,-414000.0,-132000.0
2018-12-06,-12315660.0,74000.0,-1167000.0
2018-12-07,-3300522.0,-10000.0,1721000.0
2018-12-10,-4547411.0,-197761.0,-180000.0
2018-12-11,264061.0,20000.0,-197000.0
2018-12-12,-1834701.0,-91000.0,397000.0
2018-12-13,-1783374.0,644000.0,486000.0
2018-12-14,-7312416.0,22000.0,-1165000.0
2018-12-17,3014828.0,-35000.0,-11000.0
2018-12-18,-1770656.0,-362000.0,305000.0
2018-12-19,3155985.0,271000.0,-492000.0
2018-12-20,-10972316.0,166000.0,359785.0
2018-12-21,-1309291.0,-251000.0,-321412.0
2018-12-22,-2498000.0,13000.0,-243000.0
2018-12-24,-7491900.0,-28000.0,36000.0
2018-12-25,-5451900.0,-497631.0,-1896000.0
2018-12-26,-41000.0,-331000.0,-946000.0
2018-12-27,8966648.0,-34000.0,24000.0
2018-12-28,11279458.0,-42000.0,-1059000.0
2019-01-02,-8731192.0,9000.0,-794000.0
2019-01-03,-14632479.0,-39000.0,1043000.0
2019-01-04,-28541380.0,-2426000.0,2689000.0
2019-01-07,4157082.0,-419000.0,1055000.0
2019-01-08,745982.0,-1383000.0,-104000.0
2019-01-09,7548306.0,-414000.0,235005.0
2019-01-10,1479912.0,-256000.0,-297000.0
2019-01-11,11841708.0,359000.0,-660000.0
2019-01-14,-1850338.0,-602000.0,27000.0
2019-01-15,9853161.0,-1296766.0,-373000.0
2019-01-16,-7771709.0,-616000.0,856000.0
2019-01-17,2708884.0,62000.0,-1017399.0
2019-01-18,-13589952.0,-210000.0,1124000.0
2019-01-21,3343464.0,-414000.0,864000.0
2019-01-22,3901762.0,1163000.0,-659000.0
2019-01-23,-1366475.0,-218000.0,-448000.0
2019-01-24,2631380.0,105000.0,-153000.0
2019-01-25,15831068.0,725000.0,209000.0
2019-01-28,8851758.0,752000.0,-681000.0
2019-01-29,-9864557.0,-528000.0,972000.0
2019-01-30,-12299215.0,-149000.0,493000.0
2019-02-11,29546373.0,330000.0,-1012000.0
2019-02-12,15102587.0,933000.0,-63000.0
2019-02-13,11711486.0,-552000.0,-63000.0
2019-02-14,780738.0,-565000.0,412000.0
2019-02-15,3510232.0,-393000.0,-468000.0
2019-02-18,6688000.0,58000.0,-400000.0
2019-02-19,-644322.0,263000.0,-84000.0
2019-02-20,12371064.0,544000.0,283000.0
2019-02-21,14680088.0,-15000.0,177000.0
2019-02-22,4953831.0,60000.0,-897000.0
2019-02-25,5226699.0,123770.0,69000.0
2019-02-26,4947644.0,-220000.0,71000.0
2019-02-27,2849934.0,-184000.0,-393000.0
2019-03-04,1631956.0,-507230.0,624250.0
2019-03-05,-674286.0,-180000.0,362000.0
2019-03-06,1916001.0,-22000.0,-823000.0
2019-03-07,28577.0,-89000.0,-798000.0
2019-03-08,-9299389.0,-635000.0,220000.0
2019-03-11,-7959056.0,-219000.0,466000.0
2019-03-12,6017945.0,-42000.0,266000.0
2019-03-13,6703466.0,54000.0,-744000.0
2019-03-14,-1073060.0,70000.0,-205000.0
2019-03-15,10725377.0,-418000.0,-529000.0
2019-03-18,14930334.0,-65000.0,403000.0
2019-03-19,581577.0,-57000.0,234000.0
2019-03-20,6336800.0,37000.0,219000.0
2019-03-21,10670729.0,-64000.0,-8000.0
2019-03-22,7399348.0,281772.0,-313000.0
2019-03-25,-3595554.0,-149000.0,-536000.0
2019-03-26,2316563.0,-105000.0,-85000.0
2019-03-27,-4335088.0,351000.0,895000.0
2019-03-28,-88844.0,0.0,-155000.0
2019-03-29,3571334.0,-276000.0,-532000.0
2019-04-01,12270398.0,329140.0,763997.0
2019-04-02,6415065.0,30000.0,614000.0
2019-04-03,4838188.0,-35000.0,-171000.0
2019-04-08,21346686.0,259000.0,-107000.0
2019-04-09,4233746.0,36000.0,14000.0
2019-04-10,-2033033.0,17000.0,1607000.0
2019-04-11,-2963431.0,-65000.0,722000.0
2019-04-12,2036947.0,-31000.0,138000.0
2019-04-15,6786182.0,-22000.0,-343000.0
2019-04-16,3936165.0,-247000.0,541000.0
2019-04-17,19234055.0,-323000.0,1395000.0
2019-04-18,17986624.0,-75000.0,-908000.0
2019-04-19,15656372.0,2000.0,-381000.0
2019-04-22,9604000.0,-250197.0,-556000.0
2019-04-23,9807070.0,-42000.0,69000.0
2019-04-24,5748093.0,114000.0,-960000.0
2019-04-25,4535974.0,-276000.0,-268000.0
2019-04-26,-9696228.0,-10000.0,1122000.0
2019-04-29,6386064.0,-66000.0,345000.0
2019-04-30,6366172.0,109000.0,321000.0
2019-05-02,11474951.0,-18000.0,-959000.0
2019-05-03,11473494.0,9075.0,-22000.0
2019-05-06,-7570053.0,85000.0,364000.0
2019-05-07,-3941242.0,817956.0,388000.0
2019-05-08,-8064778.0,-88023.0,1415000.0
2019-05-09,-4699965.0,10000.0,514000.0
2019-05-10,-4181858.0,-318000.0,891000.0
2019-05-13,-4441277.0,223000.0,2441000.0
2019-05-14,-7027126.0,-68000.0,3751000.0
2019-05-15,-12236729.0,71000.0,1746000.0
2019-05-16,-9666907.0,51000.0,132000.0
2019-05-17,-10907773.0,-46000.0,1028000.0
2019-05-20,-14438149.0,-118000.0,3438000.0
2019-05-21,-38054791.0,-78000.0,4145000.0
2019-05-22,-6503556.0,47000.0,-581000.0
2019-05-23,-26885791.0,-116000.0,1545000.0
2019-05-24,-14283977.0,40000.0,-270000.0
2019-05-27,-16628748.0,-125000.0,-87000.0
2019-05-28,-8059661.0,49000.0,-56000.0
2019-05-29,-10008515.0,-344000.0,75000.0
2019-05-30,-5034719.0,-146000.0,-42000.0
2019-05-31,-3386981.0,414000.0,-645000.0
2019-06-03,5755969.0,150000.0,-156000.0
2019-06-04,-11079899.0,77000.0,1018000.0
2019-06-05,-2526457.0,-311000.0,216000.0
2019-06-06,-11105566.0,-288000.0,-653000.0
2019-06-10,10123175.0,30180.0,59000.0
2019-06-11,8089620.0,184000.0,-1278000.0
2019-06-12,4642164.0,-148430.0,-44000.0
2019-06-13,-12358808.0,-11648.0,2194000.0
2019-06-14,-12077497.0,-237000.0,2436000.0
2019-06-17,-19653282.0,-234401.0,2500000.0
2019-06-18,-2748962.0,132000.0,-214000.0
2019-06-19,11815059.0,812000.0,4080000.0
2019-06-20,3044165.0,228000.0,1107000.0
2019-06-21,14096133.0,27000.0,270000.0
2019-06-24,-9124929.0,24315.0,-3606000.0
2019-06-25,156657.0,-32000.0,-1426000.0
2019-06-26,-13786705.0,123000.0,358000.0
2019-06-27,10862976.0,471000.0,-178000.0
2019-06-28,1284523.0,195000.0,162000.0
2019-07-01,15150672.0,2440000.0,-2635000.0
2019-07-02,-365885.0,967000.0,250000.0
2019-07-03,-9801046.0,112000.0,213000.0
2019-07-04,-1666071.0,251219.0,419000.0
2019-07-05,-6592490.0,53000.0,520000.0
2019-07-08,-9758114.0,51000.0,1380000.0
2019-07-09,-6070906.0,194000.0,31000.0
2019-07-10,-991623.0,293000.0,1428000.0
2019-07-11,9642543.0,237000.0,-1315000.0
2019-07-12,9725986.0,17000.0,-834000.0
2019-07-15,5763609.0,80000.0,-349000.0
2019-07-16,5264157.0,154000.0,-345000.0
2019-07-17,-8124768.0,-8000.0,962000.0
2019-07-18,-3750533.0,61784.0,1491000.0
2019-07-19,24018181.0,403000.0,-1211000.0
2019-07-22,13598733.0,388000.0,-1196000.0
2019-07-23,12932862.0,46000.0,-456000.0
2019-07-24,6273299.0,56000.0,-2518000.0
2019-07-25,4898509.0,-229000.0,-107000.0
2019-07-26,-3566399.0,-112000.0,114000.0
2019-07-29,1111386.0,-1000.0,93000.0
2019-07-30,-8126.0,174000.0,-540000.0
2019-07-31,1486701.0,8000.0,-2546000.0
2019-08-01,-10674631.0,196000.0,1421000.0
2019-08-02,-9355365.0,-235000.0,879000.0
2019-08-05,-22095677.0,-428000.0,2291000.0
2019-08-06,-4341721.0,615000.0,852000.0
2019-08-07,-9928951.0,-424000.0,-1533000.0
2019-08-08,7480519.0,375075.0,-449000.0
2019-08-12,-3377199.0,-539000.0,-468000.0
2019-08-13,-8359100.0,-41018.0,475000.0
2019-08-14,-4057634.0,304000.0,171000.0
2019-08-15,-1862593.0,-632000.0,-288000.0
2019-08-16,-2376005.0,-73000.0,-155000.0
2019-08-19,1833273.0,232000.0,-129000.0
2019-08-20,6396374.0,56000.0,-797000.0
2019-08-21,1297146.0,38000.0,-609959.0
2019-08-22,1153340.0,1829000.0,-841000.0
2019-08-23,-1621984.0,141000.0,692000.0
2019-08-24,-5003302.0,-559000.0,149000.0
2019-08-26,-15448128.0,84000.0,118000.0
2019-08-27,-1124237.0,591000.0,-302000.0
2019-08-28,2649364.0,145000.0,-409000.0
2019-08-29,3693572.0,-6000.0,-10000.0
2019-08-30,17556634.0,50000.0,376000.0
2019-09-02,816832.0,-17000.0,533000.0
2019-09-03,-9509359.0,191000.0,1604000.0
2019-09-04,4567645.0,274000.0,1498000.0
2019-09-05,33654764.0,1002000.0,-1654000.0
2019-09-06,12059472.0,317000.0,-355000.0
2019-09-09,7890458.0,134000.0,-846000.0
2019-09-10,-1302744.0,-331000.0,1280000.0
2019-09-11,713506.0,399000.0,-813000.0
2019-09-12,4231953.0,162000.0,510000.0
2019-09-16,13512607.0,15710.0,125000.0
2019-09-17,9469502.0,87000.0,-107000.0
2019-09-18,26751264.0,-251968.0,-738000.0
2019-09-19,2463135.0,122000.0,-287000.0
2019-09-20,-571058.0,850000.0,341000.0
2019-09-23,985198.0,-136000.0,-132900.0
2019-09-24,-1405865.0,-6992.0,-724000.0
2019-09-25,3074906.0,1240000.0,-1550000.0
2019-09-26,5414550.0,719000.0,-1261000.0
2019-09-27,19172613.0,1032000.0,-190000.0
2019-10-01,26718390.0,517734.0,-487000.0
2019-10-02,5828752.0,401000.0,-366000.0
2019-10-03,-6844241.0,301000.0,819000.0
2019-10-04,-2019365.0,329000.0,432000.0
2019-10-07,386930.0,210000.0,-240000.0
2019-10-08,16431247.0,-78000.0,-899000.0
2019-10-09,-2688684.0,168000.0,-1715000.0
2019-10-14,4962287.0,155000.0,1375000.0
2019-10-15,4489875.0,-100000.0,309000.0
2019-10-16,6835400.0,-183821.0,-1777001.0
2019-10-17,-338041.0,-8775.0,979000.0
2019-10-18,6130717.0,-130000.0,-772000.0
2019-10-21,2287974.0,14000.0,840000.0
2019-10-22,10370726.0,19000.0,-164000.0
2019-10-23,1630135.0,-86136.0,-1893000.0
2019-10-24,7188509.0,-200000.0,-77000.0
2019-10-25,9997646.0,-140707.0,-104000.0
2019-10-26,-5003302.0,-559000.0,149000.0
2019-10-28,7300007.0,-388000.0,26000.0
2019-10-29,17770684.0,-237000.0,-1020000.0
2019-10-30,4348427.0,-27000.0,-260000.0
2019-10-31,8098395.0,44000.0,-436000.0
2019-11-01,6384198.0,130000.0,-34000.0
2019-11-04,7991666.0,96000.0,397000.0
2019-11-05,2847392.0,410000.0,468000.0
2019-11-06,2433557.0,359000.0,514000.0
2019-11-07,-2646762.0,971000.0,40000.0
2019-11-08,-4685741.0,820000.0,630000.0
2019-11-11,1332599.0,-271000.0,507000.0
2019-11-12,-2389727.0,132000.0,75000.0
2019-11-13,455621.0,-20000.0,-174000.0
2019-11-14,-2051235.0,54000.0,-235000.0
2019-11-15,-2801845.0,673000.0,-579000.0
2019-11-18,1888348.0,1277000.0,-386000.0
2019-11-19,12554672.0,16000.0,-770000.0
2019-11-20,-3143615.0,661000.0,-1000.0
2019-11-21,-10794651.0,651986.0,371000.0
2019-11-22,-8431973.0,-177000.0,585000.0
2019-11-25,-3720903.0,-46000.0,-774000.0
2019-11-26,-6768878.0,-105000.0,746000.0
2019-11-27,886219.0,-2000.0,750000.0
2019-11-28,3485162.0,212575.0,33000.0
2019-11-29,-11373047.0,342000.0,878000.0
2019-12-02,7443215.0,217000.0,-21000.0
2019-12-03,122535.0,-37000.0,1082000.0
2019-12-04,-2147246.0,-165000.0,469000.0
2019-12-05,14560526.0,98000.0,-762000.0
2019-12-06,1683141.0,-59000.0,-372000.0
2019-12-09,-284969.0,93000.0,659000.0
2019-12-10,-5548816.0,75000.0,264000.0
2019-12-11,3833738.0,219000.0,-871000.0
2019-12-12,9140557.0,155000.0,-906000.0
2019-12-13,5356828.0,39000.0,-1023000.0
2019-12-16,-14084741.0,-18000.0,1085000.0
2019-12-17,571694.0,86000.0,323000.0
2019-12-18,-9352607.0,295000.0,274000.0
2019-12-19,-22919106.0,61000.0,2149000.0
2019-12-20,-19675327.0,-891000.0,3114000.0
2019-12-23,3970965.0,74000.0,378000.0
2019-12-24,-837708.0,39000.0,-166000.0
2019-12-25,-572985.0,195000.0,1174000.0
2019-12-26,1760008.0,-344000.0,-333000.0
2019-12-27,4033650.0,76000.0,221000.0
2019-12-30,-3710541.0,-107000.0,-129000.0
2019-12-31,-6973111.0,-407000.0,471000.0
2020-01-02,-4756707.0,-179000.0,-17000.0
2020-01-03,2593359.0,197000.0,-1108000.0
2020-01-06,-16095109.0,-864000.0,822000.0
2020-01-07,-14354862.0,-302000.0,631000.0
2020-01-08,-791923.0,-19000.0,-423000.0
2020-01-09,10076552.0,60000.0,-682000.0
2020-01-10,1689099.0,-78000.0,-879000.0
2020-01-13,5691714.0,-236000.0,140000.0
2020-01-14,4418592.0,-262000.0,714000.0
2020-01-15,-17904441.0,-935585.0,-322990.0
2020-01-16,-24570553.0,-147000.0,2603000.0
2020-01-17,-17769387.0,-1277000.0,33000.0
2020-01-20,-3628484.0,-601000.0,1169000.0
2020-01-30,-27189332.0,-1955000.0,-1955000.0
2020-01-31,-16244982.0,-76000.0,-402000.0
2020-02-03,-10691692.0,330000.0,1309000.0
2020-02-04,6327466.0,-306000.0,-1557994.0
2020-02-05,3002912.0,-44000.0,-1427000.0
2020-02-06,1094741.0,29504.0,1274000.0
2020-02-07,-4717105.0,-145000.0,62000.0
2020-02-10,-8305677.0,-713000.0,427906.0
2020-02-11,113478.0,24000.0,-211000.0
2020-02-12,5097908.0,11000.0,819000.0
2020-02-13,2055011.0,-366000.0,-1018986.0
2020-02-14,-974730.0,-80000.0,-310000.0
2020-02-17,-5520535.0,-302000.0,52000.0
2020-02-18,-40790186.0,-554000.0,1448000.0
2020-02-19,-2712301.0,-64000.0,1858016.0
2020-02-20,-7734300.0,-355000.0,250621.0
2020-02-21,-5034993.0,-222000.0,-622000.0
2020-02-24,-26476236.0,231000.0,49025.0
2020-02-25,-12927516.0,-117000.0,1144072.0
2020-02-26,-35595467.0,246000.0,391016.0
2020-02-27,-24121810.0,235000.0,-444985.0
2020-03-02,-35931825.0,492000.0,2951000.0
2020-03-03,-4001907.0,-341000.0,-975964.0
2020-03-04,10136968.0,490000.0,-1659000.0
2020-03-05,-7424460.0,-144000.0,-746000.0
2020-03-06,-34757025.0,31000.0,-1183970.0
2020-03-09,-53912782.0,357000.0,-2123748.0
2020-03-10,-23366967.0,419000.0,1270000.0
2020-03-11,-21223033.0,114576.0,-4314986.0
2020-03-12,-38542439.0,-147000.0,-3715995.0
2020-03-13,-38614499.0,694000.0,1686000.0
2020-03-16,-41866612.0,175000.0,-5213981.0
2020-03-17,-37528459.0,458000.0,-214000.0
2020-03-18,-32424621.0,502000.0,-3879000.0
2020-03-19,-28656927.0,1413942.0,-4529000.0
2020-03-20,-14569062.0,1587053.0,-2250000.0
2020-03-23,-15773034.0,716000.0,-1328968.0
2020-03-24,17390891.0,-14000.0,-404000.0
2020-03-25,11870844.0,54000.0,-3188000.0
2020-03-26,20210187.0,-11180.0,-694000.0
2020-03-27,-5230403.0,-452000.0,-2113000.0
2020-03-30,-11924131.0,-731000.0,-11996.0
2020-03-31,9586693.0,208000.0,-1587000.0
2020-04-01,2247066.0,661000.0,-1032500.0
2020-04-06,4555159.0,-558000.0,1389000.0
2020-04-07,21623311.0,205000.0,-254000.0
2020-04-08,8738315.0,1213000.0,-1109000.0
2020-04-09,4812209.0,-123000.0,-188000.0
2020-04-10,-3791970.0,-542000.0,493000.0
2020-04-13,-5652670.0,39424.0,-1194000.0
2020-04-14,15371959.0,322000.0,945000.0
2020-04-15,-587257.0,729000.0,-2037000.0
2020-04-16,-6121837.0,301000.0,-188000.0
2020-04-17,57330985.0,2427000.0,-490000.0
2020-04-20,-1075372.0,-13000.0,-613000.0
2020-04-21,-15656239.0,-282000.0,-1675000.0
2020-04-22,-6088421.0,-323000.0,-214000.0
2020-04-23,5029317.0,-120000.0,-387000.0
2020-04-24,-566758.0,70000.0,-101000.0
2020-04-27,8459551.0,132000.0,217000.0
2020-04-28,-1499009.0,-968000.0,335000.0
2020-04-29,15525196.0,169000.0,-1392000.0
2020-04-30,13706459.0,1803000.0,628000.0
2020-05-04,-37992565.0,453000.0,-744000.0
2020-05-05,-6049289.0,27978.0,34000.0
2020-05-06,-6942896.0,360000.0,-1276000.0
2020-05-07,-3801201.0,141000.0,987000.0
2020-05-08,-10659260.0,-51000.0,476000.0
2020-05-11,1037342.0,465000.0,567000.0
2020-05-12,-30763621.0,178000.0,179007.0
2020-05-13,-7340455.0,718000.0,-88990.0
2020-05-14,-18200692.0,451000.0,43001.0
2020-05-15,8840733.0,933000.0,120000.0
2020-05-18,-42708794.0,-245000.0,-289990.0
2020-05-19,-1107509.0,1171000.0,160014.0
2020-05-20,11619915.0,150000.0,122007.0
2020-05-21,11763205.0,166000.0,808000.0
2020-05-22,-19300501.0,104000.0,97000.0
2020-05-25,-8519730.0,-41805.0,369000.0
2020-05-26,16340784.0,719000.0,199000.0
2020-05-27,4030977.0,-173000.0,-85000.0
2020-05-28,-8907.0,-439000.0,526000.0
2020-05-29,-21158953.0,-254000.0,1685000.0
2020-06-01,9081639.0,-13000.0,145000.0
2020-06-02,4214125.0,208000.0,84000.0
2020-06-03,14653481.0,376000.0,4470000.0
2020-06-04,14765966.0,405000.0,467000.0
2020-06-05,19834320.0,286000.0,768000.0
2020-06-08,11670865.0,1572000.0,-94000.0
2020-06-09,9579091.0,-363000.0,-272000.0
2020-06-10,10341600.0,-536000.0,705997.0
2020-06-11,16042170.0,-146000.0,-1404000.0
2020-06-12,4882727.0,-39000.0,958000.0
2020-06-15,-6462828.0,385000.0,-276980.0
2020-06-16,15690209.0,-97194.0,1477000.0
2020-06-17,5115067.0,-18000.0,-666000.0
2020-06-18,6577052.0,-33000.0,-2376000.0
2020-06-19,700278.0,-265000.0,-1012000.0
2020-06-22,4989243.0,-140000.0,76000.0
2020-06-23,17043066.0,491000.0,196000.0
2020-06-24,24047725.0,-167000.0,716000.0
2020-06-29,-8238227.0,760000.0,-333000.0
2020-06-30,11940581.0,-115000.0,503005.0
2020-07-01,9092857.0,122000.0,-389000.0
2020-07-02,6445063.0,472000.0,100000.0
2020-07-03,24696749.0,3316000.0,-354000.0
2020-07-06,11930066.0,-8000.0,945000.0
2020-07-07,11774916.0,-204000.0,73000.0
2020-07-08,1383424.0,-81000.0,1096000.0
2020-07-09,10482241.0,86000.0,136000.0
2020-07-10,23961649.0,24676.0,-129000.0
2020-07-13,4861593.0,-390500.0,576000.0
2020-07-14,-2445556.0,-373000.0,997000.0
2020-07-15,-2621327.0,-483356.0,-560000.0
2020-07-16,-17400046.0,-1000.0,929000.0
2020-07-17,9822412.0,682000.0,-2311000.0
2020-07-20,2319696.0,-1149000.0,-844000.0
2020-07-21,17561373.0,-370000.0,-955000.0
2020-07-22,-9216591.0,-611000.0,-605000.0
2020-07-23,-13178553.0,-121000.0,-495000.0
2020-07-24,13378496.0,50000.0,-1819985.0
2020-07-27,18817881.0,-1554369.0,864987.0
2020-07-28,-1947473.0,-1528000.0,-124008.0
2020-07-29,-7726786.0,-1767300.0,-1690000.0
2020-07-30,-663366.0,-290000.0,574000.0
2020-07-31,-15669435.0,-242000.0,962000.0
2020-08-03,-18259645.0,-122000.0,327000.0
2020-08-04,10533903.0,66000.0,-175000.0
2020-08-05,-1268923.0,114628.0,-159000.0
2020-08-06,11731480.0,62000.0,130000.0
2020-08-07,2937345.0,65000.0,-307000.0
2020-08-10,6042564.0,105000.0,412000.0
2020-08-11,-4558878.0,82000.0,-179000.0
2020-08-12,-18677773.0,254000.0,-1686000.0
2020-08-13,16852466.0,550000.0,-856000.0
2020-08-14,-3686445.0,-192000.0,155000.0
2020-08-17,12916088.0,162000.0,1348000.0
2020-08-18,8298769.0,88000.0,-95000.0
2020-08-19,-1658960.0,100418.0,-57000.0
2020-08-20,-7047938.0,-594000.0,-1647000.0
2020-08-21,9317407.0,200000.0,-132000.0
2020-08-24,2409577.0,102907.0,921000.0
2020-08-25,-2407526.0,19000.0,274000.0
2020-08-26,4211726.0,-140582.0,491000.0
2020-08-27,-7586680.0,156000.0,-605000.0
2020-08-28,-15191432.0,162000.0,670000.0
2020-08-31,-14369143.0,97470.0,137000.0
2020-09-01,7541059.0,-290841.0,-463000.0
2020-09-02,5263154.0,132000.0,-145000.0
2020-09-03,12838356.0,-1574419.0,-241000.0
2020-09-04,-18324713.0,-15000.0,530000.0
2020-09-07,-12987217.0,178000.0,86000.0
2020-09-08,1964763.0,56424.0,-241000.0
2020-09-09,-12962935.0,4000.0,70000.0
2020-09-10,12478908.0,226000.0,-435000.0
2020-09-11,4189705.0,298000.0,-368000.0
2020-09-14,-1837143.0,192000.0,385000.0
2020-09-15,737663.0,-129585.0,522000.0
2020-09-16,22603844.0,382000.0,234000.0
2020-09-17,-17732140.0,-1193482.0,-1186000.0
2020-09-18,-9884528.0,-638000.0,307000.0
2020-09-21,-14060921.0,-871242.0,-2173984.0
2020-09-22,-7555307.0,-746435.0,-1646985.0
2020-09-23,-12335891.0,-3349227.0,-2397975.0
2020-09-24,-41022505.0,279000.0,-624000.0
2020-09-25,929915.0,-392000.0,-1226000.0
2020-09-28,4102831.0,365000.0,-23000.0
2020-09-29,2194312.0,47000.0,-46000.0
2020-09-30,3215335.0,43000.0,236010.0
2020-10-05,3448086.0,10000.0,1123000.0
2020-10-06,12856058.0,96000.0,-102000.0
2020-10-07,7501149.0,20000.0,324000.0
2020-10-08,28937056.0,601000.0,134000.0
2020-10-12,17746266.0,44000.0,-92000.0
2020-10-13,12182881.0,340000.0,-219000.0
2020-10-14,-7106679.0,229000.0,-636000.0
2020-10-15,-12185725.0,124000.0,-272000.0
2020-10-16,-1885602.0,-367000.0,-1307995.0
2020-10-19,10276075.0,-139000.0,-1239000.0
2020-10-20,-2908442.0,-123000.0,-407000.0
2020-10-21,8136765.0,-48000.0,-3908000.0
2020-10-22,5687599.0,-30000.0,-602000.0
2020-10-23,-1943776.0,-21000.0,299000.0
2020-10-26,-5633632.0,-39000.0,-338000.0
2020-10-27,-7628142.0,22000.0,-727963.0
2020-10-28,-8128485.0,-180000.0,-2944460.0
2020-10-29,-21573847.0,-15000.0,-887000.0
2020-10-30,-19152274.0,-16000.0,-1379998.0
2020-11-02,-305946.0,13000.0,141410.0
2020-11-03,2538505.0,71000.0,227000.0
2020-11-04,8857643.0,122000.0,799495.0
2020-11-05,11838974.0,154000.0,-69000.0
2020-11-06,15507753.0,-117000.0,-594000.0
2020-11-09,15953439.0,-170000.0,835721.0
2020-11-10,-10994370.0,19000.0,-1133151.0
2020-11-11,4286182.0,-159000.0,2410643.0
2020-11-12,13586635.0,-79000.0,52855.0
2020-11-13,5213281.0,-649000.0,552933.0
2020-11-16,25721536.0,-179000.0,1788735.0
2020-11-17,-1109402.0,-499864.0,-1060989.0
2020-11-18,7517422.0,-122000.0,-1052000.0
2020-11-19,-15160983.0,-616000.0,646236.0
2020-11-20,-10334879.0,-25000.0,852004.0
2020-11-23,1752130.0,-37000.0,89043.0
2020-11-24,-11104459.0,105000.0,498909.0
2020-11-25,-12649311.0,-392000.0,-648974.0
2020-11-26,-6886647.0,-150000.0,466000.0
2020-11-27,-5914006.0,-194000.0,-133998.0
2020-11-30,-33426648.0,-42400.0,1225960.0
2020-12-01,587048.0,211300.0,396996.0
2020-12-02,10468733.0,106300.0,-415004.0
2020-12-03,-4884528.0,13000.0,-57000.0
2020-12-04,18731499.0,76500.0,-340482.0
2020-12-07,1319996.0,1258300.0,-409984.0
2020-12-08,1044036.0,2363000.0,-229000.0
2020-12-09,-13080875.0,1125900.0,-24266.0
2020-12-10,-12066624.0,1322500.0,-1289949.0
2020-12-11,-1661958.0,1820300.0,-553729.0
2020-12-14,-8479601.0,513600.0,-416153.0
2020-12-15,-8008469.0,837700.0,-620095.0
2020-12-16,7959625.0,363000.0,-155000.0
2020-12-17,-843488.0,-474210.0,-237773.0
2020-12-18,9050363.0,-1714490.0,-698176.0
2020-12-21,7570118.0,317000.0,-544901.0
2020-12-22,-3513566.0,78800.0,-253619.0
2020-12-23,-1945032.0,-13000.0,175000.0
2020-12-24,2236412.0,25970.0,266765.0
2020-12-25,3490555.0,-420000.0,578690.0
2020-12-28,5428881.0,26000.0,557170.0
2020-12-29,4252779.0,-88180.0,-1276000.0
2020-12-30,15638945.0,257000.0,2340998.0
2020-12-31,4607817.0,419000.0,145827.0
2021-01-04,12463306.0,-32890.0,865012.0
2021-01-05,3016404.0,178430.0,-450512.0
2021-01-06,5149667.0,105000.0,-4162805.0
2021-01-07,1499379.0,-75040.0,2060204.0
2021-01-08,313241.0,187630.0,1175881.0
2021-01-11,-7166954.0,351000.0,-432925.0
2021-01-12,-8633020.0,2164000.0,766041.0
2021-01-13,-7293545.0,-260599.0,1951223.0
2021-01-14,-31252033.0,-1843000.0,-44783.0
2021-01-15,8170075.0,20500.0,411324.0
2021-01-18,-2744506.0,668500.0,519039.0
2021-01-19,5212149.0,-106000.0,1084271.0
2021-01-20,-5455208.0,-190219.0,-651772.0
2021-01-21,-17914605.0,-1369000.0,1379690.0
2021-01-22,-61083754.0,1456000.0,2075060.0
2021-01-25,-27583471.0,2757600.0,1265496.0
2021-01-26,-15168179.0,316000.0,-2197254.0
2021-01-27,-6613444.0,348000.0,980692.0
2021-01-28,-19594988.0,637000.0,980082.0
2021-01-29,-17485131.0,103000.0,-199997.0
2021-02-01,5558610.0,31000.0,300432.0
2021-02-02,8087573.0,-298000.0,-1659906.0
2021-02-03,-3724174.0,-321000.0,-928733.0
2021-02-04,-7960926.0,19000.0,-514192.0
2021-02-05,-7061933.0,12783.0,109063.0
2021-02-17,8960286.0,138000.0,3035669.0
2021-02-18,-7916667.0,466000.0,69992.0
2021-02-19,-11759406.0,432000.0,-93628.0
2021-02-22,-2675875.0,153000.0,-278748.0
2021-02-23,-7612256.0,262000.0,-1243558.0
2021-02-24,-16155301.0,-344000.0,-1631722.0
2021-02-25,2011272.0,263000.0,-915011.0
2021-02-26,-63750696.0,1559000.0,-544033.0
2021-03-02,-2477886.0,352000.0,-671576.0
2021-03-03,-3660891.0,427000.0,3878317.0
2021-03-04,-34899375.0,526000.0,106375.0
2021-03-05,-22313095.0,1191000.0,-246272.0
2021-03-08,-10460609.0,201000.0,-18573.0
2021-03-09,-19386217.0,866000.0,1573730.0
2021-03-10,-2176817.0,73000.0,-1185061.0
2021-03-11,-1237889.0,135000.0,988385.0
2021-03-12,2517646.0,93000.0,-534007.0
2021-03-15,-2301677.0,-62000.0,-804259.0
2021-03-16,-5163026.0,35000.0,27648.0
2021-03-17,-19384014.0,15000.0,-395365.0
2021-03-18,-4449055.0,-9000.0,829387.0
2021-03-19,-22515702.0,-1171571.0,-595610.0
2021-03-22,-8762681.0,100000.0,517566.0
2021-03-23,-2348918.0,89000.0,-538594.0
2021-03-24,-60745647.0,41000.0,-833485.0
2021-03-25,-20271811.0,199000.0,67998.0
2021-03-26,6859834.0,-123000.0,71995.0
2021-03-29,8166265.0,-426820.0,-1302290.0
2021-03-30,-1041161.0,595635.0,651042.0
2021-03-31,-10094455.0,-284916.0,421001.0
2021-04-01,22568944.0,410165.0,-269505.0
2021-04-06,12581577.0,-432528.0,1126332.0
2021-04-07,3425167.0,-270000.0,285336.0
2021-04-08,3294059.0,-848000.0,851321.0
2021-04-09,6598666.0,-901000.0,362177.0
2021-04-12,-4559490.0,-109313.0,-273565.0
2021-04-13,1569025.0,-1611179.0,540978.0
2021-04-14,-1163101.0,163608.0,697277.0
2021-04-15,7487501.0,-74837.0,1382440.0
2021-04-16,-8844170.0,-1673000.0,-2439431.0
2021-04-19,-683347.0,-990493.0,-1132033.0
2021-04-20,-2677634.0,-768986.0,-277233.0
2021-04-21,-15036406.0,-481297.0,-2469375.0
2021-04-22,1634565.0,-553937.0,-457746.0
2021-04-23,9178716.0,-157016.0,-279942.0
2021-04-26,11650694.0,-983000.0,-182808.0
2021-04-27,8123870.0,-890000.0,-1139315.0
2021-04-28,-2843547.0,-311988.0,157818.0
2021-04-29,3645854.0,-191512.0,72811.0
2021-05-03,-14559640.0,-686721.0,-836275.0
2021-05-04,1157558.0,-168240.0,858496.0
2021-05-05,-3395703.0,123787.0,-1622300.0
2021-05-06,-3197877.0,331801.0,-351715.0
2021-05-07,11494163.0,192278.0,825694.0
2021-05-10,-718112.0,197139.0,-428301.0
2021-05-11,-22883254.0,1164915.0,-2323043.0
2021-05-12,-7776719.0,1809346.0,677936.0
2021-05-13,-11561160.0,371648.0,-886491.0
2021-05-14,2436628.0,792234.0,-567552.0
2021-05-17,7405461.0,601381.0,1158660.0
2021-05-18,8961233.0,246000.0,1050706.0
2021-05-19,-5855605.0,17218.0,-724313.0
2021-05-20,-2118879.0,140218.0,-1174173.0
2021-05-21,3675194.0,81000.0,131240.0
2021-05-24,576081.0,-132782.0,-790383.0
2021-05-25,12871034.0,1251000.0,-13053.0
2021-05-26,3400451.0,1163000.0,290000.0
2021-05-27,-8048379.0,1074109.0,-571674.0
2021-05-28,9166781.0,509000.0,791204.0
2021-05-31,11185145.0,-13540.0,-187430.0
2021-06-01,4246208.0,156000.0,-113010.0
2021-06-02,-455663.0,235341.0,1459790.0
2021-06-03,-2218565.0,997661.0,666848.0
2021-06-04,-2839177.0,28912.0,71446.0
2021-06-07,-1705363.0,813516.0,1019955.0
2021-06-08,-3243244.0,893000.0,739724.0
2021-06-09,-5442039.0,462000.0,-795070.0
2021-06-10,11006358.0,479000.0,576869.0
2021-06-11,11388431.0,415000.0,-207988.0
2021-06-15,5649124.0,29000.0,1220991.0
2021-06-16,-199450.0,-144077.0,3587586.0
2021-06-17,2279682.0,221000.0,-392918.0
2021-06-18,4058479.0,-3460000.0,-558081.0
2021-06-21,-27905011.0,197087.0,-1094212.0
2021-06-22,-9753175.0,-189000.0,-296489.0
2021-06-23,11537614.0,-60000.0,6290248.0
2021-06-24,2357712.0,-105000.0,242979.0
2021-06-25,3997474.0,-96000.0,592093.0
2021-06-28,-66616.0,-231000.0,259008.0
2021-06-29,11074277.0,-71000.0,106126.0
2021-06-30,5057339.0,-325000.0,255811.0
2021-07-01,1539181.0,-201000.0,-74762.0
2021-07-02,-3208841.0,-694000.0,47002.0
2021-07-05,1832386.0,-529378.0,1184309.0
2021-07-06,-49611.0,-368400.0,-193336.0
2021-07-07,2146849.0,-617000.0,-53919.0
2021-07-08,-3831173.0,-465933.0,-1102202.0
2021-07-09,-11877458.0,-5000.0,-356416.0
2021-07-12,9217053.0,67000.0,890472.0
2021-07-13,27338876.0,283789.0,1813910.0
2021-07-14,12168380.0,595000.0,679594.0
2021-07-15,3634394.0,31103.0,939683.0
2021-07-16,-29958266.0,-714000.0,-1714987.0
2021-07-19,-21917256.0,-1417000.0,-44619.0
2021-07-20,-4463994.0,-676000.0,-13502.0
2021-07-21,-6886701.0,260000.0,4063697.0
2021-07-22,11067664.0,39162.0,739067.0
2021-07-23,-5393097.0,-15250.0,281882.0
2021-07-26,-5038617.0,58000.0,79759.0
2021-07-27,-682084.0,-100000.0,609998.0
2021-07-28,-10093310.0,660617.0,1995249.0
2021-07-29,-430716.0,-79205.0,114371.0
2021-07-30,-1488238.0,-143277.0,-86433.0
2021-08-02,8374391.0,-571602.0,1329460.0
2021-08-03,9815396.0,-254573.0,-447699.0
2021-08-04,6831361.0,-295659.0,204905.0
2021-08-05,3650177.0,-1021009.0,-162530.0
2021-08-06,-609372.0,-157000.0,-774249.0
2021-08-09,891319.0,-221000.0,-268831.0
2021-08-10,2295215.0,351000.0,-364753.0
2021-08-11,4664582.0,575000.0,-54086.0
2021-08-12,-3129431.0,767000.0,418707.0
2021-08-13,-6666142.0,731000.0,240300.0
2021-08-16,2587095.0,262000.0,-352685.0
2021-08-17,-4420021.0,432000.0,-145450.0
2021-08-18,-25046393.0,856000.0,2678601.0
2021-08-19,-21991850.0,402000.0,-1014725.0
2021-08-20,-18828841.0,503553.0,82826.0
2021-08-23,-3425842.0,847000.0,815372.0
2021-08-24,3069588.0,512000.0,-360141.0
2021-08-25,6153731.0,941865.0,310786.0
2021-08-26,5777526.0,1707000.0,-13733.0
2021-08-27,10735127.0,708000.0,2734423.0
2021-08-30,19004822.0,1611000.0,774574.0
2021-08-31,24591438.0,701000.0,540875.0
2021-09-01,7478881.0,-150000.0,606228.0
2021-09-02,3547875.0,-319459.0,-71563.0
2021-09-03,28997513.0,625342.0,2686246.0
2021-09-06,17154436.0,551578.0,1589069.0
2021-09-07,-734055.0,72195.0,105814.0
2021-09-08,7198623.0,473000.0,-2372978.0
2021-09-09,-1365780.0,32000.0,725296.0
2021-09-10,2679737.0,-38000.0,412507.0
2021-09-13,-2898945.0,-36000.0,-221788.0
2021-09-14,2915814.0,41000.0,-239986.0
2021-09-15,-341252.0,778000.0,-2646435.0
2021-09-16,-4397597.0,-514000.0,-1095115.0
2021-09-17,-4388462.0,434868.0,382430.0
2021-09-22,-16229672.0,780577.0,-3168687.0
2021-09-23,-2924031.0,-7000.0,-243500.0
2021-09-24,3236993.0,54000.0,38428.0
2021-09-27,2001338.0,-158051.0,-613712.0
2021-09-28,-4408351.0,178891.0,-323894.0
2021-09-29,-24114551.0,843841.0,-4717841.0
2021-09-30,-6137731.0,848729.0,434828.0
2021-10-01,-13362828.0,699000.0,-516700.0
2021-10-04,-4932335.0,942727.0,640869.0
2021-10-05,-17262204.0,1085000.0,1534230.0
2021-10-06,-5507778.0,671000.0,-1060984.0
2021-10-07,864748.0,185000.0,2014868.0
2021-10-08,-3526238.0,126000.0,87750.0
2021-10-12,-5782477.0,475636.0,-505976.0
2021-10-13,-5249271.0,505636.0,827668.0
2021-10-14,-225560.0,313636.0,466893.0
2021-10-15,33737607.0,294636.0,591491.0
2021-10-18,-697044.0,-118884.0,456046.0
2021-10-19,5599151.0,967208.0,926066.0
2021-10-20,2929765.0,725560.0,-619783.0
2021-10-21,2585247.0,126103.0,-459306.0
2021-10-22,4166223.0,-43696.0,39366.0
2021-10-25,-760482.0,83000.0,-59774.0
2021-10-26,7332086.0,273000.0,-333119.0
2021-10-27,2316227.0,23000.0,-387050.0
2021-10-28,-1830204.0,-311000.0,-55127.0
2021-10-29,-3550821.0,-547000.0,-366525.0
2021-11-01,-1894493.0,26000.0,418709.0
2021-11-02,2514778.0,-153000.0,153607.0
2021-11-03,1723254.0,106000.0,-201812.0
2021-11-04,-4052107.0,-4000.0,154989.0
2021-11-05,22541239.0,-325000.0,49368.0
2021-11-08,4213822.0,-98000.0,-7455.0
2021-11-09,19886232.0,-156961.0,846987.0
2021-11-10,2194177.0,71000.0,245880.0
2021-11-11,-1513517.0,-387000.0,148921.0
2021-11-12,615955.0,-348000.0,298861.0
2021-11-15,2001017.0,-1156000.0,-31307.0
2021-11-16,2404253.0,251000.0,194170.0
2021-11-17,2240581.0,-394000.0,197655.0
2021-11-18,3947858.0,-423000.0,117190.0
2021-11-19,10049900.0,-313915.0,552383.0
2021-11-22,-893285.0,-68000.0,254326.0
2021-11-23,767977.0,-112000.0,-282800.0
2021-11-24,-4270208.0,-29000.0,671066.0
2021-11-25,-2039194.0,-279000.0,-286402.0
2021-11-26,-9810533.0,120000.0,-1387709.0
2021-11-29,-3026508.0,521307.0,34487.0
2021-11-30,-6956506.0,125591.0,-587220.0
2021-12-01,3960190.0,212000.0,1008275.0
2021-12-02,25421304.0,174934.0,-392034.0
2021-12-03,-942999.0,-59000.0,-217326.0
2021-12-06,-9887601.0,58000.0,-28806.0
2021-12-07,-1949654.0,-5000.0,-173613.0
2021-12-08,-99889.0,-29000.0,338679.0
2021-12-09,2055928.0,-54074.0,28868.0
2021-12-10,-611618.0,-43000.0,214414.0
2021-12-13,-3253124.0,388000.0,140658.0
2021-12-14,-6793484.0,2066198.0,-92537.0
2021-12-15,-5756918.0,634000.0,619279.0
2021-12-16,4734601.0,-30944.0,364704.0
2021-12-17,4884515.0,39000.0,-328794.0
2021-12-20,-5338715.0,67022.0,-740922.0
2021-12-21,-3430918.0,70296.0,760811.0
2021-12-22,1395245.0,-130095.0,79000.0
2021-12-23,8478383.0,-51944.0,166077.0
2021-12-24,4709650.0,-113611.0,425148.0
2021-12-27,5882396.0,-359841.0,972281.0
2021-12-28,19354945.0,481000.0,512567.0
2021-12-29,4949701.0,196174.0,923065.0
2021-12-30,-46930.0,-105177.0,359157.0
2022-01-03,32537157.0,1162044.0,2133536.0
2022-01-04,29781873.0,3970667.0,1195594.0
2022-01-05,4788430.0,601813.0,-281821.0
2022-01-06,-11445158.0,836637.0,1181956.0
2022-01-07,-10093809.0,405000.0,1176224.0
2022-01-10,-343361.0,417000.0,425242.0
2022-01-11,8261499.0,260151.0,-1005353.0
2022-01-12,15115705.0,367255.0,345599.0
2022-01-13,10859343.0,706485.0,-266047.0
2022-01-14,42593496.0,865394.0,-3179850.0
2022-01-17,19185566.0,44700.0,-318338.0
2022-01-18,-13959113.0,-30266.0,-206978.0
2022-01-19,754960.0,130820.0,-1221465.0
2022-01-20,-8405152.0,-2265000.0,668790.0
2022-01-21,-12789353.0,442000.0,348561.0
2022-01-24,4882307.0,373000.0,-781008.0
2022-01-25,-18112909.0,870000.0,-691981.0
2022-01-26,-9647174.0,923000.0,-70496.0
2022-02-07,-3939208.0,695000.0,478043.0
2022-02-08,-8741884.0,885000.0,124852.0
2022-02-09,-745149.0,-308000.0,1470540.0
2022-02-10,11052768.0,115250.0,-1243786.0
2022-02-11,3247128.0,60600.0,-117118.0
2022-02-14,-5554218.0,710000.0,3208.0
2022-02-15,-7829684.0,331000.0,-324753.0
2022-02-16,3211358.0,233000.0,-49554.0
2022-02-17,2664857.0,80000.0,322772.0
2022-02-18,-7116349.0,255000.0,507503.0
2022-02-21,-10023713.0,-7150.0,328739.0
2022-02-22,-12998848.0,1083000.0,-933387.0
2022-02-23,-19180275.0,274000.0,1492119.0
2022-02-24,-45666037.0,1080000.0,-611929.0
2022-02-25,-48556108.0,1579924.0,945514.0
2022-03-01,-25525399.0,641000.0,1378661.0
2022-03-02,-20842594.0,324000.0,1110188.0
2022-03-03,-16359674.0,77000.0,75500.0
2022-03-04,-44218803.0,292000.0,-1085109.0
2022-03-07,-59332332.0,2340000.0,-1157789.0
2022-03-08,-45542448.0,2011000.0,170587.0
2022-03-09,-28712443.0,885000.0,828505.0
2022-03-10,-5749633.0,491000.0,1195064.0
2022-03-11,-28701540.0,416000.0,714474.0
2022-03-14,-19453428.0,783000.0,552020.0
2022-03-15,-59184374.0,1315000.0,1123839.0
2022-03-16,-19087812.0,1122000.0,-302395.0
2022-03-17,20682376.0,437000.0,579920.0
2022-03-18,-1492350.0,-1483962.0,-294840.0
2022-03-21,-922053.0,372650.0,187440.0
2022-03-22,-1391938.0,346000.0,-95371.0
2022-03-23,6188040.0,-228000.0,619061.0
2022-03-24,3352889.0,-21000.0,-423147.0
2022-03-25,9215328.0,214000.0,41899.0
2022-03-28,-11744259.0,209000.0,604848.0
2022-03-29,2644380.0,414000.0,82478.0
2022-03-30,18648096.0,982000.0,1371038.0
2022-03-31,3832421.0,636000.0,-508210.0
2022-04-01,-9673896.0,240000.0,-249339.0
2022-04-06,-12253919.0,649000.0,493427.0
2022-04-07,-26076819.0,814000.0,-398828.0
2022-04-08,-15697917.0,659000.0,1150366.0
2022-04-11,-22973138.0,1233000.0,-1610805.0
2022-04-12,-7863713.0,-597000.0,152088.0
2022-04-13,3452929.0,877000.0,854911.0
2022-04-14,-1517022.0,238000.0,-131404.0
2022-04-15,-14217360.0,655000.0,-890029.0
2022-04-18,-2495444.0,1085000.0,89101.0
2022-04-19,1068711.0,-346000.0,709418.0
2022-04-20,3340795.0,-148000.0,-60744.0
2022-04-21,-2220563.0,-413000.0,660798.0
2022-04-22,-16332999.0,-1057000.0,-311290.0
2022-04-25,-23434012.0,703000.0,-949296.0
2022-04-26,-12939479.0,-17000.0,-462756.0
2022-04-27,-27820418.0,1175000.0,-162086.0
2022-04-28,-7402898.0,91000.0,355897.0
2022-04-29,-642909.0,142000.0,352906.0
2022-05-03,-3540078.0,336000.0,91888.0
2022-05-04,-2064713.0,-546000.0,22653.0
2022-05-05,1470960.0,314209.0,114395.0
2022-05-06,-10013327.0,144000.0,-581267.0
2022-05-09,-8391173.0,18000.0,-487370.0
2022-05-10,-8338043.0,-109000.0,324408.0
2022-05-11,-2923890.0,113000.0,-271831.0
2022-05-12,-11205005.0,-18000.0,-650972.0
2022-05-13,-4074521.0,120000.0,2744613.0
2022-05-16,5359662.0,310474.0,463565.0
2022-05-17,1627234.0,356000.0,1448707.0
2022-05-18,2055370.0,213000.0,-599521.0
2022-05-19,-12178256.0,-99000.0,-240392.0
2022-05-20,3715073.0,158000.0,318931.0
2022-05-23,-39078.0,47000.0,437312.0
2022-05-24,-3855413.0,1469000.0,-138546.0
2022-05-25,-3964586.0,2000.0,1985454.0
2022-05-26,-13628702.0,95000.0,67834.0
2022-05-27,4687416.0,166000.0,1098500.0
2022-05-30,13818800.0,491000.0,841609.0
2022-05-31,14405831.0,327846.0,-795174.0
2022-06-01,-4503235.0,-30000.0,-381891.0
2022-06-02,-3067349.0,-1991000.0,-300222.0
2022-06-06,-3910168.0,-69000.0,480498.0
2022-06-07,-5588568.0,-63000.0,823714.0
2022-06-08,4544412.0,-27000.0,1253987.0
2022-06-09,-2306426.0,252400.0,292878.0
2022-06-10,-14523387.0,-10700.0,257496.0
2022-06-13,-23234070.0,71000.0,-1402888.0
2022-06-14,-19466765.0,79461.0,237262.0
2022-06-15,-13779492.0,246338.0,-374031.0
2022-06-16,1619692.0,-8000.0,-1397740.0
2022-06-17,-17118179.0,-1523000.0,-770756.0
2022-06-20,-12072889.0,584000.0,-803720.0
2022-06-21,6227658.0,281100.0,3218638.0
2022-06-22,-8515837.0,312000.0,-703777.0
2022-06-23,-6892433.0,425500.0,4551221.0
2022-06-24,-2297792.0,159949.0,6514152.0
2022-06-27,7084525.0,231000.0,1914895.0
2022-06-28,-904104.0,453000.0,193632.0
2022-06-29,-3355107.0,1283000.0,-475633.0
2022-06-30,-11498838.0,-97000.0,-644401.0
2022-07-01,-10263861.0,283000.0,2853947.0
2022-07-04,-5639055.0,284000.0,3296276.0
2022-07-05,5272513.0,-59000.0,2308582.0
2022-07-06,1722360.0,-256000.0,242073.0
2022-07-07,15561863.0,352000.0,775273.0
2022-07-08,4084299.0,243500.0,-37686.0
2022-07-11,4851159.0,301000.0,-253453.0
2022-07-12,926424.0,-33500.0,-533863.0
2022-07-13,6819549.0,266500.0,2850605.0
2022-07-14,-6541287.0,616100.0,1645543.0
2022-07-15,4936961.0,304532.0,845919.0
2022-07-18,-863214.0,-120915.0,-400805.0
2022-07-19,-1169856.0,11000.0,410812.0
2022-07-20,484175.0,283655.0,114867.0
2022-07-21,6264192.0,86000.0,-41615.0
2022-07-22,6387637.0,-353701.0,-630625.0
2022-07-25,2425258.0,375188.0,-229932.0
2022-07-26,730884.0,473500.0,-325329.0
2022-07-27,3058317.0,97900.0,14553.0
2022-07-28,5337114.0,862283.0,200278.0
2022-07-29,8459923.0,568200.0,167181.0
2022-08-01,-7028303.0,1361119.0,1116308.0
2022-08-02,-9401654.0,626000.0,242942.0
2022-08-03,4487084.0,300461.0,249345.0
2022-08-04,660886.0,186782.0,-278392.0
2022-08-05,17486725.0,1096000.0,672180.0
2022-08-08,-3007090.0,320055.0,458155.0
2022-08-09,-6922040.0,254925.0,548873.0
2022-08-10,-11996253.0,418500.0,-486048.0
2022-08-11,7683096.0,236026.0,169591.0
2022-08-12,5028776.0,-30943.0,138958.0
2022-08-15,3003310.0,1843000.0,148118.0
2022-08-16,-523926.0,1200000.0,912583.0
2022-08-17,-1843200.0,361700.0,1813114.0
2022-08-18,-7954588.0,227000.0,863303.0
2022-08-19,-4041152.0,114000.0,729773.0
2022-08-22,-9165630.0,234000.0,980483.0
2022-08-23,-8208025.0,79000.0,911445.0
2022-08-24,-5571444.0,-388000.0,71914.0
2022-08-25,-354730.0,-468969.0,965967.0
2022-08-26,42178.0,77000.0,149140.0
2022-08-29,-11777285.0,-269000.0,-1810982.0
2022-08-30,-13630035.0,244310.0,472655.0
2022-08-31,965103.0,140000.0,274510.0
2022-09-01,-18601697.0,158000.0,-5153301.0
2022-09-02,-13967769.0,233000.0,188253.0
2022-09-05,-475243.0,223000.0,466491.0
2022-09-06,-1736011.0,349000.0,1332428.0
2022-09-07,-14109854.0,164000.0,-2441391.0
2022-09-08,-7299943.0,422000.0,960040.0
2022-09-12,2241220.0,25000.0,673120.0
2022-09-13,5453694.0,-389000.0,110156.0
2022-09-14,-10512823.0,582000.0,-257125.0
2022-09-15,-5715434.0,-40000.0,-296753.0
2022-09-16,-4994241.0,404500.0,-488538.0
2022-09-19,-2786480.0,413000.0,415494.0
2022-09-20,1109199.0,340000.0,475472.0
2022-09-21,-4312520.0,167000.0,1504227.0
2022-09-22,-11192896.0,86000.0,-86271.0
2022-09-23,-10977694.0,108000.0,1392312.0
2022-09-26,-5056099.0,920000.0,267171.0
2022-09-27,-5432163.0,387000.0,1444348.0
2022-09-28,-4669674.0,239000.0,454741.0
2022-09-29,-7730037.0,258000.0,1498967.0
2022-09-30,-11719281.0,-542000.0,818757.0
2022-10-03,-80327.0,-724000.0,-128965.0
2022-10-04,2474906.0,282000.0,1615544.0
2022-10-05,8010567.0,844000.0,680006.0
2022-10-06,6619256.0,397684.0,-22185.0
2022-10-07,-4395666.0,543183.0,150815.0
2022-10-11,-44694467.0,384552.0,-2328260.0
2022-10-12,-21401951.0,43000.0,1201386.0
2022-10-13,-1459120.0,543000.0,-491632.0
2022-10-14,7069071.0,170000.0,2449245.0
2022-10-17,-15681279.0,171183.0,1290469.0
2022-10-18,-1712273.0,443000.0,2150147.0
2022-10-19,-20020929.0,-1080000.0,3443206.0
2022-10-20,-8349944.0,-270136.0,449880.0
2022-10-21,-8784755.0,158000.0,902216.0
2022-10-24,-12315171.0,-123822.0,4189509.0
2022-10-25,-17700077.0,-295000.0,5103255.0
2022-10-26,5571428.0,-50400.0,4565666.0
2022-10-27,4812830.0,292000.0,541060.0
2022-10-28,-11960604.0,740157.0,-350239.0
2022-10-31,8233907.0,342463.0,362803.0
2022-11-01,-2171778.0,84532.0,1575072.0
2022-11-02,1692714.0,486369.0,369384.0
2022-11-03,-20591838.0,70083.0,270960.0
2022-11-04,-7023947.0,-15577.0,463537.0
2022-11-07,6340764.0,51000.0,294538.0
2022-11-08,13879259.0,282000.0,-1503394.0
2022-11-09,14292115.0,615330.0,-625324.0
2022-11-10,-6792955.0,248000.0,-1423745.0
2022-11-11,45794052.0,1847814.0,-4270316.0
2022-11-14,14430202.0,268000.0,-3869533.0
2022-11-15,28762685.0,890846.0,-4679547.0
2022-11-16,9669352.0,287244.0,-5164913.0
2022-11-17,-1505681.0,-88024.0,906294.0
2022-11-18,2645718.0,20176.0,-595998.0
2022-11-21,-4802589.0,14000.0,866560.0
2022-11-22,1680356.0,-192000.0,239190.0
2022-11-23,-5071602.0,321300.0,77776.0
2022-11-24,10576455.0,-153000.0,441205.0
2022-11-25,-3963763.0,-138003.0,-2563607.0
2022-11-28,-11598949.0,-548490.0,-1174887.0
2022-11-29,1097863.0,-32483.0,-186712.0
2022-11-30,8270838.0,-63860.0,-966346.0
2022-12-01,11921705.0,291000.0,-2473761.0
2022-12-02,-5943236.0,92794.0,-1941022.0
2022-12-05,-5905268.0,190000.0,-372798.0
2022-12-06,-7218406.0,-148481.0,-1008081.0
2022-12-07,-5234341.0,-84700.0,-39231.0
2022-12-08,-3133190.0,-39023.0,-1197676.0
2022-12-09,931251.0,90000.0,1395585.0
2022-12-12,-1263946.0,-7382.0,-749603.0
2022-12-13,-8604489.0,-70809.0,354736.0
2022-12-14,5149717.0,156925.0,-302322.0
2022-12-15,3461222.0,-50177.0,-419135.0
2022-12-16,-12722396.0,531124.0,-3062650.0
2022-12-19,-3017743.0,359000.0,-1075223.0
2022-12-20,-8021048.0,633973.0,-1251202.0
2022-12-21,410717.0,-413000.0,-1033470.0
2022-12-22,3091468.0,574000.0,-286592.0
2022-12-23,-13810202.0,-55000.0,-677522.0
2022-12-26,-1037654.0,-69028.0,-62155.0
2022-12-27,754649.0,61230.0,-61970.0
2022-12-28,-15629449.0,-59000.0,-1739234.0
2022-12-29,-5898837.0,-123700.0,1168332.0
2022-12-30,-165649.0,-242000.0,539790.0
2023-01-03,-1034547.0,229000.0,-53721.0
2023-01-04,-2960652.0,263000.0,993599.0
2023-01-05,6725971.0,-17000.0,-634540.0
2023-01-06,4193266.0,334000.0,1782215.0
2023-01-09,29062581.0,521668.0,991152.0
2023-01-10,13398130.0,513622.0,-615729.0
2023-01-11,-114068.0,101000.0,1134901.0
2023-01-12,5298975.0,446077.0,555645.0
2023-01-13,49026183.0,1198000.0,516717.0
2023-01-16,18938754.0,-392238.0,171840.0
2023-01-17,10959677.0,-4542411.0,696583.0
2023-01-30,80641049.0,937673.0,880408.0
2023-01-31,-13043184.0,242395.0,2514598.0
2023-02-01,9254733.0,-36042.0,439039.0
2023-02-02,20869126.0,22398.0,-710818.0
2023-02-03,16056635.0,-519262.0,-152827.0
2023-02-06,-10181535.0,588672.0,-283292.0
2023-02-07,-2729764.0,223480.0,305157.0
2023-02-08,19455261.0,301134.0,593481.0
2023-02-09,6954368.0,20480.0,62018.0
2023-02-10,14192776.0,-40200.0,-358743.0
2023-02-13,-1673756.0,330509.0,-916837.0
2023-02-14,6109104.0,1132930.0,460123.0
2023-02-15,-7965699.0,444000.0,-1262568.0
2023-02-16,3051529.0,-355200.0,943866.0
2023-02-17,-9078305.0,3909.0,-117835.0
2023-02-20,-1766552.0,-455100.0,-247630.0
2023-02-21,-2205042.0,2900.0,-308282.0
2023-02-22,-2704632.0,26381.0,-854142.0
2023-02-23,5032120.0,-328000.0,1226123.0
2023-02-24,709710.0,342818.0,-50841.0
2023-03-01,7750760.0,47900.0,-1807013.0
2023-03-02,154222.0,110456.0,-708795.0
2023-03-03,-5791773.0,1069000.0,-61768.0
2023-03-06,-62593.0,943510.0,2845632.0
2023-03-07,77176.0,1490510.0,798515.0
2023-03-08,-5027829.0,150000.0,1668753.0
2023-03-09,-205697.0,203510.0,197626.0
2023-03-10,-8137513.0,158000.0,-806093.0
2023-03-13,1478397.0,62470.0,492329.0
2023-03-14,-4624129.0,217000.0,-54721.0
2023-03-15,-2122661.0,285143.0,-1430360.0
2023-03-16,-5725796.0,171000.0,312157.0
2023-03-17,8563033.0,-1850123.0,-50544.0
2023-03-20,-1744234.0,11000.0,56870.0
2023-03-21,2379737.0,222000.0,90597.0
2023-03-22,29608266.0,184006.0,333026.0
2023-03-23,9495780.0,617005.0,-586241.0
2023-03-24,6009850.0,1972584.0,-153716.0
2023-03-27,-1238271.0,-156000.0,280184.0
2023-03-28,-1466472.0,-93016.0,-56726.0
2023-03-29,4816575.0,83817.0,-425960.0
2023-03-30,5724080.0,-99996.0,146845.0
2023-03-31,3829775.0,-84520.0,757555.0
2023-04-06,2353359.0,-29000.0,-221335.0
2023-04-07,2281374.0,44000.0,-94000.0
2023-04-10,1224023.0,-55165.0,-78588.0
2023-04-11,-1472036.0,-1225000.0,635400.0
2023-04-12,-6271725.0,-538389.0,342207.0
2023-04-13,-9289568.0,-154000.0,-202765.0
2023-04-14,3825159.0,-169000.0,304334.0
2023-04-17,1841976.0,151000.0,-182401.0
2023-04-18,-1670217.0,-261000.0,135362.0
2023-04-19,-7975427.0,-1197912.0,2393364.0
2023-04-20,111354.0,-524178.0,407888.0
2023-04-21,155971.0,-263000.0,186268.0
2023-04-24,-3146787.0,-535519.0,15451.0
2023-04-25,-17769293.0,-149800.0,-315985.0
2023-04-26,-9077254.0,403000.0,3747195.0
2023-04-27,-6968284.0,-398000.0,375801.0
2023-04-28,-881076.0,514800.0,137973.0
2023-05-02,-2159146.0,388000.0,1294376.0
2023-05-03,-4095043.0,127228.0,362707.0
2023-05-04,-1634921.0,37514.0,346694.0
2023-05-05,265025.0,-152001.0,414877.0
2023-05-08,854463.0,318523.0,106869.0
2023-05-09,6379811.0,293418.0,156463.0
2023-05-10,-7065532.0,-5673.0,192072.0
2023-05-11,-2763328.0,-35795.0,140237.0
2023-05-12,-7035462.0,93011.0,1001924.0
2023-05-15,-2527894.0,192233.0,1060400.0
2023-05-16,2405018.0,-323528.0,4427640.0
2023-05-17,16087378.0,20302.0,11898114.0
2023-05-18,18850886.0,-2179191.0,4958499.0
2023-05-19,17952491.0,-95039.0,1995735.0
2023-05-22,6069215.0,-161250.0,123363.0
2023-05-23,5899991.0,-366888.0,713522.0
2023-05-24,-611336.0,239125.0,1578149.0
2023-05-25,42422934.0,89000.0,1735086.0
2023-05-26,69215029.0,-814000.0,587444.0
2023-05-29,20509940.0,-187892.0,78759.0
2023-05-30,11458219.0,-401374.0,61955.0
2023-05-31,7888959.0,-223690.0,2533068.0
2023-06-01,-2903289.0,141697.0,295070.0
2023-06-02,8371511.0,167078.0,36962.0
2023-06-05,-2492596.0,-300385.0,-244744.0
2023-06-06,3149288.0,-342255.0,393218.0
2023-06-07,7436113.0,1450969.0,339227.0
2023-06-08,-3259815.0,-233160.0,-272205.0
2023-06-09,5015468.0,-105793.0,427270.0
2023-06-12,14441732.0,429000.0,112690.0
2023-06-13,34283682.0,-117533.0,1393139.0
2023-06-14,1725838.0,-72272.0,512051.0
2023-06-15,7471143.0,-554517.0,35928.0
2023-06-16,6401175.0,-1805383.0,234787.0
2023-06-19,-1692875.0,111846.0,-296316.0
2023-06-20,1296432.0,-763677.0,-206348.0
2023-06-21,1031096.0,-692451.0,589582.0
2023-06-26,-5693753.0,-3000.0,313582.0
2023-06-27,-5349685.0,-2005652.0,500874.0
2023-06-28,-3671775.0,-93526.0,378122.0
2023-06-29,-914538.0,-121176.0,1406945.0
2023-06-30,-2616108.0,-606911.0,648972.0
2023-07-03,2359214.0,-305135.0,1401051.0
2023-07-04,4795086.0,-1347467.0,-13098.0
2023-07-05,-840152.0,-503000.0,-1092463.0
2023-07-06,-16293697.0,-574000.0,-602775.0
2023-07-07,-3669293.0,-185468.0,-100394.0
2023-07-10,-326835.0,-67000.0,-775134.0
2023-07-11,7303599.0,173313.0,-306345.0
2023-07-12,2777445.0,1878.0,-1384600.0
2023-07-13,12625952.0,-647254.0,403163.0
2023-07-14,12484141.0,-172422.0,204480.0
2023-07-17,3744054.0,-1043871.0,-1261712.0
2023-07-18,-4055287.0,-827282.0,-349053.0
2023-07-19,733222.0,-396086.0,-878738.0
2023-07-20,-4299471.0,-68000.0,942993.0
2023-07-21,-23121548.0,219000.0,-580255.0
2023-07-24,-6013126.0,-1066930.0,-5742.0
2023-07-25,1759498.0,-386320.0,195031.0
2023-07-26,-2429250.0,-275684.0,-57401.0
2023-07-27,322089.0,-521152.0,296777.0
2023-07-28,-3008034.0,-327028.0,503987.0
2023-07-31,-3201284.0,-302990.0,499337.0
2023-08-01,878918.0,-83000.0,115199.0
2023-08-02,-5002639.0,-44000.0,-2035208.0
2023-08-04,-10797594.0,-159145.0,-356730.0
2023-08-07,-744141.0,418000.0,-239500.0
2023-08-08,-4790491.0,723117.0,-1553439.0
2023-08-09,778077.0,347891.0,154071.0
2023-08-10,-1762810.0,392000.0,-491931.0
2023-08-11,-6421221.0,217000.0,28289.0
2023-08-14,-7790368.0,1566026.0,189546.0
2023-08-15,-1000757.0,-460500.0,113082.0
2023-08-16,-8703334.0,806075.0,1504640.0
2023-08-17,1428792.0,-82775.0,486626.0
2023-08-18,-3886182.0,-1118493.0,113031.0
2023-08-21,-4893953.0,-218658.0,228094.0
2023-08-22,1748548.0,18968.0,-59541.0
2023-08-23,5054523.0,-251000.0,92057.0
2023-08-24,10141056.0,-244000.0,115633.0
2023-08-25,-11923414.0,-215218.0,-764375.0
2023-08-28,-328805.0,361697.0,-171000.0
2023-08-29,-391609.0,110267.0,143217.0
2023-08-30,1468930.0,39000.0,755785.0
2023-08-31,-5641206.0,58471.0,428864.0
2023-09-01,-2220547.0,-208521.0,273997.0
2023-09-04,546033.0,141205.0,-122540.0
2023-09-05,-4385095.0,109139.0,-24809.0
2023-09-06,-1787720.0,47535.0,-809970.0
2023-09-07,-8985902.0,-280718.0,-943473.0
2023-09-08,-9430562.0,348703.0,-38732.0
2023-09-11,-7777160.0,89040.0,-412109.0
2023-09-12,-4605150.0,827000.0,1035684.0
2023-09-13,-2390339.0,589000.0,441722.0
2023-09-14,5783708.0,128000.0,-106495.0
2023-09-15,10573587.0,-4966281.0,-827418.0
2023-09-18,-23316717.0,-39349.0,-64488.0
2023-09-19,-14437211.0,84907.0,97831.0
2023-09-20,-15230950.0,50741.0,108136.0
2023-09-21,-22163749.0,394964.0,-46658.0
2023-09-22,-15752137.0,-246000.0,1077564.0
2023-09-25,-5295782.0,67878.0,739621.0
2023-09-26,-17314683.0,221238.0,-115380.0
2023-09-27,-1096292.0,335798.0,-664176.0
2023-09-28,-2946138.0,37000.0,777850.0
2023-10-02,2184386.0,321384.0,467218.0
2023-10-03,-2604093.0,-25603.0,-75007.0
2023-10-04,-13699429.0,-16792.0,-227214.0
2023-10-05,-1231756.0,150894.0,1121096.0
2023-10-06,460661.0,908505.0,1111631.0
2023-10-11,18943305.0,288535.0,1071914.0
2023-10-12,12866071.0,888000.0,422000.0
2023-10-13,6950325.0,1392010.0,223643.0
2023-10-16,-7099206.0,1164076.0,762504.0
2023-10-17,4249925.0,1298882.0,238409.0
2023-10-18,-5541551.0,860000.0,56457.0
2023-10-19,-2111631.0,1633122.0,3164683.0
2023-10-20,17391078.0,1267166.0,-3286402.0
2023-10-23,-7843534.0,980000.0,-294726.0
2023-10-24,-3341092.0,481889.0,696924.0
2023-10-25,-370603.0,651000.0,-141817.0
2023-10-26,-12269530.0,246170.0,-1744251.0
2023-10-27,-4402461.0,1477495.0,-72834.0
2023-10-30,-9206796.0,487601.0,378253.0
2023-10-31,-8403195.0,494345.0,-358304.0
2023-11-01,-4465290.0,94726.0,364560.0
2023-11-02,10883418.0,565228.0,275104.0
2023-11-03,1332261.0,258000.0,-12956.0
2023-11-06,12831314.0,-104432.0,162899.0
2023-11-07,6470651.0,284505.0,-254936.0
2023-11-08,3873157.0,8000.0,147716.0
2023-11-09,1931904.0,142000.0,18181.0
2023-11-10,1377091.0,10000.0,-215218.0
2023-11-13,16596233.0,813000.0,108603.0
2023-11-14,8273108.0,-25000.0,1043915.0
2023-11-15,26758548.0,-683421.0,-70665.0
2023-11-16,10840497.0,105074.0,518058.0
2023-11-17,3973807.0,296124.0,134091.0
2023-11-20,1841078.0,-125436.0,269750.0
2023-11-21,17669238.0,97099.0,-772419.0
2023-11-22,-3142338.0,-477859.0,-230424.0
2023-11-23,2838043.0,-252872.0,-217773.0
2023-11-24,-1133584.0,69706.0,-117686.0
2023-11-27,-2133745.0,59033.0,-56020.0
2023-11-28,3322359.0,-98500.0,686784.0
2023-11-29,366570.0,55000.0,-553460.0
2023-11-30,4882348.0,-68021.0,-770338.0
2023-12-01,7099721.0,-611000.0,-1059614.0
2023-12-04,-5240375.0,-6377.0,10009.0
2023-12-05,-4359023.0,-1211000.0,-418598.0
2023-12-06,2000299.0,-53011.0,165382.0
2023-12-07,-2553970.0,-301037.0,-295252.0
2023-12-08,7907280.0,-826008.0,-896350.0
2023-12-11,4587476.0,-122768.0,252327.0
2023-12-12,9875778.0,-62604.0,-386902.0
2023-12-13,-118389.0,-57742.0,420138.0
2023-12-14,22223504.0,120043.0,-1037529.0
2023-12-15,14135578.0,388178.0,-902132.0
2023-12-18,3319023.0,579905.0,-828714.0
2023-12-19,6888772.0,922611.0,-2589644.0
2023-12-20,20095901.0,245000.0,-12025820.0
2023-12-21,-8061508.0,-302007.0,-269204.0
2023-12-22,9163868.0,-136216.0,-456405.0
2023-12-25,2737091.0,-392636.0,110040.0
2023-12-26,11633942.0,-317674.0,-457480.0
2023-12-27,21250133.0,-246834.0,-1288127.0
2023-12-28,13824184.0,-272096.0,-2591947.0
2023-12-29,5523736.0,226000.0,-746078.0
2024-01-02,7831725.0,759315.0,-1007971.0
2024-01-03,-7591549.0,592130.0,-249720.0
2024-01-04,78970.0,246000.0,55385.0
2024-01-05,-7850458.0,27919.0,74132.0
2024-01-08,4980491.0,418535.0,-319961.0
2024-01-09,3702448.0,1521811.0,20325.0
2024-01-10,-151757.0,-103683.0,27417.0
2024-01-11,-1546013.0,-629539.0,31540.0
2024-01-12,-2127875.0,-668400.0,194507.0
2024-01-15,405466.0,143000.0,845886.0
2024-01-16,-8039488.0,-1854000.0,1802733.0
2024-01-17,-16037803.0,396158.0,6313873.0
2024-01-18,8177446.0,751421.0,1956471.0
2024-01-19,112955983.0,1141921.0,940725.0
2024-01-22,18517948.0,-433780.0,116211.0
2024-01-23,11160280.0,-642000.0,134072.0
2024-01-24,8449757.0,-156782.0,-531023.0
2024-01-25,34188467.0,-98176.0,199089.0
2024-01-26,17905548.0,441115.0,-969884.0
2024-01-29,6523270.0,331000.0,168712.0
2024-01-30,2205192.0,-557628.0,-131406.0
2024-01-31,-6350057.0,-925992.0,1417284.0
2024-02-01,10793067.0,-187589.0,1417665.0
2024-02-02,8399778.0,-263424.0,175589.0
2024-02-05,10956584.0,-1321958.0,-852052.0
2024-02-15,42447126.0,-37766.0,465438.0
2024-02-16,-7087939.0,-312231.0,2928090.0
2024-02-19,-10732166.0,81602.0,1855375.0
2024-02-20,2641496.0,-12431.0,-1187851.0
2024-02-21,-5942125.0,39266.0,1513823.0
2024-02-22,7727574.0,37742.0,2124622.0
2024-02-23,20881297.0,-365730.0,-569903.0
2024-02-26,5092796.0,-223256.0,1521166.0
2024-02-27,4623782.0,-288371.0,-182524.0
2024-02-29,-3985499.0,-271085.0,2145927.0
2024-03-01,4708774.0,-332797.0,335048.0
2024-03-04,50093600.0,-60177.0,-129748.0
2024-03-05,7306943.0,-796642.0,-1663609.0
2024-03-06,3374327.0,-338919.0,49604.0
2024-03-07,20060739.0,-177831.0,-320750.0
2024-03-08,20820916.0,-277390.0,-338021.0
2024-03-11,-13430135.0,-234078.0,2793158.0
2024-03-12,-1987232.0,83467.0,2517157.0
2024-03-13,6897559.0,-137591.0,-1375136.0
2024-03-14,1407824.0,-415450.0,98813.0
2024-03-15,-18596787.0,-1940149.0,1504784.0
2024-03-18,243223.0,-512560.0,829388.0
2024-03-19,1436292.0,-832643.0,-1619954.0
2024-03-20,-2257637.0,-298872.0,-794799.0
2024-03-21,11868996.0,117360.0,2660344.0
2024-03-22,4023377.0,-156580.0,1309257.0
2024-03-25,-5698.0,-216770.0,672092.0
2024-03-26,4231672.0,59917.0,140003.0
2024-03-27,-3942759.0,29000.0,124237.0
2024-03-28,-6551038.0,-315269.0,46524.0
2024-03-29,7735927.0,-212888.0,-829206.0
2024-04-01,1168685.0,-844199.0,1358250.0
2024-04-02,11546891.0,14468.0,1170411.0
2024-04-03,-85194.0,-60091.0,321136.0
2024-04-08,-421994.0,-208058.0,553915.0
2024-04-09,19099664.0,586121.0,668742.0
2024-04-10,-5896070.0,189642.0,229123.0
2024-04-11,-498067.0,200.0,451346.0
2024-04-12,-2046879.0,-426975.0,-1095985.0
2024-04-15,-11842245.0,288746.0,576478.0
2024-04-16,-15290485.0,-274954.0,-393356.0
2024-04-17,-3970032.0,-76345.0,387864.0
2024-04-18,-7932898.0,-1363000.0,877230.0
2024-04-19,-55139853.0,-200136.0,-2766335.0
2024-04-22,-8303047.0,261000.0,1250275.0
2024-04-23,2979045.0,175000.0,263407.0
2024-04-24,13376452.0,-357765.0,1428814.0
2024-04-25,-9086243.0,174546.0,-83814.0
2024-04-26,15908564.0,-1413000.0,174088.0
2024-04-29,9081218.0,-182000.0,610403.0
2024-04-30,3935538.0,-214706.0,-444785.0
2024-05-02,-8855743.0,-50058.0,1737287.0
2024-05-03,13350573.0,-554351.0,-126110.0
2024-05-06,10580858.0,130717.0,844980.0
2024-05-07,16169274.0,22100.0,383916.0
2024-05-08,4113700.0,-118070.0,-109420.0
2024-05-09,-4197967.0,17826.0,1308159.0
2024-05-10,6174545.0,34488.0,2757160.0
2024-05-13,15952452.0,672532.0,-1366418.0
2024-05-14,5898935.0,-14546.0,-63223.0
2024-05-15,11229558.0,-15744.0,1277010.0
2024-05-16,7786216.0,-292496.0,2004207.0
2024-05-17,3336890.0,117392.0,610963.0
2024-05-20,-3091458.0,69631.0,1718425.0
2024-05-21,3737312.0,125534.0,238654.0
2024-05-22,12824269.0,16800.0,792605.0
2024-05-23,5217845.0,-71337.0,-227547.0
2024-05-24,1737981.0,-226600.0,-300656.0
2024-05-27,-5198414.0,-19763.0,875181.0
2024-05-28,-5623529.0,9258.0,152420.0
2024-05-29,-1418690.0,-69509.0,275452.0
2024-05-30,-14917680.0,119200.0,-442087.0
2024-05-31,-17104554.0,107480.0,225033.0
2024-06-03,7151154.0,220817.0,1050307.0
2024-06-04,-2928851.0,-91112.0,-636310.0
2024-06-05,-507935.0,500818.0,-699337.0
2024-06-06,14806274.0,793849.0,-599842.0
2024-06-07,-15384125.0,-38357.0,9805.0
2024-06-11,-7080444.0,322500.0,-80432.0
2024-06-12,10879742.0,393143.0,-134841.0
2024-06-13,6643300.0,387632.0,97358.0
2024-06-14,-3435050.0,184000.0,883727.0
2024-06-17,-6755594.0,235227.0,-53939.0
2024-06-18,6809944.0,365841.0,545646.0
2024-06-19,12774890.0,367458.0,-725232.0
2024-06-20,-8939051.0,434050.0,3283116.0
2024-06-21,-5342464.0,-1110079.0,-300064.0
2024-06-24,-21256227.0,57835.0,316444.0
2024-06-25,-3508569.0,165500.0,243833.0
2024-06-26,2052887.0,307000.0,-335521.0
2024-06-27,-2005325.0,-120000.0,430527.0
2024-06-28,423010.0,57500.0,1146261.0
2024-07-01,-862563.0,81356.0,119459.0
2024-07-02,-221660.0,189086.0,-437311.0
2024-07-03,6122608.0,304266.0,1167108.0
2024-07-04,11913189.0,243314.0,1630104.0
2024-07-05,-5217338.0,460521.0,-303189.0
2024-07-08,-4157262.0,254969.0,-82340.0
2024-07-09,-13261131.0,766466.0,66850.0
2024-07-10,-8648396.0,649900.0,-101018.0
2024-07-11,-1655224.0,695312.0,382747.0
2024-07-12,-27377506.0,809663.0,255482.0
2024-07-15,-8495995.0,51338.0,262345.0
2024-07-16,179778.0,2199500.0,-654031.0
2024-07-17,-20445218.0,789680.0,-2572502.0
2024-07-18,-35127055.0,2062261.0,1351781.0
2024-07-19,-38005355.0,418110.0,-2820659.0
2024-07-22,-5401929.0,1559969.0,2711254.0
2024-07-23,6943752.0,1096866.0,-505770.0
2024-07-26,-43660807.0,836315.0,-2338995.0
2024-07-29,9362540.0,1616224.0,-1305183.0
2024-07-30,-8897033.0,1125168.0,-242824.0
2024-07-31,-6195600.0,254864.0,-711250.0
2024-08-01,1981294.0,632493.0,-587065.0
2024-08-02,-43219694.0,1741049.0,-4671848.0
2024-08-05,-44299926.0,1801173.0,-9407201.0
2024-08-06,30590628.0,4326752.0,-703500.0
2024-08-07,7738577.0,1252684.0,101901.0
2024-08-08,-9203626.0,510198.0,-1094313.0
2024-08-09,16360825.0,145644.0,-2492253.0
2024-08-12,11269297.0,356442.0,-3046905.0
2024-08-13,2952690.0,289813.0,-72214.0
2024-08-14,7990908.0,645629.0,-948864.0
2024-08-15,959410.0,-338151.0,-1277253.0
2024-08-16,17831963.0,664435.0,1086629.0
2024-08-19,1970344.0,-91696.0,-3166436.0
2024-08-20,1370076.0,21999.0,-2287942.0
2024-08-21,-2937494.0,171000.0,-4531400.0
2024-08-22,-4175299.0,67000.0,-48132.0
2024-08-23,-4394022.0,227566.0,1370302.0
2024-08-26,-5225499.0,520000.0,575391.0
2024-08-27,-5130900.0,50700.0,338091.0
2024-08-28,-696744.0,197303.0,547442.0
2024-08-29,-21787660.0,1047000.0,-768504.0
2024-08-30,29459.0,484400.0,578177.0
2024-09-02,60996.0,-164001.0,-72005.0
2024-09-03,-781346.0,135619.0,-21026.0
2024-09-04,-49025715.0,722261.0,-5088104.0
2024-09-05,3093919.0,663891.0,-2457121.0
2024-09-06,4501869.0,434665.0,-764529.0
2024-09-09,-20677395.0,558923.0,300467.0
2024-09-10,-3603637.0,414999.0,590414.0
2024-09-11,-2131547.0,658261.0,179126.0
2024-09-12,21569759.0,70628.0,1267173.0
2024-09-13,6961676.0,49470.0,-404213.0
2024-09-16,718871.0,372315.0,-449880.0
2024-09-18,-458287.0,538931.0,-3615020.0
2024-09-19,7342480.0,386695.0,3497856.0
2024-09-20,19411826.0,376219.0,-78879.0
2024-09-23,2125267.0,71000.0,778392.0
2024-09-24,9433966.0,-73447.0,-30567.0
2024-09-25,9857313.0,176154.0,2251304.0
2024-09-26,12427341.0,113185.0,2020363.0
2024-09-27,4109200.0,51398.0,465686.0
2024-09-30,-20273280.0,-91400.0,-45320.0
2024-10-01,1485512.0,-6996.0,-12226.0
2024-10-04,3077359.0,-165753.0,-620618.0
2024-10-07,10969251.0,732000.0,2430413.0
2024-10-08,2548788.0,89621.0,-777364.0
2024-10-09,14665593.0,-16041.0,153729.0
2024-10-11,14870687.0,219116.0,403318.0
2024-10-14,-6087554.0,628311.0,715898.0
2024-10-15,11064532.0,250121.0,874916.0
2024-10-16,-16937358.0,-223637.0,1302537.0
2024-10-17,-12989638.0,586800.0,4167564.0
2024-10-18,34398114.0,-135379.0,2445281.0
2024-10-21,6577319.0,-1251989.0,338840.0
2024-10-22,-6765539.0,-79689.0,81576.0
2024-10-23,-1094175.0,-104947.0,-957883.0
2024-10-24,6230603.0,456165.0,-502629.0
2024-10-25,5544107.0,-454985.0,31122.0
2024-10-28,3220031.0,398556.0,491518.0
2024-10-29,-1955334.0,1073752.0,-711061.0
2024-10-30,-2902993.0,716936.0,53964.0
2024-11-01,-8312060.0,452314.0,-44695.0
2024-11-04,-992443.0,416819.0,-183905.0
2024-11-05,16022.0,425000.0,-848212.0
2024-11-06,-7740465.0,610465.0,-1326973.0
2024-11-07,-12284066.0,345008.0,939591.0
2024-11-08,3049825.0,388800.0,478146.0
2024-11-11,21213.0,249000.0,-3300995.0
2024-11-12,-16889558.0,165111.0,-1836691.0
2024-11-13,-15721582.0,353925.0,-1420123.0
2024-11-14,-3543729.0,486611.0,-1883705.0
2024-11-15,-1997596.0,-381895.0,-110948.0
2024-11-18,-2280388.0,715446.0,-695301.0
2024-11-19,2555333.0,478199.0,1157042.0
2024-11-20,-15851058.0,762753.0,1328469.0
2024-11-21,-12766532.0,546570.0,599129.0
2024-11-22,7435474.0,480000.0,653930.0
2024-11-25,-7172175.0,1462578.0,1288967.0
2024-11-26,-10896052.0,109515.0,-158157.0
2024-11-27,-9614041.0,-25902.0,-767559.0
2024-11-28,-2252245.0,1045677.0,-82393.0
2024-11-29,-8404415.0,443852.0,80044.0
2024-12-02,10949088.0,348109.0,-120945.0
2024-12-03,9737002.0,348000.0,22208.0
2024-12-04,11122111.0,51821.0,-335684.0
2024-12-05,9731969.0,-6622.0,-157000.0
2024-12-06,-3349059.0,-161305.0,-96282.0
2024-12-09,4752505.0,-308000.0,-4932.0
2024-12-10,-2212507.0,-18407.0,-251522.0
2024-12-11,-7276978.0,426680.0,-408235.0
2024-12-12,-635031.0,-157844.0,-93300.0
2024-12-13,-895941.0,-178626.0,-863200.0
2024-12-16,18766547.0,-108650.0,-918690.0
2024-12-17,2749984.0,-173490.0,-48037.0
2024-12-18,12563764.0,-190094.0,-908000.0
2024-12-19,-6196173.0,424691.0,315314.0
2024-12-20,-22205208.0,3414.0,499497.0
2024-12-23,17701276.0,552800.0,862212.0
2024-12-24,6112744.0,-12360.0,532047.0
2024-12-25,3798489.0,50500.0,1300813.0
2024-12-26,4192247.0,47460.0,83099.0
2024-12-27,6775200.0,-84655.0,94617.0
2024-12-30,2609704.0,-30756.0,-232797.0
2024-12-31,-6885144.0,-91474.0,161978.0
2025-01-02,-12452120.0,305820.0,-1482196.0
2025-01-03,5304347.0,364000.0,-36074.0
2025-01-06,29406484.0,113000.0,2800401.0
2025-01-07,-4269811.0,-291100.0,673608.0
2025-01-08,-12897782.0,-295560.0,989620.0
2025-01-09,-6563614.0,22314.0,2320.0
2025-01-10,-5017168.0,-203000.0,-37606.0
2025-01-13,-15739890.0,1388600.0,376510.0
2025-01-14,-745058.0,661100.0,-135140.0
2025-01-15,-11693923.0,472000.0,-156580.0
2025-01-16,12937618.0,-1819038.0,1493148.0
2025-01-17,13345675.0,-148250.0,-176947.0
2025-01-20,4160468.0,-415664.0,200357.0
2025-01-21,2371731.0,344302.0,45114.0
2025-01-22,6859554.0,74691.0,841369.0
2025-02-03,-30298256.0,2773467.0,1668661.0
2025-02-04,12194506.0,352074.0,-1044091.0
2025-02-05,5999697.0,45200.0,288958.0
2025-02-06,-47964.0,337588.0,97872.0
2025-02-07,3044685.0,14583.0,38284.0
2025-02-10,-2271028.0,-131658.0,-479144.0
2025-02-11,1228979.0,-353250.0,-292092.0
2025-02-12,212782.0,-19000.0,-346826.0
2025-02-13,-10884949.0,454242.0,1117370.0
2025-02-14,-20970710.0,-91412.0,34504.0
2025-02-17,9679786.0,-300662.0,260331.0
2025-02-18,4529391.0,-374969.0,-247463.0
2025-02-19,-297991.0,-31000.0,-1631328.0
2025-02-20,-4496115.0,-131186.0,180671.0
2025-02-21,1361889.0,116000.0,48113.0
2025-02-24,-9785340.0,132750.0,101503.0
2025-02-25,-22160997.0,559663.0,-169754.0
2025-02-26,-7310486.0,867863.0,57421.0
2025-02-27,-17445514.0,123353.0,329050.0
2025-03-03,-19728429.0,2325902.0,1849727.0
2025-03-04,-27264642.0,1185449.0,384848.0
2025-03-05,-3679053.0,912750.0,-638444.0
2025-03-06,-8976221.0,680500.0,256377.0
2025-03-07,-8197772.0,285000.0,-222809.0
2025-03-10,-12944822.0,697481.0,-1176440.0
2025-03-11,-18727128.0,967440.0,-799590.0
2025-03-12,773290.0,1405509.0,-2359201.0
2025-03-13,-7843262.0,305000.0,405753.0
2025-03-14,-6822694.0,616479.0,917106.0
2025-03-17,-1003547.0,626755.0,460685.0
2025-03-18,-3613510.0,-429343.0,779810.0
2025-03-19,-13682567.0,-10149.0,825711.0
2025-03-20,11701525.0,-286249.0,656627.0
2025-03-21,-4150236.0,-790492.0,228743.0
2025-03-24,1081313.0,283003.0,225964.0
2025-03-25,9265653.0,73751.0,162094.0
2025-03-26,-5262485.0,366000.0,941506.0
2025-03-27,-19331539.0,317194.0,408675.0
2025-03-28,-6409409.0,-159000.0,-353379.0
2025-03-31,-23331864.0,1011187.0,-332422.0
2025-04-01,2248925.0,1233000.0,-739628.0
2025-04-02,347004.0,280128.0,-102001.0
2025-04-07,1621573.0,-133000.0,-880698.0
2025-04-08,-36298012.0,1357734.0,345618.0
2025-04-09,-33152994.0,373056.0,-88622.0
2025-04-10,1230544.0,-34745.0,302236.0
2025-04-11,14689955.0,1946088.0,-1112831.0
2025-04-14,-12576540.0,379414.0,-5783574.0
2025-04-15,3827565.0,622132.0,-2039025.0
2025-04-16,-7458416.0,-15960.0,-5085503.0
2025-04-17,-9119501.0,-374000.0,638319.0
2025-04-18,-7123379.0,-75000.0,-13564.0
2025-04-21,-1521663.0,11000.0,-330058.0
2025-04-22,-7156439.0,-256000.0,-150089.0
2025-04-23,17523029.0,28556.0,-800970.0
2025-04-24,4124920.0,-156765.0,-1236727.0
2025-04-25,11566185.0,806293.0,223274.0
2025-04-28,8675222.0,278404.0,-250045.0
2025-04-29,7403917.0,104321.0,-61845.0
2025-04-30,11772808.0,-3750.0,-2462615.0
2025-05-02,25711930.0,282420.0,-402655.0
2025-05-05,13643152.0,-181047.0,-3685673.0
2025-05-06,-2918728.0,370922.0,-3462888.0
2025-05-07,5017677.0,99520.0,-3150652.0
2025-05-08,-3055598.0,-79205.0,-934176.0
2025-05-09,14504820.0,358259.0,-524171.0
2025-05-12,4601543.0,304804.0,-1562886.0
2025-05-13,6730089.0,267634.0,-75145.0
2025-05-14,17528046.0,323000.0,4055494.0
2025-05-15,1603670.0,491562.0,-339195.0
2025-05-16,1082341.0,133618.0,-295789.0
2025-05-19,-3141129.0,-80066.0,-148245.0
2025-05-20,1243786.0,105338.0,945617.0
2025-05-21,9085105.0,257000.0,838384.0
2025-05-22,1140721.0,-77302.0,-1748816.0
2025-05-23,4066298.0,18300.0,-1428140.0
2025-05-26,8802632.0,-117063.0,-2777407.0
2025-05-27,-795716.0,-10572.0,-2255962.0
2025-05-28,7187838.0,-26000.0,86693.0
2025-05-29,-2825430.0,-17250.0,2257961.0
2025-06-02,-13196500.0,23597.0,-586133.0
2025-06-03,-655843.0,146084.0,-353695.0
2025-06-04,15827129.0,478568.0,462421.0
2025-06-05,9823474.0,689481.0,-725243.0
2025-06-06,1004191.0,237750.0,165088.0
2025-06-09,5689257.0,273828.0,290117.0
2025-06-10,24402334.0,691291.0,1086233.0
2025-06-11,12001687.0,-91362.0,-37554.0
2025-06-12,1480663.0,-343448.0,-93982.0
2025-06-13,2971548.0,-23164.0,-2686113.0
2025-06-16,-620279.0,-402760.0,155195.0
2025-06-17,3844116.0,-231234.0,-1487571.0
2025-06-18,9012081.0,74863.0,-2399891.0
2025-06-19,-832586.0,-100268.0,-392306.0
2025-06-20,1829396.0,3949454.0,-557968.0
2025-06-23,-8292191.0,-23881.0,382197.0
2025-06-24,11174810.0,31308.0,94002.0
2025-06-25,23558545.0,9183.0,-180321.0
2025-06-26,19172913.0,18419.0,-1688998.0
2025-06-27,12287519.0,-687470.0,-2257313.0
2025-06-30,-891448.0,-230614.0,140134.0
2025-07-01,17472349.0,-204537.0,623578.0
2025-07-02,863568.0,-240000.0,-283886.0
2025-07-03,4546939.0,-72856.0,311334.0
2025-07-04,596877.0,80482.0,59974.0
2025-07-07,-380339.0,-8179.0,367108.0
2025-07-08,-284128.0,-351681.0,954620.0
2025-07-09,807454.0,-70530.0,37859.0
2025-07-10,5900578.0,-1300077.0,-568795.0
2025-07-11,4265360.0,-1194031.0,28680.0
2025-07-14,1150797.0,-152137.0,-1939535.0
2025-07-15,9925132.0,-81584.0,912676.0
2025-07-16,11346889.0,127681.0,277420.0
2025-07-17,-2765039.0,-22571.0,1867772.0
2025-07-18,19294124.0,-213655.0,283088.0
2025-07-21,2153963.0,166300.0,-233702.0
2025-07-22,4360384.0,-935269.0,363279.0
2025-07-23,-571435.0,-641200.0,2247230.0
2025-07-24,1151287.0,-468288.0,147784.0
2025-07-25,4912982.0,-1367000.0,-220567.0
2025-07-28,2430166.0,-328788.0,458231.0
2025-07-29,574022.0,-464821.0,224899.0
2025-07-30,12832126.0,-352000.0,592126.0
2025-07-31,9039647.0,-1292952.0,1611836.0
2025-08-01,-3792252.0,-142092.0,712097.0
2025-08-04,7097945.0,-329415.0,-783025.0
2025-08-05,1738142.0,-195078.0,-529570.0
2025-08-06,-5787455.0,-737029.0,-89540.0
2025-08-07,23150301.0,78641.0,1025839.0
2025-08-08,-3406345.0,-369427.0,-450625.0
2025-08-11,-2298495.0,-266356.0,263232.0
2025-08-12,-1462203.0,259403.0,62621.0
2025-08-13,4574466.0,170922.0,166914.0
2025-08-14,-10362508.0,28683.0,718655.0
2025-08-15,-1318187.0,-779921.0,1343763.0
2025-08-18,-79108.0,43888.0,544690.0
2025-08-19,2703070.0,-158624.0,82458.0
2025-08-20,-32339818.0,129005.0,4262737.0
2025-08-21,-5062187.0,90378.0,816536.0
2025-08-22,-4170238.0,-141900.0,-10331.0
2025-08-25,3337566.0,568747.0,222042.0
2025-08-26,-4335129.0,65211.0,74895.0
2025-08-27,3672881.0,432500.0,438604.0
2025-08-28,-1308665.0,-642412.0,154941.0
2025-08-29,389127.0,-594300.0,79869.0
2025-09-01,2413563.0,128776.0,-233481.0
2025-09-02,1152744.0,-162300.0,70535.0
2025-09-03,1142840.0,-134400.0,-280229.0
2025-09-04,6852337.0,-103133.0,-101216.0
2025-09-05,11887505.0,-147052.0,348574.0
2025-09-08,12400202.0,30943.0,127296.0
2025-09-09,13808348.0,-96660.0,976330.0
2025-09-10,14652535.0,-137363.0,1570883.0
2025-09-11,10035672.0,-595954.0,-910076.0
2025-09-12,10814447.0,-324071.0,718071.0
2025-09-15,-836185.0,-645217.0,537108.0
2025-09-16,13670817.0,-899406.0,-721380.0
2025-09-17,-4367449.0,-561477.0,580574.0
2025-09-18,907018.0,-91166.0,915686.0
2025-09-19,-8573274.0,-1326051.0,688874.0
2025-09-22,2745153.0,-304010.0,1245340.0
2025-09-23,3311215.0,41664.0,435726.0
2025-09-24,-4744053.0,-398370.0,2121705.0
2025-09-25,-8112596.0,-167500.0,2059044.0
2025-09-26,-3001620.0,-141500.0,1187824.0
2025-09-30,672766.0,541067.0,1648883.0
2025-10-01,8448023.0,486837.0,1133914.0
2025-10-02,6924895.0,2297.0,1904948.0
2025-10-03,862658.0,-411908.0,896006.0
2025-10-07,-12225809.0,-23500.0,2343682.0
2025-10-08,-9910264.0,25799.0,1607258.0
2025-10-09,-1502265.0,-68380.0,1633299.0
2025-10-13,-18978588.0,937822.0,2723301.0
2025-10-14,-1162453.0,213102.0,-311935.0
2025-10-15,121018.0,-388328.0,2558627.0
2025-10-16,-6983363.0,1698367.0,2003360.0
2025-10-17,-12681854.0,564450.0,-20584.0
2025-10-20,5823264.0,1075317.0,565898.0
2025-10-21,-300178.0,1583055.0,236291.0
2025-10-22,-14951843.0,732426.0,1572545.0
2025-10-23,-8490846.0,99300.0,545692.0
2025-10-27,978753.0,-301033.0,2345540.0
2025-10-28,-8297631.0,212000.0,767547.0
2025-10-29,6208814.0,220577.0,557411.0
2025-10-30,-1912889.0,-171000.0,-78215.0
2025-10-31,-7726370.0,292466.0,3058084.0
2025-11-03,3528000.0,496761.0,783218.0
2025-11-04,2906707.0,938910.0,-73295.0
2025-11-05,-30801417.0,538354.0,2030860.0
2025-11-06,-2096673.0,458879.0,1083393.0
2025-11-07,-3253248.0,101569.0,-298292.0
2025-11-10,-3910964.0,206220.0,919175.0
2025-11-11,-5735192.0,187455.0,-43070.0
2025-11-12,-1642179.0,335350.0,435544.0
2025-11-13,-7932358.0,-202700.0,-23623.0
2025-11-14,-17020458.0,480143.0,438059.0
2025-11-17,6263018.0,-2466535.0,-1617087.0
2025-11-18,-15668072.0,477096.0,748327.0
2025-11-19,-5426153.0,154129.0,1016458.0
2025-11-20,6703532.0,287757.0,536243.0
2025-11-21,-34625414.0,116897.0,3968314.0
2025-11-24,-18932881.0,412010.0,2267612.0
2025-11-25,6457799.0,-52169.0,-91646.0
2025-11-26,-1105418.0,5321563.0,643086.0
2025-11-27,-1631468.0,626959.0,-94861.0
2025-11-28,-2299451.0,1148000.0,1748087.0
2025-12-01,-6204366.0,1496099.0,808474.0
2025-12-02,5199600.0,285438.0,445931.0
2025-12-03,4237572.0,130750.0,220637.0
2025-12-04,1737906.0,327000.0,690125.0
2025-12-05,8959982.0,-45610.0,727232.0
2025-12-08,7526893.0,544983.0,327046.0
2025-12-09,-5416914.0,452331.0,1349305.0
2025-12-10,7567368.0,964186.0,1325941.0
2025-12-11,-4178955.0,500693.0,896275.0
2025-12-12,2199233.0,881723.0,921143.0
2025-12-15,-11950619.0,711758.0,1069729.0
2025-12-16,-12665079.0,2492069.0,1246191.0
2025-12-17,-9375782.0,271801.0,4192182.0
2025-12-18,-3241941.0,1699800.0,2933438.0
2025-12-19,1647084.0,-2473232.0,1080997.0
2025-12-22,7513055.0,32253.0,769970.0
2025-12-23,4729949.0,250000.0,132549.0
2025-12-24,-2144442.0,-123890.0,-182662.0
2025-12-26,2076306.0,406000.0,487632.0
2025-12-29,3091188.0,372435.0,914147.0
2025-12-30,-2180670.0,-1280893.0,157479.0
2025-12-31,2766061.0,303400.0,-214340.0
2026-01-02,-4398757.0,712435.0,1362540.0
2026-01-05,-5543354.0,3436638.0,2020530.0
2026-01-06,-7989912.0,956707.0,-136850.0
2026-01-07,-26816546.0,943945.0,405108.0
2026-01-08,-4178145.0,566782.0,-197939.0
2026-01-09,-11454146.0,-333398.0,672218.0
2026-01-12,-10255629.0,19943.0,188247.0
2026-01-13,-3082418.0,-135174.0,117585.0
2026-01-14,-5844360.0,1058165.0,941479.0
2026-01-15,-10350430.0,1281126.0,1172052.0
2026-01-16,10105687.0,208220.0,-1133043.0
2026-01-19,-8021343.0,-1063639.0,-1816503.0
2026-01-20,-5392262.0,-22024.0,-836038.0
2026-01-21,-18029456.0,-3632892.0,-182299.0
2026-01-22,-5350287.0,420754.0,1310520.0
2026-01-23,-4918142.0,3364039.0,230385.0
2026-01-26,-4005844.0,-398744.0,21301.0
2026-01-27,6703607.0,-284920.0,281248.0
2026-01-28,7713579.0,663992.0,385704.0
2026-01-29,-8629390.0,15131.0,279882.0
2026-01-30,-13718025.0,450218.0,-116687.0
2026-02-02,-9844931.0,2045378.0,185608.0
2026-02-03,-2923621.0,1082545.0,-11495.0
2026-02-04,-9645276.0,840321.0,428404.0
2026-02-05,-9668358.0,1235907.0,-537317.0
2026-02-06,-6574449.0,962315.0,-1071881.0
2026-02-09,2919301.0,267241.0,6580.0
2026-02-10,12633987.0,240642.0,-431349.0
2026-02-11,-4941461.0,1140830.0,1257756.0
2026-02-23,-17558676.0,2321667.0,1908006.0
2026-02-24,6887295.0,1486119.0,1181653.0
2026-02-25,-4192269.0,2743762.0,870144.0
2026-02-26,-18136994.0,1201636.0,1264340.0
2026-03-02,-19538793.0,2623969.0,514036.0
2026-03-03,-21195454.0,1278971.0,896682.0
2026-03-04,-27354411.0,1466715.0,799129.0
2026-03-05,-9755524.0,1493516.0,117568.0
2026-03-06,-10927204.0,946000.0,866428.0
2026-03-09,-37836794.0,2661429.0,-1626956.0
2026-03-10,-968908.0,522459.0,-260260.0
2026-03-11,5027306.0,-36400.0,769821.0
2026-03-12,-19046122.0,282821.0,256413.0
2026-03-13,-12743122.0,-133279.0,-353271.0
2026-03-16,-16174225.0,-801831.0,660529.0
2026-03-17,-230432.0,-492057.0,905369.0
2026-03-18,373457.0,-144429.0,721299.0
2026-03-19,-22789968.0,-99637.0,451054.0
2026-03-20,-6768881.0,-4028408.0,-36100.0
2026-03-23,-15305536.0,1860884.0,724026.0
2026-03-24,-5178091.0,691001.0,442122.0
2026-03-25,978668.0,265301.0,700489.0
2026-03-26,-5190747.0,547600.0,143031.0
2026-03-27,-11135853.0,381460.0,712056.0
2026-03-30,-15959615.0,557769.0,-438788.0
2026-03-31,-20437778.0,1420700.0,2731971.0
2026-04-01,6181282.0,633380.0,2462791.0
2026-04-02,-9385603.0,-192771.0,136029.0
2026-04-07,5880450.0,420851.0,91348.0
2026-04-08,18393485.0,451659.0,1711231.0
2026-04-09,721890.0,-103635.0,-497421.0
2026-04-10,8159941.0,-175389.0,374684.0
2026-04-13,-1275387.0,-4823390.0,53293.0
2026-04-14,18954661.0,615130.0,653489.0
2026-04-15,4825960.0,-138422.0,243749.0
2026-04-16,-2389835.0,306139.0,1083874.0
2026-04-17,-9382771.0,-2185663.0,-269860.0
2026-04-20,-3032815.0,660504.0,-70119.0
2026-04-21,2210163.0,696158.0,-77223.0
2026-04-22,-2132213.0,-741909.0,-326126.0
2026-04-23,7193328.0,754365.0,-1379028.0
2026-04-24,8305592.0,1168156.0,255728.0
2026-04-27,-18940165.0,5283808.0,248266.0
2026-04-28,-22113589.0,861254.0,500225.0
2026-04-29,-15782636.0,1002134.0,-358102.0
2026-04-30,-21182649.0,596042.0,114552.0
2026-05-04,9111968.0,809087.0,377653.0
2026-05-05,-8580984.0,1495677.0,-195096.0
2026-05-06,-4320464.0,1935175.0,-212630.0
2026-05-07,3885042.0,1433233.0,148152.0
2026-05-08,-857673.0,1268992.0,107646.0
2026-05-11,-17753705.0,-53695.0,-7353.0
2026-05-12,-9237265.0,8879689.0,424523.0
2026-05-13,-11970972.0,5473703.0,-588611.0
2026-05-14,600484.0,5856823.0,-1288506.0
2026-05-15,-3398525.0,3385792.0,-20752.0
2026-05-18,-9521827.0,6429500.0,520298.0
2026-05-19,-17246941.0,4144378.0,199597.0
2026-05-20,-11031465.0,2188645.0,-712000.0
2026-05-21,1014338.0,167000.0,423497.0
2026-05-22,732974.0,-464848.0,187664.0
2026-05-25,4045591.0,4128500.0,97498.0
2026-05-26,-7748559.0,-597289.0,97771.0
2026-05-27,8810922.0,1232.0,371211.0
2026-05-28,-7078615.0,465061.0,466451.0
2026-05-29,13284272.0,349249.0,420141.0
2026-06-01,-3311663.0,458215.0,922000.0
2026-06-02,391294.0,-67897.0,461739.0
2026-06-03,-103827.0,647975.0,226886.0
2026-06-04,-11256052.0,537838.0,1099064.0
2026-06-05,-17839581.0,2900428.0,516810.0
2026-06-08,-20464649.0,730000.0,-214367.0
2026-06-09,-15008392.0,2660087.0,-1253628.0
2026-06-10,-15542862.0,-3797.0,-730914.0
2026-06-11,-4904284.0,612489.0,2909269.0
2026-06-12,3927424.0,-149460.0,-180577.0
