Date,Open,High,Low,Close,Volume
2018-06-12,182.32789018789234,185.56927490234375,181.51754400927948,185.56927490234375,29501260.0
2018-06-13,185.56928180826122,188.0003204345703,184.7589355994915,188.0003204345703,28944970.0
2018-06-14,186.37962290782804,186.37962290782804,183.5434112548828,183.5434112548828,33408041.0
2018-06-15,182.3279244559152,187.19000244140625,181.517578125,187.19000244140625,48059679.0
2018-06-19,182.7330386352539,183.13821166992187,181.51751953125,182.32786560058594,56889624.0
2018-06-20,181.9227101486341,184.35374859160027,181.11236400097874,183.1382293701172,40708701.0
2018-06-21,184.3537574414386,184.75893053471648,183.13823816160493,183.5434112548828,31242557.0
2018-06-22,181.9227512904576,184.35379028320312,181.517578125,184.35379028320312,43581409.0
2018-06-25,184.77372475720327,185.19366504074236,183.09396362304688,183.09396362304688,45025211.0
2018-06-26,180.99426902646508,181.41420932583043,178.474627230273,180.15438842773438,38446346.0
2018-06-27,181.41415706150968,181.41415706150968,178.4745758128278,178.89451599121094,39888414.0
2018-06-28,177.2147765249576,180.1543581260825,176.37489606749335,178.05465698242188,37940780.0
2018-06-29,178.0546595901595,182.25406193898402,178.0546595901595,181.83412170410156,34313680.0
2018-07-02,183.51383615654206,183.93377628504672,179.734375,179.734375,32449442.0
2018-07-03,180.99426902646508,183.09397052329183,179.31450782900367,180.15438842773438,28323220.0
2018-07-04,182.25409571329752,182.67403602600098,180.99427477518717,181.41421508789062,15212295.0
2018-07-05,179.73444812836902,180.57432872709973,178.89456752963835,180.15438842773438,18225416.0
2018-07-06,182.6739990656277,182.6739990656277,180.57429792694234,182.25405883789062,29033762.0
2018-07-09,184.3537323824708,187.2933135366332,183.51385205271012,186.0334930419922,38734793.0
2018-07-10,187.29331049188838,188.1331908079955,186.45343017578125,186.45343017578125,20118957.0
2018-07-11,184.7737274169922,184.7737274169922,183.09396625865588,184.7737274169922,19854690.0
2018-07-12,183.09391788128013,186.45343931029444,183.09391788128013,185.19361877441406,23666051.0
2018-07-13,186.87341583863665,188.5531768798828,186.87341583863665,188.5531768798828,29716311.0
2018-07-16,188.5532138150277,188.97315415760016,187.7133331298828,187.7133331298828,15819254.0
2018-07-17,186.87337337175288,187.71325370151357,185.61355287711183,186.0334930419922,21548436.0
2018-07-18,187.29336547851562,188.13324604119953,186.4534849158317,187.29336547851562,39898658.0
2018-07-19,189.3930574005059,190.65287818144054,188.5531768798828,188.5531768798828,39661216.0
2018-07-20,197.37190230520147,199.4716033935547,195.6921414345189,199.4716033935547,97969023.0
2018-07-23,200.73143290286242,205.7707157372439,200.31149266666395,202.41119384765625,52256877.0
2018-07-24,201.57131337525934,202.8311340838547,200.31149266666395,202.41119384765625,27239267.0
2018-07-25,200.73143598592208,202.41119695651557,200.73143598592208,201.9912567138672,20962512.0
2018-07-26,202.41119384765625,203.6710145562516,201.15137313906087,202.41119384765625,30606388.0
2018-07-27,203.2510830307787,205.3507843017578,202.41120252238704,205.3507843017578,27129646.0
2018-07-30,205.35077808636512,206.19065856933594,204.93083784487973,206.19065856933594,22788730.0
2018-07-31,204.51087942356014,206.61058044433594,203.25105881109468,206.61058044433594,27059442.0
2018-08-01,207.450494212489,208.29037475585938,207.03055394080377,208.29037475585938,29136161.0
2018-08-02,209.13024658952023,209.55018684371606,204.51090379336617,205.3507843017578,22402110.0
2018-08-03,206.61058952547762,208.29035041592866,205.7707090802521,207.45046997070312,24719097.0
2018-08-06,205.77071832785055,207.45047929379217,204.93083784487973,206.19065856933594,22364568.0
2018-08-07,205.77074354973394,206.19068384269255,202.83116149902344,202.83116149902344,23992418.0
2018-08-08,205.77069091796875,207.87039184570312,205.3507507324219,207.87039184570312,24382432.0
2018-08-09,207.45046997070312,208.29035041592866,206.61058952547762,207.45046997070312,15128655.0
2018-08-10,207.0305268268196,207.45046704350685,205.35076596007056,205.7707061767578,15890492.0
2018-08-13,202.83113719916395,204.09095792710906,200.73143598592208,201.9912567138672,17881194.0
2018-08-14,205.77068477685447,205.77068477685447,203.67098391178453,204.5108642578125,17358913.0
2018-08-15,205.3508032567753,205.3508032567753,201.15140032718887,202.83116149902344,18473321.0
2018-08-16,199.89157998312467,202.83116204170003,199.89157998312467,200.73146057128906,19155966.0
2018-08-17,201.1513671875,202.41118785882045,200.7314269637265,201.1513671875,18324474.0
2018-08-20,201.1513671875,201.5713074112735,199.89154651617955,201.1513671875,16933437.0
2018-08-21,200.73143290286242,202.41119384765625,200.31149266666395,202.41119384765625,12014127.0
2018-08-22,202.83115834638107,203.67103891924393,201.9912777735182,203.2510986328125,12614240.0
2018-08-23,204.09096353917036,205.3507843017578,204.09096353917036,205.3507843017578,14839240.0
2018-08-24,206.19062494986846,206.61056512288246,204.09092408479853,204.5108642578125,14355943.0
2018-08-27,206.61058661013234,207.0305268268196,205.35076596007056,205.7707061767578,15152299.0
2018-08-28,208.7102600586916,209.97008054194328,208.29031989760773,209.55014038085938,36792531.0
2018-08-29,212.90969498093065,217.52903747558594,212.90969498093065,217.52903747558594,56993182.0
2018-08-30,222.14839797770955,225.08797980350155,220.46863693439983,221.3085174560547,48957808.0
2018-08-31,216.2691894173622,217.52900993824005,213.3296082019806,215.00936889648438,69069506.0
2018-09-03,217.52906532139164,218.3689458824781,215.4293639186755,215.84930419921875,26720905.0
2018-09-04,217.1090452916414,217.9489255442203,214.58940453390474,216.2691650390625,34304615.0
2018-09-05,218.3689325506037,222.14839484474874,217.52905204079366,221.72845458984375,44864459.0
2018-09-06,225.08793318591356,225.08793318591356,219.20877075195312,219.20877075195312,35698488.0
2018-09-07,220.88857408003372,221.72845458984375,218.7888728055087,221.72845458984375,38663728.0
2018-09-10,223.82816809382015,223.82816809382015,220.4686458710236,222.14840698242188,41659795.0
2018-09-11,220.88858390221228,221.30852417579064,216.68918116642877,218.3689422607422,34350276.0
2018-09-12,219.20881966208313,220.04870019718692,216.68917805677185,218.78887939453125,37885965.0
2018-09-13,218.36891204235602,218.36891204235602,212.90968924129712,214.1695098876953,37576180.0
2018-09-14,215.84924936111858,219.62871092580744,215.84924936111858,219.20877075195312,37903219.0
2018-09-17,220.4686408819154,220.4686408819154,215.84929793010386,216.68917846679688,24765758.0
2018-09-18,215.42931826128708,215.84925845282953,213.3296173035747,213.7495574951172,33960152.0
2018-09-19,216.68917846679688,218.36893954018288,215.84929793010386,216.68917846679688,59227711.0
2018-09-20,219.62876308147722,219.62876308147722,216.26924089285043,218.3689422607422,29649071.0
2018-09-21,219.6287384033203,219.6287384033203,216.68915681857226,219.6287384033203,35012974.0
2018-09-25,219.62875641274496,221.7284577168821,218.78887589109013,221.3085174560547,24397062.0
2018-09-26,220.88857719522727,221.3085174560547,219.20881615191755,221.3085174560547,24859115.0
2018-09-27,221.72841796875,223.4081787109375,220.0486572265625,222.56829833984375,38495371.0
2018-09-28,223.40819417317707,223.40819417317707,218.36891159784224,220.46861267089844,39626486.0
2018-10-01,220.0486693871792,221.72843022219584,219.20878896967088,220.8885498046875,22254380.0
2018-10-02,220.0486261756675,220.88850642824636,215.84922491277308,216.2691650390625,38391491.0
2018-10-03,216.26924089285043,218.3689422607422,215.84930061927207,218.3689422607422,25228536.0
2018-10-04,215.8492306686762,216.26917080616388,213.32958984375,213.32958984375,36408727.0
2018-10-05,209.97010803222656,212.4897493286133,208.71028738403322,209.97010803222656,40204660.0
2018-10-08,206.19062494986846,207.03050529589643,202.41116339274257,204.5108642578125,50876958.0
2018-10-09,204.51084599729444,205.77066640384862,203.25102559074028,204.9307861328125,28905345.0
2018-10-11,196.1121136340466,196.1121136340466,190.65288991404105,191.0728302001953,94589657.0
2018-10-12,194.01239844213558,199.0516815185547,192.33263741666255,199.0516815185547,47175769.0
2018-10-15,196.53201922832497,196.53201922832497,193.59243774414062,193.59243774414062,42168280.0
2018-10-16,192.7525776730308,199.0516815185547,192.33263741666255,199.0516815185547,37818077.0
2018-10-17,202.83114979102177,204.09097059717718,199.89156790999246,200.31150817871094,42494858.0
2018-10-18,199.89153446253962,200.73141485944106,197.79183347028606,198.6317138671875,25676430.0
2018-10-19,194.01238961947166,198.6317322294591,193.1725091449285,198.2117919921875,28358460.0
2018-10-22,195.27221921124035,199.8915620312912,194.43233869850383,199.0516815185547,29275777.0
2018-10-23,194.85224609375,196.5320068359375,193.1724853515625,193.1724853515625,32827745.0
2018-10-24,193.17250370200165,194.01238415287992,190.65286234936684,192.7525634765625,44321950.0
2018-10-25,185.19365554844327,186.4534763344871,184.35377502441406,184.35377502441406,75524118.0
2018-10-26,187.2932858013999,188.13316600678735,182.25400456907522,185.613525390625,38439644.0
2018-10-29,187.29336863314168,188.13324920997192,185.61360747948123,186.87342834472656,18463792.0
2018-10-30,185.61360435314776,188.97312660388346,185.19366407180578,187.29336547851562,28877931.0
2018-10-31,191.49271568885217,196.53199768066406,191.49271568885217,196.53199768066406,57283201.0
2018-11-01,198.21179510225915,199.0516755899806,195.69215363909484,197.79185485839844,41974797.0
2018-11-02,198.6317138671875,198.6317138671875,196.11207267648322,198.6317138671875,30722361.0
2018-11-05,195.69214159377077,197.7918426838327,194.852261157746,197.3719024658203,25452065.0
2018-11-06,196.5320251074427,197.79184578120837,195.27220443367705,196.95196533203125,30468176.0
2018-11-07,195.6921173486954,198.21175834460138,195.2721771827111,196.53199768066406,34424652.0
2018-11-08,199.4715942640889,199.4715942640889,198.21177366873678,198.6317138671875,24739146.0
2018-11-09,196.95198729543975,196.95198729543975,194.0124053955078,194.0124053955078,23219081.0
2018-11-12,193.1725065754505,196.95196866062238,193.1725065754505,194.4323272705078,23228445.0
2018-11-13,188.55318848326965,191.4927704863496,188.55318848326965,191.0728302001953,36104127.0
2018-11-14,193.17252528484855,194.01240582956527,191.91270446777344,191.91270446777344,20028279.0
2018-11-15,192.75258458125128,194.85228593834552,191.91270403841358,194.0124053955078,22072228.0
2018-11-16,192.3326297186117,192.3326297186117,188.97310780212942,189.81298828125,46738909.0
2018-11-19,188.97307112410263,188.97307112410263,185.61354985967412,186.45343017578125,48944754.0
2018-11-20,183.9338441901251,185.19366504074236,183.09396362304688,183.09396362304688,41569756.0
2018-11-21,180.1543455777103,184.77368777201056,179.73440537822844,183.93380737304688,35206343.0
2018-11-22,186.0335083704561,186.45344856993793,183.93380737304688,183.93380737304688,21929610.0
2018-11-23,185.19361566678882,185.19361566678882,182.2540344657287,183.51385498046875,14883334.0
2018-11-26,183.9338432277799,188.13324604119953,183.51390294643795,187.29336547851562,30599804.0
2018-11-27,184.77368763514926,188.5531494276864,183.93380723680767,188.13320922851562,26584349.0
2018-11-28,186.8734035534048,190.65286564774334,186.45346332070054,190.23292541503906,24429026.0
2018-11-29,194.43232750372073,194.43232750372073,192.33262634277344,192.33262634277344,44383207.0
2018-11-30,192.75257311903454,194.01239385837462,189.39305114746094,189.39305114746094,55827957.0
2018-12-03,194.01238072172123,197.3719024658203,194.01238072172123,197.3719024658203,45333986.0
2018-12-04,195.6921173486954,196.9519378466484,194.01235668475812,196.53199768066406,39746162.0
2018-12-05,190.23292852081028,191.07280899993086,188.97310780212942,189.81298828125,42835576.0
2018-12-06,184.7737274169922,186.45348857532846,184.3537871274081,184.7737274169922,40149112.0
2018-12-07,186.87334569870617,187.7132259040936,185.19358528793128,185.613525390625,25063568.0
2018-12-10,184.35374757252873,184.77368777201056,183.51386717356505,183.93380737304688,19433461.0
2018-12-11,184.773726902651,187.29336863314168,183.93384632582075,186.87342834472656,27375220.0
2018-12-12,187.71328401881337,190.65286564774334,186.8734035534048,190.23292541503906,26433846.0
2018-12-13,190.65286876037055,191.07280899993086,188.97310780212942,189.81298828125,32087141.0
2018-12-14,187.29336863314168,187.7133089215568,185.1936671910661,186.87342834472656,38646159.0
2018-12-17,185.6136314170206,188.97315415760016,184.7737507318757,187.7133331298828,18938952.0
2018-12-18,185.61360747948123,187.29336863314168,185.1936671910661,186.87342834472656,30203541.0
2018-12-19,186.45346942233405,189.39305114746094,186.45346942233405,189.39305114746094,23390082.0
2018-12-20,185.613525390625,186.87334569870617,185.613525390625,185.613525390625,35027116.0
2018-12-21,183.93387004673082,188.13327347245527,183.93387004673082,187.7133331298828,43507532.0
2018-12-24,186.03354828574442,186.03354828574442,184.3537871274081,184.7737274169922,22976100.0
2018-12-25,180.99421997070314,183.09392089843752,180.57427978515625,182.67398071289062,19402777.0
2018-12-26,183.51388264363138,184.35376311339627,181.4141814692191,181.83412170410156,16463259.0
2018-12-27,186.4534849158317,188.13324604119953,185.19366407180578,187.29336547851562,21491484.0
2018-12-28,187.71329016167414,189.39305114746094,186.87340966878074,189.39305114746094,29456773.0
2019-01-02,190.2329386926186,190.2329386926186,183.93383476239944,184.35377502441406,32900482.0
2019-01-03,179.7344418412848,183.09396411869199,179.7344418412848,180.9942626953125,34087620.0
2019-01-04,177.6347264143137,177.6347264143137,173.43532389860889,174.6951446533203,65943521.0
2019-01-07,178.05463563444468,179.73439634797717,177.21475527767842,178.89451599121094,35442176.0
2019-01-08,178.05467853274956,178.47461881230794,176.37491741451606,177.2147979736328,22694481.0
2019-01-09,178.0546807025812,181.83414326466428,177.2148001332294,180.9942626953125,46295446.0
2019-01-10,181.41421508789062,181.83415540059406,180.15439414978027,181.41421508789062,20754593.0
2019-01-11,183.9337982385337,185.19361877441406,183.09391788128013,185.19361877441406,28102288.0
2019-01-14,183.51385498046875,184.7736754952088,182.2540344657287,183.51385498046875,17612296.0
2019-01-15,181.8340644663815,185.613525390625,180.99418426099407,185.613525390625,38882923.0
2019-01-16,183.51386108398438,184.773681640625,182.67398071289062,182.67398071289062,28978282.0
2019-01-17,183.09391788128013,185.61355895304087,183.09391788128013,185.19361877441406,21163986.0
2019-01-18,183.93379515204876,184.7736754952088,182.6739746373087,183.51385498046875,49627569.0
2019-01-21,184.77364518523757,187.2932858013999,184.77364518523757,185.613525390625,29384866.0
2019-01-22,184.77372379046383,187.29336547851562,183.9338432277799,187.29336547851562,28926483.0
2019-01-23,186.03349913166764,186.45343931029444,184.7736785957873,185.19361877441406,16671213.0
2019-01-24,186.87342834472656,186.87342834472656,185.1936671910661,186.87342834472656,26417924.0
2019-01-25,190.23292852081028,190.65286876037055,188.97310780212942,189.81298828125,46692764.0
2019-01-28,192.75256657496288,192.75256657496288,191.49274587839452,192.33262634277344,26026257.0
2019-01-29,186.87342834472656,188.97312978680213,186.45348805631144,186.87342834472656,41122520.0
2019-01-30,185.19358528793128,186.03346549331872,184.77364518523757,185.613525390625,44755945.0
2019-02-11,191.49273681640625,192.33261724103963,190.23291617945623,191.49273681640625,78307106.0
2019-02-12,193.1724853515625,193.1724853515625,192.33260498046874,193.1724853515625,29406670.0
2019-02-13,194.8522677359102,194.8522677359102,191.91268611058396,192.33262634277344,28634925.0
2019-02-14,192.7525482513831,193.17248844365193,189.81296690550144,190.65284729003906,23647751.0
2019-02-15,192.3326080591143,192.3326080591143,190.23290709777027,190.65284729003906,22369799.0
2019-02-18,192.33260498046874,193.5924255371094,191.91266479492188,193.1724853515625,16978916.0
2019-02-19,193.17250680715236,193.5924470393418,192.33262634277344,192.33262634277344,16577023.0
2019-02-20,194.43232398449993,196.95196533203125,194.0123837599114,196.95196533203125,30479710.0
2019-02-21,197.79183347028606,198.6317138671875,196.95195307338463,198.6317138671875,33764489.0
2019-02-22,197.79183347028606,198.6317138671875,196.5320128749339,198.6317138671875,22032163.0
2019-02-25,199.47164599635022,200.73146691843243,198.211825074268,199.89158630371094,24105138.0
2019-02-26,200.7314269637265,201.5713074112735,198.6317258448591,201.1513671875,24522789.0
2019-02-27,200.31152027720685,201.15140086537124,199.05169939496028,200.73146057128906,35240889.0
2019-03-04,201.1513768092842,201.1513768092842,196.951974370677,197.79185485839844,39655513.0
2019-03-05,196.53201909535943,196.95195930710165,195.27219846013278,195.692138671875,22641407.0
2019-03-06,197.37187801263272,197.79181817861704,196.11205751467975,196.53199768066406,20433226.0
2019-03-07,197.37187801263272,197.37187801263272,195.6921173486954,196.53199768066406,17126192.0
2019-03-08,194.01236572265626,194.43230590820312,192.33260498046874,193.1724853515625,22190659.0
2019-03-11,191.49273668400895,193.59243774414062,191.0727964719826,193.59243774414062,23200793.0
2019-03-12,195.69215363909484,199.0516755899806,195.27221339523413,197.79185485839844,23588085.0
2019-03-13,196.53203998034513,199.0516815185547,196.53203998034513,199.0516815185547,20500195.0
2019-03-14,200.73142735332823,200.73142735332823,196.5320251074427,196.95196533203125,17175356.0
2019-03-15,199.05169939496028,201.15140086537124,197.7918785127137,200.73146057128906,33649729.0
2019-03-18,201.15137313906087,202.41119384765625,200.73143290286242,202.41119384765625,26856532.0
2019-03-19,200.73143598592208,201.9912567138672,199.89155550062532,201.9912567138672,14479009.0
2019-03-20,203.2510986328125,203.2510986328125,201.15139720065534,203.2510986328125,22975971.0
2019-03-21,203.6710171204235,206.19065856933594,202.41119639596727,206.19065856933594,26179502.0
2019-03-22,208.29034116810234,208.7102813720703,205.3507597403267,208.7102813720703,22931467.0
2019-03-25,201.99128091310615,204.510922670858,201.99128091310615,202.83116149902344,19211254.0
2019-03-26,204.0909058617764,204.9307861328125,202.41114531970416,204.9307861328125,19920170.0
2019-03-27,203.25110179198208,203.67104208494072,201.99128091310615,202.83116149902344,22590089.0
2019-03-28,201.9912777735182,203.67103891924393,201.57133748708677,203.2510986328125,13933054.0
2019-03-29,204.0909573619089,206.19065856933594,201.99125615448185,206.19065856933594,28220810.0
2019-04-01,210.81000122567545,210.81000122567545,205.77071832785055,206.19065856933594,35330656.0
2019-04-02,209.550161873422,209.550161873422,206.61058044433594,206.61058044433594,24105053.0
2019-04-03,209.1302648083917,209.1302648083917,207.0305633544922,207.0305633544922,24945323.0
2019-04-08,210.81001553139666,212.48977661132812,210.3900752614138,212.48977661132812,45184821.0
2019-04-09,212.48970956877463,213.32958984375,211.64982929379923,213.32958984375,22355674.0
2019-04-10,212.48970956877463,213.7495299812377,211.64982929379923,213.32958984375,25849934.0
2019-04-11,212.48973695058672,213.3296173337906,211.22991637578085,211.6498565673828,24896840.0
2019-04-12,211.22991637578085,212.48973695058672,210.8099761841789,211.6498565673828,13548148.0
2019-04-15,214.16950681204898,215.00938723091977,213.32962639317822,214.58944702148438,17192002.0
2019-04-16,215.84930419921875,215.84930419921875,214.58948335758907,215.84930419921875,19652648.0
2019-04-17,218.3689177241426,220.88855908249806,217.94897749775,219.6287384033203,37864191.0
2019-04-18,221.72846670457233,223.40822781597058,221.30852642672275,222.14840698242188,38006795.0
2019-04-19,225.927869483068,226.34780976091758,221.30852642672275,222.14840698242188,44658699.0
2019-04-22,223.82812806896698,224.66800847447905,222.56830746069886,223.40818786621094,24967393.0
2019-04-23,223.82814620857806,225.08796691894528,223.408205971789,225.0879669189453,25336847.0
2019-04-24,226.76772163703095,226.76772163703095,224.66802051076215,225.92784118652344,26449755.0
2019-04-25,225.50784900700933,225.92778913551402,224.2480286214953,224.66796875,32386724.0
2019-04-26,220.04870335505558,220.88858390221228,216.26924089285043,218.3689422607422,47518804.0
2019-04-29,218.3688536774446,220.04861409034802,217.10903336776704,217.94891357421875,31126618.0
2019-04-30,218.36891792915964,218.78885815594649,216.68915702201224,217.52903747558594,33799419.0
2019-05-02,219.62873860952018,220.46861906309385,217.1090972487991,217.52903747558594,27091394.0
2019-05-03,220.0486572265625,222.56829833984375,218.7888366699219,222.56829833984375,29840246.0
2019-05-06,218.36891792915964,218.36891792915964,216.68915702201224,217.52903747558594,32823187.0
2019-05-07,217.94897138323103,220.88855288550965,217.52903116861978,220.46861267089844,25686126.0
2019-05-08,218.3689422607422,219.62876308147722,217.94900198716383,218.3689422607422,25542364.0
2019-05-09,217.9489624737299,217.9489624737299,215.00938109161794,215.4293212890625,33587574.0
2019-05-10,215.84924924373627,217.52900993824005,214.16948854923248,215.00936889648438,18617212.0
2019-05-13,212.48973080450426,213.32961116341534,209.55014954831546,210.39002990722656,28284535.0
2019-05-14,207.8704009641344,210.80998239191004,205.77069994429465,208.7102813720703,45055708.0
2019-05-15,210.8099792970711,211.64985969267696,209.13021850585938,209.13021850585938,36825479.0
2019-05-16,208.7102906385414,209.55017108376694,206.61058952547762,207.45046997070312,29713519.0
2019-05-17,209.13026589340305,209.13026589340305,202.83116149902344,202.83116149902344,38647856.0
2019-05-20,203.67104906995758,204.09098937731832,199.89158630371094,199.89158630371094,39157661.0
2019-05-21,196.11205751467975,198.21175834460138,195.2721771827111,196.53199768066406,80042775.0
2019-05-22,198.63176538162872,201.99128784051464,197.79188476690726,199.89158630371094,34622034.0
2019-05-23,196.11206665039063,196.11206665039063,193.1724853515625,193.1724853515625,58752627.0
2019-05-24,193.17249740142168,196.53201909535943,193.17249740142168,195.692138671875,36000789.0
2019-05-27,196.5320470240209,197.3719275668586,194.0124053955078,194.0124053955078,35562033.0
2019-05-28,194.85225838021964,194.85225838021964,193.59243774414062,193.59243774414062,95240033.0
2019-05-29,191.4927428002451,193.59244392744077,190.65286234936684,192.7525634765625,26533236.0
2019-05-30,193.17252485267014,194.43234566692666,192.33264430983243,194.0124053955078,28500328.0
2019-05-31,194.8522731513734,199.4716158338413,194.01239266365198,197.79185485839844,46070338.0
2019-06-03,197.79188476690726,200.31152661107168,194.8523026153821,199.89158630371094,31054092.0
2019-06-04,199.471600577555,199.8915407892972,195.692138671875,195.692138671875,24443428.0
2019-06-05,199.8915437738946,199.8915437738946,196.53202202979554,197.3719024658203,29139584.0
2019-06-06,194.4323241792876,194.85226440429688,192.75256327925055,194.85226440429688,34651731.0
2019-06-10,199.47163343429565,201.5713348388672,196.9519917488098,201.5713348388672,35373888.0
2019-06-11,201.5713220139954,206.6106050643453,200.73144150560375,205.3507843017578,31965670.0
2019-06-12,205.35075983187045,207.8704010568014,204.090939219405,206.61058044433594,29675556.0
2019-06-13,203.67103624343872,204.93085708618165,201.5713348388672,201.5713348388672,32981724.0
2019-06-14,200.31149317854542,201.1513736530886,198.2117919921875,198.2117919921875,31951556.0
2019-06-17,194.43231803664833,197.3718995188439,193.5924376131639,195.692138671875,51017012.0
2019-06-18,196.53203412681628,197.79185485839844,195.69215363909484,197.79185485839844,28578087.0
2019-06-19,203.67096572625834,204.9307861328125,201.9912051841861,204.9307861328125,50164372.0
2019-06-20,203.25106487663425,206.19064639344506,202.4111844432597,205.7707061767578,37836291.0
2019-06-21,208.29034116810234,208.7102813720703,206.61058035223056,208.7102813720703,61164304.0
2019-06-24,209.1442108154297,210.0120291175684,208.27639251329097,209.1442108154297,43300507.0
2019-06-25,209.1442316403179,209.5781408345924,205.67295808612175,206.9746856689453,28559283.0
2019-06-26,203.93728130153502,205.23900862899163,203.0694630832306,203.5033721923828,27607041.0
2019-06-27,204.8051293386987,209.57813023430396,204.8051293386987,208.71031188964844,42007834.0
2019-06-28,209.57813045868815,209.57813045868815,206.54076624914194,207.40858459472656,25962203.0
2019-07-01,213.0493923931774,216.9545747384699,212.61548324370048,215.65284729003906,66307875.0
2019-07-02,216.52067063419696,216.95457979378452,214.78503399584667,216.08676147460938,24181202.0
2019-07-03,211.7476962689272,212.61551469625886,210.01205941426386,210.4459686279297,29449774.0
2019-07-04,212.18155926563702,212.61546838478964,210.44592278902647,211.74765014648438,17481240.0
2019-07-05,212.18159513120298,212.61550432370032,209.5781399762189,210.87986755371094,22867074.0
2019-07-08,208.27642255960052,212.18160548259303,208.27642255960052,210.4459686279297,27787909.0
2019-07-09,209.5780995581761,210.87982688462438,208.7102813405439,210.0120086669922,16418987.0
2019-07-10,210.8798017617662,214.35107421875,210.8798017617662,214.35107421875,23812131.0
2019-07-11,216.95455932617188,216.95455932617188,214.78501373291016,216.95455932617188,31160289.0
2019-07-12,218.69023159735215,218.69023159735215,216.52068564896572,217.3885040283203,23479432.0
2019-07-15,217.82237738288924,220.8597412109375,216.5206500280114,220.8597412109375,29727300.0
2019-07-16,220.42584717273712,222.59539291262627,219.9919380247593,222.16148376464844,21361249.0
2019-07-17,220.4258373199947,220.4258373199947,217.82238254849872,218.69020080566406,25573648.0
2019-07-18,218.6901905930887,220.85973613468678,218.25628148476906,220.4258270263672,20842575.0
2019-07-19,225.19886279014088,226.50059032071974,224.76495361328125,224.76495361328125,59709798.0
2019-07-22,228.23620091062602,229.10401916503906,227.36838265621302,229.10401916503906,31522639.0
2019-07-23,230.4057465466586,231.27356480107161,227.80229178341952,229.10401916503906,29273223.0
2019-07-24,231.27359031821197,231.27359031821197,228.23622609264447,229.97186279296875,23734039.0
2019-07-25,229.1040444428066,229.97186279296875,226.93449856740125,229.97186279296875,30433545.0
2019-07-26,226.50054931640625,227.80227661132812,226.50054931640625,226.50054931640625,20438071.0
2019-07-29,225.63273111979169,227.36836751302084,225.19882202148438,226.50054931640625,17509320.0
2019-07-30,227.8023125575139,228.23622172429012,225.6327667236328,225.6327667236328,22670612.0
2019-07-31,225.6327464079811,225.6327464079811,223.02929164173514,225.19883728027344,31635601.0
2019-08-01,223.46321626481026,223.46321626481026,221.72757963362727,222.59539794921875,30017526.0
2019-08-02,218.69018045050012,219.99190771508646,217.38845318591382,218.2562713623047,54021644.0
2019-08-05,217.82243467876444,218.69025314362005,213.04943312205845,213.91725158691406,51535721.0
2019-08-06,208.27639174893108,216.9545747384699,208.27639174893108,215.65284729003906,58625879.0
2019-08-07,216.95458504461473,217.38849421470397,213.91722085399013,215.2189483642578,29435460.0
2019-08-08,215.21894261587772,220.42585251787477,215.21894261587772,219.991943359375,29725266.0
2019-08-12,220.8597826102815,220.8597826102815,217.82241821289062,217.82241821289062,21794603.0
2019-08-13,216.08679774905315,216.52070698148097,213.91725158691406,213.91725158691406,23121107.0
2019-08-14,219.12409979260278,220.4258271181034,216.52064514160156,216.52064514160156,35216703.0
2019-08-15,214.35113002407937,215.65285753434705,213.4833116839009,215.2189483642578,27624412.0
2019-08-16,216.52065020751954,218.69019580078125,215.21892285156252,216.95455932617188,25370715.0
2019-08-19,218.25629167708138,219.5580190628294,217.38847341991607,218.69020080566406,24060514.0
2019-08-20,220.42583209264487,220.8597412109375,219.12410473776706,220.8597412109375,19960494.0
2019-08-21,220.8597412109375,221.2936503292301,219.55801385605966,220.8597412109375,20269296.0
2019-08-22,223.0292816762849,223.46319078460454,220.4258270263672,220.4258270263672,21900840.0
2019-08-23,219.99191791804756,220.85973613468678,219.55800880972794,220.4258270263672,14166877.0
2019-08-26,216.086756439516,217.38848388794682,215.65284729003906,215.65284729003906,31678620.0
2019-08-27,217.38846844482424,217.82237756347658,215.65283197021486,216.95455932617188,50234951.0
2019-08-28,217.38847341991607,219.5580190628294,217.38847341991607,218.69020080566406,15132882.0
2019-08-29,219.55800880972794,220.4258270263672,217.82237237644947,220.4258270263672,19587767.0
2019-08-30,222.5954077289832,224.76495361328125,222.16149855212356,224.76495361328125,35184201.0
2019-09-02,223.89708963042324,223.89708963042324,222.16145327669904,223.4631805419922,14614854.0
2019-09-03,222.59537256796528,223.89709989292413,219.55800880972794,220.4258270263672,25762495.0
2019-09-04,220.42581692297483,223.89708963042324,220.42581692297483,223.4631805419922,22540733.0
2019-09-05,228.2362060546875,228.2362060546875,226.06666036975702,228.2362060546875,48791728.0
2019-09-06,229.97183233329875,229.97183233329875,228.23619586285875,228.67010498046875,25408515.0
2019-09-10,228.6700999331064,229.10400904113885,226.06664528491163,226.93446350097656,29308866.0
2019-09-11,229.1040243286597,229.53793346564578,226.06666036975702,228.2362060546875,36196015.0
2019-09-12,229.97183750697545,229.97183750697545,226.9344736153739,227.8022918701172,26017293.0
2019-09-16,227.36838257065824,230.40574645996094,226.934473443615,230.40574645996094,32573966.0
2019-09-17,231.27359031821197,231.27359031821197,229.5379536178877,229.97186279296875,27600844.0
2019-09-18,231.70748901367188,233.87703479095345,231.27357985821556,231.70748901367188,47684759.0
2019-09-19,234.33059266288325,234.33059266288325,230.8331211306014,231.70748901367188,25233567.0
2019-09-20,232.58186571525806,233.01904967336944,230.8331298828125,230.8331298828125,43868865.0
2019-09-23,230.8331298828125,230.8331298828125,229.95876196658975,230.8331298828125,13093208.0
2019-09-24,230.3959371890662,232.14467295520708,229.08438536446047,231.70748901367188,24244943.0
2019-09-25,229.5215606689453,232.58184814453125,229.0843767438616,232.58184814453125,21003163.0
2019-09-26,235.20498013852247,235.64216411647513,233.01906024875927,234.3306121826172,29940103.0
2019-09-27,237.3908647929921,238.26523261911728,236.9536808799295,237.8280487060547,41235817.0
2019-10-01,238.70252723693847,245.26028897421702,238.70252723693847,244.82310485839844,71743890.0
2019-10-02,244.82298712824237,245.69735493941468,243.9486193170701,244.38580322265625,29295953.0
2019-10-03,239.57680606669587,242.63709373543105,239.57680606669587,241.76272583007812,31890864.0
2019-10-04,244.38582954613685,244.8230134988133,240.4511739720488,241.76272583007812,35169613.0
2019-10-07,243.94873958011323,244.38592370122456,242.6371872167793,243.07437133789062,17510230.0
2019-10-08,247.88328983646412,250.5063934326172,247.0089219710798,250.5063934326172,35278551.0
2019-10-09,247.88326799108626,250.06918746190712,246.57171630859375,246.57171630859375,34777456.0
2019-10-14,254.87823270600418,254.87823270600418,252.25512911040207,253.56668090820312,46683517.0
2019-10-15,256.6269226074219,258.8128418800575,255.3153710438405,256.6269226074219,38018567.0
2019-10-16,260.56164344929124,260.56164344929124,256.6269877596207,259.2500915527344,40297144.0
2019-10-17,257.93847417100324,258.37565802553036,255.3153710438405,256.6269226074219,40271938.0
2019-10-18,256.1897888183594,258.3757085181747,254.4410530585071,256.1897888183594,45102984.0
2019-10-21,254.44104877340382,254.44104877340382,252.25512911040207,253.56668090820312,34634365.0
2019-10-22,255.75262653584383,257.0641784667969,254.87825858187512,257.0641784667969,26005020.0
2019-10-23,256.62697275832244,256.62697275832244,254.003869118544,256.1897888183594,28675408.0
2019-10-24,257.50134063824856,257.50134063824856,254.4410530585071,256.1897888183594,29040827.0
2019-10-25,257.5012903164761,257.5012903164761,255.75255489836763,256.6269226074219,22682711.0
2019-10-28,257.9385572864163,258.375741281817,257.0641892956149,257.5013732910156,20076561.0
2019-10-29,259.68728837056375,260.99884033203125,259.2501043834079,260.99884033203125,36682131.0
2019-10-30,260.9987402710572,261.87310791015625,259.2500049928592,261.87310791015625,32370342.0
2019-10-31,262.31039229349875,263.62194425496625,260.99884033203125,260.99884033203125,40944514.0
2019-11-01,261.87318859291713,261.87318859291713,259.25008486744554,261.4360046386719,30121678.0
2019-11-04,264.4962832671423,269.30530659927217,263.18473144928873,268.4309387207031,44899671.0
2019-11-05,268.86813767290346,271.4912414550781,268.4309537092077,271.4912414550781,32201184.0
2019-11-06,270.17960939070036,272.36552856052805,269.30524172276927,271.9283447265625,22149743.0
2019-11-07,271.05405542071196,271.05405542071196,267.99376769822004,270.1796875,28291659.0
2019-11-08,269.74242674582524,270.179610581718,267.11932373046875,267.11932373046875,25651542.0
2019-11-11,266.6821633779329,266.6821633779329,262.3103246340324,263.1846923828125,35165583.0
2019-11-12,264.4963006191566,266.6822204589844,264.05911665119106,266.6822204589844,17540708.0
2019-11-13,264.9335237804212,265.8078918457031,263.6219716824983,265.8078918457031,18172438.0
2019-11-14,266.24500381494863,266.6821877292589,264.05908424339736,265.3706359863281,15734835.0
2019-11-15,267.1193869028495,268.86812265998765,266.24501902428045,268.4309387207031,28848445.0
2019-11-18,269.7424255567348,271.9283447265625,268.4308740548382,271.9283447265625,18691325.0
2019-11-19,273.23995317731584,275.4258728027344,271.9284014020647,275.4258728027344,31634197.0
2019-11-20,274.5515639017643,274.5515639017643,272.8028278259569,274.1143798828125,22387973.0
2019-11-21,270.6167932246659,271.9283447265625,268.4308740548382,271.9283447265625,28108833.0
2019-11-22,271.05405542071196,271.49123938106794,269.30531957928804,270.1796875,24737984.0
2019-11-25,271.49122629569484,271.49122629569484,268.4309387207031,268.4309387207031,19530177.0
2019-11-26,271.0540423564103,271.49122629569484,268.4309387207031,268.4309387207031,101224622.0
2019-11-27,268.8680578888038,272.36552856052805,268.8680578888038,271.9283447265625,18467648.0
2019-11-28,271.05403573524586,272.8027714496668,269.74248394943015,270.6168518066406,19077982.0
2019-11-29,270.17969220270874,270.6168761706743,266.6822204589844,266.6822204589844,30963561.0
2019-12-02,268.43088865202617,269.3052563675051,267.9937047942867,268.8680725097656,24016807.0
2019-12-03,266.682202963565,268.4309387207031,266.682202963565,268.4309387207031,24690319.0
2019-12-04,266.6821812648399,267.5565490722656,265.8078134574142,267.5565490722656,25492686.0
2019-12-05,270.1796916081355,272.80279541015625,270.1796916081355,272.80279541015625,34521842.0
2019-12-06,275.42589035277933,276.30025825866113,271.928418729252,273.6771545410156,17695703.0
2019-12-09,274.5515266128733,276.73744641074654,274.5515266128733,276.3002624511719,23256081.0
2019-12-10,275.42593193966803,275.8631159586199,273.2400118449088,274.1143798828125,20570594.0
2019-12-11,274.5514706219999,278.9233093261719,273.6771028811655,278.9233093261719,31223148.0
2019-12-12,284.1695149739583,292.4760084885817,283.2951472355769,289.8529052734375,52742851.0
2019-12-13,297.285073429434,299.9081770185172,295.5363377033785,296.41070556640625,58198939.0
2019-12-16,294.2248121443249,295.97354802631196,293.7876281738281,293.7876281738281,102188.0
2019-12-17,292.9132128729336,301.6568908691406,292.9132128729336,301.6568908691406,40813458.0
2019-12-18,298.59665324483797,301.65694105261815,298.59665324483797,301.2197570800781,39682841.0
2019-12-19,299.45821004839087,301.21972893102844,295.0544128417969,295.0544128417969,54888012.0
2019-12-20,292.4121145694814,293.2928739507148,289.32945673516457,289.76983642578125,86280459.0
2019-12-23,290.21019754010047,294.1736145019531,290.21019754010047,294.1736145019531,26639340.0
2019-12-24,294.1735667033368,294.61394629421005,292.41204833984375,292.41204833984375,13488907.0
2019-12-25,292.4121482322166,294.6140469387845,291.53138874958944,293.29290771484375,12262954.0
2019-12-26,293.29290771484375,294.17366719747093,291.971768490903,293.29290771484375,11427884.0
2019-12-27,295.0544377614761,297.69671630859375,295.0544377614761,297.69671630859375,16677806.0
2019-12-30,297.69664067609074,298.57739996803184,294.1736035083263,294.6139831542969,21531263.0
2019-12-31,291.5313720703125,293.733270650904,291.5313720703125,291.5313720703125,22890517.0
2020-01-02,292.8524872546351,298.5774230957031,292.8524872546351,298.5774230957031,31754120.0
2020-01-03,302.98123964469806,303.8619990622699,295.4947845953378,299.017822265625,41811268.0
2020-01-06,293.2928075215903,294.61394629421005,292.41204833984375,292.41204833984375,45343057.0
2020-01-07,292.8526063030515,293.29298616215385,287.5680479938235,290.2103271484375,50879181.0
2020-01-08,286.2469084165165,293.29298616215385,286.2469084165165,290.2103271484375,37567748.0
2020-01-09,295.05438820167825,297.25628662109375,293.73324915002894,297.25628662109375,31481504.0
2020-01-10,299.8985816831968,300.3389613919827,295.9351643041237,299.017822265625,27032115.0
2020-01-13,301.2197376435533,301.2197376435533,298.57745924317123,300.77935791015625,30663332.0
2020-01-14,304.30235713892586,304.74273681640625,303.4215977839652,304.74273681640625,30223993.0
2020-01-15,303.86195687686694,303.86195687686694,297.25626216215244,299.4581604003906,47434274.0
2020-01-16,290.65056634056197,296.3755017381791,290.65056634056197,294.6139831542969,55211420.0
2020-01-17,294.17366719747093,295.4948064214116,292.4121482322166,293.29290771484375,52060097.0
2020-01-20,294.17366719747093,295.4948064214116,293.29290771484375,293.29290771484375,32658203.0
2020-01-30,287.12759105326813,287.12759105326813,278.7603759765625,278.7603759765625,125451049.0
2020-01-31,284.4852342605591,284.92561388015747,280.962197303772,281.84295654296875,62526055.0
2020-02-03,277.439208984375,278.7603480747768,274.79693080357146,277.439208984375,59560849.0
2020-02-04,296.37552842360276,296.8159081092248,286.2467956542969,286.2467956542969,51890496.0
2020-02-05,289.7699310069776,290.21031084133466,285.8065124977636,288.44879150390625,36601453.0
2020-02-06,290.210169787873,292.8524475097656,289.7697901675576,292.8524475097656,29267094.0
2020-02-07,290.6506180181736,291.09099774244356,287.1275802240139,288.88909912109375,28798327.0
2020-02-10,283.1642334916209,288.88917133826334,282.7238536572638,288.44879150390625,30632424.0
2020-02-11,291.0909508982755,292.85246951188077,290.65057124487413,291.9717102050781,27524935.0
2020-02-12,293.7332736798187,295.93517228311566,293.2928939591593,295.0544128417969,37612639.0
2020-02-13,297.6966911657533,297.6966911657533,295.0544128417969,295.0544128417969,22757021.0
2020-02-14,296.8159317244345,296.8159317244345,294.6140331211375,295.0544128417969,16933683.0
2020-02-17,291.9717102050781,293.29284916528206,291.0909508982755,291.9717102050781,15937079.0
2020-02-18,285.8063904187694,287.56790900378496,283.6044921875,283.6044921875,61825604.0
2020-02-19,284.0449549629714,288.0083729391989,283.604575187835,287.5679931640625,38781218.0
2020-02-20,288.8890318980415,289.76979114163305,286.2467541672667,286.6871337890625,27011736.0
2020-02-21,286.6871753399189,287.5679347111629,284.4852769118089,286.2467956542969,22813534.0
2020-02-24,281.40257692337036,283.1640954017639,281.40257692337036,281.84295654296875,41693680.0
2020-02-25,281.84297360248445,284.92563112626164,279.64107537121504,283.6044921875,36195011.0
2020-02-26,279.2007419460422,282.2833999801468,278.76036222688447,280.5218811035156,60479362.0
2020-02-27,280.96225506746316,281.8430144877373,277.43921738636647,278.3199768066406,61250927.0
2020-03-02,271.2738296165344,279.2006623001344,271.2738296165344,273.9161071777344,79912942.0
2020-03-03,280.521842079463,281.84298105314963,278.31994378998525,279.6410827636719,49679411.0
2020-03-04,283.60455598399716,283.60455598399716,279.2007585308295,282.2834167480469,42941146.0
2020-03-05,286.246778647597,287.12753796651265,284.4852600097656,284.4852600097656,37861525.0
2020-03-06,281.84300595238096,282.2833856491815,277.439208984375,277.439208984375,51546760.0
2020-03-09,270.83347901189774,273.0353772152465,269.07196044921875,269.07196044921875,87871277.0
2020-03-10,265.548950891153,272.1546461869529,265.1085712047664,270.39312744140625,71950130.0
2020-03-11,272.1546654101239,273.4758045626003,265.9893493652344,265.9893493652344,62216710.0
2020-03-12,263.3470959306574,263.3470959306574,252.7779817127046,258.94329833984375,113527351.0
2020-03-13,242.2088359964305,258.9432646652748,240.00693748737206,255.42022705078125,149995148.0
2020-03-16,251.0164387101075,256.30099531453084,242.64922408643727,243.5299835205078,103873228.0
2020-03-17,233.40125496707745,243.52998867319593,233.40125496707745,236.0435333251953,121323651.0
2020-03-18,237.36466636657713,240.00694465637207,228.99745178222656,228.99745178222656,117437643.0
2020-03-19,224.1062533470892,224.99556387624432,209.4326296160298,220.54901123046875,160811697.0
2020-03-20,229.88674539636685,240.1138153076172,227.6634693287037,240.1138153076172,157664726.0
2020-03-23,228.5527908624387,233.44399844898896,224.1062385110294,226.774169921875,76466709.0
2020-03-24,238.3351886499708,243.67105108243283,236.55656783915012,237.89053344726562,81952933.0
2020-03-25,245.89434927379182,249.00693597346006,243.67107305974307,246.33900451660156,79447199.0
2020-03-26,248.56233318873814,249.00698852539062,245.00509049551826,249.00698852539062,52845633.0
2020-03-27,252.56415264423077,254.3427734375,242.78173828125,242.78173828125,68752306.0
2020-03-30,234.33329182562426,239.22449905538113,233.44398142021393,237.89053344726562,49159956.0
2020-03-31,242.78181663568873,243.67112731933594,239.66922924292348,243.67112731933594,48837923.0
2020-04-01,245.894336623162,245.894336623162,241.44778442382812,241.44778442382812,44515034.0
2020-04-06,242.7817289764349,245.0050048828125,240.11379788878176,245.0050048828125,56392754.0
2020-04-07,252.11950567670087,252.56416088953455,249.45157439969873,251.6748504638672,48787346.0
2020-04-08,253.45346069335938,253.89811588755825,251.67483991656388,253.45346069335938,37912826.0
2020-04-09,255.67674737937037,256.12140259220405,251.23019525103348,251.6748504638672,27620430.0
2020-04-10,249.00700277420617,250.78562422259336,248.11769205001258,248.56234741210938,27252858.0
2020-04-13,247.6729736328125,250.34090512616416,247.6729736328125,247.6729736328125,22196596.0
2020-04-14,249.89621913976836,253.89811588755825,249.00690875137062,253.45346069335938,48809688.0
2020-04-15,255.2320568847656,256.5660223388672,254.34274658203122,255.6767120361328,55216434.0
2020-04-16,251.6748283346286,256.56603524572563,251.6748283346286,254.78741455078125,47815280.0
2020-04-17,269.90579835975734,274.3523518747451,267.2378662507647,272.57373046875,116368201.0
2020-04-20,273.90761405543276,274.79692449067767,269.01640666158573,270.3503723144531,41381669.0
2020-04-21,267.2377646236097,268.12707498841365,261.01259206998145,262.3465576171875,61479357.0
2020-04-22,261.9019000514024,262.3465552297579,258.34465862455824,261.4572448730469,42192580.0
2020-04-23,266.79318810477474,266.79318810477474,261.4573243426792,262.7912902832031,39474478.0
2020-04-24,262.79121040811344,264.12517594318,261.4572448730469,261.4572448730469,26008090.0
2020-04-27,265.0145568847656,265.4592121815521,263.23593569761954,265.0145568847656,38493406.0
2020-04-28,265.45919357222607,265.45919357222607,261.9019514473051,263.6805725097656,37395165.0
2020-04-29,265.9038391113281,268.12711535807836,265.014528612628,265.9038391113281,44059301.0
2020-04-30,268.5717677224446,271.2396991898861,268.127112477871,270.7950439453125,55126085.0
2020-05-04,261.9019024347855,263.68052316439355,261.45724725238347,262.3465576171875,71581861.0
2020-05-05,263.680600910219,265.0145668507429,262.3466349696952,262.7912902832031,23547405.0
2020-05-06,261.9019655279211,263.2359313964844,260.12334436983673,263.2359313964844,34240479.0
2020-05-07,261.9018932182248,265.9037897190126,261.9018932182248,264.56982421875,27621198.0
2020-05-08,266.793100052521,266.793100052521,263.2358587184874,264.56982421875,32295893.0
2020-05-11,266.7931845021802,268.12715042469114,265.45921857966937,267.6824951171875,28727019.0
2020-05-12,264.5698335291976,265.4591438940016,262.3465576171875,262.3465576171875,52089788.0
2020-05-13,260.5679415821628,264.12518310546875,260.12328639174956,264.12518310546875,26156418.0
2020-05-14,260.5679626464844,262.3465835519211,260.1233074201252,260.5679626464844,34315948.0
2020-05-15,264.5699015879791,265.4592121815521,261.90196980726,265.0145568847656,42494804.0
2020-05-18,258.7892735974542,261.01254914382406,257.89996337890625,257.89996337890625,84986065.0
2020-05-19,261.4573465808587,261.4573465808587,259.23406982421875,259.23406982421875,51250214.0
2020-05-20,260.5679345163358,261.4572448730469,258.78931380291374,261.4572448730469,32677994.0
2020-05-21,263.2358587184874,265.0144793855042,262.346548384979,264.56982421875,30997468.0
2020-05-22,261.90192601452134,262.34658123695687,258.7893394574727,259.67864990234375,40192923.0
2020-05-25,258.3446842350372,260.5679603472148,256.5660633452951,259.67864990234375,26803223.0
2020-05-26,262.3466349696952,264.56991153723493,261.01266902917126,262.7912902832031,33856481.0
2020-05-27,264.1252277753807,265.014538306611,262.7912619785354,263.6805725097656,23375959.0
2020-05-28,265.4591414782466,265.4591414782466,260.5679345163358,261.4572448730469,28444568.0
2020-05-29,259.67864990234375,260.1233051247793,257.9000290126017,259.67864990234375,79774181.0
2020-06-01,261.4573243426792,263.680600910219,261.01266902917126,262.7912902832031,35811214.0
2020-06-02,263.2359172441505,264.5698830409959,263.2359172441505,263.6805725097656,24771587.0
2020-06-03,266.7931845021802,267.6824951171875,265.01456327216573,267.6824951171875,65176337.0
2020-06-04,271.2396569345512,272.12896728515625,270.3503465839461,272.12896728515625,46572451.0
2020-06-05,274.3522713111645,277.46485785764446,273.9076160902388,277.02020263671875,42981262.0
2020-06-08,281.0220690073457,283.69000004222556,280.13275866238575,282.8006896972656,50302921.0
2020-06-09,281.4666962817919,283.6899719238281,279.2434206397556,283.6899719238281,36417082.0
2020-06-10,283.6899654417999,288.13651662427327,282.80065520530525,286.80255126953125,39984259.0
2020-06-11,289.47056986649585,290.8045356262493,283.2453963209798,285.0240173339844,50104255.0
2020-06-12,278.3542239032214,282.3561216909674,277.9095685934719,281.02215576171875,45992918.0
2020-06-15,281.02221955775445,282.35618578983235,274.3523883973647,275.24169921875,51032404.0
2020-06-16,281.9114028204055,281.9114028204055,279.2434715634301,280.1327819824219,36608216.0
2020-06-17,281.46674761090964,281.9114028204055,278.79881635393417,280.1327819824219,34522968.0
2020-06-18,281.9256591796875,282.3738716744088,280.58102169552365,281.9256591796875,29044474.0
2020-06-19,281.4774466849662,281.9256591796875,279.6845967060811,281.9256591796875,48130280.0
2020-06-22,281.9256018125094,283.7184514265794,279.6845397949219,279.6845397949219,37374616.0
2020-06-23,283.27032645089287,283.71853899274555,280.1328386579241,282.3739013671875,41300084.0
2020-06-24,285.95956666000245,286.85599163385825,283.27029173843505,284.61492919921875,54147024.0
2020-06-29,281.4773894089919,282.3738142160269,277.89169018085187,279.6845397949219,56580892.0
2020-06-30,281.02923666859584,281.47744916726987,278.7881741752259,280.5810241699219,48991860.0
2020-07-01,282.37386676457925,285.06314168614665,281.47744179072345,284.61492919921875,29532342.0
2020-07-02,285.95955937545494,288.6488342285156,285.0631344244347,288.6488342285156,34526178.0
2020-07-03,293.1310378495768,296.26852602227865,292.6828252534765,295.3721008300781,53341987.0
2020-07-06,298.06127085488225,302.9916076660156,297.61305841750647,302.9916076660156,57256220.0
2020-07-07,307.92197466671377,310.16303707331286,302.9916373721958,303.4398498535156,59046323.0
2020-07-08,302.543420875527,307.0255456292385,302.543420875527,305.680908203125,30720218.0
2020-07-09,310.16311831266984,311.0595435101053,307.47384272036345,309.2666931152344,35522376.0
2020-07-10,315.98981378410264,316.4380262859241,309.71483875860275,312.40411376953125,60902108.0
2020-07-13,314.6451059618521,317.7825927734375,314.196893560197,317.7825927734375,48069523.0
2020-07-14,318.2308519198117,326.2986763346802,317.782639452319,325.8504638671875,61764150.0
2020-07-15,328.09155777860275,331.67725786361484,323.60943267233773,325.40228271484375,73438362.0
2020-07-16,321.81656127076053,323.6094111942745,316.88622398109703,320.471923828125,68220512.0
2020-07-17,323.60933600069717,330.78073402841346,322.7129112472326,328.9878845214844,65727485.0
2020-07-20,331.67722191315534,331.67722191315534,324.9540349824832,328.0915222167969,42769238.0
2020-07-21,333.918317391418,346.91648008182216,333.0218923782866,343.3307800292969,64219128.0
2020-07-22,341.53789806365967,346.02002271016437,339.74504820505774,344.2271728515625,43759670.0
2020-07-23,342.43435752938643,343.3307825490969,339.74508247025517,341.98614501953125,45209282.0
2020-07-24,349.60578088315657,354.08790627909445,342.43438024965593,346.02008056640625,86682734.0
2020-07-27,376.946679464639,380.5323791503906,373.3609797788874,380.5323791503906,99333798.0
2020-07-28,415.9410807291667,418.18214258654365,384.1180023544136,389.94476318359375,166307746.0
2020-07-29,383.66990133710385,386.8073888480381,376.0502888105492,378.2913513183594,85663166.0
2020-07-30,391.2894017092094,395.3233130670363,384.1180037397394,389.04833984375,69293949.0
2020-07-31,381.87704550253375,387.25559543918916,381.4288330078125,381.4288330078125,49897674.0
2020-08-03,376.9467855967008,380.0842737051157,372.0164471406203,372.9128723144531,76429571.0
2020-08-04,377.84313305004224,381.4288330078125,375.15385808171453,381.4288330078125,41223445.0
2020-08-05,385.911013409808,388.60028876458017,381.8771003776497,384.5663757324219,47223834.0
2020-08-06,392.1858250409707,392.6340374124461,386.3590642117906,389.94476318359375,41029627.0
2020-08-07,388.60022053707553,389.0484330175105,383.6698832522914,388.1520080566406,36589460.0
2020-08-10,383.221726707695,392.18597762483404,383.221726707695,390.39312744140625,36067500.0
2020-08-11,387.25565108719405,389.94492644196623,384.5663757324219,384.5663757324219,34545313.0
2020-08-12,378.2914178160893,379.63605555714173,375.6021423339844,375.6021423339844,52143474.0
2020-08-13,383.6699506141645,384.5663757324219,380.53246270026364,384.5663757324219,44352335.0
2020-08-14,380.0841324602971,383.6698318231301,379.1877076195889,382.7734069824219,23419955.0
2020-08-17,382.7733652399874,389.94476318359375,381.42872812556124,389.94476318359375,34137731.0
2020-08-18,394.4269827827295,394.8751952631644,387.2555830957708,388.1520080566406,41643160.0
2020-08-19,390.8412920321637,391.2895045230263,383.2216796875,383.2216796875,31486800.0
2020-08-20,382.7734569135919,383.2216693924134,359.466408014872,372.016357421875,75097235.0
2020-08-21,377.8431043860769,382.77344145398536,376.49846700392004,380.5323791503906,41609467.0
2020-08-24,383.22170934944506,389.4966847072138,380.98064672167055,383.669921875,48375406.0
2020-08-25,388.60030945315873,390.84137236811347,385.911033955213,389.4967346191406,35977899.0
2020-08-26,390.3930861529182,396.2198486328125,389.9448736544648,396.2198486328125,39243340.0
2020-08-27,401.59839527027026,406.5287327122044,398.0126953125,398.0126953125,53072712.0
2020-08-28,394.4268868983477,394.87509926982307,386.3590642117906,389.94476318359375,56842210.0
2020-08-31,391.73768742730164,393.97874971235484,382.3252258300781,382.3252258300781,81480538.0
2020-09-01,385.46263946883977,389.94476318359375,383.6697899829382,389.94476318359375,37429577.0
2020-09-02,395.3234077435994,395.3234077435994,385.91094565446605,388.1520080566406,34871407.0
2020-09-03,393.97876540017785,393.97876540017785,388.6002157018819,390.8412780761719,34951617.0
2020-09-04,382.7735254959071,387.70386364632276,382.7735254959071,384.5663757324219,46119911.0
2020-09-07,383.6698639918941,387.7037761133042,380.98058924428733,381.87701416015625,32019312.0
2020-09-08,383.66985616661833,388.15198065454615,383.22164371782554,386.359130859375,23714670.0
2020-09-09,380.9805573010054,383.6698318231301,379.1877076195889,382.7734069824219,40551362.0
2020-09-10,387.7037013262168,389.94476318359375,385.9108518403152,389.94476318359375,35098921.0
2020-09-11,390.3930647982218,391.28948974609375,387.70378995460607,391.28948974609375,34298469.0
2020-09-14,390.84133046122093,396.21988088041206,390.39311792628837,395.3234558105469,39085833.0
2020-09-15,394.8751155896133,400.7018766596076,393.9786908096142,398.9090270996094,39061449.0
2020-09-16,412.3555025991914,414.1483526104923,408.3215900737646,410.5626525878906,64261238.0
2020-09-17,408.30931821076763,410.11200835739356,402.45057523423344,404.2532653808594,42058506.0
2020-09-18,402.90117830843536,405.1545406032253,399.2957986367715,400.1971435546875,52454922.0
2020-09-21,399.74653511047364,405.6052780151367,396.5918273925781,396.5918273925781,39463920.0
2020-09-22,396.59176056117707,397.49310547154334,392.9863809197118,393.8877258300781,36130639.0
2020-09-23,392.98639458081027,395.239756935058,389.38101481401384,390.7330322265625,45710963.0
2020-09-24,383.5222833150949,386.67699069841535,381.2689208984375,381.2689208984375,79806381.0
2020-09-25,384.8742616761406,385.77560655126035,379.466192425422,382.17022705078125,38775269.0
2020-09-28,384.8743064765444,388.93035888671875,382.62094402644755,388.93035888671875,34156973.0
2020-09-29,389.8317233481706,392.0850859108768,385.77567073529946,388.4797058105469,32230502.0
2020-09-30,388.0289863427847,392.0850384648347,388.0289863427847,390.2823486328125,27334204.0
2020-10-05,394.78915465250185,394.78915465250185,388.93041148985054,389.8317565917969,32945832.0
2020-10-06,397.94380321654575,398.3944757003697,394.3384233459542,396.14111328125,35775395.0
2020-10-07,392.08504739248997,401.09849675783454,392.08504739248997,399.2958068847656,42926239.0
2020-10-08,405.6051999527887,409.2105795079246,404.25318261961274,408.3092346191406,60853811.0
2020-10-12,412.81596255095104,416.4213421365489,412.3652901027513,414.61865234375,64719223.0
2020-10-13,419.12545241318736,419.12545241318736,411.4640194120861,416.4214172363281,45750738.0
2020-10-14,415.0693330453112,415.52000550247226,411.914625845184,413.7173156738281,40809241.0
2020-10-15,411.0132692854925,411.46394172988454,405.6051999527887,408.3092346191406,47775028.0
2020-10-16,406.5065472099457,411.0132716801225,404.25318497485733,404.703857421875,46876801.0
2020-10-19,408.3092433241547,412.36529541015625,406.506553508154,412.36529541015625,34470906.0
2020-10-20,410.5626442649148,411.9146617542614,406.506591796875,406.506591796875,25205638.0
2020-10-21,408.75990706353264,411.0132692854925,406.5065448415727,408.3092346191406,28058921.0
2020-10-22,405.6052742423592,410.11199951171875,405.15460171542327,410.11199951171875,23438547.0
2020-10-23,412.81602923637996,412.81602923637996,406.9572864633746,407.407958984375,18777385.0
2020-10-26,410.1119493272569,410.1119493272569,405.605224609375,405.605224609375,15059581.0
2020-10-27,403.3518565474474,404.2532014782797,401.54916668578284,402.90118408203125,20117660.0
2020-10-28,401.09848847260344,402.90117830843536,399.2957986367715,400.1971435546875,24710230.0
2020-10-29,393.43705337489496,396.1410881059939,392.5357084645286,393.8877258300781,41285612.0
2020-10-30,393.88779837996873,393.88779837996873,389.3810729980469,389.3810729980469,47668895.0
2020-11-02,390.2823736495183,392.5357360839844,385.7756487805862,392.5357360839844,33477443.0
2020-11-03,396.14111608388475,399.2958234929714,394.7890986228476,397.4931335449219,30328495.0
2020-11-04,400.6478274197048,406.95724202473957,399.29581000434024,405.605224609375,37512790.0
2020-11-05,406.9572642933239,406.9572642933239,401.5491943359375,406.506591796875,34886108.0
2020-11-06,410.11200524430245,410.56267777753794,405.6052799119475,407.858642578125,30154140.0
2020-11-09,412.8159596350617,414.61864941512744,409.21058007493014,413.2666320800781,39245881.0
2020-11-10,407.40793678977275,409.66129927201706,404.2532293146307,406.506591796875,34820499.0
2020-11-11,404.25321025556235,411.9146423339844,404.25321025556235,411.9146423339844,36765561.0
2020-11-12,417.322703665521,417.7733761316824,412.3653065377448,412.81597900390625,40100880.0
2020-11-13,413.71738205946883,416.4214172363281,411.4640194120861,416.4214172363281,31037438.0
2020-11-16,423.6321762967701,436.70167960805344,422.7308312408195,436.2510070800781,81994937.0
2020-11-17,452.4750946390641,456.080473879216,437.6029052734375,437.6029052734375,72413868.0
2020-11-18,441.65900002063165,447.9684143066406,438.5042928776271,447.9684143066406,50387727.0
2020-11-19,449.77122491330516,449.77122491330516,441.65911865234375,441.65911865234375,44220053.0
2020-11-20,438.05369417784647,441.6590743768411,438.05369417784647,439.85638427734375,32281453.0
2020-11-23,445.71513214572315,449.3205123855268,443.4617694958459,447.517822265625,38084006.0
2020-11-24,450.221787336396,450.6724597961922,443.01102797965694,443.4617004394531,35479226.0
2020-11-25,446.16577712417387,446.6164496263195,438.95501708984375,438.95501708984375,41419632.0
2020-11-26,440.7577209472656,444.8137735940196,439.85637591465365,440.7577209472656,28893033.0
2020-11-27,439.40570339834767,443.4617560451016,438.50435836573564,440.7577209472656,32960189.0
2020-11-30,444.3631270425501,444.8137995851896,433.0963134765625,433.0963134765625,119895176.0
2020-12-01,441.2084460822903,441.65911865234375,435.8003752416494,441.65911865234375,37018651.0
2020-12-02,450.2218211753096,450.6724936689786,444.8137512512819,449.7711486816406,50621339.0
2020-12-03,450.22177655164387,450.22177655164387,446.1657245106381,447.9684143066406,35651379.0
2020-12-04,449.32050370506454,455.17924648155986,448.4191586625268,453.3765563964844,51172005.0
2020-12-07,461.4886004377432,464.1926352059331,456.0805309013634,463.2912902832031,44271244.0
2020-12-08,463.2913290708119,473.2061240509266,458.78460407985074,472.3047790527344,40771761.0
2020-12-09,469.60077743530275,472.30481262207036,468.6994323730469,468.6994323730469,43314115.0
2020-12-10,460.5872719883919,464.19265180826187,459.6859270334244,461.4886169433594,42556926.0
2020-12-11,465.99546139739283,465.99546139739283,455.17931915992915,465.0941162109375,45660960.0
2020-12-14,461.48861958661416,462.3899645467443,457.88323974609375,457.88323974609375,30260485.0
2020-12-15,456.98183604649137,459.68587057931086,454.2778015136719,454.2778015136719,39852366.0
2020-12-16,458.7845820784569,464.19265180826187,456.9818921685219,461.4886169433594,52012348.0
2020-12-17,466.4703480277475,466.4703480277475,460.1299743652344,460.1299743652344,38215179.0
2020-12-18,460.12993211933207,463.7530024509804,459.22416453642,461.94146728515625,39924864.0
2020-12-21,463.7530886627907,468.28192741926324,460.1300176576126,467.37615966796875,34813281.0
2020-12-22,463.7530083497053,467.37607872743735,461.03570556640625,461.03570556640625,22454277.0
2020-12-23,460.1299379719732,462.84724075527225,458.31840278310716,461.03570556640625,18086715.0
2020-12-24,462.8472348680683,463.7530024509804,460.12993211933207,461.94146728515625,14950143.0
2020-12-25,465.56453171821494,466.4702992896511,461.94146143247,462.84722900390625,12327895.0
2020-12-28,463.7530643203884,466.4703674316406,461.0357612091361,466.4703674316406,19087382.0
2020-12-29,466.4703674316406,468.28190283914216,464.65883202413914,466.4703674316406,19907528.0
2020-12-30,467.37610630580355,475.52801513671875,465.56457101004463,475.52801513671875,46292401.0
2020-12-31,476.4337836499484,480.0568542480469,474.62224835089916,480.0568542480469,29970398.0
2021-01-04,480.05684923769826,489.11452563840953,478.245313957556,485.491455078125,38770328.0
2021-01-05,485.49154066247695,490.9261474609375,484.5857728627335,490.9261474609375,34411866.0
2021-01-06,502.7012092298497,502.7012092298497,490.0204580060337,497.2666015625,53030554.0
2021-01-07,501.79516407114215,516.2874431778899,500.8893966269704,511.75860595703125,51166782.0
2021-01-08,525.3453369140625,525.3453369140625,517.1934265136719,525.3453369140625,59563555.0
2021-01-11,522.6281299329784,528.968505859375,519.9108259645227,528.968505859375,48810990.0
2021-01-12,528.0625139420407,540.7432604174928,527.1567463366513,535.3086547851562,50232426.0
2021-01-13,538.9318242348916,547.989501953125,537.1202886912448,547.989501953125,62662393.0
2021-01-14,531.6855180070207,540.7431929304793,531.6855180070207,536.21435546875,75288477.0
2021-01-15,562.4816221214967,566.1046921512648,544.3662719726562,544.3662719726562,92010500.0
2021-01-18,550.7067931425041,550.7067931425041,538.0260446161965,549.801025390625,45726476.0
2021-01-19,559.7643517307117,572.445097562799,555.2355139335376,567.916259765625,50672866.0
2021-01-20,573.3509896940204,588.749041549942,571.5394541815591,586.03173828125,82066422.0
2021-01-21,579.6913307949479,615.0162712652651,579.6913307949479,609.5816650390625,89019137.0
2021-01-22,587.8431396484375,602.3354204410031,587.8431396484375,587.8431396484375,125179403.0
2021-01-25,581.5027995177355,585.1258699197151,567.0105179098168,573.3508911132812,93050133.0
2021-01-26,572.4451573895867,579.6912986223663,552.5182689994429,558.858642578125,100153482.0
2021-01-27,559.7641768292683,566.1045477642276,553.4238058943089,557.046875,59985191.0
2021-01-28,543.4605044652143,550.7066445247505,541.6489694503302,544.3662719726562,96447533.0
2021-01-29,560.6701477360604,560.6701477360604,535.3086547851562,535.3086547851562,90745237.0
2021-02-01,538.9317294306529,554.3297788429572,531.6855885307449,553.4240112304688,67462398.0
2021-02-02,569.7278873105593,577.879796667944,563.3875133659267,572.4451904296875,78429188.0
2021-02-03,577.8796851748513,581.5027553013393,570.633544921875,570.633544921875,48738970.0
2021-02-04,567.0104922061902,572.445097562799,561.5758868495814,567.916259765625,46371900.0
2021-02-05,577.879796667944,580.5970997870724,571.5394227233114,572.4451904296875,53267273.0
2021-02-17,600.52392578125,605.0527638338989,597.8066229496607,600.52392578125,107614290.0
2021-02-18,601.4297111742425,602.335478811553,594.1835700757575,597.806640625,53109010.0
2021-02-19,594.1834948955138,595.0892624182204,586.0315871911546,590.5604248046875,50279585.0
2021-02-22,597.8067007211539,599.6182361778847,588.7490234375,588.7490234375,36474610.0
2021-02-23,580.5971069335938,582.4086423686439,573.3509651933929,580.5971069335938,50076333.0
2021-02-24,567.9164551757813,576.068366015625,566.1049194335938,566.1049194335938,66206750.0
2021-02-25,576.0683043953002,576.0683043953002,568.8221622016486,575.1625366210938,43231417.0
2021-02-26,553.4240409423022,559.7644145701191,548.8952026367188,548.8952026367188,111861175.0
2021-03-02,562.4817616129156,563.3875293449815,551.612548828125,551.612548828125,54041533.0
2021-03-03,551.6124722888616,563.387451171875,544.3663314377764,563.387451171875,48252965.0
2021-03-04,551.6124120321924,553.4239470470765,544.3662719726562,544.3662719726562,67711962.0
2021-03-05,532.5912943759099,547.9893420024243,528.9682243461418,544.3662719726562,79918467.0
2021-03-08,550.7067242370401,552.5182595141357,541.6490478515625,541.6490478515625,43219772.0
2021-03-09,529.8740260020023,538.9317016601562,529.8740260020023,538.9317016601562,68768861.0
2021-03-10,544.3662952825651,544.3662952825651,537.1201549127474,540.7432250976562,40146301.0
2021-03-11,539.8375683112685,554.3298520243227,538.9318005792026,551.612548828125,54416046.0
2021-03-12,557.0471862395345,559.7644895870445,551.6125795445147,556.1414184570312,33168846.0
2021-03-15,556.1413140679342,556.1413140679342,551.6124760054918,553.4240112304688,27416758.0
2021-03-16,552.5183533610956,555.2356567382812,549.8010499839098,555.2356567382812,36949425.0
2021-03-17,556.5997888426117,556.5997888426117,547.5050210510658,549.323974609375,39517807.0
2021-03-18,551.1428504512951,553.8712804040243,547.5049438476562,547.5049438476562,29415526.0
2021-03-19,540.2293465706297,543.8672546283444,537.5009155273438,537.5009155273438,70866028.0
2021-03-22,534.7723790083527,543.8671473588349,532.9534253382562,539.3197631835938,34089033.0
2021-03-23,542.9576785925663,548.4145396839489,539.3197711983113,540.229248046875,29374037.0
2021-03-24,519.3111980226305,529.3154417673748,519.3111980226305,523.8585815429688,107253959.0
2021-03-25,520.2207880434783,528.4060801630435,518.4018342391305,522.94921875,67833354.0
2021-03-26,529.3154340323755,538.4102009401483,527.496480650821,536.5912475585938,36829858.0
2021-03-29,544.7765502929688,547.504980427992,542.0481201579455,544.7765502929688,37884733.0
2021-03-30,545.6860106195038,545.6860106195038,538.4101971445771,542.9575805664062,33099123.0
2021-03-31,542.0482067517569,542.9576836087228,533.8629150390625,533.8629150390625,38790886.0
2021-04-01,543.8670372440173,547.5049438476562,540.2291306403785,547.5049438476562,43091157.0
2021-04-07,558.4187912237448,558.4187912237448,552.9619300717213,554.7808837890625,24603109.0
2021-04-08,551.1430000939921,557.5093383789062,548.4145694004575,557.5093383789062,23976625.0
2021-04-09,562.0566986584272,562.0566986584272,553.8714069303919,554.7808837890625,27303862.0
2021-04-12,556.5998587616219,557.5093356550233,548.4145667210098,550.2335205078125,22606128.0
2021-04-13,549.3240436144112,557.5093356550233,549.3240436144112,550.2335205078125,25971622.0
2021-04-14,552.9618853400735,556.5997924804688,545.6860710592831,556.5997924804688,30077913.0
2021-04-15,556.5999087332139,562.9662475585938,552.0525238579426,562.9662475585938,33530942.0
2021-04-16,554.7808837890625,555.6903606477331,548.4145457783683,554.7808837890625,48507383.0
2021-04-19,550.2335657527791,552.0525196891518,546.5956578800334,548.4146118164062,24231637.0
2021-04-20,543.8670372440173,547.5049438476562,541.1386072912882,547.5049438476562,34771635.0
2021-04-21,544.7765543138659,544.7765543138659,538.4102172851562,538.4102172851562,38458220.0
2021-04-22,542.0483005994871,543.8672546283444,537.5009155273438,537.5009155273438,33868521.0
2021-04-23,538.4101773385589,547.5049438476562,536.5912240367395,547.5049438476562,27754511.0
2021-04-26,550.2334994957096,554.7808837890625,548.4145457783683,554.7808837890625,30887664.0
2021-04-27,552.9619300717213,555.6903606477331,550.2334994957096,554.7808837890625,26317481.0
2021-04-28,551.1428504512951,552.9618037531146,546.5954671967465,547.5049438476562,24024054.0
2021-04-29,553.8714495849609,553.8714495849609,545.6861572265625,545.6861572265625,31828333.0
2021-05-03,541.1387379964193,542.9576917375837,534.7723999023438,534.7723999023438,41762441.0
2021-05-04,534.7724844840577,540.2293465706297,529.3156223974856,537.5009155273438,40273595.0
2021-05-05,540.2291748046875,540.2291748046875,532.0438842773438,532.0438842773438,29254785.0
2021-05-06,536.5913456099606,536.5913456099606,527.4965770403003,533.8629150390625,30725590.0
2021-05-07,540.2291667345967,545.6860270046432,535.6817831762247,544.7765502929688,28075722.0
2021-05-10,542.0480376730952,542.9575142463723,534.7722250868792,535.6817016601562,20434079.0
2021-05-11,526.5870321778199,527.4965089173326,518.4017415222061,519.3112182617188,59349193.0
2021-05-12,515.6734371185303,519.3113449641637,471.1090660095215,509.3070983886719,131741482.0
2021-05-13,497.4839782714844,512.0356120052024,492.02711562134016,497.4839782714844,66765627.0
2021-05-14,505.66919734276814,511.1260591845966,502.0312894482159,506.57867431640625,37533726.0
2021-05-17,494.7554715960838,507.48814917392417,492.02704068654657,499.3028564453125,56270958.0
2021-05-18,512.0355324911905,521.1303021624371,504.75971675419305,520.2208251953125,43689316.0
2021-05-19,519.3112470031415,520.2207237929895,513.8543862640543,515.67333984375,28908777.0
2021-05-20,515.67333984375,519.3112470031415,509.30700231481484,515.67333984375,29709287.0
2021-05-21,520.2207721490511,524.7681565209833,516.5828646515052,521.1302490234375,27376731.0
2021-05-24,518.4017783151546,520.220731923278,514.7638710989079,516.5828247070312,15629736.0
2021-05-25,523.8586379716982,531.1344523879717,521.1302075655955,530.2249755859375,33039911.0
2021-05-26,533.8628377278646,534.772314453125,528.4059773763021,532.0438842773438,18703987.0
2021-05-27,527.4966587971167,529.3156127929688,521.1303198116342,529.3156127929688,62169719.0
2021-05-28,533.862817486262,538.4102009401483,529.3154340323755,536.5912475585938,29086873.0
2021-05-31,541.1386271976746,542.9575805664062,536.5912437758453,542.9575805664062,30657474.0
2021-06-01,543.8672485351562,544.7767255393957,541.1388175224381,543.8672485351562,17818326.0
2021-06-02,545.6861172203256,545.6861172203256,539.3197791860885,541.1387329101562,21872755.0
2021-06-03,545.6861252752726,545.6861252752726,542.0482177734375,542.0482177734375,21077164.0
2021-06-04,537.5008254620208,541.1387329101562,536.5913485999869,541.1387329101562,15756180.0
2021-06-07,540.2291707219304,541.1386474403175,530.2249268196724,538.4102172851562,17077625.0
2021-06-08,536.5911782334332,541.1385610998183,534.7722250868792,535.6817016601562,13396324.0
2021-06-09,532.9534301757812,534.772383862388,530.2249996458711,532.9534301757812,20023490.0
2021-06-10,537.5007365995735,544.7765502929688,533.8628297528759,544.7765502929688,28527745.0
2021-06-11,547.5049438476562,548.414420498566,545.6859905458368,547.5049438476562,24227710.0
2021-06-15,552.0525060694401,553.8714599609375,551.1430291236916,553.8714599609375,26012250.0
2021-06-16,552.9619511880165,552.9619511880165,550.2335205078125,550.2335205078125,25856919.0
2021-06-17,548.863557016102,553.4298095703125,546.1238054835757,553.4298095703125,22872361.0
2021-06-18,555.2563776171227,555.2563776171227,548.8636232695571,550.6901245117188,32652017.0
2021-06-21,538.8179259521065,542.4709288399174,532.4251708984375,532.4251708984375,44279632.0
2021-06-22,534.2516414021951,536.9913934093859,527.85888671875,527.85888671875,27823974.0
2021-06-23,532.4250872956604,546.1238459739365,530.598586138557,543.3840942382812,34392376.0
2021-06-24,546.1237524000264,546.1237524000264,536.9912481792902,538.8177490234375,16524230.0
2021-06-25,546.1237712414736,546.1237712414736,537.9045171592442,539.7310180664062,18841696.0
2021-06-28,538.8177490234375,538.8177490234375,535.164747335143,538.8177490234375,15028407.0
2021-06-29,546.1238459739365,546.1238459739365,539.7310919240743,543.3840942382812,28659610.0
2021-06-30,547.0370965524882,547.0370965524882,543.3840942382812,543.3840942382812,24883853.0
2021-07-01,544.2973077011751,545.2105582174523,539.7310551197894,541.5575561523438,18250994.0
2021-07-02,538.8178341404921,541.5575858395116,536.0780824414727,536.9913330078125,18322419.0
2021-07-05,536.9912667056631,545.2105207878926,536.9912667056631,539.7310180664062,28836816.0
2021-07-06,543.3839772198651,544.2972276017473,537.9044749285723,540.6442260742188,12997112.0
2021-07-07,538.8178230054451,542.4708251953125,536.9913219105114,542.4708251953125,16966158.0
2021-07-08,543.3840869721912,543.3840869721912,536.9913330078125,536.9913330078125,21140426.0
2021-07-09,531.5119992608894,534.2517518343991,529.6854975452162,533.3385009765625,29029415.0
2021-07-12,543.384057184898,545.2105582174523,538.8178046035123,541.5575561523438,31304547.0
2021-07-13,547.9505058175453,555.2565125617792,547.037254974516,554.34326171875,52540315.0
2021-07-14,559.8225708007812,561.6490718474396,555.2563181841355,559.8225708007812,38418875.0
2021-07-15,559.8225892902585,560.73583984375,555.2563365228012,560.73583984375,22012834.0
2021-07-16,539.7310420037935,543.3840439801305,536.9912905215407,537.904541015625,57970545.0
2021-07-19,532.4252136859698,533.3384644813144,527.8589597092462,531.511962890625,40644341.0
2021-07-20,528.7720706696765,533.3383234388447,528.7720706696765,530.5985717773438,15354333.0
2021-07-21,535.1647763504942,535.1647763504942,529.6852735209669,534.2515258789062,25828732.0
2021-07-22,537.9045171592442,542.4707694271494,536.078016252082,539.7310180664062,26058172.0
2021-07-23,540.6442791800214,540.6442791800214,532.4250249357306,534.2515258789062,15271451.0
2021-07-26,539.7310584758891,539.7310584758891,529.685302734375,529.685302734375,21619179.0
2021-07-27,530.5985532563309,533.3383048221983,529.685302734375,529.685302734375,17785992.0
2021-07-28,526.0322215025907,528.77197265625,523.2924703489314,528.77197265625,36158305.0
2021-07-29,534.2516723423429,534.2516723423429,526.9456665667211,532.4251708984375,23224896.0
2021-07-30,530.5985532563309,531.5118037782867,527.8588016904633,529.685302734375,18999281.0
2021-08-02,532.4249960689222,538.8177490234375,529.6852448027013,538.8177490234375,23482491.0
2021-08-03,542.4708251953125,542.4708251953125,538.8178230054451,542.4708251953125,22747702.0
2021-08-04,546.1239257402868,546.1239257402868,542.4709228925257,544.2974243164062,20313271.0
2021-08-05,546.1239257402868,546.1239257402868,541.5576721805854,544.2974243164062,15116242.0
2021-08-06,544.2972703343115,544.2972703343115,536.9912667056631,539.7310180664062,13687213.0
2021-08-09,538.8178413455225,543.3840942382812,532.4250872956604,543.3840942382812,17390951.0
2021-08-10,544.2972703343115,544.2972703343115,537.9045171592442,539.7310180664062,17190865.0
2021-08-11,538.8177490234375,538.8177490234375,534.2514969130693,538.8177490234375,19969687.0
2021-08-12,535.164794921875,536.9912959284343,533.3382939153157,535.164794921875,15444622.0
2021-08-13,534.2515739926783,534.2515739926783,528.7720706696765,530.5985717773438,22524428.0
2021-08-16,531.5119992608894,535.1650026922357,527.858995829543,533.3385009765625,19315705.0
2021-08-17,533.3385009765625,533.3385009765625,533.3385009765625,533.3385009765625,0.0
2021-08-18,518.7263073007404,525.1190610878974,516.8998062186955,524.205810546875,43716164.0
2021-08-19,523.2926196267225,523.2926196267225,510.5071105957031,510.5071105957031,38868947.0
2021-08-20,511.42026154891306,514.160012950068,503.2010073454484,504.1142578125,45614061.0
2021-08-23,511.420277302341,522.379283244534,510.50702680715824,516.8997802734375,33685159.0
2021-08-24,524.20589591073,525.1191466004699,521.4661438415101,522.37939453125,24844800.0
2021-08-25,528.7720230493791,534.2515258789062,524.2057706914396,534.2515258789062,27504657.0
2021-08-26,548.8635790275805,550.6900801225142,539.731073552912,542.4708251953125,43822008.0
2021-08-27,544.2972968456543,547.950298837907,541.5575453514647,547.0370483398438,27105651.0
2021-08-30,549.7769105517175,552.5166625976562,547.0371585057787,552.5166625976562,36575609.0
2021-08-31,551.6033343088354,560.73583984375,546.1238309878868,560.73583984375,52721470.0
2021-09-01,560.7358213241105,560.7358213241105,555.2563181841355,559.8225708007812,30092045.0
2021-09-02,559.8227667769255,561.649268462984,554.34326171875,554.34326171875,24112463.0
2021-09-03,557.0828867266255,566.2153930664062,557.0828867266255,566.2153930664062,51562454.0
2021-09-06,568.9552243772287,582.6539857988313,567.1287228543483,576.26123046875,55589014.0
2021-09-07,579.0008960313629,579.0008960313629,568.9551391601562,568.9551391601562,26526056.0
2021-09-08,568.0419371671168,572.608190681322,558.9094301387066,565.3021850585938,37817737.0
2021-09-09,558.9094301387066,566.2154357614347,557.0829287330246,565.3021850585938,18735512.0
2021-09-10,561.6490556036161,568.9550595789477,560.7358051066997,568.0418090820312,16304725.0
2021-09-13,565.3019269245426,566.2151772103658,559.8224252096036,561.64892578125,15198774.0
2021-09-14,564.3888234174271,564.3888234174271,558.9093202774521,559.8225708007812,14441901.0
2021-09-15,557.0830142478377,559.8227667769255,554.34326171875,554.34326171875,23433501.0
2021-09-16,553.1963735961914,556.8660012817382,549.5267459106445,550.4441528320312,22467022.0
2021-09-17,550.4441528320312,559.6182220458984,549.5267459106445,550.4441528320312,40717715.0
2021-09-22,537.6004638671875,540.3526846719683,534.8482430624067,537.6004638671875,40642293.0
2021-09-23,539.4351806640625,544.0222145132467,539.4351806640625,539.4351806640625,21696296.0
2021-09-24,542.1874054873667,548.6092529296875,541.2699987098923,548.6092529296875,16736973.0
2021-09-27,550.4440561085445,552.2788696289062,544.022208787278,552.2788696289062,19464241.0
2021-09-28,545.8571041633786,546.7745110611321,543.1048834701178,544.939697265625,16707080.0
2021-09-29,532.0960083007812,534.8482290333715,529.343787568191,532.0960083007812,49310524.0
2021-09-30,532.0960083007812,536.6830428550984,527.5089737464642,532.0960083007812,30465107.0
2021-10-01,531.1786487326805,531.1786487326805,523.8393927916417,526.5916137695312,36704493.0
2021-10-04,526.5917112977355,527.5091184602751,522.0046754850374,524.7568969726562,20957803.0
2021-10-05,515.5828253472602,524.7568969726562,513.748011022181,524.7568969726562,33824024.0
2021-10-06,525.6740468254022,526.5914535388847,518.3347931175433,523.8392333984375,32508846.0
2021-10-07,527.5089737464642,533.9308221225081,524.7567530138739,532.0960083007812,27933054.0
2021-10-08,533.9308205247962,534.8482274329144,525.6741583517323,527.5089721679688,18279079.0
2021-10-12,522.9219376273777,527.5089721679688,517.4174961786686,527.5089721679688,26522907.0
2021-10-13,524.7566401119199,527.5088602523671,522.9218266849551,523.8392333984375,18914374.0
2021-10-14,531.1786361614447,531.1786361614447,525.6741943359375,525.6741943359375,13916927.0
2021-10-15,543.1048974609375,550.4441528320312,537.6004559326171,550.4441528320312,53150216.0
2021-10-18,554.1137149099576,554.1137149099576,541.27001953125,541.27001953125,19158568.0
2021-10-19,548.6093389892578,550.4441528320312,544.0223043823243,550.4441528320312,17386359.0
2021-10-20,553.1962868170594,554.1136935945339,547.6918461522131,548.6092529296875,16372520.0
2021-10-21,552.2789161221293,553.1963229595415,545.8570682602441,546.7744750976562,16169014.0
2021-10-22,550.4441528320312,552.2789666748047,544.939711303711,550.4441528320312,13995403.0
2021-10-25,547.6918438916263,547.6918438916263,541.2699964758116,544.022216796875,16785568.0
2021-10-26,545.8569845412927,550.4440180248331,544.0221711478766,549.526611328125,19998808.0
2021-10-27,548.6092046314169,549.526611328125,544.9395778445847,549.526611328125,14961858.0
2021-10-28,548.6093987985819,548.6093987985819,542.1875496487658,545.857177734375,16570044.0
2021-10-29,545.8570535950741,546.774460407839,540.3526127184851,541.27001953125,25763960.0
2021-11-01,542.1874263440149,544.0222399695444,541.27001953125,541.27001953125,16089351.0
2021-11-02,544.9395496265308,547.6917695741396,541.2699230297192,543.104736328125,15192404.0
2021-11-03,547.6917695741396,547.6917695741396,543.104736328125,543.104736328125,10224009.0
2021-11-04,543.1048565268313,544.9396702313139,536.6830085611425,538.517822265625,17932145.0
2021-11-05,548.6093389892578,550.4441528320312,545.8571182250977,550.4441528320312,33270827.0
2021-11-08,550.4440561085445,552.2788696289062,548.6092425881826,552.2788696289062,19752355.0
2021-11-09,560.5355224609375,566.039962943369,559.6181157138656,560.5355224609375,39538660.0
2021-11-10,560.5357179330066,561.453125,557.7834967320262,561.453125,16027674.0
2021-11-11,550.4440458694306,555.948486328125,550.4440458694306,555.948486328125,18463848.0
2021-11-12,559.6181493089689,560.5355561111147,552.278894891802,554.1137084960938,15821327.0
2021-11-15,558.7007319801733,560.5355455498947,556.8659184104519,557.7833251953125,15551452.0
2021-11-16,561.4529164798925,561.4529164798925,557.7832895747952,559.6181030273438,20917108.0
2021-11-17,564.2051366587154,564.2051366587154,557.7832895747952,559.6181030273438,19717852.0
2021-11-18,562.370361328125,563.2877681165885,556.865920597344,562.370361328125,20030651.0
2021-11-19,570.6272703497928,571.5446775368503,566.040234414505,566.9576416015625,35554348.0
2021-11-22,566.9573593511814,566.9573593511814,564.2051391601562,564.2051391601562,20312168.0
2021-11-23,564.2053462009804,564.2053462009804,560.5357179330066,561.453125,19431694.0
2021-11-24,561.4529500932836,561.4529500932836,552.2788822813018,553.1962890625,20391940.0
2021-11-25,555.0311026248963,556.8659161872927,551.3614755001037,553.1962890625,11888265.0
2021-11-26,548.6092887724806,551.3615092847172,543.1048477480075,546.7744750976562,26588102.0
2021-11-29,544.9396235705628,548.6092506653141,542.1874032494994,544.022216796875,23379558.0
2021-11-30,547.6918819350684,550.4441024473049,542.1874409105953,546.7744750976562,62021697.0
2021-12-01,546.7745251464844,553.1963735961914,544.939711303711,550.4441528320312,21403404.0
2021-12-02,555.0310718567391,564.2051391601562,552.2788516657139,564.2051391601562,45125742.0
2021-12-03,563.2877659044768,563.2877659044768,555.9485116255911,557.7833251953125,23045832.0
2021-12-06,553.1963735961914,558.7008151245117,550.4441528320312,550.4441528320312,23589363.0
2021-12-07,552.2791140711877,556.8661499023438,547.6920782400316,556.8661499023438,18606530.0
2021-12-08,563.2877507510772,563.2877507510772,552.2788696289062,552.2788696289062,20801543.0
2021-12-09,555.9485116255911,557.7833251953125,552.2788844861483,557.7833251953125,11039070.0
2021-12-10,555.0311279296875,557.7833483987604,552.2789074606147,555.0311279296875,10497451.0
2021-12-13,558.7008896508748,559.6182966946366,551.3616333007812,551.3616333007812,17711657.0
2021-12-14,548.6092046314169,550.4440180248331,547.6917979347089,549.526611328125,22579034.0
2021-12-15,547.6919320678711,551.361559753418,546.7745251464844,550.4441528320312,21827730.0
2021-12-16,557.5869140625,557.5869140625,553.9003890108471,557.5869140625,21809022.0
2021-12-17,553.900327779905,559.4301147460938,552.0570654578421,559.4301147460938,24105733.0
2021-12-20,559.4301175018617,559.4301175018617,551.1354370117188,551.1354370117188,21381070.0
2021-12-21,550.2138671875,552.9787609924623,548.3706046508585,550.2138671875,17001461.0
2021-12-22,551.1351930745443,553.9000853474935,551.1351930745443,552.9784545898438,9831802.0
2021-12-23,559.4300539123736,560.3516849731848,554.8218986083178,558.5084228515625,16654439.0
2021-12-24,558.5084232557689,561.2733164402033,556.6651611328125,556.6651611328125,11059689.0
2021-12-27,556.6651607299401,562.1949470948072,556.6651607299401,558.5084228515625,16259872.0
2021-12-28,562.194945296621,566.8031005859375,562.194945296621,566.8031005859375,33892718.0
2021-12-29,566.8030394516982,570.4895632855304,565.8814084932402,567.7246704101562,24518766.0
2021-12-30,570.4896248173908,571.411255875254,566.8031005859375,566.8031005859375,19681276.0
2022-01-03,570.4897414508222,582.4709476525356,569.5681102045364,581.54931640625,69089158.0
2022-01-04,594.451904296875,604.58984375,593.5302734375,604.58984375,79434666.0
2022-01-05,616.5711705603966,616.5711705603966,595.3736564753606,599.0601806640625,69593809.0
2022-01-06,588.0007301472729,595.3737800550757,586.1574676703221,593.530517578125,53210211.0
2022-01-07,592.6087044797109,595.3735973466459,582.4707639676163,584.3140258789062,38249908.0
2022-01-10,578.7841796875,594.451904296875,577.862548828125,592.608642578125,38289770.0
2022-01-11,595.3735957226263,599.9817504882812,588.9221790507092,599.9817504882812,33196585.0
2022-01-12,605.5115353670986,608.2764282226562,599.0601187041311,608.2764282226562,38860063.0
2022-01-13,606.4332877431804,610.1198122887315,603.6683943340169,609.1981811523438,38137411.0
2022-01-14,620.2576294853574,620.2576294853574,609.1980580829439,619.3359985351562,95200777.0
2022-01-17,631.3173223135237,634.0822156959188,624.8659044212687,629.4740600585938,59614236.0
2022-01-18,624.8657851665762,627.6306780212956,610.1196899414062,610.1196899414062,43593330.0
2022-01-19,600.9035028580132,608.2765519728355,599.9818717186604,602.7467651367188,40381333.0
2022-01-20,599.0601195351503,605.5115362070673,595.3735957226263,599.9817504882812,46474584.0
2022-01-21,593.5303960791244,595.3736581787491,587.0789787304383,590.7655029296875,49577684.0
2022-01-24,588.9222983204022,603.6683965569068,587.0790360408391,601.8251342773438,47134502.0
2022-01-25,592.6087650293122,594.4520271289367,588.0006097802507,590.7655029296875,52318736.0
2022-01-26,585.2357785206921,590.7655654043522,585.2357785206921,586.1574096679688,29957189.0
2022-02-07,593.5303972379429,593.5303972379429,581.5491935669907,585.2357177734375,56836469.0
2022-02-08,594.4520296716387,594.4520296716387,578.7843017578125,578.7843017578125,39718217.0
2022-02-09,585.2357181591257,587.0789802635638,580.6275628980302,583.3924560546875,30048791.0
2022-02-10,588.922119140625,598.138427734375,587.078857421875,598.138427734375,34587133.0
2022-02-11,595.3736564753606,599.0601806640625,591.6871322866587,599.0601806640625,26723278.0
2022-02-14,589.8439339678179,590.7655651146426,585.2357782336943,587.0790405273438,27826382.0
2022-02-15,583.3924560546875,588.9222423680021,583.3924560546875,583.3924560546875,21970460.0
2022-02-16,594.4521480595733,595.373779296875,589.843991873065,595.373779296875,25191741.0
2022-02-17,593.5305171996124,595.3737796753876,590.7656234859496,594.4521484375,18135080.0
2022-02-18,588.0006716741685,588.9223028209932,586.1574093805191,587.0790405273438,20804191.0
2022-02-21,583.3924562478367,586.1573494054094,582.4708251953125,582.4708251953125,23797502.0
2022-02-22,578.784363085003,580.6276253878215,576.0194696307752,577.8627319335938,34086593.0
2022-02-23,575.0977171874999,579.7058719726563,574.1760862304687,576.0193481445312,31953054.0
2022-02-24,569.5679959935069,570.489627054985,556.6651611328125,556.6651611328125,73663161.0
2022-02-25,552.9786368868998,561.2733164402033,552.9786368868998,556.6651611328125,89012516.0
2022-03-01,552.0570058254217,562.1949475016816,552.0570058254217,556.6651611328125,66720867.0
2022-03-02,553.9002685546875,557.5867928046355,552.9786374922005,553.9002685546875,40693457.0
2022-03-03,555.7435304762121,559.4300547248105,553.9002683519128,554.8218994140625,33792420.0
2022-03-04,548.3704833984375,550.2137455275079,545.605590204832,548.3704833984375,55917115.0
2022-03-07,534.5458369784885,535.4674677318997,529.9376832114325,530.8593139648438,86496560.0
2022-03-08,517.0350337460452,525.3297134318105,517.0350337460452,518.8782958984375,79029914.0
2022-03-09,522.564758193325,528.0945439943125,522.564758193325,523.4863891601562,52155415.0
2022-03-10,539.154174388775,542.8406986581,536.3892811867813,540.9974365234375,45630467.0
2022-03-11,535.4675909689198,536.389221934443,529.0161742102582,529.9378051757812,38943098.0
2022-03-14,529.0162970269477,531.7811905654161,527.1730346679688,527.1730346679688,33919577.0
2022-03-15,517.9567273868028,518.8783585743238,514.2702026367188,514.2702026367188,74092231.0
2022-03-16,522.3744355888778,523.3006313966595,514.0386733188425,516.8172607421875,43438327.0
2022-03-17,535.3411156303695,539.9720941392827,532.5625285250215,539.0458984375,60959900.0
2022-03-18,539.0459467613758,539.0459467613758,533.4887720524957,538.1197509765625,46242430.0
2022-03-21,539.972084331838,545.5292584415996,539.972084331838,542.7506713867188,21400273.0
2022-03-22,534.4148721842168,542.7506327555478,534.4148721842168,539.9720458984375,20246949.0
2022-03-23,546.4554443359375,546.4554443359375,542.7506616624735,546.4554443359375,25902069.0
2022-03-24,543.6768094496881,548.3077873836718,541.8244182760945,547.381591796875,20060758.0
2022-03-25,552.9387945985316,553.864990234375,551.0864033268447,553.864990234375,26122381.0
2022-03-28,538.1195460280327,542.7505231883428,537.1933505959706,540.8981323242188,26391576.0
2022-03-29,542.7505881758011,545.5291748046875,540.8981970898769,545.5291748046875,14892032.0
2022-03-30,554.7912115478516,555.7174072265625,552.9388201904297,555.7174072265625,41230239.0
2022-03-31,557.5695751707758,557.5695751707758,550.1600127100346,552.9385986328125,22700114.0
2022-04-01,541.824392632839,545.5291748046875,540.8981970898769,545.5291748046875,29732696.0
2022-04-06,535.341064453125,537.1934556796064,532.5624776134028,535.341064453125,37645873.0
2022-04-07,528.8577854978744,530.710177040774,524.226806640625,524.226806640625,42904743.0
2022-04-08,525.1530151367188,527.9316025183945,524.2268193428268,525.1530151367188,28024587.0
2022-04-11,521.448239781096,524.2268272044411,516.8172607421875,516.8172607421875,36820094.0
2022-04-12,513.1122220654034,522.374175532288,511.2598313720265,515.8908081054688,30671407.0
2022-04-13,522.37438261821,533.4887311845549,521.448186904348,530.7101440429688,35865970.0
2022-04-14,534.414926898417,535.341122612279,530.7101440429688,530.7101440429688,19056590.0
2022-04-15,520.5218505859375,524.2266324406417,519.5956551222614,520.5218505859375,28253360.0
2022-04-18,517.7432512089531,524.2266192920705,516.8170557685077,519.5956420898438,15800959.0
2022-04-19,524.2267938934596,527.0053811402447,521.4482066466745,523.3005981445312,16614705.0
2022-04-20,527.9315185546875,527.9315185546875,520.5219533819901,527.9315185546875,27606307.0
2022-04-21,528.8577726381014,528.8577726381014,523.3005981445312,523.3005981445312,18383650.0
2022-04-22,516.8172607421875,517.7434565499692,515.8910649344058,516.8172607421875,29283846.0
2022-04-25,509.4076153129285,511.26000664133915,505.7028326561072,506.6290283203125,43389591.0
2022-04-26,509.40763312818365,510.33382882478037,503.85045894860343,505.7028503417969,35825421.0
2022-04-27,490.88364575752286,492.73603687358894,487.1788635253906,487.1788635253906,55941533.0
2022-04-28,490.8836189456803,492.7360099605697,484.40025039356755,491.809814453125,45380836.0
2022-04-29,506.6289729575685,506.6289729575685,495.5146262016438,498.293212890625,36664644.0
2022-05-03,498.2931830052377,500.1455740201271,490.8836189456803,491.809814453125,26317509.0
2022-05-04,493.6622139005625,497.3669959936249,490.88362733076576,494.5884094238281,16569622.0
2022-05-05,502.9242731073246,503.85046882207104,499.2194902483388,501.9980773925781,20374772.0
2022-05-06,489.0312805175781,491.8098673387007,487.1788893034964,489.0312805175781,32467268.0
2022-05-09,484.4003522432767,485.3265479454627,481.62176513671875,481.62176513671875,23709774.0
2022-05-10,468.65500031106717,480.6955437973199,467.72880465827853,479.76934814453125,41679907.0
2022-05-11,479.7692954270259,487.17885983516527,479.7692954270259,482.5478820800781,27157254.0
2022-05-12,477.916942150758,479.7693333994044,467.7287902832031,467.7287902832031,32532963.0
2022-05-13,469.58119760054194,476.0645671926599,468.6550019445251,473.2859802246094,29074177.0
2022-05-16,482.5479608389047,485.3265479454627,479.76937373234676,481.62176513671875,21163106.0
2022-05-17,482.54790660930126,493.6622537864829,481.6217110112028,490.8836669921875,24496974.0
2022-05-18,501.0717995796062,501.0717995796062,494.5884306386501,498.293212890625,30568176.0
2022-05-19,484.4003167280292,488.10509926514607,481.6217298251916,483.47412109375,29019751.0
2022-05-20,485.3264934035967,492.73605818838445,484.4002978054982,490.8836669921875,22651205.0
2022-05-23,493.6622585527825,494.58845415982336,489.0312805175781,489.0312805175781,17054170.0
2022-05-24,490.88372215857873,491.8099178607647,481.62176513671875,481.62176513671875,17802308.0
2022-05-25,483.4741163180985,489.95748569401167,481.62172506783753,485.3265075683594,22176476.0
2022-05-26,484.4002430837906,486.2526340707267,475.1382881491101,476.0644836425781,28327403.0
2022-05-27,485.3264934035967,490.8836669921875,483.47410220739977,490.8836669921875,27866643.0
2022-05-30,498.29326734246456,506.6290283203125,497.36707167825926,506.6290283203125,34476433.0
2022-05-31,501.9979751586914,518.6694946289062,500.1455841064453,518.6694946289062,72405873.0
2022-06-01,509.4076410234517,514.0386195782104,507.55524960154827,508.4814453125,29155176.0
2022-06-02,503.8503508391203,504.77654633698637,500.14556884765625,500.14556884765625,21420890.0
2022-06-06,501.07176434552224,503.8503508391203,498.29317785192416,500.14556884765625,17615003.0
2022-06-07,495.5146179199219,498.2932045624635,492.7360312773803,495.5146179199219,19497532.0
2022-06-08,499.2193946277394,504.7765678517959,498.2931990903967,503.8503723144531,18835521.0
2022-06-09,498.2932818231212,501.99806458760537,497.36708613200017,501.0718688964844,16338602.0
2022-06-10,490.8836669921875,493.6622537864829,489.957471394089,490.8836669921875,21357130.0
2022-06-13,479.76926108663395,480.69545657135717,476.9906746324642,477.9168701171875,32854092.0
2022-06-14,469.58113249840096,476.0645011916727,469.58113249840096,475.1383056640625,36304444.0
2022-06-15,470.50736762685716,476.99073686580994,470.50736762685716,471.4335632324219,35680283.0
2022-06-16,479.58182027020797,480.5130471056841,472.1320055863989,473.063232421875,26909199.0
2022-06-17,465.1478069556688,468.40710089830105,464.6821935352927,466.5446472167969,43566737.0
2022-06-20,465.6133996434958,467.47585324206983,460.95726564706086,463.7509460449219,34209693.0
2022-06-21,466.5445937959274,470.2695007324219,464.68214032768026,470.2695007324219,33223685.0
2022-06-22,466.54464311281515,468.4070967779362,460.4916687011719,460.4916687011719,31034893.0
2022-06-23,458.16347691450505,459.56031678314685,451.64489086084336,452.1105041503906,43548940.0
2022-06-24,455.8354893024755,458.62916952291965,452.11058234188323,453.04180908203125,27911980.0
2022-06-27,461.8885464988716,471.20081558151014,461.42293304473964,464.21661376953125,37909718.0
2022-06-28,461.88849913630656,465.6134063874058,461.88849913630656,463.28533935546875,15274062.0
2022-06-29,461.88852568896385,464.21659285473487,457.2323913574219,457.2323913574219,30533789.0
2022-06-30,451.1793741498675,453.0418277067297,443.2639465332031,443.2639465332031,46311432.0
2022-07-01,439.0734221974702,441.4014891232256,421.3801135617291,422.31134033203125,61744377.0
2022-07-04,412.5334876320579,420.44891572432084,409.73980712890625,409.73980712890625,52445919.0
2022-07-05,418.586472960331,420.4489266776183,403.2212297927104,415.3271789550781,50084244.0
2022-07-06,411.60222933185634,416.7239765294247,405.08364198949664,405.54925537109375,40549763.0
2022-07-07,411.6022102064122,427.43306444512035,408.34291668667817,426.0362243652344,48151202.0
2022-07-08,437.67658437855494,438.1421977661917,429.76115678873003,434.8829040527344,37897895.0
2022-07-11,435.81419867973824,438.1422659803779,429.2956102379473,430.2268371582031,21941710.0
2022-07-12,426.5018531875695,426.5018531875695,418.58642578125,418.58642578125,23036423.0
2022-07-13,438.14227294921875,440.4703402868873,433.95175174141536,438.14227294921875,44035695.0
2022-07-14,433.95160207648024,444.66070813630756,431.15792223478616,442.3326416015625,31936258.0
2022-07-15,447.92007313065113,460.0260210531012,444.1951660775896,458.6291809082031,51846909.0
2022-07-18,461.4228515625,464.2165317939581,454.9042643557643,461.4228515625,39179575.0
2022-07-19,453.9730973253425,459.0948450900387,453.0418704590341,457.2323913574219,19874865.0
2022-07-20,467.47586312342173,468.4070899423927,457.69798152422663,460.957275390625,35436652.0
2022-07-21,461.88851301303646,466.5446472167969,460.0260593315323,466.5446472167969,22285593.0
2022-07-22,470.2695581879815,470.2695581879815,465.6134239484965,468.4071044921875,25216400.0
2022-07-25,465.6134100409003,468.4070905011457,463.7509564007367,465.1477966308594,15245346.0
2022-07-26,465.14779607599434,465.14779607599434,457.2323681147412,460.957275390625,18024265.0
2022-07-27,460.0260160529756,467.475830078125,457.23233579354456,467.475830078125,17166365.0
2022-07-28,473.9944619428136,473.9944619428136,464.6821935352927,466.5446472167969,33844011.0
2022-07-29,473.06315807649804,474.92561145475196,469.33825131999015,473.994384765625,29045617.0
2022-08-01,471.2007102360801,473.0631636362227,465.6133500356523,469.3382568359375,24117969.0
2022-08-02,460.02605841411804,461.888512091908,454.9043108001957,458.1636047363281,39838155.0
2022-08-03,460.0260593315323,466.5446472167969,459.09483249078016,466.5446472167969,27603474.0
2022-08-04,464.682115600586,468.4070223388672,460.9572088623047,465.61334228515625,26027618.0
2022-08-05,473.994383168775,480.5129699707031,472.13192979679553,480.5129699707031,32784279.0
2022-08-08,474.9256628751755,479.5817968249321,473.99443608522415,476.7881164550781,19333128.0
2022-08-09,472.1320091696346,475.8569165398093,469.33832864200366,474.9256896972656,21164373.0
2022-08-10,465.61334228515625,468.4070223388672,465.14772894287114,465.61334228515625,20861380.0
2022-08-11,477.71928601691695,478.6505126953125,474.9256059817303,478.6505126953125,23740033.0
2022-08-12,479.58179082815144,482.37547116307275,478.6505640498444,481.4442443847656,19535923.0
2022-08-15,484.237935812022,487.962843010576,483.3067090123835,487.0316162109375,21273166.0
2022-08-16,489.8252391415551,489.8252391415551,487.0315590704055,488.8940124511719,20720414.0
2022-08-17,487.9628806648037,490.7565612792969,485.16920005031056,490.7565612792969,27143102.0
2022-08-18,484.2380065917969,485.1692335275503,483.30677965604343,484.2380065917969,17831084.0
2022-08-19,483.30670166015625,487.0316088020457,481.4442480892115,483.30670166015625,14022812.0
2022-08-22,475.8568896651268,478.6505700349808,474.9256628751755,476.7881164550781,11494000.0
2022-08-23,468.4070301358662,471.2007102360801,467.4758034357949,469.3382568359375,19191108.0
2022-08-24,469.3383313400845,473.06323873167247,468.4071044921875,468.4071044921875,14363212.0
2022-08-25,470.26955191544664,474.9256860928273,469.3383250799705,473.063232421875,9357138.0
2022-08-26,477.71934324502945,479.5817968249321,475.8568896651268,476.7881164550781,12914846.0
2022-08-29,462.8197734071355,467.47590794845473,461.8885464988716,464.21661376953125,26590824.0
2022-08-30,463.2853901770807,465.61345746440276,461.8885498046875,461.8885498046875,24214535.0
2022-08-31,458.163553188815,470.2695007324219,458.163553188815,470.2695007324219,39357089.0
2022-09-01,460.95727483066946,461.4228882395893,456.30114074147076,456.7667541503906,39168672.0
2022-09-02,454.4386693580863,455.83550953029356,451.6449890136719,451.6449890136719,29982959.0
2022-09-05,451.6449756386839,454.4386559003665,450.7137488847897,452.5762023925781,15903415.0
2022-09-06,454.90429016612546,457.69797055609143,453.0418365728148,455.3699035644531,16700285.0
2022-09-07,444.19522065662204,445.12644753430885,439.5390862681878,440.00469970703125,34678562.0
2022-09-08,440.47018837376646,442.3326416015625,439.5389617598684,442.3326416015625,27931552.0
2022-09-12,451.6449689718092,457.23232941269754,451.6449689718092,453.04180908203125,21597212.0
2022-09-13,460.95721045565654,460.95721045565654,457.2323037044997,459.0947570800781,16507036.0
2022-09-14,445.5920208930969,449.3169280687968,443.2639539082845,446.9888610839844,22645714.0
2022-09-15,445.8181111354768,449.5644818172875,445.8181111354768,446.2864074707031,23104850.0
2022-09-16,440.66685780024125,442.0717468261719,439.2619687743106,442.0717468261719,39087513.0
2022-09-19,442.07169578928,443.00828836510476,436.92043662224387,437.38873291015625,17182380.0
2022-09-20,440.666851447987,447.69129647638215,440.1985551127607,446.2864074707031,19842582.0
2022-09-21,443.47661342742333,445.34979870061204,438.7936502444516,441.1351318359375,24154633.0
2022-09-22,432.7058205332515,438.32537664407295,429.89604247784075,435.04730224609375,29702508.0
2022-09-23,429.4276709923377,431.3008560348343,426.14959716796875,426.14959716796875,29757787.0
2022-09-26,414.9105850681079,425.21310523909926,414.9105850681079,418.18865966796875,32342267.0
2022-09-27,420.53009850638256,422.87158012390137,417.72032056535994,419.593505859375,24961404.0
2022-09-28,418.6569032015866,420.5300884508107,410.2275695800781,410.2275695800781,34402652.0
2022-09-29,414.910464372306,415.3787606074892,404.60794719827584,407.417724609375,41094780.0
2022-09-30,397.5836082566971,400.3933864069211,395.24212646484375,395.24212646484375,48266800.0
2022-10-03,391.9640626975958,397.58361915204165,390.0908772127805,390.5591735839844,36044395.0
2022-10-04,402.2665446176951,404.60802625109267,399.9250629842976,401.7982482910156,40375000.0
2022-10-05,416.3154256070598,422.40327772504827,413.97394402321805,416.7837219238281,46496536.0
2022-10-06,421.9349934647723,422.4032897949219,418.6569191537252,422.4032897949219,30331834.0
2022-10-07,420.06179213850464,420.06179213850464,409.2909769554661,410.2275695800781,31941781.0
2022-10-11,382.1297830888076,386.34444981405176,375.5736348495388,376.04193115234375,95793819.0
2022-10-12,371.8272664388021,374.6370442708333,370.42237752278646,372.2955627441406,53570085.0
2022-10-13,375.1053921470159,377.446873995624,369.9541320800781,369.9541320800781,38046284.0
2022-10-14,388.21764121935206,389.62253015018206,383.0663818063088,385.87615966796875,54504366.0
2022-10-17,374.63710986697106,377.91518457830705,370.89073876830133,371.82733154296875,41512192.0
2022-10-18,380.72491046427507,381.1932067871094,374.1687619445951,381.1932067871094,40093216.0
2022-10-19,378.38343133938446,379.32002399121467,370.4223937988281,370.4223937988281,46385177.0
2022-10-20,366.20771077473955,372.2955627441406,361.5247477213542,372.2955627441406,52938069.0
2022-10-21,370.4223816544774,373.2321595178489,364.8028259277344,364.8028259277344,35923505.0
2022-10-24,369.95407498776143,372.2955564750257,362.4613342285156,362.4613342285156,46714078.0
2022-10-25,355.90522539904816,358.24670714509455,347.47589111328125,347.47589111328125,76416687.0
2022-10-26,347.0075241657014,354.9685604825933,346.53922791176655,352.1587829589844,58850484.0
2022-10-27,360.119834454607,364.33450091766474,358.24664935991456,361.0564270019531,45684455.0
2022-10-28,355.4368591308594,357.77834041630643,351.22219281705475,355.4368591308594,40184472.0
2022-10-31,361.5248081305088,365.27117919921875,356.8418442946214,365.27117919921875,38409054.0
2022-11-01,363.866247418283,368.080914376796,361.52476577466473,366.676025390625,41426496.0
2022-11-02,366.20776112230516,369.9541320800781,363.8662792736971,369.9541320800781,22535650.0
2022-11-03,360.5881734689077,362.4613587856293,359.1832844813665,359.6515808105469,39731333.0
2022-11-04,356.8417582886381,360.1198321836781,354.50027693503813,357.7783508300781,28397417.0
2022-11-07,365.27117919921875,368.0809575007512,362.4614008976863,365.27117919921875,35387706.0
2022-11-08,369.95406913279294,374.1687357431665,369.0174765527099,373.700439453125,31838223.0
2022-11-09,377.91517156148126,390.5591735839844,377.91517156148126,390.5591735839844,52260831.0
2022-11-10,383.0663573469852,385.4078387488617,380.2565796647335,381.6614685058594,32044942.0
2022-11-11,413.5056457519531,413.973942066508,407.41779366273977,413.5056457519531,80016195.0
2022-11-14,421.4666850915116,421.4666850915116,413.5056477064497,416.7837219238281,61933190.0
2022-11-15,435.51556396484375,456.1206013997396,432.7057861328125,449.564453125,113379796.0
2022-11-16,460.33524145482744,462.67672284574724,450.96931589114837,456.1205749511719,85726375.0
2022-11-17,451.9059852521444,454.2474670410156,444.88153988553074,454.2474670410156,45144984.0
2022-11-18,460.33524145482744,462.67672284574724,455.183982394804,456.1205749511719,35859717.0
2022-11-21,456.5889429749295,458.46212838200614,450.03279405016127,451.43768310546875,29710180.0
2022-11-22,445.8181142399121,459.86700439453125,445.8181142399121,459.86700439453125,37343127.0
2022-11-23,463.1451011905825,464.5499902740727,457.52554485662193,460.8036193847656,33475337.0
2022-11-24,462.67680235831966,464.54998779296875,460.80361692367063,464.54998779296875,27396552.0
2022-11-25,462.67678600142756,466.42315673828125,462.67678600142756,466.42315673828125,39949969.0
2022-11-28,455.184097274161,458.93046844514174,450.0328369140625,450.0328369140625,38926919.0
2022-11-29,443.4765754402051,457.05716750753976,443.00827916202115,456.1205749511719,38182197.0
2022-11-30,452.3742409842355,458.9303894042969,451.9059446685168,458.9303894042969,57111603.0
2022-12-01,473.91592502115725,475.78911049554915,466.8914794921875,466.8914794921875,41746878.0
2022-12-02,458.93042983621507,465.4865788338753,458.93042983621507,461.27191162109375,28319679.0
2022-12-05,460.33528655194556,465.95484244067734,457.9938049316406,457.9938049316406,28360444.0
2022-12-06,457.05727293900367,457.9938657114197,447.69134521484375,447.69134521484375,40561068.0
2022-12-07,446.7546548622533,454.7156916889391,444.8814697265625,444.8814697265625,36563503.0
2022-12-08,444.88159050238596,444.88159050238596,437.3888479255037,441.603515625,27238567.0
2022-12-09,447.69131637684154,453.7791690053969,445.8181309526707,450.9693908691406,25915337.0
2022-12-12,446.2863585783306,447.69124743009866,443.47658087479437,444.8814697265625,20973334.0
2022-12-13,443.0084048581654,445.81818332449626,441.1352192139448,441.603515625,33272826.0
2022-12-14,442.07179817572836,450.0328369140625,442.07179817572836,450.0328369140625,30636639.0
2022-12-15,448.3843329803753,453.5652443908628,446.9713571411514,452.6232604980469,24222008.0
2022-12-16,439.43545026839917,443.67437744140625,438.49346645217537,443.67437744140625,47601400.0
2022-12-19,439.43548583984375,442.2614375172704,438.0225100011304,439.43548583984375,21075559.0
2022-12-20,438.02239690061475,439.90636419911203,428.6025604081284,430.95751953125,31139235.0
2022-12-21,433.31255877459495,436.138510244864,430.48660730432584,432.3705749511719,36182644.0
2022-12-22,439.43541306715747,441.7903724083534,437.08045372596155,440.848388671875,14047382.0
2022-12-23,430.9576208093664,431.899604679988,428.6026611328125,428.6026611328125,24927413.0
2022-12-26,427.66060468792784,430.48655582022695,427.18961283254464,430.01556396484375,8793306.0
2022-12-27,431.4285865967331,435.66751375761805,430.4866027832031,430.4866027832031,10264001.0
2022-12-28,424.8346862792969,425.77667006262124,420.12476736267496,424.8346862792969,32578949.0
2022-12-29,418.24084910576653,423.4217605248695,416.827873264193,420.12481689453125,23020759.0
2022-12-30,428.6026929772419,430.01566888815586,422.47979736328125,422.47979736328125,21683478.0
2023-01-03,420.12477189289285,427.18965034400657,417.29882051244743,426.7186584472656,14885824.0
2023-01-04,423.4216613769531,428.6025715829003,422.47967770314455,423.4216613769531,19188422.0
2023-01-05,432.37055854422965,432.8415504380687,428.60262339351743,431.8995666503906,23549581.0
2023-01-06,428.60262339351743,432.8415504380687,428.60262339351743,431.8995666503906,20886011.0
2023-01-09,440.848388671875,453.09417724609375,440.37739680363586,453.09417724609375,46666263.0
2023-01-10,457.80413818359375,458.7461220070168,454.97818671332465,457.80413818359375,32646014.0
2023-01-11,458.74607258610683,459.68805630804957,454.0361539763932,456.39111328125,21051115.0
2023-01-12,459.2171303414857,459.6881222700411,455.92018684159814,458.275146484375,20963689.0
2023-01-13,477.5857686767578,479.4697362060547,470.0498985595703,470.99188232421875,77606949.0
2023-01-16,476.64379653175274,478.5277641069771,473.8178451689163,475.7018127441406,34373918.0
2023-01-17,474.7598243546533,474.7598243546533,470.5208973514868,473.8178405761719,27770329.0
2023-01-30,510.55517814172566,511.4971618652344,503.0193083536559,511.4971618652344,124428936.0
2023-01-31,505.8452713188084,506.787255064281,490.77353139124614,491.71551513671875,72530854.0
2023-02-01,501.1353713701356,502.07735515090656,491.7155335624263,499.25140380859375,33710990.0
2023-02-02,506.7872361924913,510.5551710340712,505.8452524820964,508.67120361328125,43077053.0
2023-02-03,508.6712083429428,510.55517578125,504.9032734663284,510.55517578125,31635865.0
2023-02-06,501.1352694551301,502.0772530443315,495.4833679199219,495.4833679199219,30870136.0
2023-02-07,493.5995461225054,497.3674815890894,491.71557838921336,492.6575622558594,23481767.0
2023-02-08,506.7872361924913,508.67120361328125,503.01930135091146,508.67120361328125,35096191.0
2023-02-09,508.67120361328125,508.67120361328125,504.9032687717014,508.67120361328125,18861972.0
2023-02-10,512.4391807626147,514.3231483389478,509.613229398115,513.3811645507812,28495684.0
2023-02-13,512.4391408416128,512.4391408416128,506.7872385529185,509.6131896972656,22768977.0
2023-02-14,512.4391807626147,514.3231483389478,511.4971969744481,513.3811645507812,21883297.0
2023-02-15,495.4834265718006,501.13532877604166,491.7154917689732,494.54144287109375,61796793.0
2023-02-16,497.3674011230469,500.1933522657915,493.5994662660541,497.3674011230469,29975138.0
2023-02-17,493.5995349073963,493.5995349073963,486.0636641454513,487.9476318359375,28121975.0
2023-02-20,484.17969422921453,488.88961343377883,481.3537427064759,487.0056457519531,20065156.0
2023-02-21,485.1216149145319,487.00558235109315,483.2376474779706,486.0635986328125,13504100.0
2023-02-22,476.6437706580529,479.469721867488,475.7017869215745,477.58575439453125,24575245.0
2023-02-23,482.2957287644788,490.77358337166686,480.4117610739925,487.9476318359375,25376835.0
2023-02-24,493.5995188375275,494.54150265210296,481.3537292480469,481.3537292480469,41692491.0
2023-03-01,474.7598077182112,491.71551513671875,474.7598077182112,491.71551513671875,39560848.0
2023-03-02,488.88958740234375,489.8315711930997,485.12165223931987,488.88958740234375,16558784.0
2023-03-03,493.59946837905767,494.5414520973383,486.0635986328125,486.0635986328125,23253895.0
2023-03-06,489.8315757707533,493.5995109689899,487.0056243720759,490.7735595703125,21922085.0
2023-03-07,490.7735360414927,495.483454813484,488.88956853269616,493.5994873046875,24861078.0
2023-03-08,490.7735595703125,492.65752716943075,487.94760817163507,490.7735595703125,24512408.0
2023-03-09,494.5414663731367,495.4834501186093,491.71551513671875,491.71551513671875,21557577.0
2023-03-10,485.1215771531966,486.06356079815424,481.35364257336596,483.23760986328125,24045605.0
2023-03-13,483.2376474779706,487.9475660693738,479.469712604848,486.0635986328125,21466947.0
2023-03-14,481.35369639677157,484.17964764763326,480.4117126464844,480.4117126464844,20474770.0
2023-03-15,485.1216645063486,486.0636483209241,480.4117454334715,481.3537292480469,23208597.0
2023-03-16,478.27557373046875,483.0109754505724,477.328493386448,478.27557373046875,21965994.0
2023-03-17,488.6934552873884,490.5876159667969,485.8522142682757,490.5876159667969,33118483.0
2023-03-20,489.64052242040634,490.58760273456573,483.0109602212906,484.9051208496094,11837312.0
2023-03-21,487.74631197724625,489.6404724121094,484.9050713249516,489.6404724121094,18284799.0
2023-03-22,496.27016015258556,504.79388427734375,496.27016015258556,504.79388427734375,42385987.0
2023-03-23,500.05840224936105,510.47628562955606,500.05840224936105,509.5292053222656,26728246.0
2023-03-24,507.6349862121695,510.4762268066406,506.68790601401247,510.4762268066406,21926240.0
2023-03-27,504.7936963442355,507.63493666137003,502.89953613281244,502.8995361328125,16111177.0
2023-03-28,497.21710205078125,501.95250302269346,496.27002185639884,497.21710205078125,17234120.0
2023-03-29,504.79375529739093,504.79375529739093,497.21711356684847,501.9525146484375,17280749.0
2023-03-30,507.6349463346963,508.58202645845506,502.8995457159025,506.6878662109375,19201564.0
2023-03-31,509.52928656887605,509.52928656887605,503.8468038190373,504.79388427734375,23558838.0
2023-04-06,501.9525146484375,502.8995948647553,498.16419378316624,501.9525146484375,25423363.0
2023-04-07,506.6878565556585,506.6878565556585,501.00537592138943,502.8995361328125,8557482.0
2023-04-10,504.7938144734316,504.7938144734316,500.05841283672027,501.0054931640625,7435151.0
2023-04-11,494.3759199535574,499.1113214856796,494.3759199535574,496.27008056640625,22675697.0
2023-04-12,495.32305274376506,496.27013315054086,489.64057030311,492.4818115234375,23816473.0
2023-04-13,487.746264887791,489.64042513978245,483.0108642578125,483.0108642578125,25536889.0
2023-04-14,488.693359375,492.4816799903101,485.8521189135175,488.693359375,18072504.0
2023-04-17,491.53473111666165,492.4818115234375,486.7993290827825,492.4818115234375,14634287.0
2023-04-18,490.58757869387136,492.48173922936894,486.7992576228762,487.746337890625,15168888.0
2023-04-19,489.64042513978245,490.5875052657782,482.0637841318168,483.0108642578125,21123233.0
2023-04-20,484.9050925925926,488.69341362847223,483.01093207465277,485.8521728515625,17221961.0
2023-04-21,492.4817300636008,492.4817300636008,483.01092756237773,483.9580078125,25016683.0
2023-04-24,478.2755172699396,483.01091843102813,477.3284370377219,480.169677734375,16886512.0
2023-04-25,477.32847797439763,478.27555828783886,471.64599609375,471.64599609375,36898412.0
2023-04-26,471.64595064335896,472.1194907544467,465.01638908813106,465.48992919921875,31269245.0
2023-04-27,465.0163329336056,468.8046533648366,463.1221727179901,467.384033203125,29537148.0
2023-04-28,472.1195147085,475.4342956542969,471.6459745733861,475.4342956542969,24824100.0
2023-05-02,473.54007195569795,475.43423224352074,470.2252914520081,474.4871520996094,15325791.0
2023-05-03,469.7518310546875,471.64599166377894,468.80475075014175,469.7518310546875,11369311.0
2023-05-04,470.69891578030877,473.0666165639119,469.7518354668675,471.64599609375,13140291.0
2023-05-05,473.54010009765625,475.43426049804685,472.1194797973633,473.54010009765625,7488897.0
2023-05-08,482.06383126879496,482.06383126879496,475.4342697385758,477.32843017578125,11243634.0
2023-05-09,480.1696238798254,483.0108642578125,478.275463627834,483.0108642578125,16197743.0
2023-05-10,481.1167487263916,481.1167487263916,473.540107014165,476.38134765625,18859212.0
2023-05-11,479.222548001276,479.222548001276,472.1194469933519,472.5929870605469,13382927.0
2023-05-12,469.7518310546875,473.54015227287044,468.80475075014175,469.7518310546875,18465362.0
2023-05-15,470.6989408583501,473.0666417681004,468.3312399485999,469.2783203125,13315766.0
2023-05-16,476.38141304242725,481.1168147625309,473.5401720103651,478.27557373046875,21140315.0
2023-05-17,481.1167250910706,493.428767268598,479.2225647560664,491.53460693359375,41406763.0
2023-05-18,504.79375529739093,507.6349959463443,498.16419378316624,501.9525146484375,43096277.0
2023-05-19,506.68795105209927,506.68795105209927,501.00546935805704,503.8467102050781,32099068.0
2023-05-22,503.846616238524,504.7936963442355,501.00537592138943,502.8995361328125,17208135.0
2023-05-23,501.9525146484375,502.8995948647553,497.21711356684847,501.9525146484375,19588873.0
2023-05-24,499.1112624395461,500.0583426339286,496.27002185639884,497.21710205078125,19086681.0
2023-05-25,513.3173852853793,516.1586254253352,508.5819850521193,514.2644653320312,63827245.0
2023-05-26,537.9415848263583,537.9415848263583,533.2061835514784,536.0474243164062,95808471.0
2023-05-29,543.6241326130612,543.6241326130612,534.1533289090008,537.941650390625,54657853.0
2023-05-30,536.0474243164062,537.9415848263583,533.2061835514784,536.0474243164062,40136130.0
2023-05-31,530.3648633512545,532.259023577509,521.8411423331094,528.470703125,81176782.0
2023-06-01,520.8942281788793,524.6825498383621,520.8942281788793,521.84130859375,24477529.0
2023-06-02,529.417792812361,534.1531934636344,527.5236325518516,532.259033203125,30206141.0
2023-06-05,530.3651024070946,530.3651024070946,525.6296997070312,525.6296997070312,16827391.0
2023-06-06,524.6825685773576,532.2592121669225,523.735488128662,530.3650512695312,20228086.0
2023-06-07,531.3120877977827,537.941650390625,530.3650074273768,537.941650390625,27604813.0
2023-06-08,532.2590873595427,537.9415687192532,525.6295257732139,529.4178466796875,23080195.0
2023-06-09,531.3120207930033,536.0474220478429,531.3120207930033,535.100341796875,19091713.0
2023-06-12,543.6240234375,543.6240234375,540.7827828968859,543.6240234375,26392389.0
2023-06-13,561.6185913085938,562.5656715637516,557.8302702879624,561.6185913085938,56174363.0
2023-06-14,558.7774047851562,559.7244851322498,555.9361637438758,558.7774047851562,23583314.0
2023-06-15,561.3938828934671,564.2484280607221,558.5393377262122,562.3453979492188,27392154.0
2023-06-16,561.3938978936758,561.3938978936758,555.6848074066214,560.4423828125,38128802.0
2023-06-19,554.7332763671875,556.6363064747936,553.7817613133844,554.7332763671875,14346885.0
2023-06-20,550.9272161519752,556.6363064747936,550.9272161519752,554.7332763671875,16221413.0
2023-06-21,553.7818985904556,556.6364444594785,549.9758374317582,552.8303833007812,21703937.0
2023-06-26,548.072646722561,549.9756767459032,546.1696166992188,546.1696166992188,27142262.0
2023-06-27,542.3636323088533,547.1212080308608,541.4121171644517,544.2666625976562,21501718.0
2023-06-28,550.9271917575743,550.9271917575743,543.3150716642054,546.1696166992188,18175426.0
2023-06-29,549.9756534702907,551.8786834130944,542.3635336990756,545.2180786132812,16937929.0
2023-06-30,542.363421122233,548.072509765625,540.4603915744358,548.072509765625,22654976.0
2023-07-03,549.9756091287511,551.8786389181239,548.0725793393783,550.9271240234375,14785585.0
2023-07-04,556.63623046875,556.63623046875,551.878655849359,556.63623046875,17219541.0
2023-07-05,560.4423433808527,560.4423433808527,550.9271932385632,553.78173828125,14913592.0
2023-07-06,545.2180767768252,546.1695917450221,537.60595703125,537.60595703125,28564891.0
2023-07-07,537.60595703125,544.2665618086284,535.7029270948561,537.60595703125,18796190.0
2023-07-10,539.5089869676438,545.2180767768252,537.60595703125,537.60595703125,18454982.0
2023-07-11,546.1695641264758,549.0241088867188,542.363504446152,549.0241088867188,17850636.0
2023-07-12,546.1697083575502,549.9757690429688,544.266678014841,549.9757690429688,15588228.0
2023-07-13,558.5392603165064,561.393805088141,556.63623046875,556.63623046875,25442137.0
2023-07-14,560.4423678377154,562.3453979492188,558.5393377262122,562.3453979492188,23121873.0
2023-07-17,559.4908527819639,562.3453979492188,558.5393377262122,562.3453979492188,13807834.0
2023-07-18,558.5394750388272,559.4909903285015,551.878868011107,552.8303833007812,20932006.0
2023-07-19,555.6849291698043,558.5394750388272,550.9273527214326,552.8303833007812,22499123.0
2023-07-20,551.8786389181239,555.6846984968696,549.9756091287511,550.9271240234375,15108109.0
2023-07-21,532.8485107421875,535.7030563354492,529.9939651489258,532.8485107421875,46711021.0
2023-07-24,529.9937366772724,535.7028254027008,529.9937366772724,530.9452514648438,25268835.0
2023-07-25,533.7999281522889,541.4120483398438,533.7999281522889,541.4120483398438,19590349.0
2023-07-26,541.4121015029746,543.3151317367284,535.7030108017129,538.5575561523438,13314305.0
2023-07-27,542.3635633632881,542.3635633632881,538.5575032695107,541.4120483398438,12200358.0
2023-07-28,541.4120020521591,545.2180618205398,537.6059422837784,539.5089721679688,18540078.0
2023-07-31,547.121106713219,547.121106713219,532.8483821902655,537.60595703125,24208467.0
2023-08-01,537.6059422837784,540.4604871100639,536.6544273416832,539.5089721679688,16259643.0
2023-08-02,539.5089551956258,541.411985019949,530.9453209861714,533.7998657226562,25583234.0
2023-08-04,529.0423733817971,532.848433621954,525.2363131416404,527.1393432617188,26279173.0
2023-08-07,530.9452514648438,533.799795827558,529.042221889701,530.9452514648438,14369551.0
2023-08-08,530.9452952509341,530.9452952509341,524.2846911886464,525.2362060546875,19010690.0
2023-08-09,523.3332830215619,529.9938884418364,523.3332830215619,527.1393432617188,14389090.0
2023-08-10,525.2363662304333,527.1393965428624,523.3333359180042,524.2848510742188,17892615.0
2023-08-11,529.0423101068853,530.9453399993561,519.5271606445312,519.5271606445312,17608427.0
2023-08-14,513.8181382494802,516.6726834619773,510.963593036983,514.7696533203125,20939030.0
2023-08-15,516.6726453717783,518.5756753731478,513.8181003697243,515.7211303710938,14066307.0
2023-08-16,514.769615370409,516.6726453717783,510.0120403669857,515.7211303710938,28269840.0
2023-08-17,513.818146200741,519.5272367140826,510.96360094407027,517.6242065429688,22843138.0
2023-08-18,513.8180921338706,517.624152075603,512.8665771484375,512.8665771484375,17592345.0
2023-08-21,517.6241671031192,517.6241671031192,508.1090169725472,510.96356201171875,16633821.0
2023-08-22,517.6241985328096,517.6241985328096,511.9151081078154,514.7696533203125,14594304.0
2023-08-23,519.5271168584409,525.2362060546875,517.6240871263587,525.2362060546875,20636332.0
2023-08-24,535.7029649450424,536.6544799804688,530.9453897679106,536.6544799804688,23280827.0
2023-08-25,522.3817054832375,524.2847353757082,519.5271606445312,519.5271606445312,24144537.0
2023-08-28,520.4787447569801,526.1878351930712,520.4787447569801,522.3817749023438,8991985.0
2023-08-29,524.2846911886464,526.1877209207286,519.5271168584409,525.2362060546875,10516678.0
2023-08-30,530.9454880173142,532.8485184403153,527.1394271713119,528.0909423828125,15117416.0
2023-08-31,526.1878351930712,529.0423804111168,521.4302598296618,522.3817749023438,40431378.0
2023-09-01,516.6726616629719,526.1878119698406,516.6726616629719,521.4302368164062,13669766.0
2023-09-04,522.3816555714907,529.9937744140625,522.3816555714907,529.9937744140625,9531157.0
2023-09-05,526.1877209207286,528.0907506528108,523.3331763226054,525.2362060546875,12220686.0
2023-09-06,529.0422802734375,529.0422802734375,523.3331909179688,523.3331909179688,14067008.0
2023-09-07,519.5271903738325,521.4302203752018,515.7211303710938,515.7211303710938,20717005.0
2023-09-08,509.06051720670513,513.8180921338706,509.06051720670513,512.8665771484375,15283568.0
2023-09-11,512.8666302125845,513.8181452964669,510.0120849609375,510.0120849609375,14631968.0
2023-09-12,510.01208585851333,518.5757216285257,510.01208585851333,517.6242065429688,16028336.0
2023-09-13,518.575713603642,521.4302588161391,514.7696533203125,514.7696533203125,16191392.0
2023-09-14,520.5106001420455,526.2515258789062,519.553779185902,526.2515258789062,17144287.0
2023-09-15,525.2946787188131,533.9060668945312,523.3810369019867,533.9060668945312,42517441.0
2023-09-18,524.3377938729745,525.2946146647135,516.6832275390625,516.6832275390625,36684692.0
2023-09-19,515.7264130886603,519.5536963026763,514.7695922851562,514.7695922851562,18901683.0
2023-09-20,512.8559908002336,514.7696325569509,511.899169921875,511.899169921875,24635567.0
2023-09-21,507.11499961549015,508.0718203694816,503.2877165995242,504.2445373535156,32012694.0
2023-09-22,500.4173005787349,502.3309422635484,499.4604797363281,499.4604797363281,29049309.0
2023-09-25,499.4604094587053,506.1581544131324,499.4604094587053,502.33087158203125,17116402.0
2023-09-26,498.50363794227553,501.37410034885295,496.5899963378906,496.5899963378906,26392692.0
2023-09-27,494.6763755242944,500.4173005787349,493.7195546818876,499.4604797363281,16846401.0
2023-09-28,500.41729736328125,502.33093903579856,497.5468348545053,500.41729736328125,19733331.0
2023-10-02,507.11501130467286,510.9422944088591,505.20136975257975,509.9854736328125,25427911.0
2023-10-03,505.2014127850307,509.9855170727677,505.2014127850307,506.1582336425781,14490129.0
2023-10-04,498.5036959134615,500.4173377403846,496.59005408653843,497.546875,28358964.0
2023-10-05,500.4172512401234,506.1581757285378,500.4172512401234,505.20135498046875,24945684.0
2023-10-06,507.1151056504787,509.98556851265124,506.1582846964212,509.02874755859375,15336587.0
2023-10-11,518.596856509938,520.510498046875,516.683214973001,520.510498046875,46639969.0
2023-10-12,521.467421098189,526.2515258789062,520.5106001420455,526.2515258789062,34161176.0
2023-10-13,526.2514248894524,530.0787079795575,524.3377833443999,529.1218872070312,31123496.0
2023-10-16,522.4242893044008,523.3811103470829,518.5970051336726,521.4674682617188,19875676.0
2023-10-17,526.2514920935657,528.1651338829969,524.3378503041346,527.2083129882812,18364998.0
2023-10-18,525.2946146647135,525.2946146647135,516.6832275390625,516.6832275390625,26418940.0
2023-10-19,516.6832691234547,524.3378360734317,516.6832691234547,522.4241943359375,22881262.0
2023-10-20,525.2947454658344,531.9924926757812,522.4242823758572,531.9924926757812,45984177.0
2023-10-23,528.1650641946231,529.1218849630917,519.5536772784066,520.510498046875,22747367.0
2023-10-24,519.5536772784066,522.4241395838121,516.683214973001,520.510498046875,15007814.0
2023-10-25,520.510498046875,527.2082434261547,520.510498046875,520.510498046875,16526355.0
2023-10-26,507.1149871308925,511.89909078307073,507.1149871308925,508.0718078613281,28188348.0
2023-10-27,510.9422944088591,512.8559359609521,509.028652856766,509.9854736328125,15679643.0
2023-10-30,508.0719266045362,510.94238946670873,505.20146374236367,509.02874755859375,21404842.0
2023-10-31,511.8991587878626,511.8991587878626,504.2445919274833,506.1582336425781,25667058.0
2023-11-01,509.9854587208141,509.9854587208141,504.24453423239964,505.20135498046875,13603347.0
2023-11-02,512.8560721835009,523.381103515625,511.89925115330783,523.381103515625,29401438.0
2023-11-03,523.381035921135,525.294677734375,521.4673941078951,525.294677734375,15426176.0
2023-11-06,529.1219887473367,531.9924516157671,526.2515258789062,526.2515258789062,29215201.0
2023-11-07,528.1651208826013,531.0355834960938,526.2514791402731,531.0355834960938,14777790.0
2023-11-08,526.2515664958268,532.9493137057736,526.2515664958268,531.9924926757812,15314834.0
2023-11-09,527.2082935929084,532.94921875,527.2082935929084,532.94921875,13165684.0
2023-11-10,531.0355770309694,532.94921875,530.0787561714542,532.94921875,12994933.0
2023-11-13,553.9991698791183,554.9559905524846,546.3446044921875,546.3446044921875,43866014.0
2023-11-14,551.1287969842657,551.1287969842657,546.3446928437774,547.301513671875,21568576.0
2023-11-15,557.8266057393637,557.8266057393637,550.1720382506588,555.9129638671875,50305088.0
2023-11-16,555.9129572716217,557.8265991210938,553.0424944974137,557.8265991210938,28291435.0
2023-11-17,553.999233903556,557.8265170393319,553.999233903556,554.9560546875,22031704.0
2023-11-20,551.1288114709705,553.9992740307152,550.1719906177224,552.0856323242188,22010114.0
2023-11-21,556.8697716346154,559.740234375,555.9129507211538,559.740234375,35921706.0
2023-11-22,551.1288114709705,553.9992740307152,549.2151697644741,552.0856323242188,21969125.0
2023-11-23,549.2151362541225,553.0424194335938,549.2151362541225,553.0424194335938,14486134.0
2023-11-24,552.0856387992527,553.0424596637229,549.2151762058425,550.1719970703125,10058969.0
2023-11-27,548.2583474172673,552.0856308198311,543.4742431640625,543.4742431640625,18528520.0
2023-11-28,540.6037884256115,551.1288179347827,540.6037884256115,550.1719970703125,26343906.0
2023-11-29,553.0424321935567,553.9992530105006,545.3878656580058,549.2151489257812,24868842.0
2023-11-30,551.1288114709705,552.0856323242188,545.3878863514813,552.0856323242188,47192647.0
2023-12-01,548.2582821228343,553.9992065429688,548.2582821228343,553.9992065429688,28051165.0
2023-12-04,556.8697154613322,556.8697154613322,546.3446864749496,549.2151489257812,26847171.0
2023-12-05,546.3446992572985,547.3015200966282,542.5174158999794,545.3878784179688,22229723.0
2023-12-06,543.4742367393092,550.1719826146176,543.4742367393092,545.3878784179688,21518089.0
2023-12-07,545.3877684252843,548.2582303643647,541.5604858398438,541.5604858398438,20840397.0
2023-12-08,549.2151617752878,552.0856242932771,545.3878784179688,545.3878784179688,33507214.0
2023-12-11,547.3015072918935,550.1719697427251,545.3878656580058,549.2151489257812,27378610.0
2023-12-12,554.9560610233293,555.9128818181972,550.1719570489903,553.0424194335938,29403010.0
2023-12-13,551.1288114709705,553.9992740307152,551.1288114709705,552.0856323242188,22977731.0
2023-12-14,558.8183907315494,559.7802124023438,556.8947473899606,559.7802124023438,39409958.0
2023-12-15,562.6657104492188,563.6275321764824,557.8566018129006,562.6657104492188,54323262.0
2023-12-18,556.8947800856371,562.6657104492188,554.9711366311097,562.6657104492188,26122277.0
2023-12-19,565.5511756310096,565.5511756310096,557.8566018129006,562.6657104492188,28254292.0
2023-12-20,564.589353903746,564.589353903746,560.7420669946915,562.6657104492188,38121456.0
2023-12-21,554.9710693359375,556.8947125572059,553.0474261146691,554.9710693359375,24923414.0
2023-12-22,559.7802124023438,559.7802124023438,556.8947473899606,559.7802124023438,18690214.0
2023-12-25,559.7801809918245,562.6656458422977,557.8565377581756,558.818359375,9548143.0
2023-12-26,560.742158857222,563.6276245117188,559.7803369723896,563.6276245117188,16094308.0
2023-12-27,564.5892685555123,569.3983764648438,563.627446973646,569.3983764648438,33401336.0
2023-12-28,569.3984078572934,570.3602294921875,566.5129429526112,570.3602294921875,25514849.0
2023-12-29,566.5129429526112,570.3602294921875,566.5129429526112,570.3602294921875,18416318.0
2024-01-02,567.4747645875052,570.3602294921875,566.5129429526112,570.3602294921875,26059058.0
2024-01-03,561.7038523532115,562.6656740181999,554.0092790333044,555.9329223632812,37106763.0
2024-01-04,557.8565673828125,558.8183890507139,554.9711023791083,557.8565673828125,15309129.0
2024-01-05,555.9328594207764,557.856502532959,552.0855731964111,554.0092163085938,18158971.0
2024-01-08,559.7802437051083,562.665708878846,556.8947785313707,560.7420654296875,17761275.0
2024-01-09,565.5512682813834,566.5130901662156,560.742158857222,563.6276245117188,22501510.0
2024-01-10,558.8184531224917,563.627562013391,557.8566313443118,561.7039184570312,13037716.0
2024-01-11,563.6276245117188,566.5130901662156,560.742158857222,563.6276245117188,23997409.0
2024-01-12,558.8184531224917,565.5512055697507,558.8184531224917,561.7039184570312,16496053.0
2024-01-15,567.4749120510479,567.4749120510479,562.6658026268865,563.6276245117188,21143076.0
2024-01-16,558.8183890507139,565.5511407260237,556.8947457149111,557.8565673828125,27223860.0
2024-01-17,560.7420026086489,561.7038242254733,555.9328945245267,558.818359375,42592335.0
2024-01-18,563.6273824471194,566.5128468623777,562.6655609753667,565.551025390625,27209996.0
2024-01-19,601.1384592269557,603.062102296482,590.5584223445612,602.1002807617188,161106401.0
2024-01-22,608.8330315050607,608.8330315050607,599.2148161574294,602.1002807617188,65168775.0
2024-01-23,604.9858084514642,604.9858084514642,598.2530570060584,604.0239868164062,41072439.0
2024-01-24,604.024077639055,605.947721198415,600.176790520335,603.062255859375,26635005.0
2024-01-25,610.7567503741968,617.489501953125,608.8331070659317,617.489501953125,52243347.0
2024-01-26,619.4131469726562,621.3367902862359,614.6040386887071,619.4131469726562,41153025.0
2024-01-29,621.3367936876085,623.2604370117188,619.4131503634983,623.2604370117188,27825490.0
2024-01-30,617.489501953125,622.2986102237879,617.489501953125,617.489501953125,36161825.0
2024-01-31,609.794916626754,612.680381531928,602.1003435462903,604.0239868164062,41277950.0
2024-02-01,601.1385219112323,604.0239868164062,595.3675921008845,604.0239868164062,44946369.0
2024-02-02,608.8331315168246,610.7567749023438,604.0240230530266,610.7567749023438,26334815.0
2024-02-05,620.3749703327569,622.2986136516181,613.6422187167425,621.3367919921875,44017740.0
2024-02-15,681.9315075210725,681.9315075210725,666.5423620763091,670.3896484375,112945296.0
2024-02-16,670.3895730148472,672.3132159790217,656.924072265625,656.924072265625,44232811.0
2024-02-19,648.2678255064297,655.9623991029453,648.2678255064297,652.1151123046875,34408673.0
2024-02-20,649.229504447837,661.7331837927584,649.229504447837,660.7713623046875,30166461.0
2024-02-21,652.1150235751652,656.92413141864,652.1150235751652,655.00048828125,30564485.0
2024-02-22,668.466031289514,668.466031289514,658.8478150119671,665.58056640625,33145643.0
2024-02-23,674.2369347986908,676.1605779792862,669.4278268472023,670.3896484375,46448923.0
2024-02-26,673.2750223154325,673.2750223154325,668.4659150131794,671.3513793945312,28798079.0
2024-02-27,673.2750223154325,674.236843775883,664.6186291713769,671.3513793945312,33006829.0
2024-02-29,664.6188041355299,671.3515561311142,661.7333389945652,663.656982421875,54368302.0
2024-03-01,670.3897644840235,670.3897644840235,661.7333686728955,662.6951904296875,23390635.0
2024-03-04,686.7406408270474,697.3206787109375,683.8551759496229,697.3206787109375,88861397.0
2024-03-05,706.9388686924765,709.8243334626499,700.2061175620719,702.1297607421875,64403889.0
2024-03-06,690.5879359654018,709.8243687220983,689.6261143275669,706.9389038085938,43687122.0
2024-03-07,726.175327903346,739.6408306724147,725.2135062769839,730.9844360351562,71817344.0
2024-03-08,764.6482763485033,765.6100980797593,742.5263765296157,754.0682373046875,87139744.0
2024-03-11,738.6790143603133,748.2972306931299,731.9462629273416,736.75537109375,64759810.0
2024-03-12,728.0989798409598,741.5644827706474,725.2135149274553,740.6026611328125,58110339.0
2024-03-13,755.0299013502638,755.0299013502638,747.3353291072037,749.2589721679688,36754557.0
2024-03-14,749.2591286484076,755.0300590359434,740.6027330671037,754.0682373046875,42010806.0
2024-03-15,741.5644363464112,747.3353658121421,724.2516479492188,724.2516479492188,73316437.0
2024-03-18,728.5998119733721,739.2292522011003,728.5998119733721,738.262939453125,43589856.0
2024-03-19,732.4651319448716,739.2293218177134,729.5661934279394,736.3303833007812,30152375.0
2024-03-20,738.2630260940592,743.0945904009575,726.6672717575033,732.4651489257812,41280325.0
2024-03-21,746.9598528025101,757.5892944335938,745.993539926957,757.5892944335938,46026103.0
2024-03-22,761.4544803692277,762.4207931615744,748.8924140687201,758.5555419921875,30660820.0
2024-03-25,756.6229987511268,761.4545632386819,752.7577471610828,753.7240600585938,19877101.0
2024-03-26,761.4544930616607,765.3197442954763,749.8587393602141,755.6566162109375,40990702.0
2024-03-27,758.5555058725379,758.5555058725379,752.7576293945312,752.7576293945312,18794479.0
2024-03-28,747.9261074587025,749.8587330593709,742.128230656697,743.0945434570312,27190918.0
2024-03-29,743.0945747611449,750.8250774894793,742.1282619201031,749.8587646484375,9802000.0
2024-04-01,756.622980449726,756.622980449726,743.0946002118,744.0609130859375,21041261.0
2024-04-02,757.5892689378956,763.3871459960938,756.6229560948626,763.3871459960938,37974481.0
2024-04-03,756.6229987511268,758.5556245461489,751.7914342635718,753.7240600585938,30890544.0
2024-04-08,762.4208016231142,765.3197400323276,756.6229248046875,756.6229248046875,32202226.0
2024-04-09,768.2186498397436,792.3764690170941,765.3197115384615,791.41015625,56857731.0
2024-04-10,787.5450439453125,791.4102956947374,782.7134792585315,787.5450439453125,27480849.0
2024-04-11,783.679710350967,792.3765258789062,783.679710350967,792.3765258789062,25200651.0
2024-04-12,795.2755343336931,798.1744730979715,789.4776568051365,790.4439697265625,31508936.0
2024-04-15,776.9156406298464,784.6461445167106,775.9493276439885,778.8482666015625,38913470.0
2024-04-16,774.9829087620459,775.949221615864,758.5555902471397,761.4545288085938,49508969.0
2024-04-17,771.1176502740205,780.7807787235697,766.286086049246,776.91552734375,34472074.0
2024-04-18,769.1850245841107,782.7134044134796,765.3197732042911,776.91552734375,43598591.0
2024-04-19,743.0945628255208,744.0608756510417,720.8693678385416,724.734619140625,130968654.0
2024-04-22,715.0714637776912,731.4987811888003,715.0714637776912,717.0040893554688,46540798.0
2024-04-23,735.3641047389185,735.3641047389185,726.667288782742,728.5999145507812,30423647.0
2024-04-24,744.0608583647629,758.5555504108297,743.0945455616918,756.6229248046875,39457128.0
2024-04-25,744.0609302968953,747.9261818828533,739.229365814448,740.1956787109375,28534926.0
2024-04-26,761.4544930616607,762.4208058701147,755.6566162109375,755.6566162109375,32571247.0
2024-04-29,763.3871248833038,768.2186889648438,760.4881864343799,768.2186889648438,26765837.0
2024-04-30,770.151335897325,774.9829001124901,763.3871459960938,763.3871459960938,39051972.0
2024-05-02,762.4208489452619,762.4208489452619,745.9935302734375,745.9935302734375,40527228.0
2024-05-03,761.4545632386819,761.4545632386819,746.9598697760167,753.7240600585938,29901556.0
2024-05-06,764.3533530975419,766.2859785162462,759.5217895507812,759.5217895507812,32599878.0
2024-05-07,770.1513543701171,773.05029296875,765.3197900390625,773.05029296875,33890214.0
2024-05-08,767.2523468854719,774.9828491210938,765.3197213265663,774.9828491210938,21757193.0
2024-05-09,771.1176231806003,774.9828744246133,769.1849975585938,769.1849975585938,21923999.0
2024-05-10,775.9491619005464,779.8144130183574,771.1175980032828,774.9828491210938,25101318.0
2024-05-13,795.2754073183761,797.2080328525641,790.443843482906,791.41015625,34812619.0
2024-05-14,788.5113139204545,797.2081298828125,783.6797494969223,797.2081298828125,28691846.0
2024-05-15,809.7702593070247,815.5681370586263,808.8039463484245,810.736572265625,39467772.0
2024-05-16,823.2985082165948,827.1637594288793,808.803816170528,812.6690673828125,43927195.0
2024-05-17,819.4333446388473,819.4333446388473,805.9049639490551,806.8712768554688,26207289.0
2024-05-20,805.9049639490551,809.7702155747099,794.3092090720902,806.8712768554688,28808661.0
2024-05-21,802.0396265490301,812.6690673828125,802.0396265490301,812.6690673828125,19705349.0
2024-05-22,816.5344029885752,835.8606610474764,814.601777182685,834.8943481445312,36628342.0
2024-05-23,845.523681640625,847.4563071986607,837.7931794084822,845.523681640625,37266618.0
2024-05-24,829.0963975318988,842.6247769788063,829.0963975318988,837.793212890625,34136382.0
2024-05-27,842.6248297477345,848.4227070166409,836.826952478828,839.7258911132812,26726954.0
2024-05-28,837.793160181652,843.5910367227013,835.8605346679688,835.8605346679688,25329216.0
2024-05-29,831.995317100783,838.7595066707081,827.1637531222651,828.1300659179688,33436835.0
2024-05-30,812.6690800559834,819.4332697829653,809.7701416015625,809.7701416015625,38065102.0
2024-05-31,809.770214903224,817.5007181481235,793.3428955078125,793.3428955078125,77438401.0
2024-06-03,810.7364814343464,824.2648613390911,808.8038557336686,817.5006713867188,28345488.0
2024-06-04,815.5681370586263,822.3323277688282,808.8039463484245,810.736572265625,28223635.0
2024-06-05,812.6691337067294,828.1301398176779,806.8712564151238,825.231201171875,31975446.0
2024-06-06,862.9174151324586,868.7152925017697,855.1869119733773,863.8837280273438,62925136.0
2024-06-07,855.186854027237,858.085792515465,849.3889770507812,849.3889770507812,41075399.0
2024-06-11,861.9509650605181,864.8499032838158,853.254150390625,853.254150390625,48228488.0
2024-06-12,858.0857876314975,883.2099210531404,858.0857876314975,878.3783569335938,48106925.0
2024-06-13,895.3539453284395,906.9945166653207,883.7133739915585,891.4737548828125,55857091.0
2024-06-14,888.5636253770675,894.3839111328125,877.893101491535,894.3839111328125,38408123.0
2024-06-17,885.6534982488675,897.2940699673632,885.6534982488675,893.4138793945312,26292426.0
2024-06-18,915.7250526080329,921.5453389593551,911.8448617071514,914.7550048828125,37876013.0
2024-06-19,924.4555441946794,954.5270256952408,924.4555441946794,951.6168823242188,72228052.0
2024-06-20,941.9164044208118,951.6168823242188,941.9164044208118,951.6168823242188,48225374.0
2024-06-21,932.2157386386518,948.706547750886,931.2456910438144,940.9461669921875,88376132.0
2024-06-24,929.3055830285905,931.2456781914894,911.8447265625,911.8447265625,66391994.0
2024-06-25,897.2940547882564,916.6950073242188,895.3539595346602,916.6950073242188,57368432.0
2024-06-26,922.5154197692872,931.245849609375,922.5154197692872,931.245849609375,44967166.0
2024-06-27,922.5154197692872,932.2158973693848,920.5753242492676,931.245849609375,39729446.0
2024-06-28,927.3655634341033,941.9162783415421,926.3955157736074,937.0660400390625,39138210.0
2024-07-01,939.0061645507812,947.736593766646,936.0960214788264,939.0061645507812,19935737.0
2024-07-02,938.0361839294434,941.9163749694825,930.2758018493653,931.245849609375,25427569.0
2024-07-03,946.7664928338866,949.6766357421875,938.036064108984,949.6766357421875,24070411.0
2024-07-04,970.0475892024253,979.7480650944497,967.1374464348181,974.8978271484375,41893299.0
2024-07-05,974.8978271484375,979.7480650944497,970.0475892024253,974.8978271484375,19998094.0
2024-07-08,974.8980765964674,1018.5502292798913,970.0478374094203,1003.99951171875,40146763.0
2024-07-09,999.1491323617788,1023.4003248948317,994.2988938551682,1008.849609375,46373121.0
2024-07-10,989.4486965927781,1018.550128845507,984.59845788399,1013.6998901367188,46206302.0
2024-07-11,1033.1008945041233,1047.651611328125,1023.4004166214554,1047.651611328125,41724336.0
2024-07-12,999.1491323617788,1013.6998478816106,994.2988938551682,1008.849609375,68983062.0
2024-07-15,1008.849609375,1013.6998478816106,994.2988938551682,1008.849609375,38393309.0
2024-07-16,1008.8496140032584,1037.9510451764293,1003.9993754743965,1023.4003295898438,32125609.0
2024-07-17,1003.9994086108162,1013.6998859886984,989.4486925439927,999.149169921875,54022399.0
2024-07-18,958.4070181319963,974.8978271484375,956.4669229535914,974.8978271484375,81990095.0
2024-07-19,958.4070236992591,965.1973568631201,940.9461669921875,940.9461669921875,92507621.0
2024-07-22,935.1259474424254,936.0959951057474,909.904708196053,910.874755859375,83062356.0
2024-07-23,934.1558735645827,949.6766357421875,927.3655401118807,949.6766357421875,47213266.0
2024-07-26,887.5937276072317,902.1444444532518,887.5937276072317,896.3241577148438,82081735.0
2024-07-29,913.7849412045236,919.605227454234,907.9646549548133,915.7250366210938,40809258.0
2024-07-30,902.1442507480053,920.5751547955452,898.2640604222075,911.8447265625,41761392.0
2024-07-31,901.1743584250995,911.8448836594118,900.2043106765257,906.0245971679688,39894991.0
2024-08-01,939.9762794494629,939.9762794494629,919.6052764892579,931.245849609375,47382270.0
2024-08-02,890.503779313097,900.2042562119325,875.9530639648438,875.9530639648438,76144485.0
2024-08-05,826.4806317101227,831.3308701591258,788.6487718078988,790.5888671875,144057989.0
2024-08-06,842.0013954856179,868.192683133212,814.8400601473721,853.6419677734375,102930842.0
2024-08-07,874.013001881475,892.4439086914062,866.2526200667671,892.4439086914062,59158704.0
2024-08-08,874.0129581178938,877.8931488309588,860.4322906221663,869.1627197265625,38236391.0
2024-08-09,899.2342629279518,906.0245971679688,894.3840241850827,906.0245971679688,49494621.0
2024-08-12,913.784821725399,919.6051072140958,903.1142983294549,911.8447265625,38331663.0
2024-08-13,916.695132443046,916.695132443046,908.934750369454,912.81494140625,25764381.0
2024-08-14,922.515306496922,926.3954970605263,916.6950206515155,919.6051635742188,36780856.0
2024-08-15,916.6951003332533,921.5453389593551,912.8149094323718,914.7550048828125,19476402.0
2024-08-16,934.1560315583881,939.976318359375,929.3057925575657,939.976318359375,44062316.0
2024-08-19,939.9762543759635,945.7965407807683,935.1260157052928,943.8564453125,21348863.0
2024-08-20,947.7366362490365,947.7366362490365,939.0062066418294,943.8564453125,24039959.0
2024-08-21,932.2157458343187,935.1258886412936,927.3655078226938,929.3056030273438,29758188.0
2024-08-22,929.3057763774564,935.1260630771064,919.6052985447063,922.5154418945312,24349754.0
2024-08-23,915.7249571917808,923.4853381849315,910.8747190710617,920.5751953125,27592153.0
2024-08-26,928.3356832725124,932.2158742161802,916.6951104415091,921.5453491210938,25057581.0
2024-08-27,916.6950551415705,917.665102818969,911.844816754578,913.784912109375,18693037.0
2024-08-28,916.6951302176195,935.1260375976562,914.7550347039314,935.1260375976562,31059233.0
2024-08-29,913.7849571575922,918.635195783694,908.9347185314903,914.7550048828125,43530708.0
2024-08-30,915.7250366210938,923.4854182873742,912.8148934962386,915.7250366210938,63834981.0
2024-09-02,921.545258856021,926.3954970605263,914.7549253697134,919.6051635742188,18646835.0
2024-09-03,919.6051072140958,923.4852975398936,910.8746789810506,911.8447265625,19547575.0
2024-09-04,867.2226751990474,877.8932002853892,861.4023887883155,862.3724365234375,79709021.0
2024-09-05,879.8332707644038,887.5936524249497,873.042936811426,874.9830322265625,30512026.0
2024-09-06,881.7732944862515,890.5037231445312,875.953008714065,890.5037231445312,24458336.0
2024-09-09,865.2825421257995,873.0429236695286,864.3124944328333,872.0728759765625,35885268.0
2024-09-10,879.833238719839,883.7134294087908,874.0129526864112,876.923095703125,33498628.0
2024-09-11,878.8632391147423,878.8632391147423,873.0429527629891,874.0130004882812,18029342.0
2024-09-12,912.013577854887,919.8085656998005,904.2185900099735,915.9110717773438,39454846.0
2024-09-13,930.5266773260131,930.5266773260131,914.9367015802369,922.731689453125,25347586.0
2024-09-16,927.6035568736801,927.6035568736801,918.834195516681,922.731689453125,13626239.0
2024-09-18,920.783053488331,923.7061742930558,909.0905702694316,916.8855590820312,28424324.0
2024-09-19,915.9112091064453,935.398681640625,912.0137145996094,935.398681640625,32739630.0
2024-09-20,955.8605408781234,956.8349145181622,946.1168044777347,948.0655517578125,60133709.0
2024-09-23,946.1167104012402,951.9629516601562,946.1167104012402,951.9629516601562,14497067.0
2024-09-24,950.988556310157,961.7066650390625,946.1166887061091,961.7066650390625,26785975.0
2024-09-25,974.3734938588309,979.245361328125,972.4247468711133,979.245361328125,39405222.0
2024-09-26,984.1172073439424,988.9890747070312,979.2453399808536,988.9890747070312,38321585.0
2024-09-27,993.8610681152344,998.7329360961915,974.3735961914062,974.3735961914062,35783779.0
2024-09-30,952.9373079018907,964.6297902074353,932.4754638671875,932.4754638671875,61603217.0
2024-10-01,942.2193182800041,951.9630547668709,942.2193182800041,947.0911865234375,26760355.0
2024-10-04,960.7323135485302,960.7323135485302,942.2192162286295,951.9629516601562,40934818.0
2024-10-07,967.552879401819,984.1172287974192,963.6553854263838,979.245361328125,39667071.0
2024-10-08,974.3735738319925,984.1173095703125,971.4504531104966,984.1173095703125,30845902.0
2024-10-09,1003.6048201018689,1008.4766881606158,993.861083984375,993.861083984375,46975717.0
2024-10-11,998.7329262181332,1023.0922658819901,993.8610582853619,1018.2203979492188,43058754.0
2024-10-14,1018.2203979492188,1027.9641338147615,1008.4766620836759,1018.2203979492188,36858874.0
2024-10-15,1023.0921208747079,1047.4514570860106,1023.0921208747079,1042.57958984375,42850176.0
2024-10-16,1013.3485300164474,1042.5797376130756,1008.4766620836759,1018.2203979492188,52652149.0
2024-10-17,1023.0923506142436,1027.964218950502,1003.6048772692104,1008.4767456054688,54173771.0
2024-10-18,1066.9390480990785,1071.8109158986176,1047.4515769009217,1057.1953125,85011961.0
2024-10-21,1062.0671802995391,1066.9390480990785,1052.3234447004609,1057.1953125,36491060.0
2024-10-22,1037.7078028479286,1047.4515380859375,1032.8359352289244,1047.4515380859375,41197877.0
2024-10-23,1032.8359375,1042.579672759434,1027.964069870283,1032.8359375,31423466.0
2024-10-24,1042.579672759434,1047.451540389151,1027.964069870283,1032.8359375,38236996.0
2024-10-25,1037.7078857421875,1042.5797537503668,1032.8360177340082,1037.7078857421875,22009575.0
2024-10-28,1047.4515627906437,1052.3234305245535,1023.0922241210938,1023.0922241210938,40142324.0
2024-10-29,1008.4766429020808,1013.3485107421875,993.8610393817609,1013.3485107421875,45415773.0
2024-10-30,1013.3485948877427,1027.9641996217006,1003.6048583984375,1003.6048583984375,38201984.0
2024-11-01,970.4760766006098,1003.6047780106708,970.4760766006098,998.73291015625,54480255.0
2024-11-04,1003.6047750619741,1018.2203785822942,998.7329072218674,1013.3485107421875,26747978.0
2024-11-05,1003.6047531854539,1027.9640918550037,1003.6047531854539,1023.0922241210938,32385622.0
2024-11-06,1023.092202240566,1052.323408018868,1013.3484669811321,1032.8359375,55349259.0
2024-11-07,1023.0922817176497,1047.451621758546,1023.0922817176497,1037.7078857421875,43975446.0
2024-11-08,1057.1952710632884,1062.067138671875,1052.3234034547017,1062.067138671875,37099479.0
2024-11-11,1052.3234447004609,1062.0671802995391,1042.5797091013826,1057.1953125,34690205.0
2024-11-12,1032.8359595889137,1037.7078273228237,1023.0922241210938,1023.0922241210938,51099848.0
2024-11-13,1018.2204822779854,1023.0923506142436,1008.4767456054688,1008.4767456054688,42331232.0
2024-11-14,1003.6048772692104,1013.3486139417271,998.7330089329522,1008.4767456054688,44627940.0
2024-11-15,1013.3486139417271,1018.2204822779854,1003.6048772692104,1008.4767456054688,34791611.0
2024-11-18,1003.6047780106708,1008.4766458650914,993.8610423018292,998.73291015625,31815076.0
2024-11-19,1003.6047750619741,1018.2203785822942,998.7329072218674,1013.3485107421875,24349599.0
2024-11-20,998.73291015625,998.73291015625,998.73291015625,998.73291015625,40203197.0
2024-11-21,993.8610453086324,998.7329131777923,984.1173095703125,984.1173095703125,41429227.0
2024-11-22,1008.4766429020808,1023.0922464224009,1008.4766429020808,1013.3485107421875,25187973.0
2024-11-25,1018.2204631323953,1023.0923313770479,1003.6048583984375,1003.6048583984375,49566674.0
2024-11-26,988.9891774394724,993.8610453086324,984.1173095703125,984.1173095703125,27312402.0
2024-11-27,984.1173321533204,993.8610681152344,974.3735961914062,974.3735961914062,31276090.0
2024-11-28,979.245361328125,979.245361328125,966.5785059079602,979.245361328125,33689956.0
2024-11-29,969.5016396763813,984.117242284568,968.5272661691689,970.4760131835938,40094983.0
2024-12-02,993.8611405966939,1013.3486139417271,988.9892722604355,1008.4767456054688,31168404.0
2024-12-03,1032.8361018031694,1037.7079702079013,1027.9642333984375,1027.9642333984375,43414538.0
2024-12-04,1037.7077226014894,1042.57958984375,1027.9639881169685,1042.57958984375,33466290.0
2024-12-05,1042.579670466933,1052.3234057049417,1042.579670466933,1047.4515380859375,31425359.0
2024-12-06,1047.451621758546,1052.3234897667253,1032.8360177340082,1037.7078857421875,30765288.0
2024-12-09,1042.579670466933,1047.4515380859375,1037.7078028479286,1047.4515380859375,22247131.0
2024-12-10,1042.5797537503668,1047.451621758546,1032.8360177340082,1037.7078857421875,28506584.0
2024-12-11,1018.2203979492188,1032.836001747533,1018.2203979492188,1018.2203979492188,25264194.0
2024-12-12,1036.8043212890625,1041.6949077102372,1031.9137348678876,1036.8043212890625,22791260.0
2024-12-13,1036.804238189554,1046.5854102479461,1031.913652160358,1041.69482421875,20423659.0
2024-12-16,1061.257080078125,1061.257080078125,1051.4759088331652,1061.257080078125,39722392.0
2024-12-17,1066.1477096202761,1071.0382954442223,1051.4759521484375,1051.4759521484375,37880707.0
2024-12-18,1051.4759088331652,1066.1476657006049,1046.5853232106856,1061.257080078125,41863190.0
2024-12-19,1041.694741507557,1046.5853271484375,1031.9135702257959,1046.5853271484375,42702851.0
2024-12-20,1036.8043737733997,1036.8043737733997,1012.3514404296875,1012.3514404296875,52030520.0
2024-12-23,1041.6949395073784,1056.36669921875,1036.8043529369213,1056.36669921875,30728473.0
2024-12-24,1071.0384589301216,1071.0384589301216,1056.36669921875,1056.36669921875,26461906.0
2024-12-25,1066.1476657006049,1066.1476657006049,1056.3664944556451,1061.257080078125,15481622.0
2024-12-26,1061.257080078125,1066.1476657006049,1061.257080078125,1061.257080078125,14374900.0
2024-12-27,1056.3665334719037,1071.0382908812358,1056.3665334719037,1066.147705078125,24948385.0
2024-12-30,1066.147705078125,1071.0382908812358,1061.2571192750145,1066.147705078125,23954634.0
2024-12-31,1056.3665379723836,1061.25712379633,1051.4759521484375,1051.4759521484375,28397820.0
2025-01-02,1046.5854102479461,1051.475996277142,1031.913652160358,1041.69482421875,43177098.0
2025-01-03,1056.3665379723836,1061.25712379633,1051.4759521484375,1051.4759521484375,30415096.0
2025-01-06,1075.9290256076388,1100.3819580078125,1071.038439127604,1100.3819580078125,69289786.0
2025-01-07,1124.8346811480226,1134.6158522884402,1105.2723388671875,1105.2723388671875,48758688.0
2025-01-08,1085.7101664133202,1105.2725117541006,1080.819580078125,1080.819580078125,45211419.0
2025-01-09,1075.9290771484375,1090.6008372913707,1075.9290771484375,1075.9290771484375,27263215.0
2025-01-10,1075.9290771484375,1085.7102505770597,1075.9290771484375,1075.9290771484375,22021522.0
2025-01-13,1085.710052916061,1090.6006387400073,1046.5853663244911,1051.4759521484375,56690300.0
2025-01-14,1061.2571192750145,1066.147705078125,1051.475947668793,1066.147705078125,28695247.0
2025-01-15,1061.257168335534,1061.257168335534,1041.69482421875,1041.69482421875,35489482.0
2025-01-16,1071.0384074077347,1090.6007527485153,1066.1478210725395,1080.819580078125,47542962.0
2025-01-17,1100.381796700614,1100.381796700614,1071.038282121931,1095.4912109375,59214050.0
2025-01-20,1100.381796700614,1110.1629682268415,1095.4912109375,1095.4912109375,29834528.0
2025-01-21,1090.600625174386,1100.381796700614,1085.7100394112724,1095.4912109375,21904213.0
2025-01-22,1115.0535496110958,1124.8347210989125,1110.1629638671875,1110.1629638671875,42960405.0
2025-02-03,1041.694741507557,1051.475912789318,1036.8041558666764,1046.5853271484375,97946226.0
2025-02-04,1061.257037158426,1075.9287934325057,1056.366451733733,1071.0382080078125,53308108.0
2025-02-05,1085.7099609375,1095.4911317567569,1080.8193755278717,1085.7099609375,40385340.0
2025-02-06,1095.4911715246637,1095.4911715246637,1080.8194147631727,1090.6005859375,29971252.0
2025-02-07,1085.7101985677084,1100.3819580078125,1080.8196120876735,1100.3819580078125,27883220.0
2025-02-10,1100.3819254189054,1100.3819254189054,1071.0384074077347,1080.819580078125,28527108.0
2025-02-11,1085.7099609375,1090.6005463471283,1075.9287901182433,1085.7099609375,18898928.0
2025-02-12,1085.7102505770597,1090.6008372913707,1075.9290771484375,1075.9290771484375,24172954.0
2025-02-13,1066.147705078125,1071.0382908812358,1056.3665334719037,1066.147705078125,33210403.0
2025-02-14,1041.6949077102372,1046.5854941314121,1036.8043212890625,1036.8043212890625,64486940.0
2025-02-17,1041.6947375882057,1061.257080078125,1041.6947375882057,1061.257080078125,35491271.0
2025-02-18,1061.257317005504,1075.9290771484375,1056.366730291193,1075.9290771484375,21616188.0
2025-02-19,1066.147705078125,1071.0382908812358,1061.2571192750145,1066.147705078125,26400293.0
2025-02-20,1056.36669921875,1061.2572857892071,1046.5855260778358,1056.36669921875,29643124.0
2025-02-21,1061.257037158426,1071.0382080078125,1056.366451733733,1071.0382080078125,28972910.0
2025-02-24,1056.3665379723836,1061.25712379633,1051.4759521484375,1051.4759521484375,30822970.0
2025-02-25,1031.9136962890625,1036.8042825273994,1027.0231100507258,1031.9136962890625,45158522.0
2025-02-26,1022.1325620255379,1036.8043212890625,1022.1325620255379,1036.8043212890625,36768449.0
2025-02-27,1041.6948121877817,1041.6948121877817,1017.2418823242188,1017.2418823242188,55283596.0
2025-03-03,978.1172210094975,997.6795654296875,978.1172210094975,997.6795654296875,65621663.0
2025-03-04,974.20471875,987.898359375,974.20471875,978.1171875,64569262.0
2025-03-05,997.6795654296875,1007.4607376397825,992.78897932464,997.6795654296875,41994320.0
2025-03-06,997.6795089493936,1002.5700947775769,983.0077514648438,983.0077514648438,45187017.0
2025-03-07,983.0077514648438,987.898337293027,978.1171656366604,983.0077514648438,40822280.0
2025-03-10,983.0077699955576,983.0077699955576,970.2922466025802,976.1609497070312,46849886.0
2025-03-11,947.7955965931948,957.5767689006581,941.9268932087168,949.7518310546875,50204233.0
2025-03-12,958.5548234082427,973.2265809093892,954.6423547412703,966.3797607421875,34184887.0
2025-03-13,978.117157140544,983.0077429262468,943.883056640625,943.883056640625,37035693.0
2025-03-14,943.8831075562923,947.7955763959039,934.1019354572634,938.014404296875,34333748.0
2025-03-17,955.6204405479824,963.4453776251408,946.8173863361791,948.7736206054688,31491061.0
2025-03-18,959.0918471614315,961.0571993072541,951.230438578141,954.178466796875,21575327.0
2025-03-19,948.2824184513894,950.2477706139829,933.5422772319376,935.5076293945312,35245036.0
2025-03-20,961.0571201072732,967.9358520507812,954.1783881637651,967.9358520507812,28715956.0
2025-03-21,967.9359216258359,969.9012737509645,953.1957806873714,955.1611328125,39214916.0
2025-03-24,968.9185976884002,969.9012737509645,955.1611328125,955.1611328125,16121506.0
2025-03-25,971.8666891078756,977.7627458668718,967.9359846018781,972.849365234375,26167428.0
2025-03-26,977.7626626150949,977.7626626150949,963.0225219726562,963.0225219726562,21735917.0
2025-03-27,944.351592316757,947.2996201803888,941.403564453125,941.403564453125,34563256.0
2025-03-28,929.6115729067506,938.4556576384216,929.6115729067506,935.5076293945312,33101234.0
2025-03-31,904.0619902558378,907.9926945612981,894.2352294921875,894.2352294921875,51064611.0
2025-04-01,912.9060987052271,929.6115924382614,908.9753942974544,927.646240234375,32197752.0
2025-04-02,932.5595180892134,935.5075460705281,921.7500821577262,925.6807861328125,24849656.0
2025-04-07,833.309326171875,833.309326171875,833.309326171875,833.309326171875,23820773.0
2025-04-08,783.1927431143966,828.3958374472226,783.1927431143966,801.8635864257812,116648736.0
2025-04-09,794.9848579941282,811.6903494476512,766.4872549263534,771.400634765625,107582838.0
2025-04-10,848.0494384765625,848.0494384765625,848.0494384765625,848.0494384765625,19416428.0
2025-04-11,833.3092814081833,873.5989990234375,821.5171689354261,873.5989990234375,76103586.0
2025-04-14,879.4950515658869,887.3564598480401,850.0147705078125,850.0147705078125,66326054.0
2025-04-15,858.8588566535419,863.7722368403471,850.0147723172926,861.806884765625,30562095.0
2025-04-16,851.980100397478,853.9454524168494,837.239960252193,840.18798828125,42128082.0
2025-04-17,834.291951185134,841.1706834092754,827.4132189609928,832.3265991210938,33684502.0
2025-04-18,838.2226251579733,843.1360051413143,835.2745971679688,835.2745971679688,20101219.0
2025-04-21,829.378630824289,832.3266591329061,817.5865175898203,820.5345458984375,18415705.0
2025-04-22,811.6903460633521,814.6383739546234,801.8635864257812,801.8635864257812,28888527.0
2025-04-23,838.2226394006613,857.8761596679688,833.3092593338345,857.8761596679688,37863656.0
2025-04-24,870.6509775232386,870.6509775232386,844.1187242578577,849.0321044921875,32238198.0
2025-04-25,884.4084456160261,885.3911216667107,870.6509809064436,872.6163330078125,34640282.0
2025-04-28,882.4430642016356,882.4430642016356,877.529684111426,881.4603881835938,21830091.0
2025-04-29,881.4604598423858,886.3738403320312,877.5297554506695,886.3738403320312,24362874.0
2025-04-30,885.3911042066397,892.2698364257812,883.4257521440279,892.2698364257812,35405654.0
2025-05-02,921.7501841334292,933.5422973632812,915.8541275185033,933.5422973632812,43873135.0
2025-05-05,939.4382907241137,940.420966760436,907.009981525478,921.7501220703125,52770209.0
2025-05-06,900.1312465501868,913.8887110171111,900.1312465501868,904.0619506835938,37538894.0
2025-05-07,908.975311805462,915.8540438948006,895.2178476267848,911.92333984375,36907620.0
2025-05-08,916.8366974475337,922.7327533796722,902.0965576171875,902.0965576171875,27985917.0
2025-05-09,921.7500734479962,932.5595092773438,917.8193695100516,932.5595092773438,36383573.0
2025-05-12,937.472931386535,945.3343396161915,935.507579329121,940.4209594726562,23402547.0
2025-05-13,972.8493327326819,972.8493327326819,952.213134765625,952.213134765625,38047856.0
2025-05-14,972.8493355415962,981.6934204101562,970.8839833485829,981.6934204101562,40475123.0
2025-05-15,982.6759730220922,982.6759730220922,975.7972412109375,975.7972412109375,24662270.0
2025-05-16,973.8319004341691,980.7106323242188,971.8665484655835,980.7106323242188,16878650.0
2025-05-19,975.7972084603658,976.7798844004064,963.0224212398374,966.953125,19906139.0
2025-05-20,973.8319787647582,976.7800069547626,961.0571899414062,961.0571899414062,20897857.0
2025-05-21,968.9186607283775,981.6934503728693,965.9706323488793,972.849365234375,26248757.0
2025-05-22,970.8839101383496,970.8839101383496,962.0398259366846,964.9878540039062,18747545.0
2025-05-23,975.7972084603658,975.7972084603658,958.1090415396342,966.953125,22213030.0
2025-05-26,958.1091208536117,966.9532050461065,958.1091208536117,959.091796875,19329052.0
2025-05-27,954.178404686488,958.1091087222717,944.3516445970288,948.2823486328125,26355315.0
2025-05-28,966.9532345729382,967.9359106243335,950.2477416992188,950.2477416992188,26471533.0
2025-05-29,968.9185866757286,968.9185866757286,950.2477416992188,950.2477416992188,48602590.0
2025-06-02,941.4036852330536,944.3517134749108,929.611572265625,929.611572265625,33676511.0
2025-06-03,943.3690583881579,948.2824389005962,933.5422973632812,933.5422973632812,26020787.0
2025-06-04,957.1265472103851,972.849365234375,953.1958427043876,972.849365234375,37233567.0
2025-06-05,982.6759842928043,982.6759842928043,973.8319004341691,980.7106323242188,24414444.0
2025-06-06,979.7280474638818,979.7280474638818,973.8319910097362,977.7626953125,13670307.0
2025-06-09,987.58935546875,992.502735346704,982.675975590796,987.58935546875,21674308.0
2025-06-10,1007.2429631429426,1031.8098646830144,1002.3295828349283,1026.896484375,44877640.0
2025-06-11,1046.550048828125,1051.4634293390552,1036.7232878062646,1046.550048828125,37178498.0
2025-06-12,1041.122241444565,1046.0564700770037,1031.2537841796875,1031.2537841796875,25221606.0
2025-06-13,1026.3197531098301,1026.3197531098301,1011.5170643630537,1016.4512939453125,28393455.0
2025-06-16,1016.4512582174162,1016.4512582174162,1001.648569990949,1011.5170288085938,28580673.0
2025-06-17,1026.319555547249,1036.1880128121263,1021.3853269148101,1031.2537841796875,26517379.0
2025-06-18,1026.3196275177725,1041.122314453125,1016.4511695608708,1041.122314453125,37931721.0
2025-06-19,1031.2540185900702,1031.2540185900702,1016.4513293280118,1021.3855590820312,24002557.0
2025-06-20,1016.4511695608708,1041.122314453125,1011.51694058242,1041.122314453125,57831332.0
2025-06-23,1011.5169929055606,1016.4512221392464,1001.6485344381894,1006.582763671875,32143872.0
2025-06-24,1031.2537597656249,1036.18798828125,1026.31953125,1036.18798828125,28163537.0
2025-06-25,1046.0565904278621,1055.925048828125,1041.1223612277308,1055.925048828125,38783736.0
2025-06-26,1060.8592529296875,1065.7934820130813,1050.9907947628997,1060.8592529296875,36056692.0
2025-06-27,1055.9251200358074,1065.7935791015625,1046.056660970052,1065.7935791015625,32549027.0
2025-06-30,1060.8592051380085,1065.7934339991157,1046.0565185546875,1046.0565185546875,32413717.0
2025-07-01,1065.7935537874425,1080.5962420344902,1060.8593243717598,1070.727783203125,44299887.0
2025-07-02,1060.8593243717598,1070.727783203125,1055.9250949560771,1070.727783203125,23822731.0
2025-07-03,1090.4645514531967,1090.4645514531967,1075.661865234375,1075.661865234375,36973556.0
2025-07-04,1080.5962420344902,1085.5304714501729,1065.7935537874425,1070.727783203125,20363322.0
2025-07-07,1065.7935791015625,1070.7278086344402,1055.9251200358074,1065.7935791015625,18829372.0
2025-07-08,1055.9251200358074,1065.7935791015625,1050.9908905029297,1065.7935791015625,27461252.0
2025-07-09,1055.9249502759462,1075.661865234375,1050.990721536339,1075.661865234375,23618216.0
2025-07-10,1080.59628795277,1085.530517578125,1075.6620583274148,1085.530517578125,22350503.0
2025-07-11,1080.59628795277,1085.530517578125,1075.6620583274148,1085.530517578125,28249780.0
2025-07-14,1085.5304205907535,1085.5304205907535,1070.727733037243,1080.59619140625,25760632.0
2025-07-15,1080.5961171743031,1100.3330325564823,1075.6618883287586,1095.3988037109375,45416390.0
2025-07-16,1105.2672842920354,1115.1357421875,1105.2672842920354,1115.1357421875,31013743.0
2025-07-17,1115.1357421875,1120.0699711352322,1100.3330553443031,1115.1357421875,30648595.0
2025-07-18,1139.806884765625,1144.7411137040044,1129.9384268888664,1139.806884765625,46645034.0
2025-07-21,1129.938451617697,1134.8726806640625,1120.069993524966,1134.8726806640625,26749324.0
2025-07-22,1129.9384290306969,1144.7411158738937,1115.1357421875,1115.1357421875,50457506.0
2025-07-23,1125.0042474072052,1129.9384765625,1120.0700182519104,1129.9384765625,29747757.0
2025-07-24,1134.8727057177948,1139.8069348730894,1129.9384765625,1129.9384765625,15055463.0
2025-07-25,1134.8727057177948,1139.8069348730894,1125.0042474072052,1129.9384765625,22476546.0
2025-07-28,1139.8069348730894,1144.7411640283842,1129.9384765625,1129.9384765625,20606376.0
2025-07-29,1129.9384039656181,1129.9384039656181,1110.2014886125069,1120.0699462890625,31763255.0
2025-07-30,1134.8726558272458,1144.7411137040044,1129.9384268888664,1139.806884765625,34182363.0
2025-07-31,1144.7413330078125,1149.6755628914668,1139.8071031241582,1144.7413330078125,33230751.0
2025-08-04,1115.1357174507846,1120.0699462890625,1110.2014886125069,1120.0699462890625,23939021.0
2025-08-05,1129.938451617697,1134.8726806640625,1125.0042225713316,1134.8726806640625,17012960.0
2025-08-06,1115.1358897569446,1120.070119357639,1110.20166015625,1110.20166015625,22023406.0
2025-08-07,1144.7411116260594,1164.47802734375,1139.8068826966366,1164.47802734375,61370031.0
2025-08-08,1164.4779296875,1169.412158203125,1154.6094726562499,1159.543701171875,25958258.0
2025-08-11,1154.6095694849046,1179.280714132018,1149.6753405554819,1164.47802734375,35579367.0
2025-08-12,1164.47802734375,1174.3464852025952,1154.6095694849046,1164.47802734375,28917167.0
2025-08-13,1169.4122787475585,1184.2149658203125,1169.4122787475585,1184.2149658203125,37809952.0
2025-08-14,1169.412158203125,1174.34638671875,1159.543701171875,1159.543701171875,32991791.0
2025-08-15,1159.5437984143273,1169.4122562731727,1154.6095694849046,1164.47802734375,22231552.0
2025-08-18,1154.6095694849046,1169.4122562731727,1154.6095694849046,1164.47802734375,18219895.0
2025-08-19,1164.4780026206486,1169.4122314453125,1159.5437737959849,1169.4122314453125,17867547.0
2025-08-20,1149.6753193187294,1149.6753193187294,1120.0699462890625,1120.0699462890625,66982023.0
2025-08-21,1125.0042225713316,1139.806909710428,1125.0042225713316,1134.8726806640625,23424804.0
2025-08-22,1139.8068616421738,1139.8068616421738,1120.0699462890625,1120.0699462890625,19205763.0
2025-08-25,1149.6753899989985,1164.4780774238782,1144.7411608573718,1154.609619140625,25103514.0
2025-08-26,1149.675244140625,1169.412158203125,1144.741015625,1159.543701171875,35508897.0
2025-08-27,1174.3465576171875,1174.3465576171875,1164.4780991498162,1174.3465576171875,21952558.0
2025-08-28,1169.4124824260844,1169.4124824260844,1144.7413330078125,1144.7413330078125,19975237.0
2025-08-29,1164.47825254243,1169.4124824260844,1144.7413330078125,1144.7413330078125,19522740.0
2025-09-01,1134.87284779037,1149.675537109375,1129.9386180173685,1149.675537109375,22018940.0
2025-09-02,1154.6097927751212,1159.5440226587755,1139.8071031241582,1144.7413330078125,14037411.0
2025-09-03,1139.8071031241582,1144.7413330078125,1129.9386433568493,1144.7413330078125,19511981.0
2025-09-04,1154.6097927751212,1159.5440226587755,1144.7413330078125,1144.7413330078125,24333323.0
2025-09-05,1159.5437984143273,1164.47802734375,1154.6095694849046,1164.47802734375,27133819.0
2025-09-08,1179.280714132018,1179.280714132018,1164.47802734375,1164.47802734375,27281959.0
2025-09-09,1179.280736796061,1184.2149658203125,1174.34650777181,1184.2149658203125,31329096.0
2025-09-10,1203.9520009566327,1213.8204599808673,1199.0177714445153,1208.88623046875,39665156.0
2025-09-11,1238.4914068406626,1243.4256355531754,1218.7544919906122,1223.688720703125,30345708.0
2025-09-12,1238.491430373419,1243.4256591796875,1233.5572015671503,1243.4256591796875,26492972.0
2025-09-15,1243.4258065394672,1243.4258065394672,1233.5573477574078,1238.4915771484375,24589707.0
2025-09-16,1253.3534336090088,1273.169298171997,1248.3994674682617,1268.21533203125,40130070.0
2025-09-17,1258.307482089921,1263.261448554842,1253.353515625,1253.353515625,29283972.0
2025-09-18,1263.26150025839,1273.16943359375,1253.35356692303,1273.16943359375,24191307.0
2025-09-19,1273.1693814846838,1278.1233479496047,1253.353515625,1253.353515625,44913316.0
2025-09-22,1258.3074390308277,1283.0772705078125,1258.3074390308277,1283.0772705078125,28859955.0
2025-09-23,1307.8470987348414,1327.6629638671875,1302.8931324517548,1327.6629638671875,33953781.0
2025-09-24,1337.5708964333605,1342.5248627164472,1312.8010650179278,1327.6629638671875,44737182.0
2025-09-25,1307.8470458984375,1317.7549780643349,1307.8470458984375,1307.8470458984375,25861812.0
2025-09-26,1297.9390596829928,1302.8930255596454,1283.0771620530347,1288.0311279296875,25793295.0
2025-09-30,1297.9390733506943,1307.8470052083333,1292.985107421875,1292.985107421875,36642789.0
2025-10-01,1312.801025390625,1337.5708560583726,1312.801025390625,1312.801025390625,33837323.0
2025-10-02,1347.478773179945,1357.3867053356798,1342.5248071020776,1352.4327392578125,29593487.0
2025-10-03,1352.4328308105469,1387.110595703125,1352.4328308105469,1387.110595703125,31032341.0
2025-10-07,1406.9264311574477,1431.6962626919099,1406.9264311574477,1421.788330078125,38395572.0
2025-10-08,1397.0185676278159,1406.9265007315591,1392.0646010759442,1401.9725341796875,23064494.0
2025-10-09,1426.7423095703125,1441.6042086283367,1416.8343768649631,1426.7423095703125,39052134.0
2025-10-13,1377.202701420329,1406.9265007315591,1377.202701420329,1401.9725341796875,53850992.0
2025-10-14,1441.6040437397205,1446.5580095257676,1406.9262832373904,1411.8802490234375,39889256.0
2025-10-15,1421.78828799928,1451.5120849609375,1411.8803556787275,1451.5120849609375,41056405.0
2025-10-16,1451.5121375703652,1481.2359356093486,1451.5121375703652,1471.3280029296875,37737678.0
2025-10-17,1441.6041125067347,1451.5120445514547,1436.650146484375,1436.650146484375,38077331.0
2025-10-20,1446.558158255912,1481.2359223236908,1441.6041919605152,1466.3740234375,33015553.0
2025-10-21,1471.3279897328969,1486.1898886190877,1466.3740234375,1466.3740234375,34601251.0
2025-10-22,1446.55810546875,1456.466037697988,1441.604139354131,1446.55810546875,27360948.0
2025-10-23,1426.742214439655,1441.6041125067347,1421.788248417295,1436.650146484375,23570046.0
2025-10-27,1486.1898886190877,1486.1898886190877,1466.3740234375,1466.3740234375,32851952.0
2025-10-28,1466.3741326800848,1476.2820660090042,1456.4661993511652,1461.420166015625,28381919.0
2025-10-29,1481.235866609998,1501.0517310462521,1476.2819005009344,1491.143798828125,30631103.0
2025-10-30,1501.0517310462521,1506.0056971553156,1486.1898327190615,1491.143798828125,27867757.0
2025-10-31,1501.0517175292969,1510.9596496582033,1486.1898193359375,1486.1898193359375,31928423.0
2025-11-03,1496.0977783203125,1506.0057106270697,1476.2819137067984,1496.0977783203125,29118770.0
2025-11-04,1506.0056971553156,1510.9596632643793,1481.235866609998,1491.143798828125,33925673.0
2025-11-05,1466.373969927226,1471.327936041845,1441.604139354131,1446.55810546875,56305422.0
2025-11-06,1456.4660511212137,1466.373983441766,1451.5120849609375,1451.5120849609375,27411394.0
2025-11-07,1446.55810546875,1451.5120715833689,1441.604139354131,1446.55810546875,20329390.0
2025-11-10,1456.4661993511652,1471.3280993445444,1451.5122326867056,1461.420166015625,25281744.0
2025-11-11,1476.2819157623187,1481.235881922595,1451.5120849609375,1451.5120849609375,22444166.0
2025-11-12,1456.4661993511652,1471.3280993445444,1446.5582660222458,1461.420166015625,23642502.0
2025-11-13,1446.55810546875,1456.466037697988,1446.55810546875,1446.55810546875,21255597.0
2025-11-14,1411.8802626816541,1426.7421601835663,1411.8802626816541,1416.834228515625,26861702.0
2025-11-17,1436.650132967939,1446.558064919442,1431.6961669921875,1431.6961669921875,26602730.0
2025-11-18,1421.7882492771353,1421.7882492771353,1392.064453125,1392.064453125,42198432.0
2025-11-19,1387.110582577285,1401.9724816763273,1382.1566162109375,1382.1566162109375,35591948.0
2025-11-20,1436.6502815587414,1446.5582145350086,1426.7423485824743,1441.604248046875,25964403.0
2025-11-21,1382.1564668180279,1392.064398479806,1372.24853515625,1372.24853515625,54518246.0
2025-11-24,1387.1105291193182,1392.0644952947443,1362.3406982421875,1362.3406982421875,79134658.0
2025-11-25,1411.880467283431,1411.880467283431,1392.0646010759442,1401.9725341796875,27427405.0
2025-11-26,1416.8343768649631,1426.7423095703125,1411.8804105122886,1426.7423095703125,29213211.0
2025-11-27,1436.6502289988023,1441.6041953056947,1416.8343637712326,1421.788330078125,22039774.0
2025-11-28,1426.7423095703125,1441.6042086283367,1421.788343217638,1426.7423095703125,23152513.0
2025-12-01,1431.6963202293882,1431.6963202293882,1397.0185546875,1397.0185546875,30559208.0
2025-12-02,1416.834228515625,1426.7421601835663,1406.9262968476835,1416.834228515625,23544477.0
2025-12-03,1426.742214439655,1436.650146484375,1421.788248417295,1436.650146484375,20301540.0
2025-12-04,1431.6961669921875,1436.650132967939,1416.8342690649329,1431.6961669921875,20696944.0
2025-12-05,1431.696207124893,1446.55810546875,1426.742241010274,1446.55810546875,21072604.0
2025-12-08,1451.5121633472252,1481.2359619140625,1446.5581969194188,1481.2359619140625,24257260.0
2025-12-09,1481.2359223236908,1486.1898886190877,1466.3740234375,1466.3740234375,24235825.0
2025-12-10,1476.2819005009344,1491.143798828125,1471.327934391871,1491.143798828125,23319221.0
2025-12-11,1501.0847574869792,1506.0552368164062,1456.3504435221355,1461.3209228515625,28924982.0
2025-12-12,1466.2914832862648,1476.2324424949852,1461.3210036819046,1471.261962890625,22107664.0
2025-12-15,1441.43896484375,1446.4094440328663,1436.4684856546335,1441.43896484375,25889058.0
2025-12-16,1426.527587890625,1436.4685466912565,1416.5866290899935,1426.527587890625,32168064.0
2025-12-17,1426.5276083779502,1436.4685673213505,1416.5866494345498,1421.55712890625,30535812.0
2025-12-18,1411.6161699628497,1426.5276083779502,1406.6456904911495,1421.55712890625,30534136.0
2025-12-19,1446.4095262647509,1446.4095262647509,1421.55712890625,1421.55712890625,38763280.0
2025-12-22,1456.350341796875,1461.320820779117,1446.4093838323913,1456.350341796875,22661665.0
2025-12-23,1466.2913216200452,1481.2027587890625,1461.320842563706,1481.2027587890625,20739075.0
2025-12-24,1486.17333984375,1491.1438192412206,1476.2323810488085,1486.17333984375,12987261.0
2025-12-26,1496.1143592682895,1501.0848388671875,1486.1734000704935,1501.0848388671875,18823612.0
2025-12-29,1506.0552368164062,1520.9666748046875,1501.0847574869792,1520.9666748046875,21124648.0
2025-12-30,1506.055155703896,1520.9665928890831,1501.0846766421669,1511.025634765625,20325400.0
2025-12-31,1511.0257560483872,1540.8486328125,1506.0552765877017,1540.8486328125,29695967.0
2026-01-02,1545.8190914117952,1575.6419677734375,1535.878132624581,1575.6419677734375,37512761.0
2026-01-05,1620.37630110872,1684.9925339750187,1615.4058216574663,1660.14013671875,66871820.0
2026-01-06,1635.2877190106076,1694.9334716796875,1635.2877190106076,1694.9334716796875,46751692.0
2026-01-07,1655.1696369228077,1675.051554483442,1655.1696369228077,1665.110595703125,49857449.0
2026-01-08,1650.1992375857753,1689.963074636035,1645.2287579544927,1675.0516357421875,29215618.0
2026-01-09,1655.1696166992188,1689.9629720052083,1645.2286580403645,1670.0810546875,37387656.0
2026-01-12,1689.9629310743342,1694.9334102833764,1680.02197265625,1680.02197265625,29987449.0
2026-01-13,1709.8450121070907,1709.8450121070907,1689.9630933616593,1699.904052734375,30171800.0
2026-01-14,1694.9335730480173,1704.8745324207327,1689.9630933616593,1699.904052734375,29100816.0
2026-01-15,1675.0514934472078,1689.9629310743342,1670.0810142381656,1680.02197265625,36391886.0
2026-01-16,1724.756327311198,1739.6677652994792,1699.9039306640625,1729.726806640625,53551629.0
2026-01-19,1714.815288890492,1769.4905589710584,1714.815288890492,1749.608642578125,29580038.0
2026-01-20,1729.726786696743,1764.5201416015625,1729.726786696743,1764.5201416015625,29401234.0
2026-01-21,1734.697285970052,1754.5792032877605,1729.726806640625,1729.726806640625,45192749.0
2026-01-22,1754.5791216763582,1759.5496007745917,1739.6676843816583,1749.608642578125,32069478.0
2026-01-23,1759.5496826171875,1764.5201619466145,1739.6677652994792,1759.5496826171875,27601167.0
2026-01-26,1754.5792646706952,1774.461182683961,1744.6383056640625,1744.6383056640625,22960198.0
2026-01-27,1749.6088044241574,1774.4612022142733,1744.638324866134,1769.49072265625,28985200.0
2026-01-28,1779.431639954284,1809.2545166015625,1779.431639954284,1809.2545166015625,29301156.0
2026-01-29,1819.1955377045101,1824.1660173157245,1789.3726600372229,1794.3431396484375,32224002.0
2026-01-30,1779.4315794179138,1789.372537962148,1764.5201416015625,1764.5201416015625,40825139.0
2026-02-02,1739.6677854716272,1754.5792236328125,1734.6973060845653,1754.5792236328125,28251381.0
2026-02-03,1799.3135172526042,1799.3135172526042,1774.4611206054688,1789.37255859375,26744162.0
2026-02-04,1774.4610595703125,1794.3429762041535,1764.520101253392,1774.4610595703125,26952301.0
2026-02-05,1754.5792236328125,1769.490661793998,1749.6087442457508,1754.5792236328125,26299986.0
2026-02-06,1734.6973657500878,1769.49072265625,1729.7268861920645,1769.49072265625,33263592.0
2026-02-09,1819.1953730307334,1824.1658521920197,1804.283935546875,1804.283935546875,36529289.0
2026-02-10,1834.1069124911694,1868.9002685546875,1829.136433053524,1868.9002685546875,41859169.0
2026-02-11,1868.9002478377938,1913.6345622807196,1863.9297684552464,1903.693603515625,40488310.0
2026-02-23,1888.7822265625,1923.5755833675987,1888.7822265625,1888.7822265625,69816209.0
2026-02-24,1903.693523688474,1963.3392737779302,1903.693523688474,1953.3983154296875,40961679.0
2026-02-25,1983.22123229829,2013.0441079719485,1983.22123229829,2003.1031494140625,40832607.0
2026-02-26,1988.19179295896,1998.1327519237548,1983.2213134765625,1983.2213134765625,58561388.0
2026-03-02,1928.5459998022152,1983.2212729924843,1928.5459998022152,1963.33935546875,48884884.0
2026-03-03,1958.3687936551194,1968.3097519985465,1923.575439453125,1923.575439453125,43090471.0
2026-03-04,1883.811645180546,1898.7230830051942,1853.98876953125,1853.98876953125,68160943.0
2026-03-05,1928.5460629111842,1948.4279810855264,1883.8117470189145,1888.7822265625,48120463.0
2026-03-06,1868.9002278645833,1888.7821451822917,1868.9002278645833,1878.8411865234375,30082724.0
2026-03-09,1764.5201220433357,1799.3134765625,1759.5496428263123,1799.3134765625,76459172.0
2026-03-10,1858.9593103357263,1878.8412280933276,1819.1954748205235,1839.077392578125,41375691.0
2026-03-11,1873.8707467305292,1938.4869793764094,1863.9297878619323,1928.5460205078125,36167313.0
2026-03-12,1888.7821656892406,1903.6936038394188,1873.8707275390625,1873.8707275390625,34040589.0
2026-03-13,1829.1363731568365,1873.8706866307807,1829.1363731568365,1853.98876953125,31214304.0
2026-03-16,1863.929810562754,1868.900290057588,1834.10693359375,1834.10693359375,31249086.0
2026-03-17,1870.0111103567847,1874.9978066510694,1855.0510214739304,1865.0244140625,23812211.0
2026-03-18,1894.9445781557579,1904.9179706723671,1884.9711856391486,1899.9312744140625,23068156.0
2026-03-19,1870.0111182960304,1874.9978146114865,1845.07763671875,1845.07763671875,31040569.0
2026-03-20,1855.0510333517325,1865.0244260041611,1835.104248046875,1835.104248046875,46312322.0
2026-03-23,1785.2372965944407,1810.1707783904524,1780.2506002352384,1805.18408203125,34902948.0
2026-03-24,1845.077652904869,1845.077652904869,1795.2106893128455,1805.18408203125,27001025.0
2026-03-25,1860.037727666095,1870.0111203077363,1840.0909423828125,1840.0909423828125,40964040.0
2026-03-26,1845.0776406993036,1860.0377296779468,1835.104248046875,1835.104248046875,20958470.0
2026-03-27,1800.1973816588684,1820.1441670512104,1795.210685310783,1815.157470703125,28974140.0
2026-03-30,1775.263916015625,1795.2107015888341,1775.263916015625,1775.263916015625,39889700.0
2026-03-31,1770.2772279219193,1785.2373171719637,1755.317138671875,1755.317138671875,49221091.0
2026-04-01,1835.1042421243262,1850.0643310546875,1825.1308495040853,1850.0643310546875,35537379.0
2026-04-02,1860.0377419824758,1860.0377419824758,1800.1973856720479,1805.18408203125,25132417.0
2026-04-07,1845.077632780998,1855.051025390625,1830.1175438665575,1855.051025390625,17953562.0
2026-04-08,1929.851434795673,1944.8115234375,1919.8780423677883,1944.8115234375,46515921.0
2026-04-09,1939.824825355159,1949.7982177734375,1924.8647367277415,1949.7982177734375,31835073.0
2026-04-10,1969.7449859619142,1994.678466796875,1964.758289794922,1994.678466796875,28637625.0
2026-04-13,1979.7183819488066,1989.6917743011936,1969.7449895964196,1984.705078125,28968757.0
2026-04-14,2009.6386552425488,2049.5322265625,2004.6519588275548,2049.5322265625,39113405.0
2026-04-15,2059.505487882174,2094.412360558143,2054.518791785607,2074.465576171875,40343568.0
2026-04-16,2074.4656961930455,2084.4390889632045,2049.532214267648,2079.452392578125,32038524.0
2026-04-17,2049.5321135121612,2054.5188096520938,2024.5986328125,2024.5986328125,39260244.0
2026-04-20,2024.598634620949,2049.532115342882,2019.6119384765625,2019.6119384765625,25407621.0
2026-04-21,2044.54541015625,2069.4788907679117,2039.5587140339176,2044.54541015625,25783476.0
2026-04-22,2039.5587140339176,2064.4921946455793,2034.5720179115854,2044.54541015625,24762881.0
2026-04-23,2084.438968365009,2129.319233234112,2049.53209568904,2074.465576171875,48682193.0
2026-04-24,2104.385834927417,2184.172975588172,2099.39913863612,2179.186279296875,45088050.0
2026-04-27,2273.9334773385763,2323.800439560913,2258.973388671875,2258.973388671875,68696037.0
2026-04-28,2239.026622901383,2273.933496755079,2209.1064453125,2209.1064453125,47175356.0
2026-04-29,2169.2127668748208,2204.11963898545,2159.2393748432123,2174.199462890625,42895935.0
2026-04-30,2199.1330846567625,2209.1064773309427,2129.3193359375,2129.3193359375,48975164.0
2026-05-04,2194.1463341346152,2278.9201697716344,2189.159637920673,2268.94677734375,38390062.0
2026-05-05,2244.013427734375,2263.9602137586808,2234.040034722222,2244.013427734375,21625279.0
2026-05-06,2244.013427734375,2278.9203032769096,2234.040034722222,2244.013427734375,31918664.0
2026-05-07,2328.7872420141707,2338.760634913589,2303.853759765625,2303.853759765625,35034517.0
2026-05-08,2293.880375358215,2303.8537682945553,2258.9735000810247,2283.906982421875,27102571.0
2026-05-11,2258.9734001415686,2268.946792636675,2229.05322265625,2229.05322265625,37244077.0
2026-05-12,2229.0532150776053,2273.9334811529934,2204.119733924612,2249.0,44459541.0
2026-05-13,2199.132929621516,2234.0398015202704,2199.132929621516,2214.093017578125,35350292.0
2026-05-14,2244.0134191303,2263.960205078125,2224.066633182475,2263.960205078125,31747100.0
2026-05-15,2303.8536546719783,2318.8137433386796,2244.0133000051737,2258.973388671875,29922154.0
2026-05-18,2219.0799495152064,2253.986825125558,2209.106556483677,2234.0400390625,25875079.0
2026-05-19,2214.0931454613096,2224.0665380084324,2199.133056640625,2199.133056640625,34824449.0
2026-05-20,2199.133064462064,2204.119760753361,2179.186279296875,2179.186279296875,29320253.0
2026-05-21,2234.039798206278,2248.9998861406953,2224.06640625,2224.06640625,22964974.0
2026-05-22,2239.0266075388026,2253.9866962305987,2219.079822616408,2249.0,24437825.0
2026-05-25,2268.946884617661,2303.853759765625,2268.946884617661,2303.853759765625,25215869.0
2026-05-26,2313.8271699476873,2318.8138664346434,2263.960205078125,2263.960205078125,22586387.0
2026-05-27,2303.853764011549,2323.8005498471466,2283.9069781759513,2293.88037109375,31986652.0
2026-05-28,2343.7472128608388,2353.7206052559914,2263.9600736996185,2288.8935546875,36889432.0
2026-05-29,2333.773798268312,2368.680671319334,2323.80040596802,2348.73388671875,86132863.0
2026-06-01,2348.73388671875,2408.5742405205015,2343.747190568604,2348.73388671875,35023445.0
2026-06-02,2383.6408732438285,2393.6142660189075,2353.7206949185925,2373.66748046875,29610654.0
2026-06-03,2418.547607421875,2433.5076957152064,2403.587519128544,2418.547607421875,22536554.0
2026-06-04,2378.654052734375,2408.5742294983293,2378.654052734375,2378.654052734375,25054494.0
2026-06-05,2388.6274522454746,2398.600844530424,2343.7471869632004,2358.707275390625,32795780.0
2026-06-08,2224.0665041190086,2313.827035675381,2224.0665041190086,2288.8935546875,44721632.0
2026-06-09,2298.866943359375,2313.827031927874,2288.8935509803755,2298.866943359375,33252041.0
2026-06-10,2278.920177383592,2293.880266075388,2249.0,2249.0,42608467.0
2026-06-11,2240.0,2260.0,2210.0,2250.0,34790220.0
2026-06-12,2325.0,2325.0,2290.0,2310.0,21560608.0
