Date,Open,High,Low,Close,Volume
2018-06-12,214.92165148699726,215.90153743602613,211.00210769088181,211.65536499023438,3746024.0
2018-06-13,210.67547207503534,212.9618725471675,209.36895751953125,209.36895751953125,3460873.0
2018-06-14,209.04233320932542,210.67547643752326,205.7760467529297,205.7760467529297,3719428.0
2018-06-15,206.42930404420883,208.0624472724067,204.14290352473185,205.7760467529297,5146049.0
2018-06-19,203.48964028480725,207.73581255399262,203.16301164871606,203.81626892089844,4618793.0
2018-06-20,203.81626488470263,204.46952214394847,201.8564931069651,202.50975036621094,5514714.0
2018-06-21,203.8162689208984,204.79615482917197,202.83638301262488,203.81626892089844,3846807.0
2018-06-22,202.509751373635,203.1630086361306,201.20323684864383,202.8363800048828,3055482.0
2018-06-25,200.54997858847344,203.1630076254568,200.54997858847344,202.50975036621094,2755202.0
2018-06-26,199.2434674370751,199.57009607221786,191.40438019364922,193.69078063964844,10955073.0
2018-06-27,194.0174092747912,197.28369562621864,193.36415200450568,193.69078063964844,6254777.0
2018-06-28,192.71088057495527,195.3239094641072,190.75110890809134,194.01739501953125,4398790.0
2018-06-29,194.99731735229494,197.28371805826825,194.99731735229494,195.97720336914062,4915252.0
2018-07-02,196.6304401335169,204.1428988097144,196.6304401335169,199.24346923828125,5731591.0
2018-07-03,199.24345295221738,201.856481843394,197.93693850662908,198.9168243408203,3859712.0
2018-07-04,198.2635690573878,200.22334074494023,194.01739706769087,194.670654296875,3724168.0
2018-07-05,192.7108951656687,192.7108951656687,183.23866472532228,183.8919219970703,9890612.0
2018-07-06,184.21857267680923,188.1381167763158,184.21857267680923,186.1783447265625,9758208.0
2018-07-09,188.20937611991113,189.22489433638546,183.4702911096975,184.48580932617188,6556647.0
2018-07-10,185.8398334775652,189.5634002685547,185.5013274056571,189.5634002685547,4572871.0
2018-07-11,187.5323281771895,188.54784619980964,185.1627861244091,186.85531616210938,3684846.0
2018-07-12,186.8553367587787,192.94844556613018,186.8553367587787,191.59442138671875,4540240.0
2018-07-13,190.5788982993678,193.62545262386922,190.2403922633121,192.9484405517578,3278038.0
2018-07-16,192.94843528545007,193.9639533658998,191.2559051513672,191.2559051513672,1847940.0
2018-07-17,191.59441139234553,194.64096563710012,191.59441139234553,193.2869415283203,3209658.0
2018-07-18,194.30245928238293,195.31797736225602,190.24038696289062,190.24038696289062,4952897.0
2018-07-19,191.932947776687,192.60995993815678,190.5789234537474,192.27145385742188,2521955.0
2018-07-20,190.91742455618723,192.27144884381974,189.5634002685547,189.5634002685547,3062839.0
2018-07-23,188.54784568941176,188.54784568941176,183.47025559005596,183.8087615966797,10295269.0
2018-07-24,182.79325776941636,182.79325776941636,171.96106471641392,172.63807678222656,18761099.0
2018-07-25,172.63804757254465,178.73115513392858,171.96103562127976,177.71563720703125,7951621.0
2018-07-26,175.3461355347144,178.05418395996094,175.3461355347144,178.05418395996094,6681232.0
2018-07-27,178.05415404132592,183.80875597802276,178.05415404132592,181.1007080078125,7011218.0
2018-07-30,178.39265902592587,179.40817700899564,175.00759908235992,176.0231170654297,6547869.0
2018-07-31,173.31509904035434,173.99211114598072,169.25302640659604,171.96107482910156,11840789.0
2018-08-01,179.40820839621801,187.87085973566226,179.40820839621801,186.17832946777344,15825338.0
2018-08-02,186.85531014935236,187.5323221426471,182.11622619628906,182.11622619628906,9247991.0
2018-08-03,184.14727293139828,185.5012969970703,183.47026089856226,185.5012969970703,4041440.0
2018-08-06,185.16280107882432,185.50130711370335,182.79325883467118,184.8242950439453,2324777.0
2018-08-07,184.82428510219344,188.20934526890028,183.8087670521814,186.51681518554688,5155603.0
2018-08-08,187.53232834274704,188.2093403584248,186.17830431139146,187.87083435058594,4605097.0
2018-08-09,186.85534157492896,187.19384762850675,184.1472931463068,186.17832946777344,3245805.0
2018-08-10,184.48577394468103,187.1938220025846,184.48577394468103,185.8397979736328,1925377.0
2018-08-13,179.40818772144067,181.77772982342194,174.66910351747808,178.39266967773438,5137482.0
2018-08-14,178.39266982168522,180.76221192557858,178.39266982168522,179.40818786621094,2505500.0
2018-08-15,178.39265902592587,178.73116502028245,176.0231170654297,176.0231170654297,2342251.0
2018-08-16,169.2530314127604,171.28406778971353,166.54498291015625,167.5605010986328,12296116.0
2018-08-17,169.59149620890133,170.94552013072888,166.54494238478935,167.22195434570312,7505316.0
2018-08-20,168.91448424798756,168.91448424798756,165.19091846296178,167.22195434570312,5106423.0
2018-08-21,166.5449574270462,167.22196944910735,165.86794540498502,166.20645141601562,3879372.0
2018-08-22,167.22199503580728,168.91452534993488,165.19095865885416,167.5605010986328,6912322.0
2018-08-23,167.89899718997034,171.2840576171875,167.89899718997034,171.2840576171875,5146562.0
2018-08-24,171.28405749511717,171.28405749511717,167.22198498535155,169.25302124023438,2873118.0
2018-08-27,168.23751322428384,168.57601928710938,166.20647684733072,167.5605010986328,3028194.0
2018-08-28,167.56048611232214,173.3150886656746,167.56048611232214,170.60704040527344,10553025.0
2018-08-29,172.2995758652687,173.65360003709793,171.2840577363968,173.31509399414062,5288321.0
2018-08-30,173.99210608005524,175.00762420892715,172.638081908226,173.31509399414062,4274480.0
2018-08-31,172.63808172692362,172.63808172692362,168.23750317310007,170.26853942871094,5802520.0
2018-09-03,170.94554113720605,171.28404715925993,168.57599898282893,168.9145050048828,2545530.0
2018-09-04,169.25301636464496,172.63807669193787,169.25301636464496,171.62255859375,4155461.0
2018-09-05,171.62256877628838,173.31509904035434,170.6070506178488,171.96107482910156,3409310.0
2018-09-06,170.94554661769493,173.99210091385186,169.2530164531633,172.63807678222656,3895939.0
2018-09-07,171.28404703447896,172.29956509990078,166.2064567073699,167.89898681640625,6183361.0
2018-09-10,168.57600884191768,169.93003300932264,161.1288759211904,164.17543029785156,6448148.0
2018-09-11,166.54495727038775,167.2219692918121,163.15989716326607,165.19093322753906,4864726.0
2018-09-12,166.88346328109992,166.88346328109992,163.8369091846904,165.19093322753906,3333026.0
2018-09-13,166.206440728558,166.206440728558,163.83689880371094,163.83689880371094,3132346.0
2018-09-14,165.52943939395445,166.88346343807677,164.5139213608627,166.20645141601562,3522752.0
2018-09-17,165.1909382720258,165.86795031412424,163.83691418782885,164.85243225097656,1585951.0
2018-09-18,164.51394653320312,166.88348897298175,164.51394653320312,165.5294647216797,3103033.0
2018-09-19,166.8834531511579,168.2374771118164,164.51391122000558,165.86793518066406,3740889.0
2018-09-20,164.8524421884232,165.8679603127872,160.7903696909672,161.12887573242188,5312721.0
2018-09-21,163.49841318012756,165.19094333727173,162.8214011172699,164.51393127441406,4163227.0
2018-09-25,163.15990214573037,165.1909382720258,163.15990214573037,164.85243225097656,2246605.0
2018-09-26,165.52944927334045,165.86795530457428,163.15990705470367,163.4984130859375,3087089.0
2018-09-27,163.15990705470367,163.83691911717133,161.8058829297684,163.4984130859375,2935735.0
2018-09-28,165.52944454169904,166.8834686279297,164.51392647702605,166.8834686279297,5847255.0
2018-10-01,168.23750311279295,170.60704541015625,168.23750311279295,169.25302124023438,4200741.0
2018-10-02,169.25299508231026,169.9300070626395,164.51391122000558,165.86793518066406,5612236.0
2018-10-03,166.20647684733072,166.88348897298175,163.15992228190103,166.54498291015625,2859111.0
2018-10-04,167.89897067487732,167.89897067487732,163.83689880371094,163.83689880371094,4069030.0
2018-10-05,162.48287371735074,163.15988569117303,157.40528391368352,158.75930786132812,9232507.0
2018-10-08,158.7593179249406,159.43632994167808,157.40529389146562,158.08230590820312,5331698.0
2018-10-09,158.42081656758583,158.75932258589265,154.69725036621094,154.69725036621094,4308219.0
2018-10-11,140.48001105881644,142.51104736328125,140.1415050080723,142.51104736328125,15727317.0
2018-10-12,142.17253667658025,149.61966955011542,142.17253667658025,148.94265747070312,7413236.0
2018-10-15,147.92711425366986,153.34320997005136,146.23458434230062,149.61964416503906,7201028.0
2018-10-16,150.63519795735675,153.68175252278644,150.29669189453125,150.29669189453125,3697987.0
2018-10-17,152.66622411647194,153.34323619681106,151.65070599596325,151.9892120361328,3131048.0
2018-10-18,152.32772827148438,153.68175252278644,151.65071614583331,152.32772827148438,2586243.0
2018-10-19,149.9581655780921,150.6351776123047,147.92712947545428,150.6351776123047,3881788.0
2018-10-22,149.28116357945427,151.65070585849324,148.94265753959158,149.9581756591797,2304109.0
2018-10-23,148.94265718549212,150.29668134172385,144.88058471679688,144.88058471679688,3750442.0
2018-10-24,143.52656056056514,146.23460887302863,139.4644880918699,144.88058471679688,5893975.0
2018-10-25,140.4799859183175,143.5265398297991,139.46446794782366,142.17251586914062,6389358.0
2018-10-26,143.5265279335551,144.5420458198774,135.74089080508392,136.75640869140625,8450095.0
2018-10-29,139.46448780940128,140.81851196289062,135.06390931056094,140.81851196289062,7011609.0
2018-10-30,141.49550344863374,143.52653938330312,139.46446751396437,140.1414794921875,3914023.0
2018-10-31,143.5265895969265,154.02027893066406,142.84957738184667,154.02027893066406,10063937.0
2018-11-01,153.68175252278644,155.03577677408853,147.9271494547526,151.3122100830078,9439080.0
2018-11-02,153.3432667155842,156.05131557590357,151.98924228542452,154.02027893066406,7303536.0
2018-11-05,152.66622934756072,155.71278381347656,151.65071119225541,155.71278381347656,4228811.0
2018-11-06,158.08232617585554,161.1288806417714,153.34324145109755,155.71278381347656,5864560.0
2018-11-07,155.71277894365028,159.77485143783244,155.71277894365028,159.09783935546875,3622354.0
2018-11-08,161.80588768492353,162.48289976728722,157.74381519074134,159.09783935546875,3624731.0
2018-11-09,158.75932258589265,158.75932258589265,153.34322629298373,154.69725036621094,4578760.0
2018-11-12,154.3587300314832,159.4363198351504,153.6817180576609,158.75930786132812,4708588.0
2018-11-13,154.0202435580167,158.4208219453886,153.343231498421,156.38978576660156,4335995.0
2018-11-14,156.3897959170134,157.7438201240871,155.0357717099397,155.71278381347656,2604260.0
2018-11-15,156.728271484375,159.09781338586663,155.3742475406655,156.728271484375,2904993.0
2018-11-16,152.32771786776456,154.3587541060014,148.94265747070312,148.94265747070312,8579017.0
2018-11-19,150.29669189453125,152.32772827148438,148.94266764322916,151.3122100830078,3132386.0
2018-11-20,150.63519795735675,152.66623433430988,149.2811737060547,152.32772827148438,3009250.0
2018-11-21,150.97366333007812,151.98918124485445,148.9426275005255,150.97366333007812,3603281.0
2018-11-22,151.3121896465173,152.32770769783622,150.2966715951984,150.6351776123047,2248076.0
2018-11-23,151.65071614583331,151.65071614583331,150.29669189453125,150.29669189453125,1497480.0
2018-11-26,151.6506861636513,156.0512641103644,150.9736741718493,154.35873413085938,3783404.0
2018-11-27,154.35875465129985,157.06680297851562,152.327718405888,157.06680297851562,3213824.0
2018-11-28,157.0668031720732,160.1133575439453,156.38979108943494,160.1133575439453,3988176.0
2018-11-29,162.48287324514038,163.4983912029225,156.728271484375,156.728271484375,4820111.0
2018-11-30,157.74379034745067,161.12885022615131,156.3897663959704,160.79034423828125,6659593.0
2018-12-03,164.5139213608627,167.22196944910735,164.17541534983212,166.20645141601562,7403178.0
2018-12-04,167.89899214487227,170.9455464378236,165.8679559495714,170.60704040527344,9478331.0
2018-12-05,166.88348897298175,167.22199503580728,165.19095865885416,165.5294647216797,4806496.0
2018-12-06,161.80588214018246,162.14438816976443,155.03576154854304,155.374267578125,8273167.0
2018-12-07,158.08230590820312,160.11334195841556,157.40529389146562,158.08230590820312,4605911.0
2018-12-10,155.37427264217726,158.42082700771016,154.35875452033298,155.0357666015625,3089071.0
2018-12-11,153.68172213905734,155.3742521185624,153.00471014725534,154.35873413085938,2707930.0
2018-12-12,156.7283020346973,159.09784439807285,155.71278387896493,157.7438201904297,2520059.0
2018-12-13,158.08229633532073,161.12885022615131,158.08229633532073,160.79034423828125,2655290.0
2018-12-14,161.80587742692333,162.48288946636654,157.74380519026417,159.77484130859375,3424139.0
2018-12-17,161.80588768492353,161.80588768492353,158.42082727310506,159.09783935546875,2126768.0
2018-12-18,158.42080187441695,160.1133318089727,158.0822958875058,158.75930786132812,2176231.0
2018-12-19,157.40529917054258,159.77484130859375,157.40529917054258,159.77484130859375,2708347.0
2018-12-20,155.37428283691406,156.38980102539062,151.3122100830078,152.32772827148438,9002120.0
2018-12-21,151.65071614583331,153.0047403971354,149.95818583170572,151.3122100830078,4508734.0
2018-12-24,151.3122100830078,152.66623433430988,150.63519795735675,152.32772827148438,1674367.0
2018-12-25,149.61964416503906,150.29665612958675,148.2656202359437,149.61964416503906,1528188.0
2018-12-26,150.29668162952768,151.31219974864612,148.94265747070312,148.94265747070312,897303.0
2018-12-27,151.98922220865884,153.68175252278644,150.97370402018228,152.32772827148438,2969386.0
2018-12-28,151.31219522314134,155.374267578125,151.31219522314134,155.374267578125,3415320.0
2019-01-02,155.3742510737205,155.3742510737205,149.28114318847656,149.28114318847656,4284014.0
2019-01-03,151.65071614583331,153.0047403971354,149.6196797688802,151.3122100830078,3718829.0
2019-01-04,147.92715457617413,147.92715457617413,144.54209383072393,146.91163635253906,5603944.0
2019-01-07,149.61966437074148,149.95817039872958,147.25012217482475,148.26564025878906,7008819.0
2019-01-08,149.6196797688802,150.63519795735675,147.9271494547526,150.29669189453125,4626012.0
2019-01-09,152.66620895925877,156.72828103799736,151.65069093957413,153.0047149658203,8817353.0
2019-01-10,153.0047149658203,154.35873899206652,150.97367892645102,153.0047149658203,2881535.0
2019-01-11,153.68177282312413,155.03579725328382,153.00476060804428,154.02027893066406,2023139.0
2019-01-14,156.728271484375,158.42080141401186,155.71275352659288,156.728271484375,4203075.0
2019-01-15,158.08232624234049,158.08232624234049,156.7283020346973,157.7438201904297,4528299.0
2019-01-16,157.7438252766927,161.1288859049479,157.06681315104166,160.45187377929688,4396761.0
2019-01-17,160.79037984212238,161.80589803059894,158.75934346516925,160.45187377929688,2919704.0
2019-01-18,162.14437913112954,165.52943923825126,161.80587312041737,165.19093322753906,6656676.0
2019-01-21,167.22199503580728,168.57601928710938,164.85245259602863,165.5294647216797,4437388.0
2019-01-22,166.88345270708572,167.89897067487732,163.1598868251832,163.83689880371094,4435260.0
2019-01-23,162.8213908405225,163.15989685058594,160.4518487700783,163.15989685058594,3064991.0
2019-01-24,164.1754404703776,167.89900716145831,163.83693440755206,165.5294647216797,6357578.0
2019-01-25,166.88346875098443,168.91450488182807,165.86795068556265,167.89898681640625,6383195.0
2019-01-28,167.56050616442798,168.57602438360632,166.88349401830908,168.23751831054688,3686061.0
2019-01-29,165.86794540498502,167.89898147116853,165.19093338292387,166.20645141601562,4277832.0
2019-01-30,166.20646143155824,166.20646143155824,163.49841318012756,164.51393127441406,5074048.0
2019-02-11,170.94554687970407,175.68463134765625,168.91451067915312,175.68463134765625,19458668.0
2019-02-12,173.99207568122344,175.6846056003015,173.31506371359222,174.33058166503906,5978205.0
2019-02-13,175.6846364142812,177.03866058703093,173.65360015515654,175.34613037109375,5523900.0
2019-02-14,173.99209582782305,175.34611991986836,172.97657775878906,172.97657775878906,3051493.0
2019-02-15,172.29957056802417,174.66911279587518,169.591522307623,170.60704040527344,4364578.0
2019-02-18,172.29957065920857,172.29957065920857,169.93002843010353,171.62255859375,3331721.0
2019-02-19,170.60704541015625,170.94555145263672,168.57600915527343,169.25302124023438,3357988.0
2019-02-20,170.26852957469842,174.6691078738457,170.26852957469842,172.97657775878906,7741067.0
2019-02-21,171.96106993921936,175.6846364142812,171.6225638960319,175.34613037109375,6115313.0
2019-02-22,176.02312261408025,183.47025472467595,175.68461660905317,178.73117065429688,16461969.0
2019-02-25,183.47026653458587,191.2559051513672,183.1317605077693,191.2559051513672,20111509.0
2019-02-26,191.93291676195363,198.36453125662226,187.19383239746094,187.19383239746094,15256458.0
2019-02-27,189.5634002685547,190.91742455618723,185.5013274056571,189.5634002685547,9345510.0
2019-03-04,189.56336947554718,191.9329115939915,187.53233337402344,187.53233337402344,7891170.0
2019-03-05,186.51682521834041,188.88636746249355,184.14728297418725,184.8242950439453,5726149.0
2019-03-06,185.5013274056571,190.5789184842791,185.5013274056571,189.5634002685547,9119054.0
2019-03-07,187.8708391119964,188.88635716125043,184.4857789478163,185.5012969970703,4456436.0
2019-03-08,182.79323798919393,183.80875597802276,180.08519001898364,181.1007080078125,7604720.0
2019-03-11,181.10071337664567,184.48577343976055,181.10071337664567,182.79324340820312,3485628.0
2019-03-12,185.8398078453078,186.85532592096524,182.79325361833554,183.1317596435547,4929135.0
2019-03-13,182.79325883467118,185.16280107882432,182.11624676491314,184.8242950439453,2627183.0
2019-03-14,184.14730325401376,188.20937611991113,183.80879718185562,184.48580932617188,4932937.0
2019-03-15,185.50129213194916,187.5323281771895,185.1627861244091,186.85531616210938,4467807.0
2019-03-18,189.56337469087228,190.5788927695734,186.8553264810027,188.2093505859375,4328819.0
2019-03-19,187.19382721888823,187.53233323555892,184.1472730688521,186.51681518554688,5706614.0
2019-03-20,186.5168099881087,186.5168099881087,184.82427995191895,185.8397979736328,3167594.0
2019-03-21,185.83979830355256,189.22485838194152,185.83979830355256,187.87083435058594,4524736.0
2019-03-22,189.56340521154272,193.62547818036148,188.8863930500729,192.27145385742188,13172848.0
2019-03-25,187.19383239746094,188.88636252763692,186.85532637142575,187.19383239746094,5459643.0
2019-03-26,188.88636285639316,190.57889298951497,188.54785682976882,190.24038696289062,3638168.0
2019-03-27,189.5633595147585,189.901865513892,188.20933551822452,189.224853515625,2680720.0
2019-03-28,188.5478565016017,191.93291676195363,187.19383239746094,187.19383239746094,4616705.0
2019-03-29,188.88636296365112,191.2559051513672,187.53233885638483,191.2559051513672,5403033.0
2019-04-01,192.6099294739304,194.30245960990518,192.27142344673544,193.2869415283203,6930601.0
2019-04-02,196.33352151631078,197.34903973105034,194.9794972299914,196.67202758789062,9730324.0
2019-04-03,195.99501544473094,197.34903973105034,194.30248508683172,196.67202758789062,6655692.0
2019-04-08,195.6564843480575,199.3800506591797,195.6564843480575,199.3800506591797,8345644.0
2019-04-09,199.04155495568787,203.10362750580396,197.01051868062984,202.76512145996094,9914612.0
2019-04-10,203.10362243652344,206.15017677307128,201.7495982869466,203.10362243652344,12409630.0
2019-04-11,201.74957704625857,205.13463706381324,197.01049302168204,197.3489990234375,12174619.0
2019-04-12,199.04155475155054,201.07259102452554,197.6875305695672,198.7030487060547,6379713.0
2019-04-15,201.74960322002136,202.4266153113637,200.05707299166548,200.7340850830078,7192887.0
2019-04-16,202.42661036173502,204.11914054870604,201.41109224955238,203.10362243652344,8003479.0
2019-04-17,199.38003465992944,202.42658867001325,194.6409506442435,195.31796264648438,19673897.0
2019-04-18,195.99496483557004,198.70301270894578,195.65645885139807,197.01048278808594,10977862.0
2019-04-19,198.70305373093177,199.0415597849879,195.31799319037077,196.33351135253906,3333798.0
2019-04-22,197.68751499479617,198.7030330512763,195.31797286300923,195.65647888183594,3197270.0
2019-04-23,196.67201740659516,196.67201740659516,192.94845081197806,196.33351135253906,4918551.0
2019-04-24,197.68754069010416,197.68754069010416,194.30248006184894,195.99501037597656,3863399.0
2019-04-25,195.99499503771463,197.01051314671835,193.62545278337268,194.97947692871094,3703193.0
2019-04-26,193.62546292009026,196.33351135253906,191.93293264980974,196.33351135253906,3850978.0
2019-04-29,195.99500013268513,197.3490243132218,193.9639638618801,194.64097595214844,4219363.0
2019-04-30,196.33353141358663,200.05709838867188,194.30249488172194,200.05709838867188,8621796.0
2019-05-02,208.18120239565036,208.18120239565036,201.7495880126953,201.7495880126953,21971303.0
2019-05-03,205.81167118603358,209.87374364365266,203.78063495722404,209.1967315673828,18605013.0
2019-05-06,205.81168619791666,207.16571044921875,203.78064982096353,207.16571044921875,12178296.0
2019-05-07,209.19672661195614,211.9047748528876,207.8427024914904,210.55075073242188,12299811.0
2019-05-08,208.51972459362398,210.5507608721333,206.15018226869643,209.87374877929688,9096385.0
2019-05-09,210.55075525919594,212.58179148356118,203.10362243652344,203.10362243652344,9556606.0
2019-05-10,205.1346430946235,206.82717315316,198.3645228604775,202.0880889892578,7160414.0
2019-05-13,203.1035897619437,203.1035897619437,193.28691625678312,193.96392822265625,8021402.0
2019-05-14,188.8863585053018,195.65647888183594,187.19382841116828,195.65647888183594,8106651.0
2019-05-15,196.33351135253906,198.70305373093177,194.64098108225855,196.33351135253906,5782386.0
2019-05-16,196.33350107404922,197.68752521938748,193.62545278337268,194.97947692871094,4927890.0
2019-05-17,197.3489887722579,200.7340486139776,195.65645885139807,197.01048278808594,8935427.0
2019-05-20,197.34902951470738,198.36454767687567,193.96396897414635,196.33351135253906,5080134.0
2019-05-21,194.30248508683172,198.02605187421003,193.96397901525188,196.67202758789062,5504726.0
2019-05-22,196.3335061778193,196.67201222295347,193.9639638618801,194.64097595214844,3821414.0
2019-05-23,197.0105184267645,199.718566790019,195.65649424513725,197.68753051757812,9875909.0
2019-05-24,199.38005012751458,199.38005012751458,193.62544766203453,194.30245971679688,5171759.0
2019-05-27,194.30245928238293,195.31797736225602,187.19383272327136,190.24038696289062,7623986.0
2019-05-28,191.594400769674,191.93290677810097,189.22485871068508,189.90187072753906,7631484.0
2019-05-29,187.87083467697715,189.90187072753906,186.17830463484222,189.90187072753906,5039512.0
2019-05-30,192.60993998689958,202.08810926569254,192.60993998689958,200.7340850830078,10940177.0
2019-05-31,202.08809997951101,211.9047748528876,201.0725818891617,210.55075073242188,15580408.0
2019-06-03,208.85822077465664,214.27431726151968,205.81166650079618,212.581787109375,13144705.0
2019-06-04,213.93581103358622,215.28983515405196,210.55075073242188,210.55075073242188,8772745.0
2019-06-05,214.61281807506427,216.30534818606634,211.56626387526052,211.90476989746094,9334896.0
2019-06-06,211.22777286492263,211.22777286492263,206.82719426357008,207.84271240234375,6168786.0
2019-06-10,211.9047852528246,214.27432757993287,209.8737489724461,213.93582153320312,8082018.0
2019-06-11,209.87373847466012,212.58178671304282,208.51971435546875,208.51971435546875,8924969.0
2019-06-12,208.8582204840295,211.56626872369276,207.50419636419784,209.5352325439453,4458590.0
2019-06-13,209.5352325439453,214.27431696335603,208.8582204840295,209.5352325439453,6906886.0
2019-06-14,210.55076077240685,211.56627891118052,207.16570030982797,207.84271240234375,4800518.0
2019-06-17,206.4886931611377,207.84271737858776,203.1036326175125,203.442138671875,6753100.0
2019-06-18,205.81164610134726,209.1967060701194,205.81164610134726,208.8582000732422,6585570.0
2019-06-19,212.9202720357688,213.258778032646,208.18118807948778,208.8582000732422,8115800.0
2019-06-20,210.5507608721333,211.90478505780618,208.51972459362398,209.87374877929688,4674213.0
2019-06-21,211.22775283156398,213.93580094478915,209.8737287749514,212.24327087402344,9233348.0
2019-06-24,210.88925705318783,213.59730529785156,209.87373896143893,213.59730529785156,4462509.0
2019-06-25,212.24327579700355,213.25879386301793,209.19672159896044,210.88925170898438,3262743.0
2019-06-26,211.56627390887618,211.90477994713038,209.53523767935096,210.21224975585938,3335968.0
2019-06-27,212.58178194186175,213.597300008463,211.56626387526052,211.90476989746094,5353416.0
2019-06-28,212.581787109375,213.59730520066182,210.55075092680133,212.581787109375,4236184.0
2019-07-01,213.25879917023286,214.61282329194864,211.56626901808818,212.581787109375,8268252.0
2019-07-02,212.58176740209885,215.96682739257812,212.24326140305092,215.96682739257812,7758935.0
2019-07-03,217.99789414293184,221.044448564184,213.9358215812623,214.9513397216797,8818515.0
2019-07-04,216.64383939067397,216.98234538972193,214.95130939543435,215.96682739257812,4090644.0
2019-07-05,216.30535895802151,217.9978891533112,215.62834687990565,217.3208770751953,6690938.0
2019-07-08,217.32086103888835,219.75875531336305,217.32086103888835,218.7139434814453,5706740.0
2019-07-09,219.06223342141087,220.10704534551937,218.0174214973024,218.36569213867188,3738897.0
2019-07-10,220.80355038432955,222.1966327211392,219.7587386317223,221.50009155273438,4383939.0
2019-07-11,222.89319888565893,225.67936387172966,222.19665763914122,224.63455200195312,6720950.0
2019-07-12,223.93798564215126,224.28625622635366,221.50009155273438,221.50009155273438,3205923.0
2019-07-15,221.8483749171319,222.19664552139741,218.36566887447677,219.0622100830078,5194708.0
2019-07-16,219.75875531336305,221.15183775592004,218.01740226016682,218.7139434814453,5075568.0
2019-07-17,218.01741923670613,218.71396051222277,214.88298349688128,215.92779541015625,6807470.0
2019-07-18,216.62429319470135,216.62429319470135,209.65888183795855,210.3554229736328,9600433.0
2019-07-19,214.18642542045106,214.5346960308908,210.70371931605348,212.0968017578125,7333715.0
2019-07-22,213.1415969131445,215.57949099548438,212.7933263299531,214.88294982910156,7018764.0
2019-07-23,215.92777464461818,219.41048068727332,215.92777464461818,219.0622100830078,7586407.0
2019-07-24,219.41047148271042,219.7587420723655,214.18641263788396,214.53468322753906,8478357.0
2019-07-25,215.92775631255617,218.01737976074222,214.53467401376548,218.0173797607422,5465905.0
2019-07-26,215.57952700771594,219.41050406278038,214.53471508360747,218.36569213867188,4494969.0
2019-07-29,216.624295608377,222.54489532757702,215.9277544649417,222.19662475585938,9083924.0
2019-07-30,224.28627260269656,228.46551991827477,223.241460773802,226.7241668701172,17119494.0
2019-07-31,224.2862691469905,224.2862691469905,215.23123343608717,219.0622100830078,17759819.0
2019-08-01,221.50010836655926,228.1172499687049,218.7139434814453,218.7139434814453,24478906.0
2019-08-02,216.27609342261206,220.45534160469154,215.57955205893217,220.10707092285156,13587337.0
2019-08-05,218.01741834787222,219.75877152956448,215.23125325716458,217.3208770751953,9440893.0
2019-08-06,212.44509700046774,218.01742741359476,211.74855569882686,215.23126220703125,10117433.0
2019-08-07,218.01738571071024,222.5449033053416,217.66911512650782,221.50009155273438,13326307.0
2019-08-08,220.45530700683594,223.2414720242999,219.06222449810397,220.45530700683594,7096959.0
2019-08-12,221.84838305021586,224.98281860351562,221.50011243318255,224.98281860351562,8148041.0
2019-08-13,223.93798564215126,224.28625622635366,220.80355038432955,221.50009155273438,3973869.0
2019-08-14,224.28627494131456,224.98281616784038,221.84838064847418,222.544921875,3991080.0
2019-08-15,219.06222449810397,220.80357763401895,218.36568324373798,220.45530700683594,5250867.0
2019-08-16,220.8035791053535,226.02763854790916,220.8035791053535,224.28628540039062,7821353.0
2019-08-19,228.4655277587199,245.87905883789062,227.42071589396966,245.87905883789062,30578217.0
2019-08-20,244.8342325150797,246.5755855201656,241.69979710592503,244.4859619140625,13464762.0
2019-08-21,244.48596340916,248.31694004377647,241.6997985839844,241.69979858398438,10778561.0
2019-08-22,243.09288175278817,245.1825053781703,238.56536389779356,240.3067169189453,8555639.0
2019-08-23,242.0480902456019,245.18252594662408,238.5653839111328,238.5653839111328,6822420.0
2019-08-26,235.08268862354512,239.95847772092233,234.03787667410714,238.91366577148438,5118378.0
2019-08-27,241.69984129092802,242.3963826202967,238.91367597345334,240.655029296875,8036958.0
2019-08-28,247.62039935002562,255.9788938428535,247.2721287461578,254.93408203125,20997331.0
2019-08-29,253.8892742110016,254.93408603903043,251.79965055494398,254.5858154296875,8415969.0
2019-08-30,258.06852074447943,260.1581443942323,254.23754405326582,255.97889709472656,10421568.0
2019-09-02,255.9789489251882,258.7651143556664,253.54105417351974,258.0685729980469,5317803.0
2019-09-03,258.0685182298933,258.0685182298933,252.84445915641368,253.54100036621094,4462940.0
2019-09-04,254.23756408691406,257.023729172798,252.14794027250107,254.23756408691406,6296489.0
2019-09-05,256.6754383113108,257.3719795278951,253.88927344497367,255.97889709472656,4485683.0
2019-09-06,258.41678113135225,263.2925694545853,256.32715756425233,260.85467529296875,13658238.0
2019-09-10,264.68565441313245,266.0787368047805,261.5512190319243,263.2925720214844,9046222.0
2019-09-11,261.8994870765187,264.3373812381352,259.46159291490216,260.85467529296875,7368588.0
2019-09-12,265.38218896484375,266.7752713216146,259.8098595377604,261.20294189453125,9749513.0
2019-09-16,261.55124760173373,267.8201190489125,261.55124760173373,266.0787658691406,10976486.0
2019-09-17,268.16838157394847,270.25800532647276,266.42702844684493,266.7752990722656,8723754.0
2019-09-18,266.7753071410493,267.4718484129581,263.98914205341435,266.0787658691406,7371028.0
2019-09-19,269.56151557751934,270.25805696144056,265.03399658203125,265.03399658203125,7618232.0
2019-09-20,265.73045939338164,270.2579770501496,265.73045939338164,269.2131652832031,9000253.0
2019-09-23,268.5166728619448,272.34765003636943,267.82013155750394,270.2580261230469,4616257.0
2019-09-24,270.25800364886146,270.9545448953791,267.82010928604956,269.56146240234375,4040265.0
2019-09-25,266.427022030479,268.1683751156456,263.9891277112459,264.6856689453125,8943671.0
2019-09-26,266.07878404982546,267.4718666888298,260.5064534938082,261.8995361328125,8219250.0
2019-09-27,261.89950073573,263.29258318645196,256.67544154552263,257.0237121582031,9126978.0
2019-10-01,257.3719836231247,262.2477722167969,257.023713009291,262.2477722167969,7399613.0
2019-10-02,260.5064247705603,261.55123663461336,259.11334228515625,259.11334228515625,3950924.0
2019-10-03,259.1133430088933,265.3822142107214,255.97890740797925,264.33740234375,8891382.0
2019-10-04,266.42703876421143,269.56147451437863,266.078768125304,268.51666259765625,7691915.0
2019-10-07,269.2132160663605,270.2580280303955,265.730509519577,267.47186279296875,5092932.0
2019-10-08,267.47185874512354,268.51667069334667,266.7753174463081,267.82012939453125,5088917.0
2019-10-09,266.07875471217653,266.4270253335276,259.11334228515625,259.11334228515625,8426727.0
2019-10-14,258.4168436768567,261.2030091073349,256.32721960399795,258.0685729980469,14688516.0
2019-10-15,257.7202695591898,258.76508146280815,254.93410448287423,255.63064575195312,9994456.0
2019-10-16,257.720280541314,259.11336313883464,250.05832625495063,250.75486755371094,12208364.0
2019-10-17,253.54099028965214,259.1133197465676,252.14790792542328,258.4167785644531,8885926.0
2019-10-18,260.15817038046345,260.50644102354306,257.023734592747,257.72027587890625,5956854.0
2019-10-21,259.8098770596471,260.8546888976885,256.67544154552263,257.0237121582031,4570574.0
2019-10-22,257.37196282326454,259.1133157517034,255.97888048051342,258.7650451660156,4971040.0
2019-10-23,258.06853042110316,259.11334228515625,256.3271773143481,259.11334228515625,4064705.0
2019-10-24,262.2477627375491,265.73046875,261.89949213630405,265.73046875,12750908.0
2019-10-25,268.1684142744321,268.86495561020985,263.9891662597656,263.9891662597656,8223640.0
2019-10-28,266.4270267930142,269.56146240234375,265.38221492323765,269.56146240234375,7243786.0
2019-10-29,273.74072265625,275.48207585380885,268.5166630635735,273.74072265625,13551380.0
2019-10-30,273.7407248883049,277.9199725965233,271.30283039184417,276.1786193847656,11199167.0
2019-10-31,276.1785883810006,286.97497708189724,275.48204717449113,284.1888122558594,24038661.0
2019-11-01,285.5818880811149,288.01978224766106,281.0543703432436,282.09918212890625,10009206.0
2019-11-04,282.09921716486366,286.9750061035156,281.75094652638853,286.9750061035156,8229135.0
2019-11-05,286.6266929357192,296.7265399528952,286.6266929357192,296.0299987792969,11961184.0
2019-11-06,296.3783187163041,302.2989196777344,294.636965492354,302.2989196777344,13339309.0
2019-11-07,298.1196223000919,300.2092458208869,293.2438340849035,296.0299987792969,11874714.0
2019-11-08,296.03002612717484,298.1196498410137,286.27844879592675,288.3680725097656,13226485.0
2019-11-11,286.9749826953609,286.9749826953609,280.7061117141516,281.05438232421875,8447587.0
2019-11-12,282.09920297017914,287.32326228444174,282.09920297017914,285.5819091796875,5316072.0
2019-11-13,281.40264742982157,288.7163300981709,281.40264742982157,284.1888122558594,4982554.0
2019-11-14,285.2336041059041,287.6714981580913,282.0991688959491,285.9301452636719,4877989.0
2019-11-15,288.36806932783804,296.7265640909638,288.0197987127078,293.9403991699219,9736952.0
2019-11-18,291.5024944391808,293.243847452557,290.10941202847977,292.19903564453125,3777538.0
2019-11-19,292.54732471746956,294.6369484654515,290.4577009694877,293.2438659667969,3798032.0
2019-11-20,293.24382609883895,293.24382609883895,287.6714968618064,288.71630859375,6027873.0
2019-11-21,285.58190273125575,287.32325579669026,277.22340801717024,283.4922790527344,11718815.0
2019-11-22,281.4026538264142,286.9749836051551,281.4026538264142,286.2784423828125,7319917.0
2019-11-25,292.54734490507394,294.28869814855653,289.7611797155018,291.5025329589844,9091715.0
2019-11-26,296.0300391060965,297.77139227730885,291.50252086094446,292.5473327636719,11090564.0
2019-11-27,295.33350822855033,296.72659081453406,292.54734305658286,294.2886962890625,5952772.0
2019-11-28,296.0300078673821,301.25406682974767,294.63692547741795,300.5575256347656,9884036.0
2019-11-29,302.29886664303456,304.38849014517535,292.5472902997109,293.59210205078125,11552430.0
2019-12-02,291.5025185611354,296.0300367705676,286.9750003517032,290.10943603515625,6767586.0
2019-12-03,290.10942398874386,296.03002447831005,290.10942398874386,291.15423583984375,7340205.0
2019-12-04,291.1542144883227,295.6817321777344,290.10940271384305,295.6817321777344,6065565.0
2019-12-05,296.0300391060965,296.7265803745815,292.5473327636719,292.5473327636719,5727907.0
2019-12-06,292.8955824151097,293.94039424298757,289.0646057128906,289.0646057128906,5191845.0
2019-12-09,291.85079995409126,297.77140090781387,291.154258665418,297.0748596191406,7316273.0
2019-12-10,297.42308112649357,297.42308112649357,294.98518701889935,296.0299987792969,3291268.0
2019-12-11,294.63694517762514,298.8161926269531,294.63694517762514,298.8161926269531,3798435.0
2019-12-12,299.86101663154466,301.25409917106407,297.07485155250595,297.7713928222656,6398487.0
2019-12-13,299.8610068613394,302.2989012260657,298.1196537436777,301.25408935546875,8981136.0
2019-12-16,303.34369794060206,308.91602763870725,301.6023449099442,307.8712158203125,46360.0
2019-12-17,309.26430250534406,323.1951269425217,308.5677612834852,320.7572326660156,16791241.0
2019-12-18,320.4089328728265,320.4089328728265,315.5331447638922,317.9710388183594,11668129.0
2019-12-19,317.2745441902589,317.6228148205446,314.48837914797343,316.5780029296875,9032898.0
2019-12-20,316.57797942567834,316.57797942567834,307.87121431496115,310.6573791503906,14087688.0
2019-12-23,310.30911499567185,313.4435505006786,307.8712207139999,312.74700927734375,3462155.0
2019-12-24,312.05050035112356,312.05050035112356,309.61260581713043,309.96087646484375,3108958.0
2019-12-25,309.2643394807799,315.5332112270119,309.2643394807799,314.836669921875,2911788.0
2019-12-26,320.0606921223596,320.75723334569443,312.74700927734375,312.74700927734375,5855027.0
2019-12-27,314.4883826107354,315.18492387897624,310.65740563541084,311.00567626953125,4173840.0
2019-12-30,311.00567626953125,311.7022175377721,309.96086436717,311.00567626953125,2869387.0
2019-12-31,308.9160461425781,311.00566990453467,307.17469300761434,308.9160461425781,5710571.0
2020-01-02,309.96087425292416,310.6574155433802,306.8264384458721,307.5229797363281,6237434.0
2020-01-03,309.96090097723675,310.30917165249207,294.63699126600255,302.647216796875,12375266.0
2020-01-06,298.1196303457584,300.5575245191466,295.3334655761719,295.3334655761719,8448516.0
2020-01-07,298.11967561390475,300.20929950839474,291.15426263227147,296.7265930175781,11707155.0
2020-01-08,296.72658716926173,304.04027065582807,295.33350460039196,299.86102294921875,9695448.0
2020-01-09,302.99543681897615,305.7816017552426,301.25408373380964,304.3885192871094,6951194.0
2020-01-10,306.12985112931995,307.1746629079183,296.7265451219347,300.9057922363281,7683248.0
2020-01-13,300.9058114725267,302.9954351633081,293.9403991699219,293.9403991699219,10239998.0
2020-01-14,294.28868770599365,295.6817702513475,287.32327497922455,289.76116943359375,19437055.0
2020-01-15,284.8853805248554,291.85079325162445,283.1440273431631,289.76116943359375,25888092.0
2020-01-16,291.85078346814225,294.98521909011515,289.06461847083307,293.2438659667969,13075722.0
2020-01-17,298.119627745058,298.119627745058,291.50248647501576,292.89556884765625,8525316.0
2020-01-20,293.24388213601486,293.9404234237489,290.45771698507883,291.8507995605469,5654773.0
2020-01-30,278.61646430899606,278.9647348893823,266.4269939954775,267.12353515625,22330256.0
2020-01-31,268.1684022097244,273.7407326452511,266.0787782964018,270.2580261230469,10276123.0
2020-02-03,262.2477888736425,269.56147222868435,259.8098944219619,266.0787658691406,10441301.0
2020-02-04,303.34374953109995,304.7368321925516,271.9993896484375,271.9993896484375,9425276.0
2020-02-05,271.99937495033885,271.99937495033885,263.64087943329895,265.3822326660156,16153382.0
2020-02-06,265.38222459723187,271.9993666803649,264.6856833253231,266.0787658691406,10150866.0
2020-02-07,265.03396201947226,268.51666848490555,263.9891500798423,265.3822326660156,10226510.0
2020-02-10,262.944315860146,269.21318696674547,261.2029627749794,264.6856689453125,10628172.0
2020-02-11,266.0787026429788,272.69584315373345,266.0787026429788,271.6510314941406,11236133.0
2020-02-12,277.22342150772494,281.0543984381081,275.13379772751597,279.66131591796875,13580808.0
2020-02-13,284.537109375,286.9750038249694,283.14402683216036,284.537109375,15438270.0
2020-02-14,283.4922911318251,284.1888323876772,281.05439673634254,282.4474792480469,9177582.0
2020-02-17,276.8751485623307,278.26823107082043,274.43725417247373,277.2234191894531,9199824.0
2020-02-18,274.43727205237565,276.1786253014389,273.044189453125,273.044189453125,7500223.0
2020-02-19,275.13374907936674,275.8302902162765,269.90969055254334,270.6062316894531,9008260.0
2020-02-20,272.6959027130592,274.437255859375,269.90973767895383,274.437255859375,8177571.0
2020-02-21,274.4372739496919,274.4372739496919,270.2580261230469,270.2580261230469,7800080.0
2020-02-24,266.42701551199593,267.82009794604556,261.8994976013346,262.5960388183594,13066425.0
2020-02-25,260.8546738819843,266.7752739567423,258.41677973355456,263.6408386230469,10230047.0
2020-02-26,261.20294189453125,264.68564778645833,259.8098595377604,261.20294189453125,10856144.0
2020-02-27,261.8995283338759,263.2926109313965,250.75486755371094,250.75486755371094,14733370.0
2020-03-02,247.96869350464877,256.3271887913223,246.2273403199251,252.844482421875,11499602.0
2020-03-03,259.8098835278583,263.6408603627194,258.4168010424542,259.11334228515625,10014005.0
2020-03-04,258.7651143556664,259.461655713286,253.54105417351974,258.0685729980469,10894688.0
2020-03-05,262.9442764876725,268.1683349609375,261.89946479301943,268.1683349609375,10735601.0
2020-03-06,264.68565040094535,266.42700336410945,262.2477562525156,263.6408386230469,7373406.0
2020-03-09,256.67541568438645,258.41676857234023,251.45135702052514,255.28233337402344,11472891.0
2020-03-10,253.19275968620576,260.1581726074219,252.14794774802334,260.1581726074219,11832469.0
2020-03-11,260.1581657977144,262.5960602563275,252.14794114798556,252.844482421875,9371669.0
2020-03-12,247.96866571335565,249.71001870291573,234.037841796875,234.037841796875,19239208.0
2020-03-13,214.18645047721975,242.3963732229999,212.4450972213074,237.5205841064453,23633277.0
2020-03-16,231.9482401371002,238.56538212299344,222.89320373535156,222.89320373535156,12157253.0
2020-03-17,214.53468441245295,228.8137786671779,214.53468441245295,219.7587432861328,14275860.0
2020-03-18,219.75874842300544,223.93799561963945,210.00717163085938,210.00717163085938,14031612.0
2020-03-19,202.6935119072016,207.91757149243878,190.15576890263245,190.85231018066406,25712419.0
2020-03-20,206.17621397100808,209.65892028808594,199.90734260026798,209.65892028808594,17041676.0
2020-03-23,213.83814204822886,218.71393030340022,206.17618907581675,214.53468322753906,20264004.0
2020-03-24,234.03784401633524,235.77919702240916,227.07243199203955,229.8585968017578,13337078.0
2020-03-25,242.39636449428954,245.87907088070173,229.8586215032056,232.99305725097656,20283591.0
2020-03-26,236.1274815188745,240.30672897938555,228.4655278412709,239.2619171142578,11554093.0
2020-03-27,250.40654222824995,250.40654222824995,234.38609585481532,236.82398986816406,13224545.0
2020-03-30,229.51033505217282,234.38612365722656,224.98281706176576,234.38612365722656,10694349.0
2020-03-31,236.12745673492665,239.26189200131947,227.0724215209029,228.1172332763672,10806002.0
2020-04-01,231.94823414694048,232.644775390625,226.7241748193067,232.644775390625,6557209.0
2020-04-06,241.00329061827003,241.00329061827003,234.38614824580307,237.5205841064453,8234391.0
2020-04-07,242.3963397902783,243.7894222028661,241.0032573776905,241.69979858398438,8655322.0
2020-04-08,241.0032677820994,245.1825152002861,240.30672654573496,243.441162109375,6885590.0
2020-04-09,247.96864841944122,247.96864841944122,242.04804866785344,244.83421325683594,8237776.0
2020-04-10,245.53075103759764,245.53075103759764,242.39631591796874,243.78939819335938,6619621.0
2020-04-13,243.09286038872187,246.9238366985728,242.74458981509906,244.83421325683594,7148004.0
2020-04-14,246.57559141479993,256.6754390857451,246.227320805457,254.5858154296875,13428196.0
2020-04-15,257.72025091377395,258.0685215231169,253.19273299231574,254.5858154296875,8618815.0
2020-04-16,251.4513967258142,254.58583241907226,251.10312609322997,251.79966735839844,6466648.0
2020-04-17,263.9891012440557,263.9891012440557,252.8444426163383,256.3271484375,13317197.0
2020-04-20,258.4168171650655,260.15817038046345,255.28238137734903,257.72027587890625,5552576.0
2020-04-21,255.6306162271675,255.6306162271675,245.18249839771926,246.22731018066406,11227460.0
2020-04-22,243.78943029855716,245.18251275740607,238.2171004631616,241.00326538085938,12064371.0
2020-04-23,242.04806770694222,244.4859619140625,239.61017349982194,244.4859619140625,8791011.0
2020-04-24,244.48595131828932,245.8790336619833,242.3963278027484,242.74459838867188,6025467.0
2020-04-27,248.66522364462574,260.5064247705603,247.62041178057268,259.11334228515625,13194986.0
2020-04-28,260.8546713053385,261.20294189453125,253.19271834309893,261.20294189453125,10595852.0
2020-04-29,278.61650169794285,278.61650169794285,269.2131947656373,277.2234191894531,31507975.0
2020-04-30,286.9749820571348,289.41287632218325,282.09919352703787,289.0646057128906,21757679.0
2020-05-04,281.40265450220977,282.09919572622516,277.2234071581176,278.2682189941406,11748303.0
2020-05-05,281.0543984381081,282.4474809582474,275.8303389875856,279.66131591796875,7287899.0
2020-05-06,282.099188636331,285.2336240656236,279.6612944135479,284.1888122558594,8553772.0
2020-05-07,286.9749836051551,289.06460727218297,286.2784423828125,286.2784423828125,8084230.0
2020-05-08,289.0645724513261,291.15419586663694,286.6266784667969,286.6266784667969,6577964.0
2020-05-11,289.41288601014674,289.41288601014674,283.4922854539825,285.5819091796875,6480940.0
2020-05-12,284.18882027890817,285.2336321181689,281.402655374213,283.4922790527344,5093041.0
2020-05-13,284.53710817609516,292.5473327636719,283.49229627336774,292.5473327636719,10514740.0
2020-05-14,290.4576897168682,291.8507721615534,283.1440068822708,286.2784423828125,8304088.0
2020-05-15,288.36806604984037,289.41287788335427,281.7509244375855,286.2784423828125,5763797.0
2020-05-18,314.83660895599814,314.83660895599814,304.0402208170203,306.8263854980469,25249990.0
2020-05-19,322.15030306861513,323.1951148623512,319.01586768740697,321.8020324707031,21999164.0
2020-05-20,325.28479620750915,333.64329204153506,323.19517224900267,327.3744201660156,18417567.0
2020-05-21,327.3744035768047,328.7674861452166,320.75726137684796,323.5434265136719,9007736.0
2020-05-22,311.0056512754967,316.92625157973345,306.4781333957862,307.8712158203125,15401024.0
2020-05-25,314.48839555823287,320.40899658203125,312.7470423159392,320.40899658203125,11317742.0
2020-05-26,320.40899658203125,325.9813269573709,319.01591398819636,320.40899658203125,6684259.0
2020-05-27,323.89169715577486,324.5882384399808,320.06072009264204,323.5434265136719,8149230.0
2020-05-28,325.9813269573709,326.6778682542884,315.88147815206776,320.40899658203125,10968535.0
2020-05-29,320.40900277782464,325.2847919505307,315.8814842603119,322.4986267089844,9537183.0
2020-06-01,325.98128369828345,327.37436610725047,320.4089540624154,321.4537658691406,8722266.0
2020-06-02,339.9121335373711,341.6534866804929,333.99153285075704,337.822509765625,17040745.0
2020-06-03,342.6982887735172,343.74310062953407,339.2155825867945,341.3052062988281,9435845.0
2020-06-04,337.8225001121054,343.39483001086177,335.73287640007175,341.3052062988281,8177190.0
2020-06-05,343.39482839483964,346.5292639481394,342.0017459267064,344.09136962890625,8352917.0
2020-06-08,345.1361774564151,351.75331910290544,343.39482439154926,344.43963623046875,9669114.0
2020-06-09,342.00174830451084,347.92234883524065,339.563853968328,346.5292663574219,7942284.0
2020-06-10,345.1361639709472,350.3602229614258,344.787893371582,348.2705993652344,6677972.0
2020-06-11,348.27059681441966,354.53946755707926,345.48443203990433,345.83270263671875,10694186.0
2020-06-12,329.46398597368733,345.13616289632574,329.46398597368733,343.0465393066406,11862920.0
2020-06-15,346.87751588773,351.75330426366196,343.0465393066406,343.0465393066406,7204482.0
2020-06-16,342.69828096277575,355.23602294921875,342.35001035204124,355.23602294921875,11665647.0
2020-06-17,355.93256417068784,359.4152702780331,351.75331684187347,355.23602294921875,6203179.0
2020-06-18,358.71870490775007,358.71870490775007,353.84291668570296,357.32562255859375,5395592.0
2020-06-19,362.20145089285717,390.06310096153845,360.8083683894231,380.3115234375,21698522.0
2020-06-22,385.18734407424927,401.2077941894531,380.31155490875244,401.2077941894531,17770887.0
2020-06-23,403.9939141356571,413.7454913734143,388.67000704775285,399.8146667480469,15468824.0
2020-06-24,398.4215668776939,406.7800612877155,395.6354020743534,403.993896484375,9137582.0
2020-06-29,394.2423481358891,401.2077606471239,392.15272438251867,393.5458068847656,11967207.0
2020-06-30,396.3319811252732,403.29739379882807,395.63543985791773,403.2973937988281,9477547.0
2020-07-01,410.95930182128063,413.745466579391,400.5111839783667,401.9042663574219,7577668.0
2020-07-02,401.90429044185197,405.38699659819383,399.1181255167785,399.8146667480469,6018098.0
2020-07-03,400.51121116703393,408.8697060087807,400.51121116703393,407.47662353515625,8709502.0
2020-07-06,416.3431121877984,417.76165771484375,411.37820284313983,417.76165771484375,7257983.0
2020-07-07,424.1451997726095,448.2604786894468,422.0173810446533,438.3306579589844,19356242.0
2020-07-08,446.1326148975274,478.04989259289897,443.2955235468277,468.829345703125,21759399.0
2020-07-09,468.8292999501968,470.24784548711114,453.934571812596,461.736572265625,17160954.0
2020-07-10,454.64386848350625,458.89950531798524,436.9120483398438,436.91204833984375,16945547.0
2020-07-13,444.00475006831283,453.22529599624903,438.3305679588136,446.132568359375,10446840.0
2020-07-14,444.71405723559286,445.4233300541504,432.6564193201143,433.3656921386719,9142920.0
2020-07-15,434.0749313279326,438.330567909579,424.1451126374243,431.9471130371094,14629162.0
2020-07-16,426.27297683231814,434.07497807217754,424.85443115234375,424.85443115234375,7417218.0
2020-07-17,424.1451396910716,431.2378677795511,422.72659407337574,430.5285949707031,8994459.0
2020-07-20,431.9471624948816,433.36570818452,418.47097844331716,426.2729797363281,9008151.0
2020-07-21,434.074943123283,456.0623993925996,434.074943123283,451.8067626953125,15777808.0
2020-07-22,467.4108195017619,475.21282104124504,461.73663656395604,470.9571838378906,17852109.0
2020-07-23,466.7015201450275,487.27043212710316,463.15515601018683,480.1777038574219,17281987.0
2020-07-24,480.17776213469324,498.6188578739872,475.21285174334486,478.75921630859375,24419901.0
2020-07-27,492.944584102421,522.7340409834306,490.1074929708963,516.3505859375,21292219.0
2020-07-28,525.5711196899414,541.1751205444336,482.30548095703125,482.30548095703125,36040539.0
2020-07-29,484.4333939985795,492.2353959517045,473.0850275213068,483.72412109375,14464939.0
2020-07-30,486.5611681288891,492.2353508475934,475.21280269148065,484.433349609375,13693896.0
2020-07-31,480.8869811750513,501.4558933492054,475.2127985063191,497.20025634765625,14518563.0
2020-08-03,526.9897564416644,526.9897564416644,492.94465777517735,493.6539306640625,25733096.0
2020-08-04,498.61877216276577,519.1876831054688,496.49095378938273,519.1876831054688,19226303.0
2020-08-05,521.315590636371,524.1526822860927,512.0950427747753,517.7692260742188,13000226.0
2020-08-06,522.0247742699795,534.0824117191503,517.7691375232134,519.1876831054688,12890678.0
2020-08-07,517.7692061620402,522.024843472961,499.3281111480497,500.0373840332031,14627882.0
2020-08-10,493.65391441107465,506.42082599067146,493.65391441107465,500.74664306640625,11142754.0
2020-08-11,495.0724260954974,502.16515426305466,490.1075163782073,491.52606201171875,9919208.0
2020-08-12,485.1425720214844,489.39820861816406,478.0498443603516,482.30548095703125,11113131.0
2020-08-13,496.4909425255848,497.9094880756579,475.9220320495249,485.142578125,11410405.0
2020-08-14,475.21275329589844,484.4332992553711,475.21275329589844,482.30548095703125,9672925.0
2020-08-17,485.1426558223084,488.68902026545396,480.1777456019047,485.8519287109375,6056362.0
2020-08-18,437.621337890625,455.3531587127735,437.621337890625,437.621337890625,42330663.0
2020-08-19,438.330567909579,444.0047500184408,429.11002198267846,431.9471130371094,23597107.0
2020-08-20,427.69150239387443,433.36568484686114,390.8093164494607,400.7391357421875,34165307.0
2020-08-21,413.50602853535025,429.81930238837435,412.08748298291334,428.4007568359375,21528784.0
2020-08-24,424.85441033779045,425.56368314302887,413.50604545397636,414.9245910644531,14910954.0
2020-08-25,419.8894760054117,421.308021532457,414.2152938972305,417.76165771484375,9904789.0
2020-08-26,414.9245650875527,415.6338378483861,406.4132919575516,409.95965576171875,10781130.0
2020-08-27,413.50601945555763,415.6338377374902,393.6463821575206,395.7742004394531,14917596.0
2020-08-28,395.77422425805065,407.8318619146579,392.22786024140146,407.1225891113281,13150295.0
2020-08-31,411.37822981361006,413.5060482436805,391.518591132953,394.3556823730469,17151699.0
2020-09-01,396.4835295677185,409.25044107437134,392.22789239883423,408.5411682128906,10727355.0
2020-09-02,429.11004828126636,431.94713950957225,418.4709561751193,422.7265930175781,18844801.0
2020-09-03,435.4934675175555,436.2027402659554,424.14510354315667,427.69146728515625,13478883.0
2020-09-04,417.76164880755726,432.65637652395577,412.7967395687578,427.69146728515625,13800424.0
2020-09-07,431.23786972198997,434.78423378220367,420.59877754134874,424.1451416015625,7040189.0
2020-09-08,426.9822112835006,435.4934845981219,424.1451201786268,428.4007568359375,6683057.0
2020-09-09,421.3080306878611,424.85439458254007,415.6338484563748,422.0173034667969,10096718.0
2020-09-10,426.27297683231814,430.52861387224146,424.1451583123565,424.85443115234375,7278603.0
2020-09-11,424.1451218036043,427.69148569828326,415.6338484563748,422.0173034667969,7587495.0
2020-09-14,422.72656711020886,432.6563858007171,417.7616577649547,431.9471130371094,8675428.0
2020-09-15,431.94714650155674,435.49351059434457,427.69150959021135,433.3656921386719,7364558.0
2020-09-16,438.3306107235109,445.42333905237035,436.912065057739,437.621337890625,10590991.0
2020-09-17,432.6564323922031,433.36570523219035,420.5987941124204,424.85443115234375,12572944.0
2020-09-18,424.8544183159811,433.3656921386719,419.18023576752057,433.3656921386719,11400876.0
2020-09-21,435.4935027283508,442.58623078581576,432.65641150536476,436.91204833984375,8107351.0
2020-09-22,435.4934675175555,436.2027402659554,426.98219453675637,427.69146728515625,7610728.0
2020-09-23,431.94715522753745,439.0398835563969,431.94715522753745,437.621337890625,6545842.0
2020-09-24,429.81935791015627,436.9120865885417,425.563720703125,425.563720703125,8632965.0
2020-09-25,429.11004716922076,431.2378655849359,412.0874998434996,414.9245910644531,7846337.0
2020-09-28,413.50601231715774,430.528558278756,412.08746682035786,427.69146728515625,7734975.0
2020-09-29,429.8193720583056,435.49355518778816,429.8193720583056,432.6564636230469,5464334.0
2020-09-30,436.2027774414867,438.3305958680305,430.5285949707031,430.5285949707031,5974893.0
2020-10-05,435.49351059434457,437.62132905001727,432.6564193201143,433.3656921386719,5000804.0
2020-10-06,438.33057712461886,439.0398499031377,434.0749404535061,436.2027587890625,3949603.0
2020-10-07,437.62135053160017,466.7015375199237,434.78425911810524,458.8995361328125,17770203.0
2020-10-08,468.12004066581153,480.17767807690063,461.0273127769356,475.2127685546875,15485367.0
2020-10-12,503.5836548364463,512.0949278759356,495.7816545502478,506.4207458496094,21415450.0
2020-10-13,505.002254546115,505.002254546115,491.5260707871597,495.7817077636719,7920165.0
2020-10-14,490.8168139187795,495.07245103368217,487.27044965636054,488.6889953613281,5713855.0
2020-10-15,491.52608677126324,501.4559067060363,488.6889953613281,488.6889953613281,6967919.0
2020-10-16,488.6889358520508,492.94457244873047,482.30548095703125,482.30548095703125,5020630.0
2020-10-19,484.4333474484482,492.9446214885381,484.4333474484482,490.8168029785156,3933553.0
2020-10-20,487.97970375269006,494.3631591796875,484.4333396265804,494.3631591796875,4936501.0
2020-10-21,499.32805999005063,503.5836968649658,487.27042217779086,490.1075134277344,5171741.0
2020-10-22,487.979736328125,493.6539193086846,485.85191771041514,487.979736328125,5090155.0
2020-10-23,488.6889327507807,492.2352965588415,480.8869323730469,480.8869323730469,4854113.0
2020-10-26,482.3055332987528,486.5611703572712,476.63135055406156,478.0498962402344,4322931.0
2020-10-27,478.04992693601736,487.97974737682483,476.63138115875915,485.8519287109375,6036221.0
2020-10-28,485.85186167085396,488.6889528338954,478.75913376325025,483.0147705078125,6105449.0
2020-10-29,475.2127592744883,487.2703964501097,472.37566817434214,485.142578125,4525881.0
2020-10-30,480.8869323730469,483.72402341949555,475.2127502801496,480.8869323730469,6372434.0
2020-11-02,489.39827794868035,489.39827794868035,461.0273632849887,463.1551818847656,13777031.0
2020-11-03,468.829351485403,479.46844418174345,468.12007863898026,471.66644287109375,8253830.0
2020-11-04,475.9220668956131,485.8518864731669,468.8293386259319,480.1777038574219,9284414.0
2020-11-05,485.8519288863259,493.6539306640625,481.596291553015,493.6539306640625,11678906.0
2020-11-06,497.20023960658483,499.32805803571426,490.8167843191964,496.490966796875,7345707.0
2020-11-09,503.58372875767895,506.4208201872997,491.5260901817909,497.9095458984375,6544760.0
2020-11-10,497.9095536390477,497.9095536390477,483.0148234019822,486.5611877441406,6006693.0
2020-11-11,469.53865484655256,483.72411269690156,469.53865484655256,479.4684753417969,7981123.0
2020-11-12,480.1776979624959,484.43333487206013,475.9220610529317,477.3406066894531,4170904.0
2020-11-13,475.92212465639466,480.17776213469324,473.08503300419557,478.75921630859375,4677318.0
2020-11-16,485.8518658728696,492.9445938418166,483.0147746852908,492.2353210449219,6299216.0
2020-11-17,497.20029510848826,498.6188408862585,490.1075662196368,493.6539306640625,6367119.0
2020-11-18,497.9094935825893,516.3505859375,497.2002207997081,516.3505859375,21063886.0
2020-11-19,519.1876388903692,523.4432752747165,515.6412752367464,519.8969116210938,8842836.0
2020-11-20,519.1876902139809,534.7916918324339,512.804235006432,529.8267822265625,11419475.0
2020-11-23,534.7916857795151,537.6287769507592,523.4433210945386,526.9896850585938,7022977.0
2020-11-24,533.3731232100741,533.3731232100741,520.6062133460032,526.2803955078125,5754058.0
2020-11-25,529.1174898094894,530.5360353585764,513.5134887695312,513.5134887695312,7106689.0
2020-11-26,519.8970448115101,522.7341364612319,514.2228615120666,517.7692260742188,3654252.0
2020-11-27,514.2228393554688,518.4784766466864,511.38574782799026,514.2228393554688,3418735.0
2020-11-30,504.2929428707469,509.25785229422826,498.61876067248255,499.3280334472656,13232551.0
2020-12-01,496.4909776553533,502.1651602571287,491.5260678787997,494.3631591796875,8450506.0
2020-12-02,500.74665155303614,508.5486532061288,492.94464989994356,505.0022888183594,8354076.0
2020-12-03,507.13005894252234,507.13005894252234,495.07242117745534,496.490966796875,6972483.0
2020-12-04,496.49101960743576,501.4559298035101,493.65392806682183,500.0373840332031,5398397.0
2020-12-07,500.03730622204864,502.1651245463978,492.9445784742182,499.3280334472656,5457769.0
2020-12-08,498.618857438597,518.4784989866492,497.90958452616655,517.7692260742188,10014080.0
2020-12-09,521.3154739255151,529.1174742155569,517.7691101573143,520.606201171875,7869170.0
2020-12-10,517.7692433775564,517.7692433775564,500.7466929103491,502.87451171875,7733557.0
2020-12-11,510.676418018476,512.0949636240829,497.2002347652106,501.45587158203125,7453209.0
2020-12-14,500.7466373280582,503.58372875767895,495.781727326222,497.9095458984375,3884022.0
2020-12-15,497.90952918124776,500.74662051561387,493.65389217969863,497.20025634765625,5077673.0
2020-12-16,504.2929846835715,506.420803184346,497.20025634765625,497.20025634765625,6247245.0
2020-12-17,498.61876067248255,504.2929428707469,495.78166957335037,499.3280334472656,5996672.0
2020-12-18,499.3280719107654,502.1651632284402,495.7817077636719,495.7817077636719,4853449.0
2020-12-21,495.0725532143803,502.165283203125,488.6890962245101,502.165283203125,5371824.0
2020-12-22,502.16516912034365,512.094988848712,498.6188049316406,498.6188049316406,6412332.0
2020-12-23,502.16517842610676,512.0949983384874,500.03735987345374,510.67645263671875,5329119.0
2020-12-24,513.5134733825171,514.2227461358078,506.4207458496094,506.4207458496094,3320736.0
2020-12-25,510.67652220826045,512.0950681032834,505.0023386281687,507.1301574707031,2209747.0
2020-12-28,513.5135722392314,525.5712113663957,512.8042993493982,524.8619384765625,10540685.0
2020-12-29,525.5711104473561,529.1174742155569,520.606201171875,520.606201171875,4566021.0
2020-12-30,524.8618560054666,529.1174926757812,521.3154921135379,529.1174926757812,5614368.0
2020-12-31,529.8267822265625,534.0824190315951,526.2804182223687,529.8267822265625,4626983.0
2021-01-04,535.5009849625404,565.9997165564336,533.3731664792456,561.7440795898438,13995441.0
2021-01-05,564.5810715353474,570.2552531588182,549.6863447737364,565.2903442382812,9187166.0
2021-01-06,568.8368078674933,577.3480818006727,556.7791697954891,561.7440795898438,9257326.0
2021-01-07,563.1626202675219,573.0924397684606,556.7791648740614,566.708984375,7450197.0
2021-01-08,574.5109081040704,598.6261807899202,568.8367262956351,594.3705444335938,13239667.0
2021-01-11,597.9169433450306,607.1374893278129,592.24276120178,603.5911254882812,7932068.0
2021-01-12,607.8467389190168,615.6487390685024,597.2076478060819,600.0447387695312,10297170.0
2021-01-13,606.4282799630143,637.6362850137426,602.8819157527043,626.9971923828125,15302374.0
2021-01-14,618.4858999573534,624.8693553468214,605.7189891784171,610.6838989257812,11167095.0
2021-01-15,622.7414728860293,625.5785638786764,597.2076539522059,602.8818359375,9779613.0
2021-01-18,602.8818573431946,603.5911301165396,579.4758558228118,598.626220703125,8819889.0
2021-01-19,610.6838949678701,624.1600784805175,605.7189852526841,623.4508056640625,7901499.0
2021-01-20,627.7063856212371,636.9269313987243,617.0672943395213,618.48583984375,11007193.0
2021-01-21,631.2527531168446,663.1700271508423,629.8342076042225,662.4607543945312,17528460.0
2021-01-22,648.2753188737476,670.9720477621064,644.0196822071803,650.4031372070312,16199876.0
2021-01-25,650.4032034067008,656.077386206323,631.9621093079285,645.4382934570312,8944898.0
2021-01-26,648.2753418529348,653.9495242761553,617.776611328125,617.776611328125,9931150.0
2021-01-27,624.8694073561176,641.8919564781912,617.7766785552536,636.2177734375,10941305.0
2021-01-28,614.2302747579384,624.1600944422469,612.102456254158,616.3580932617188,17650820.0
2021-01-29,630.5435278320313,640.4733471679688,620.6137084960938,620.6137084960938,17441562.0
2021-02-01,628.4156633071477,644.728936733857,620.6136629726346,641.891845703125,13528273.0
2021-02-02,656.0773708126342,675.2277373120301,652.5310066460794,660.3330078125,14420674.0
2021-02-03,671.6813855622944,680.1926597193668,668.135021330181,673.8092041015625,10829429.0
2021-02-04,661.7515600095592,675.9370168157661,648.9846488839728,670.9721069335938,13169744.0
2021-02-05,677.355568333676,700.0522994192023,673.8092041015625,673.8092041015625,15290557.0
2021-02-17,709.2728595344388,716.3655881297832,688.70394660794,695.08740234375,11840037.0
2021-02-18,695.0873688929895,700.0522786707966,686.5760949881774,693.6688232421875,6292915.0
2021-02-19,688.703985000547,691.5410765968418,675.9370728172207,683.7390747070312,7255611.0
2021-02-22,689.4131614131506,695.0873438116128,674.5184326171875,674.5184326171875,7422176.0
2021-02-23,670.2627863908679,686.5760605569949,661.042240123057,684.4482421875,7807365.0
2021-02-24,672.3906130526929,685.8667962256898,666.7164306640625,666.7164306640625,7540161.0
2021-02-25,673.8092260845638,677.3555904323772,659.6237686933098,669.5535888671875,7139928.0
2021-02-26,654.658851146698,660.3330340385437,635.5084838867188,635.5084838867188,15220271.0
2021-03-02,652.5309760199652,666.0071592203776,638.3455200195312,638.3455200195312,13479811.0
2021-03-03,648.984626031691,659.6237182617188,634.7991697249875,659.6237182617188,8671779.0
2021-03-04,651.8217767994008,651.8217767994008,634.7992276773272,636.2177734375,12248552.0
2021-03-05,622.0323265136167,632.671419897544,617.0674162677839,626.2879638671875,10351724.0
2021-03-08,639.0547892252604,644.7289715935202,614.2302413641238,614.9395141601562,9488584.0
2021-03-09,609.9746221514149,627.7064425627933,605.7189852526841,623.4508056640625,9399408.0
2021-03-10,631.2527995639377,632.6713451809354,609.9746153089735,612.8117065429688,9346906.0
2021-03-11,616.35810542751,634.7991994909338,613.5210140331371,629.8342895507812,9451838.0
2021-03-12,638.3454421470905,648.984532849542,632.6712604391164,637.6361694335938,7841829.0
2021-03-15,638.3455152416965,648.2753343676784,638.3455152416965,643.3104248046875,6825630.0
2021-03-16,650.4031706800658,651.8217163085938,642.6011697231621,651.8217163085938,6741317.0
2021-03-17,655.3681414768034,656.0774143571896,639.7641381083081,644.019775390625,5862315.0
2021-03-18,648.2753283056046,652.5309650340878,640.4733276367188,640.4733276367188,4563993.0
2021-03-19,634.7991488181939,635.5084216101695,624.1600569385594,627.7064208984375,7668776.0
2021-03-22,624.1600509453036,631.9620515821199,618.4858686639826,624.8693237304688,7131194.0
2021-03-23,631.2527774503861,632.6713230176904,617.0673217773438,617.0673217773438,8388784.0
2021-03-24,618.485902653978,634.7991776093007,614.2302657091111,634.0899047851562,6887986.0
2021-03-25,641.1826372538527,673.8091873796019,635.5084546232877,673.0999145507812,16360212.0
2021-03-26,674.5185436843435,677.355635350734,659.6238124357933,668.8443603515625,11651662.0
2021-03-29,675.9369321979195,687.9945689737481,667.4256591796875,667.4256591796875,9564671.0
2021-03-30,679.483431877977,692.9596168525924,667.4257926901631,688.7039794921875,12406387.0
2021-03-31,689.4132189676858,697.9244932759287,680.9019446594427,687.285400390625,9109221.0
2021-04-01,693.6688444552386,698.6337543848773,681.6112060546875,681.6112060546875,5681893.0
2021-04-07,712.819157602314,716.3655215704847,700.7615201105336,707.854248046875,5493804.0
2021-04-08,700.7615816004136,730.5510415469898,698.633763032801,723.4583129882812,8021763.0
2021-04-09,727.0046306682659,730.5509947203062,708.5635375976562,708.5635375976562,6402048.0
2021-04-12,707.1450112024943,712.8191938400269,678.06482518514,680.9019165039062,10334862.0
2021-04-13,690.1224802197825,697.9244815377862,675.2277504308662,681.6112060546875,9547951.0
2021-04-14,684.4482421875,687.2853333468264,663.1700584925518,684.4482421875,8708863.0
2021-04-15,688.7039085426911,698.6337280273438,678.7740890580385,698.6337280273438,5936707.0
2021-04-16,702.1800461989183,702.1800461989183,685.8667723983373,691.5409545898438,6313141.0
2021-04-19,698.6337261259371,698.6337261259371,682.3204513026918,683.0297241210938,4552119.0
2021-04-20,685.1575186505825,716.3655215704847,683.02970026968,707.854248046875,9725033.0
2021-04-21,716.3654750561425,716.3654750561425,697.2151108714734,700.761474609375,6691346.0
2021-04-22,708.56353052651,716.3655313631383,697.9244384765625,697.9244384765625,5787315.0
2021-04-23,695.0874047025966,734.097412109375,695.0874047025966,734.097412109375,10968902.0
2021-04-26,758.921875,773.1073306074767,730.5509637850467,758.921875,11328469.0
2021-04-27,762.468339087258,780.2001609264966,748.2828816158672,755.3756103515625,8213859.0
2021-04-28,762.4682235717773,773.1073150634766,748.2827682495117,766.0145874023438,8985602.0
2021-04-29,840.48828125,840.48828125,840.48828125,840.48828125,6156406.0
2021-05-03,833.3955569720376,833.3955569720376,766.0146395998304,783.7464599609375,24923162.0
2021-05-04,780.2000659292195,783.7464298652615,727.004606888591,769.5609741210938,18013299.0
2021-05-05,773.1074722821439,780.2002013856498,708.5636374402402,712.8192749023438,13757415.0
2021-05-06,730.551075722934,755.3756268397327,709.2728890513922,748.2828979492188,14573730.0
2021-05-07,748.2828593703936,755.3755878952314,723.458309533461,751.8292236328125,9285007.0
2021-05-10,719.9119984019886,727.004727450284,694.378173828125,694.378173828125,18810805.0
2021-05-11,639.0547939597841,664.5886148061239,636.9269755559224,646.1475219726562,24921478.0
2021-05-12,638.3455637338999,651.8217478571712,582.3130086950354,629.8342895507812,31011290.0
2021-05-13,628.415737366212,641.8919213503633,610.683916334434,619.1951904296875,16643374.0
2021-05-14,634.089921493104,652.5310154067737,629.8342844361033,634.7991943359375,11830221.0
2021-05-17,624.1599959826314,664.5885411769609,616.3579960328484,648.2752685546875,16218012.0
2021-05-18,666.7164203482615,705.0171508789062,652.5309645961709,705.0171508789062,16219814.0
2021-05-19,697.2152770154676,703.5987332648463,668.8443603515625,668.8443603515625,12478300.0
2021-05-20,665.2979007844002,673.0999017530872,656.7866270003781,659.6237182617188,10698579.0
2021-05-21,681.6111052028796,690.1223781086387,663.8792866492147,677.35546875,13762585.0
2021-05-24,673.8092707677459,680.1927270171245,665.2979957685743,668.8443603515625,6032351.0
2021-05-25,677.3555406201787,687.2853600638254,671.6813580809521,675.2277221679688,8682040.0
2021-05-26,680.9018878154574,686.5760702139196,671.6813414179564,674.5184326171875,5834656.0
2021-05-27,670.2627716880431,675.2276811079545,660.3329528482202,663.1700439453125,9218405.0
2021-05-28,673.8092047366838,686.5761159843262,665.2979305715888,681.6112060546875,7578285.0
2021-05-31,688.7038931228407,716.3655324964667,680.1926194694173,705.7264404296875,9520375.0
2021-06-01,712.8191723232992,719.9119004061181,692.2502608831244,692.9595336914062,7203678.0
2021-06-02,695.7966912580854,700.7616013893867,678.7741422364808,680.1926879882812,6983814.0
2021-06-03,686.5761444993948,697.9245105241781,684.4483258697479,695.7966918945312,4708980.0
2021-06-04,688.7038968417149,692.9595336914062,685.1575328003055,692.9595336914062,4043131.0
2021-06-07,688.7039518287713,692.2503161533273,672.3906759358139,690.1224975585938,5332777.0
2021-06-08,691.5409870029237,692.9595326172886,685.1575317382812,685.1575317382812,3549078.0
2021-06-09,683.0297299910726,697.9244593055197,683.0297299910726,685.8668212890625,3936851.0
2021-06-10,695.0873377614604,712.819157602314,692.959519380558,707.854248046875,9017839.0
2021-06-11,712.819223832111,716.3655881297832,695.08740234375,695.08740234375,5961361.0
2021-06-15,703.5985824538675,712.8191283932831,698.6336731018745,701.4707641601562,5175020.0
2021-06-16,705.7264562306669,705.7264562306669,695.7966367460144,698.6337280273438,4946749.0
2021-06-17,693.6688232421875,694.3780960675884,686.5760949881774,693.6688232421875,6201886.0
2021-06-18,695.0873340349741,702.1800619332902,684.4482421875,684.4482421875,5918101.0
2021-06-21,680.9018841911765,681.6111569872089,651.1124267578125,651.1124267578125,11173057.0
2021-06-22,639.7640548486382,649.6938738817656,631.2527813916719,640.4733276367188,13992257.0
2021-06-23,640.4732946219531,667.4256591796875,636.9269308643565,667.4256591796875,8867351.0
2021-06-24,670.2627934680688,671.6813390627103,657.4958831162961,658.9144287109375,3484444.0
2021-06-25,666.716395504652,675.227668638754,657.495849609375,657.495849609375,4975532.0
2021-06-28,658.914407299674,663.1700439453125,653.9494978797627,663.1700439453125,3842050.0
2021-06-29,668.1349533652239,673.0998627851353,663.1700439453125,663.1700439453125,5371399.0
2021-06-30,670.2627969531657,693.6687993864508,668.8442513511484,682.3204345703125,10422047.0
2021-07-01,688.7038326243455,692.2501963350785,672.3905595549738,677.35546875,5520582.0
2021-07-02,683.0298073508523,683.7390802556818,675.9370783025568,678.774169921875,4595609.0
2021-07-05,680.9019886363636,691.5410822088068,678.774169921875,678.774169921875,7408825.0
2021-07-06,691.3166638289512,693.5300576298977,678.7740989569211,680.2496948242188,6914325.0
2021-07-07,683.200911626951,684.6765075483916,676.5607299804688,676.5607299804688,5159765.0
2021-07-08,678.774169921875,685.4143520189368,674.3473818571671,678.774169921875,5934229.0
2021-07-09,675.0850633490461,685.4142337172283,672.1338718152798,678.0362548828125,5129084.0
2021-07-12,693.530054102607,694.2678520325034,686.152074803643,689.841064453125,5646291.0
2021-07-13,693.5300994279833,696.4812913404428,683.200927734375,683.200927734375,6948022.0
2021-07-14,685.4143016528058,692.0544832619288,682.4631098265289,686.152099609375,3359604.0
2021-07-15,689.8409864102754,702.3835497995531,686.1519971781348,701.645751953125,7385920.0
2021-07-16,699.4324503453174,708.2860256661443,694.2678647415019,706.0726318359375,5866395.0
2021-07-19,694.2678083185273,697.2189998522936,675.0850633490461,678.0362548828125,6987035.0
2021-07-20,676.560775889521,684.6765540081522,675.0851798679518,678.774169921875,3114282.0
2021-07-21,683.200813025759,686.8898022969564,668.4448559409693,672.8716430664062,4941452.0
2021-07-22,675.0850633490461,686.8898294841114,675.0850633490461,678.0362548828125,4204358.0
2021-07-23,687.6277415448318,689.1033375567306,681.7253574972367,688.3655395507812,4496889.0
2021-07-26,693.5300525735544,693.5300525735544,678.7740940081595,680.9874877929688,4293853.0
2021-07-27,684.6764038346215,699.4323608138159,681.7252124387826,692.0543823242188,7973169.0
2021-07-28,686.8899785759744,687.6277766195576,654.4268646583129,656.6402587890625,16290546.0
2021-07-29,675.0851754436922,689.84113556268,666.2315993722995,688.3655395507812,9074984.0
2021-07-30,689.841066465273,691.3166623293699,669.1827243679173,671.3961181640625,5727104.0
2021-08-02,681.7252921322939,689.103271484375,678.7741003914615,689.103271484375,3940140.0
2021-08-03,699.4323608138159,699.4323608138159,686.1519995325409,692.0543823242188,2919205.0
2021-08-04,699.4324850945724,703.1214749948603,694.2678992341695,700.9080810546875,6059477.0
2021-08-05,708.2860057882414,711.2371974790258,702.3836224066728,709.0238037109375,6733053.0
2021-08-06,705.3348159137954,706.0726138383915,689.841059497279,690.578857421875,3774421.0
2021-08-09,684.6764259296959,684.6764259296959,672.1338620926218,679.5118408203125,4368676.0
2021-08-10,686.1520782934094,686.1520782934094,675.8229072223257,680.2496948242188,2445401.0
2021-08-11,673.6095119602078,675.8229057563531,668.4449264358689,671.3961181640625,4502303.0
2021-08-12,680.9874593684103,680.9874593684103,664.7559056239845,666.9692993164062,4215356.0
2021-08-13,670.6583202320141,675.8229057563531,664.7559367756268,671.3961181640625,4646391.0
2021-08-16,671.396101635119,677.2984849461969,664.0181224962715,664.7559204101562,3692905.0
2021-08-17,664.7559204101562,664.7559204101562,664.7559204101562,664.7559204101562,0.0
2021-08-18,641.8841331883481,672.8716430664062,638.1951439171506,672.8716430664062,6008564.0
2021-08-19,669.9205091321791,674.3472966374578,650.7377632759714,655.16455078125,5483659.0
2021-08-20,663.2804043170103,666.9693943298969,641.884262242268,644.09765625,5459224.0
2021-08-23,650.7377712614057,675.0851028392134,650.7377712614057,672.1339111328125,5262045.0
2021-08-24,678.7740407341515,678.7740407341515,666.231476937977,670.6582641601562,2822689.0
2021-08-25,675.0851028392134,675.0851028392134,664.01813394021,672.1339111328125,3927236.0
2021-08-26,668.4449132970861,669.1827112146326,641.8841882654139,655.16455078125,9234116.0
2021-08-27,644.097602912358,661.0669555664062,644.097602912358,661.0669555664062,5490911.0
2021-08-30,665.4936645240115,672.8716430664062,662.5424731070535,672.8716430664062,4109689.0
2021-08-31,676.5606870323122,676.5606870323122,652.9511537880003,664.7559204101562,7520536.0
2021-09-01,676.5606805992744,686.1520533885771,668.4449036237105,683.9386596679688,9142513.0
2021-09-02,686.1521455329331,697.219115622174,683.9387515150848,688.3655395507812,5703535.0
2021-09-03,692.0544146682025,692.0544146682025,676.5606591159293,678.0362548828125,5908319.0
2021-09-06,669.1827329226903,676.5607123374939,660.3291576249259,661.0669555664062,8142260.0
2021-09-07,664.7559714417653,669.1827592649068,661.8047795596709,666.2315673828125,3726008.0
2021-09-08,663.280270961293,674.3472387748852,660.3290795443351,672.8716430664062,4347700.0
2021-09-09,666.2315162379258,669.9205058073495,662.542526668502,664.7559204101562,6296716.0
2021-09-10,666.2314599609375,682.4630126953125,665.493662109375,682.4630126953125,4767470.0
2021-09-13,677.2984785061439,687.627649202316,677.2984785061439,683.9386596679688,2943072.0
2021-09-14,687.6277322094444,700.1702981403033,687.6277322094444,698.6947021484375,8030381.0
2021-09-15,695.7434478922961,697.2190437520889,684.6764789438503,689.841064453125,5098265.0
2021-09-16,686.152069874299,690.578857421875,683.2008781759148,690.578857421875,2831392.0
2021-09-17,693.5300903320312,702.3836659532913,690.5788984582779,693.5300903320312,7222343.0
2021-09-22,677.2984966190141,682.4630821052158,664.01813394021,672.1339111328125,8331836.0
2021-09-23,678.0362746275188,679.511870437372,667.7071039585468,675.0850830078125,5235288.0
2021-09-24,677.2985739003057,680.9875639542289,672.8717858355977,678.774169921875,4824937.0
2021-09-27,679.51189631839,707.5482177734375,679.51189631839,707.5482177734375,10615379.0
2021-09-28,707.548227722742,714.9262071567643,697.2190565151108,706.0726318359375,7201265.0
2021-09-29,693.5300407952834,695.7434345425024,673.6094970703125,673.6094970703125,8299794.0
2021-09-30,673.6095369960722,675.0851329150121,661.0669716850829,667.7071533203125,7633321.0
2021-10-01,667.7070681469588,667.7070681469588,650.7377172437765,652.9511108398438,6270815.0
2021-10-04,658.1156616210938,663.2802464096001,647.786492044081,658.1156616210938,4562934.0
2021-10-05,643.359765850274,647.7865532299777,630.8172016077801,639.6707763671875,8653551.0
2021-10-06,645.5731397381332,656.6401078479298,642.6219482421875,642.6219482421875,5342508.0
2021-10-07,652.9511650412064,674.3473049126131,651.4755691880059,672.1339111328125,6379657.0
2021-10-08,678.0362995524983,682.4630871447888,668.4449264358689,671.3961181640625,4246459.0
2021-10-12,669.1827786863859,669.9205766783223,652.9512228637833,654.4268188476562,6289120.0
2021-10-13,657.3779513542723,658.8535472046748,635.9818115234375,635.9818115234375,5526679.0
2021-10-14,641.8842446463449,644.0976385934013,619.0125071934292,619.7503051757812,8578196.0
2021-10-15,629.3417156134909,633.7685037655201,624.9149274614616,632.2929077148438,6129997.0
2021-10-18,635.9817868841011,647.7865532299777,634.5061910908665,639.6707763671875,5973592.0
2021-10-19,647.0487849653962,664.0181373647167,643.35979531337,662.5425415039062,5917354.0
2021-10-20,671.396101635119,677.2984849461969,664.7559204101562,664.7559204101562,4486883.0
2021-10-21,672.8716991545729,681.7252741434488,666.2315179129159,673.6094970703125,5875235.0
2021-10-22,673.6095540188816,683.200927734375,668.4449681720774,683.200927734375,4483378.0
2021-10-25,684.6764038346215,696.4811694179771,675.8228296471049,692.0543823242188,5129397.0
2021-10-26,701.6458378281704,702.3836357648983,693.5300605241642,697.9568481445312,6282515.0
2021-10-27,700.1702004855858,706.810381522857,687.6276363040738,695.005615234375,7944259.0
2021-10-28,695.0056449694512,698.6946345924313,683.9386761005109,690.578857421875,3776228.0
2021-10-29,692.0544449638041,692.7922428795438,673.6094970703125,673.6094970703125,5373611.0
2021-11-01,682.4630886251653,686.1520782934094,676.5607051559746,680.2496948242188,2927412.0
2021-11-02,685.41418943734,689.1031786162278,678.0362110795645,684.6763916015625,2920555.0
2021-11-03,689.1032814386066,692.7922711679353,685.4142917092778,687.627685546875,3049201.0
2021-11-04,697.2189548097807,697.2189548097807,683.2007959300074,684.6763916015625,2340539.0
2021-11-05,692.7922923635929,693.5300903320312,683.938716742333,693.5300903320312,3449046.0
2021-11-08,698.6946597975128,725.2553860411352,696.4812659438776,723.0419921875,10466167.0
2021-11-09,737.7978989926828,737.7978989926828,720.0907494168584,721.5663452148438,6868045.0
2021-11-10,717.1395340125098,721.5663212595007,706.8103637695312,706.8103637695312,3495810.0
2021-11-11,690.5788896668632,708.2860406839623,690.5788896668632,703.8592529296875,3783645.0
2021-11-12,711.2372103096388,728.9443607737792,705.3348268215921,725.25537109375,4282008.0
2021-11-15,745.1759503620427,763.6208996284299,737.7979706554878,756.242919921875,11093470.0
2021-11-16,756.242870386096,770.998828832654,745.1759015511775,763.620849609375,5633120.0
2021-11-17,782.0658231568568,793.1327923524727,752.5539053018811,759.931884765625,6797429.0
2021-11-18,782.0657942108295,811.5777109735022,774.6878150201612,800.5107421875,12481999.0
2021-11-19,822.6447168752688,826.3337066370414,782.0658294957713,804.1997680664062,9960213.0
2021-11-22,811.5777361834491,818.9557156032987,796.82177734375,796.82177734375,4887612.0
2021-11-23,789.4438002166024,804.1997590991558,774.6878413340492,778.3768310546875,6036742.0
2021-11-24,770.9988652742826,782.0658346322866,756.2429061302772,767.3098754882812,4207454.0
2021-11-25,770.998828832654,778.376808055933,752.5538807744565,763.620849609375,2988005.0
2021-11-26,752.553907707556,756.2428974512205,734.8467569379665,741.4869384765625,4249254.0
2021-11-29,736.3223504816444,759.931884765625,731.1577648570237,759.931884765625,3787113.0
2021-11-30,774.6878202834931,782.0657995242883,745.1759033203125,745.1759033203125,8133035.0
2021-12-01,752.5538553587148,789.4437502292401,745.1758763846098,785.7547607421875,6353875.0
2021-12-02,770.9988493742767,800.5107670536748,767.3098596643518,796.82177734375,7112276.0
2021-12-03,796.8217543116156,804.1997335182045,778.376806295143,782.0657958984375,4662507.0
2021-12-06,782.0657942108295,800.5107421875,767.3098358294931,800.5107421875,4605648.0
2021-12-07,782.065771255135,796.8217292033451,774.6877922810299,785.7547607421875,6117755.0
2021-12-08,800.5107536141732,818.955701854131,796.8217639661815,807.8887329101562,7323171.0
2021-12-09,807.8887213781682,811.5777109735022,793.1327629968317,800.5107421875,2463930.0
2021-12-10,793.1327514648438,800.5107305482376,785.7547723814498,793.1327514648438,2943248.0
2021-12-13,789.4437619231468,807.8887096316315,789.4437619231468,793.1327514648438,3276917.0
2021-12-14,789.4437866210938,793.1327762782016,774.687827992662,789.4437866210938,4130770.0
2021-12-15,785.7547855017319,793.132764708321,770.9988270885539,782.0657958984375,2981924.0
2021-12-16,800.5107783046337,804.1997680664062,793.1327987810888,804.1997680664062,3810497.0
2021-12-17,793.1327514648438,807.8887096316315,789.4437619231468,793.1327514648438,4197118.0
2021-12-20,789.4438002166024,793.1327899372408,778.3768310546875,778.3768310546875,3226773.0
2021-12-21,818.9557271134963,818.9557271134963,789.4438090193163,804.1997680664062,4406508.0
2021-12-22,807.8887213781682,807.8887213781682,796.8217525921658,800.5107421875,1329910.0
2021-12-23,804.1997432621647,815.2667122061395,800.5107536141732,807.8887329101562,2693726.0
2021-12-24,811.5777206420898,833.7116584777832,807.8887310028076,826.3336791992188,4983433.0
2021-12-27,830.0226069954285,874.290479368518,826.3336176310044,844.778564453125,8440835.0
2021-12-28,855.8456283244681,870.6015874335106,852.1566385472074,866.91259765625,4928695.0
2021-12-29,870.6015377768987,885.3574960443037,863.2235586431962,874.29052734375,5074409.0
2021-12-30,885.3575326615021,885.3575326615021,866.9125840643875,877.9795532226562,3809725.0
2022-01-03,889.0464111328125,896.4243896484375,844.7785400390625,848.467529296875,7374387.0
2022-01-04,859.5345458984375,866.9125248331881,844.7785880289364,859.5345458984375,6688764.0
2022-01-05,863.2236078789894,877.9795669880319,848.4676487699468,866.91259765625,7020406.0
2022-01-06,848.4676653488092,852.1566551981518,818.955746554068,837.4006958007812,8129690.0
2022-01-07,833.7116976651278,844.7786671031605,804.1997791637074,811.5777587890625,8258414.0
2022-01-10,796.8217639661815,807.8887329101562,789.4437846701984,807.8887329101562,7069419.0
2022-01-11,804.1997567635996,807.8887464735243,785.7548082139757,796.82177734375,4406422.0
2022-01-12,807.8887213781682,807.8887213781682,789.4437734014977,800.5107421875,3016339.0
2022-01-13,804.1997791637074,818.9557384144176,800.5107893510298,811.5777587890625,5047874.0
2022-01-14,804.1997081774501,804.1997081774501,778.3767817680825,785.7547607421875,5581491.0
2022-01-17,793.1327375061309,826.3336427970852,789.4437480293582,822.6446533203125,5457933.0
2022-01-18,818.9556520211751,844.7785779858067,815.2666625976562,815.2666625976562,4858889.0
2022-01-19,807.8887689763849,826.3337180397727,804.1997791637074,811.5777587890625,4742173.0
2022-01-20,815.2667373517238,818.9557271134963,789.4438090193163,804.1997680664062,5235983.0
2022-01-21,782.0658073068779,796.8217659353095,778.3768176497699,789.4437866210938,5844178.0
2022-01-24,782.0658294957713,804.1997680664062,774.6878499722262,804.1997680664062,5048568.0
2022-01-25,796.8217525921658,804.1997317828341,789.4437734014977,800.5107421875,4466066.0
2022-01-26,789.4437619231468,807.8887096316315,789.4437619231468,793.1327514648438,5129604.0
2022-02-07,833.7116976651278,833.7116976651278,793.1328097256746,811.5777587890625,18787872.0
2022-02-08,830.0226707981058,830.0226707981058,804.1997432621647,807.8887329101562,8746495.0
2022-02-09,830.0226802319552,837.4006596117948,807.8887420924365,833.711669921875,7950712.0
2022-02-10,841.0896227606412,859.534570628199,830.0226540401064,855.8455810546875,8574392.0
2022-02-11,848.467529296875,863.223486328125,844.7785400390625,848.467529296875,4989740.0
2022-02-14,826.3336308682126,830.0226202917314,811.5776731741374,815.2666625976562,5433143.0
2022-02-15,818.9557384144176,826.3337180397727,804.1997791637074,811.5777587890625,3248639.0
2022-02-16,833.711669921875,833.711669921875,822.6447008521156,833.711669921875,2903544.0
2022-02-17,833.711669921875,837.4006596117948,826.3336905420355,833.711669921875,3007009.0
2022-02-18,822.6446895599365,830.022668838501,815.2667102813721,826.3336791992188,2500405.0
2022-02-21,822.6447008521156,837.4006596117948,818.9557111621958,833.711669921875,3088278.0
2022-02-22,822.6447393743842,826.3337292370496,804.1997900610572,818.9557495117188,4745273.0
2022-02-23,818.9556999206543,826.3336791992188,811.5777206420898,826.3336791992188,3540429.0
2022-02-24,807.8887231214991,815.2667023280881,778.376806295143,782.0657958984375,7867454.0
2022-02-25,793.1327629968317,807.8887213781682,782.0657942108295,800.5107421875,7091202.0
2022-03-01,815.26674860174,826.3337180397727,807.8887689763849,811.5777587890625,5420606.0
2022-03-02,815.2667258933739,815.2667258933739,789.4437979239005,796.82177734375,3632197.0
2022-03-03,800.5107670536748,811.5777361834491,785.7548082139757,796.82177734375,3799148.0
2022-03-04,782.0658488948171,782.0658488948171,756.242919921875,756.242919921875,6254448.0
2022-03-07,726.7308986334153,734.1088772997443,715.6639306339216,717.1395263671875,10685986.0
2022-03-08,697.2190871194144,727.4688041267117,695.7434911678389,710.4994506835938,7230258.0
2022-03-09,716.4017580399602,720.0907475252329,705.3347895841421,712.7127685546875,5981552.0
2022-03-10,730.4199580667007,741.4869271283173,724.5175745671718,734.1089477539062,5820879.0
2022-03-11,737.7979757877401,737.7979757877401,709.0238547320182,710.4994506835938,5586320.0
2022-03-14,717.8774026773743,719.3529985718808,689.1032827344991,696.4812622070312,8517631.0
2022-03-15,688.3654383431493,689.8410341380971,664.7559056239845,666.9692993164062,9349160.0
2022-03-16,686.1520920725089,686.889890020974,664.0181536185571,669.1827392578125,7483037.0
2022-03-17,701.645790415362,721.5663333609085,700.1701946416177,714.1883544921875,9344377.0
2022-03-18,716.4018043856626,718.6151982200158,704.5970372691121,714.9262084960938,6554769.0
2022-03-21,726.7309305077926,726.7309305077926,720.8285473158511,721.5663452148438,3910421.0
2022-03-22,716.4017138671875,723.04189453125,713.4505224609375,719.3529052734375,3925166.0
2022-03-23,728.9443291905226,734.1089145187955,720.0907543420548,720.8285522460938,4105013.0
2022-03-24,721.566313566985,721.566313566985,713.4505370340229,717.1395263671875,4654086.0
2022-03-25,719.3529861717342,720.0907841062693,711.975006826383,716.4017944335938,3500490.0
2022-03-28,700.9080720640317,711.2372436523438,697.9568801816567,711.2372436523438,2654466.0
2022-03-29,686.8898022969564,701.645759381746,666.231462378251,672.8716430664062,12940484.0
2022-03-30,672.8716892930328,680.987466247225,666.2315081486937,675.0850830078125,11058276.0
2022-03-31,664.0181635229627,678.0363247528919,664.0181635229627,667.7071533203125,8375072.0
2022-04-01,664.0181884765625,666.9693804253471,658.8536025661892,664.0181884765625,9228783.0
2022-04-06,633.030523390997,651.4754687112476,630.817129952567,650.7376708984375,13328503.0
2022-04-07,633.030556640625,643.3597265625,627.128173828125,627.128173828125,12287176.0
2022-04-08,627.8660829816546,633.7684668404715,615.3235172816686,619.7503051757812,12711666.0
2022-04-11,619.0124660656213,624.9148495322779,613.8478805322967,616.799072265625,6163957.0
2022-04-12,619.7502951723945,625.6526789359411,612.3723154679612,621.2258911132812,7748278.0
2022-04-13,626.3904701926491,650.737802956321,624.914874267578,649.26220703125,10111374.0
2022-04-14,644.8353297004301,644.8353297004301,635.2439575195312,635.2439575195312,6220281.0
2022-04-15,627.8659991484423,628.603797032283,613.110041471628,613.8478393554688,7092675.0
2022-04-18,610.1588450565773,622.7014089815614,610.1588450565773,614.5856323242188,3933699.0
2022-04-19,630.8171605950039,635.9817455355478,618.2745971679688,618.2745971679688,6253901.0
2022-04-20,624.9148720714534,631.5550537109375,620.4880843117973,631.5550537109375,5489289.0
2022-04-21,630.0793988627772,643.3597608996976,627.1282072990172,640.4085693359375,4505663.0
2022-04-22,625.6526799436475,632.2928616883324,624.1770840003842,630.0794677734375,5736473.0
2022-04-25,614.5857342682432,618.2747242698532,613.1101382675992,617.5369262695312,5934807.0
2022-04-26,614.5856323242188,617.5368238359797,608.6832493006968,614.5856323242188,6976630.0
2022-04-27,594.6650902776435,602.0430690652073,588.024909368836,596.1406860351562,8488189.0
2022-04-28,616.0612528335645,629.3416151700965,605.732082127373,610.8966674804688,12449177.0
2022-04-29,627.1282738375377,627.1282738375377,612.372314453125,612.372314453125,6664286.0
2022-05-03,612.37224150867,614.5856351526772,596.1406881192836,604.9942626953125,8296427.0
2022-05-04,611.6343994140625,616.0611863820774,608.6832081020525,611.6343994140625,3551729.0
2022-05-05,621.9636329170073,625.652622436088,617.5368454941105,620.488037109375,5091069.0
2022-05-06,596.8785969027513,615.3235473632812,596.14079888433,615.3235473632812,5655744.0
2022-05-09,605.732156938879,610.1589449311241,599.8297729492188,599.8297729492188,3073344.0
2022-05-10,590.9761029499333,607.9454542206555,590.9761029499333,604.9942626953125,5843583.0
2022-05-11,600.5674319940252,613.1099950700675,599.8296341660227,611.6343994140625,3755757.0
2022-05-12,610.8966457459985,616.0612309153487,604.9942626953125,604.9942626953125,4101437.0
2022-05-13,613.1100483415814,623.4392188310907,610.896654665258,621.963623046875,4569731.0
2022-05-16,626.3904387872869,633.0306201171876,608.6832885742188,608.6832885742188,4950541.0
2022-05-17,618.2746433979266,624.9148245322718,612.3722601673975,620.488037109375,4006249.0
2022-05-18,630.0794018126371,630.8171997070312,623.4392207630895,630.8171997070312,5390518.0
2022-05-19,619.0124823034163,624.914865924903,616.0612904926729,623.4392700195312,4799600.0
2022-05-20,620.4880125798796,627.1281934517214,616.7990232066342,624.177001953125,3499866.0
2022-05-23,630.0793998600608,632.2927935363842,621.963623046875,621.963623046875,3192724.0
2022-05-24,625.6526778990964,625.6526778990964,612.372314453125,612.372314453125,2917189.0
2022-05-25,614.585644125797,625.652612507414,609.4210588810424,621.963623046875,3229937.0
2022-05-26,626.3903983712626,626.3903983712626,613.8478344462785,614.5856323242188,3458958.0
2022-05-27,621.2258465741132,628.6038257495777,618.2746549039274,627.8660278320312,3283990.0
2022-05-30,638.1951873014619,647.7865600585938,637.4573893970672,647.7865600585938,5134164.0
2022-05-31,646.3110124956837,667.7071533203125,639.6708308604541,667.7071533203125,10189792.0
2022-06-01,666.2315574013726,672.8717390366022,661.0669716850829,667.7071533203125,5234259.0
2022-06-02,663.2803394343115,668.4449249471481,661.804743573501,662.5425415039062,3858451.0
2022-06-06,661.0669716850829,672.8717390366022,656.6401839282631,667.7071533203125,5605415.0
2022-06-07,664.0182392248947,664.7560372684779,656.6402587890625,656.6402587890625,5521169.0
2022-06-08,666.231554782006,688.3654934790826,664.0181609122984,686.152099609375,10296010.0
2022-06-09,683.9386745304257,689.841057913644,678.7740890701097,681.7252807617188,5894187.0
2022-06-10,675.0851302608366,689.1032914356518,674.3473323042675,686.152099609375,4826273.0
2022-06-13,665.4937887267034,669.1827786863859,652.9512228637833,654.4268188476562,8704050.0
2022-06-14,641.8842274058949,650.737802956321,638.9330355557528,649.26220703125,6417629.0
2022-06-15,649.2621871464933,658.8535603657028,647.7865912666148,652.21337890625,5010720.0
2022-06-16,668.4449903350514,669.9205863402061,641.1464642396907,644.09765625,4915525.0
2022-06-17,624.9148126228048,631.5549936306031,613.1100463867188,613.1100463867188,12964828.0
2022-06-20,618.274709211077,628.6038809640067,613.8479213169643,619.7503051757812,6893103.0
2022-06-21,635.2439840993574,640.4085693359375,624.9148136261971,640.4085693359375,7304422.0
2022-06-22,625.6526704809479,628.6038623228392,593.9273581806169,595.4029541015625,14514935.0
2022-06-23,592.970243633918,600.270834868809,550.789049832326,558.9008178710938,30393472.0
2022-06-24,553.2225861051189,564.5790614797107,542.6772875429979,543.4884643554688,14518315.0
2022-06-27,555.6561432334878,563.7679117478452,549.9779052734375,549.9779052734375,10153354.0
2022-06-28,543.4884704496087,549.9778850221414,524.0202267320108,528.0761108398438,16181238.0
2022-06-29,522.3979200400671,541.8661655073988,519.1532124621785,536.1879272460938,13465426.0
2022-06-30,531.32081812611,536.9990558770761,524.8314035535774,528.0761108398438,9682997.0
2022-07-01,528.8872564976512,531.3207868189593,494.8178319993362,496.440185546875,10051624.0
2022-07-04,494.00664429110515,505.36311887250986,491.5731140236613,495.6289978027344,8976016.0
2022-07-05,506.1743711890244,511.0414324504573,484.27259551257623,498.873779296875,8934695.0
2022-07-06,500.49608446862084,502.11843806495347,489.1396092942923,490.761962890625,7663311.0
2022-07-07,496.44026270452537,517.5308621004692,491.5732013054614,515.9085083007812,8633974.0
2022-07-08,527.2649340182771,532.9431717692432,520.7755194457445,528.0761108398438,9061449.0
2022-07-11,531.3207864087642,532.1319631819074,515.0972509459012,516.7196044921875,5102748.0
2022-07-12,509.4190675816241,510.2302444408305,493.19553039749593,498.0625915527344,7334318.0
2022-07-13,527.264900087182,528.8872536259119,511.85254146924905,514.2860717773438,6616953.0
2022-07-14,510.23025673314146,528.8873249443692,506.98554921814537,524.020263671875,5473704.0
2022-07-15,524.0202244888117,528.8872853973766,517.5308099440587,525.642578125,7738288.0
2022-07-18,528.8873351958443,545.9220499797595,527.2649814069,536.1879272460938,7836261.0
2022-07-19,533.754377013607,541.0549687964678,531.32084641932,536.9990844726562,4680873.0
2022-07-20,551.6002126315667,557.2784501145387,541.0549144489044,544.2996215820312,8066906.0
2022-07-21,552.4114231557154,580.8026123046875,549.977892657232,580.8026123046875,11439799.0
2022-07-22,582.4249991342531,584.8585297713042,568.634992190963,571.8796997070312,8280121.0
2022-07-25,563.767836814703,566.2013670455577,557.2784228657567,558.089599609375,5931222.0
2022-07-26,550.7891451349692,564.5791531869493,547.5444373580327,552.4114990234375,5330274.0
2022-07-27,536.187858367424,549.1666870117188,535.3766815771556,549.1666870117188,6598262.0
2022-07-28,562.1455402989541,562.1455402989541,549.9778879115308,553.2225952148438,4665061.0
2022-07-29,559.7119900213328,569.4461115869211,548.3555148614796,554.0337524414062,6916095.0
2022-08-01,554.8449576869822,564.5790797516661,546.7331892997455,562.9567260742188,6377879.0
2022-08-02,550.7890452528768,559.7119900213328,545.1108076729502,554.0337524414062,6108080.0
2022-08-03,555.6561083557307,558.900815557808,549.9778707520954,556.46728515625,3556948.0
2022-08-04,558.9007935105709,561.3343238161322,551.600202593887,554.8449096679688,3455237.0
2022-08-05,567.8237638380405,581.61376953125,566.2014102270746,581.61376953125,6982355.0
2022-08-08,578.3690356858527,584.0472730628527,572.6907983088528,575.1243286132812,5059785.0
2022-08-09,569.446140784008,572.6908481389027,559.7120187193241,562.9567260742188,5278814.0
2022-08-10,549.1667417423454,551.6002723556792,541.8661499023438,541.8661499023438,6321671.0
2022-08-11,543.4884643554688,548.3555252302938,537.8102266681727,543.4884643554688,9025318.0
2022-08-12,546.7331419827646,554.8449096679688,543.4884349086828,554.8449096679688,4446417.0
2022-08-15,558.0896736123407,575.1243874871359,556.4673199099792,572.6908569335938,4793921.0
2022-08-16,575.1243874871359,581.6138022965818,571.8796800824131,572.6908569335938,5340783.0
2022-08-17,573.5020316111753,576.7467390036006,567.0126168263247,570.25732421875,4656601.0
2022-08-18,569.4461059570312,571.879636324369,560.5231612767928,569.4461059570312,4104406.0
2022-08-19,568.6349837838485,568.6349837838485,562.1455688476562,562.1455688476562,4021243.0
2022-08-22,553.2225709630608,554.0337477533292,548.3555102214503,549.1666870117188,3039000.0
2022-08-23,541.8660549186391,550.7889989367604,539.4325247318787,548.35546875,3485299.0
2022-08-24,551.6002301583584,554.0337605855276,541.054931640625,541.054931640625,3956917.0
2022-08-25,543.4884643554688,549.1667020427647,540.2437571055854,543.4884643554688,2981905.0
2022-08-26,550.7890821248733,557.2784969363593,547.5443747191302,549.9779052734375,2900649.0
2022-08-29,532.9431937482054,534.5655474582455,528.0761326180848,529.698486328125,4654505.0
2022-08-30,529.6984689558659,535.3767067547802,525.6425848137843,532.9431762695312,4506040.0
2022-08-31,531.3208099319481,544.2996388768506,528.8872795047789,541.054931640625,4221631.0
2022-09-01,531.320815851659,536.1878767602237,521.5866940345293,525.642578125,7093281.0
2022-09-02,519.1531628024194,523.2090468868133,502.9296264648438,502.92962646484375,9474700.0
2022-09-05,499.6849769556012,516.7196920790876,499.6849769556012,511.8526306152344,5842744.0
2022-09-06,513.4749012084379,515.9084315459187,508.6078405334764,510.2301940917969,3988122.0
2022-09-07,502.92964608680836,506.9855303294439,494.00670075301014,502.11846923828125,5069764.0
2022-09-08,504.5520128277676,507.7967203057597,500.49612848027755,505.3631896972656,3336148.0
2022-09-12,514.286210104229,520.7756260045978,507.79679420386014,508.60797119140625,5000340.0
2022-09-13,511.85257601509466,515.908460135658,506.9855150704186,507.79669189453125,4327108.0
2022-09-14,489.13965677400915,500.49613305068596,488.32847989710365,498.873779296875,6129131.0
2022-09-15,495.62902202853905,502.9296131877156,495.62902202853905,499.6849060058594,3490200.0
2022-09-16,492.3843846130371,495.6290922546387,486.7061462402344,486.7061462402344,7961748.0
2022-09-19,491.57315932520174,495.62904347804994,487.51727517235355,489.9508056640625,4262713.0
2022-09-20,492.38431648695763,495.6290236796229,489.1396092942923,490.761962890625,3209089.0
2022-09-21,494.8178468814566,494.8178468814566,487.5172556979597,490.761962890625,4305556.0
2022-09-22,485.08372463994425,486.70607823405777,476.16077987231984,479.4054870605469,5520105.0
2022-09-23,479.4055198406351,481.83905039820183,470.4825744628907,470.4825744628906,4137245.0
2022-09-26,464.80433877365033,467.23786934314586,457.5037470651637,461.55963134765625,5078590.0
2022-09-27,463.181974115506,465.6155046274964,456.6925594168649,460.7484436035156,4395712.0
2022-09-28,463.9931439040998,467.23785120412845,442.09136962890625,442.09136962890625,7153489.0
2022-09-29,452.6366772730706,456.69256147802645,438.0354941352296,440.4690246582031,7957861.0
2022-09-30,434.7907528747448,449.3919348742698,432.3572225414906,446.9584045410156,5765497.0
2022-10-03,440.46901819827787,451.0143169765055,438.84666454008897,444.52490234375,3207800.0
2022-10-04,457.50372985520283,464.80432128906244,457.50372985520283,464.8043212890625,4417460.0
2022-10-05,483.4613670896807,493.1954885747079,480.216659928005,485.8948974609375,9523847.0
2022-10-06,489.13965769155266,489.95083456997975,474.5384738798645,476.16082763671875,6813772.0
2022-10-07,471.2937827497826,472.1049596564087,457.50377533713834,459.1261291503906,5990213.0
2022-10-11,442.90257243868666,458.3149330180549,438.84668807569506,448.580810546875,8035781.0
2022-10-12,451.8255048796996,451.8255048796996,438.8466752960817,445.3360900878906,6779101.0
2022-10-13,446.14727356854604,449.39198101268096,436.4131512361414,441.28021240234375,6734775.0
2022-10-14,455.88138479901176,476.97198267227566,453.44785427517365,474.5384521484375,9168365.0
2022-10-17,460.7484308262597,470.4825526042793,458.3149003817548,468.8601989746094,6538416.0
2022-10-18,481.02786908830916,482.6502227783203,467.23786272321433,476.97198486328125,6492274.0
2022-10-19,474.5384565383144,479.4055176310151,468.0490417480469,468.0490417480469,5843559.0
2022-10-20,459.12608128597867,462.37078857421875,452.6366667094984,462.37078857421875,8517491.0
2022-10-21,459.9372863769531,469.67140883995745,458.3149326331191,459.9372863769531,4956286.0
2022-10-24,476.1608080182757,483.4613996233259,474.53845432826455,476.97198486328125,5684321.0
2022-10-25,479.40548565120935,480.2166624458814,456.6925354003906,456.6925354003906,6381937.0
2022-10-26,461.5595883911344,472.10488654418316,458.3148812671194,469.6713562011719,6518295.0
2022-10-27,477.783203125,480.21673387096774,472.9161416330645,477.783203125,6051076.0
2022-10-28,472.10488562119747,474.5384159594511,457.5037035916759,458.31488037109375,6036461.0
2022-10-31,474.5384759418035,489.9508366988877,467.2378840042373,478.5943603515625,16334090.0
2022-11-01,480.216659928005,489.9507814130322,478.59430634716716,485.8948974609375,7663380.0
2022-11-02,482.6501902992618,492.38431178428897,481.02783671842394,485.8948974609375,6657914.0
2022-11-03,476.1608464050293,488.3285000610352,476.1608464050293,486.7061462402344,6358739.0
2022-11-04,486.7060829047582,486.7060829047582,475.3496076369805,484.2725524902344,4370544.0
2022-11-07,493.1955046622984,505.36315691548015,487.51726694414697,502.92962646484375,8093011.0
2022-11-08,512.6637482673891,512.6637482673891,499.68491919732867,502.92962646484375,7837433.0
2022-11-09,509.41900390625,532.131953125,507.79665039062496,527.264892578125,12019117.0
2022-11-10,525.642646928267,535.3767700195312,519.9644084583629,535.3767700195312,7154267.0
2022-11-11,566.2014378138952,567.8237915039062,551.6002546037947,567.8237915039062,15760682.0
2022-11-14,571.8796735240876,575.9355577334783,562.9567282634281,565.3902587890625,9563892.0
2022-11-15,571.0684946329641,596.2149766409497,567.8237872770949,585.669677734375,13610403.0
2022-11-16,593.7814308449074,598.6484917534722,583.2361322096837,591.347900390625,9978727.0
2022-11-17,600.2709253771552,600.2709253771552,580.8026791487069,588.103271484375,6790953.0
2022-11-18,593.7814461240478,601.8932145137206,580.8026167005713,585.669677734375,5407566.0
2022-11-21,580.8026557074653,585.6697170681424,575.1244174533421,584.04736328125,4344910.0
2022-11-22,573.5020186115281,579.9914332492823,570.257311292651,578.3690795898438,6221790.0
2022-11-23,585.6697066503214,585.6697066503214,571.8796997070312,571.8796997070312,3108090.0
2022-11-24,579.99144417899,597.0261579241072,576.7467367989676,590.5367431640625,7357285.0
2022-11-25,591.3478784784162,597.0261159946699,586.4808177501989,589.7255249023438,5668842.0
2022-11-28,570.25732421875,583.2361537884514,570.25732421875,570.25732421875,5409513.0
2022-11-29,563.7678966548968,582.4249637384402,563.7678966548968,578.3690795898438,5090965.0
2022-11-30,579.1802312374765,598.6484743042824,576.7467008541258,594.5925903320312,9170864.0
2022-12-01,608.3826227226721,613.2496837044534,598.6485007591093,601.08203125,6799631.0
2022-12-02,592.1590645548778,606.7602469685597,592.1590645548778,599.4596557617188,4024014.0
2022-12-05,599.4596557617188,612.4384845738805,599.4596557617188,599.4596557617188,4458434.0
2022-12-06,599.4597484509699,603.5156330818966,584.0473868534483,588.103271484375,4949511.0
2022-12-07,581.6137891375153,590.5367342986208,578.3690818062042,580.8026123046875,5243678.0
2022-12-08,587.2920604083555,588.1032372873725,571.8796997070312,571.8796997070312,4093975.0
2022-12-09,579.1802481192129,591.347900390625,576.7467176649305,591.347900390625,4352527.0
2022-12-12,579.9914529350367,580.8026297922885,571.8796843625187,577.5579223632812,4940725.0
2022-12-13,581.6137427584241,585.6696265991384,574.3131518451385,575.1243286132812,5634859.0
2022-12-14,581.6138109297473,587.2920489722972,579.1802803400831,582.4249877929688,4944047.0
2022-12-15,570.2573917965882,572.6909226292905,552.4114990234375,552.4114990234375,13507515.0
2022-12-16,529.6985315496271,539.4326546408913,528.0761777010831,535.3767700195312,12668262.0
2022-12-19,527.2648974162777,536.9990185993473,527.2648974162777,532.1319580078125,6529791.0
2022-12-20,527.2649711868712,535.3767399743615,524.020263671875,524.020263671875,5800713.0
2022-12-21,526.4538199981783,536.1879430181755,524.020289243179,530.5097045898438,4667715.0
2022-12-22,539.4326348239823,541.8661655073988,536.1879272460938,536.1879272460938,4043075.0
2022-12-23,528.0761777010831,536.1879469438032,525.642646928267,535.3767700195312,2381097.0
2022-12-26,536.1878790555095,536.1878790555095,528.0761108398438,528.0761108398438,1464464.0
2022-12-27,530.5096044773009,538.621372129859,529.698427712045,532.1319580078125,1927473.0
2022-12-28,526.4537058863147,526.4537058863147,503.7407570961501,517.53076171875,8725713.0
2022-12-29,511.04137087095717,511.8525476501174,505.3631334168354,510.2301940917969,3623909.0
2022-12-30,515.0972722167969,519.1531562499999,506.9855041503906,506.9855041503906,2332797.0
2023-01-03,505.3631153935971,523.209003898668,503.74076189313615,522.3978271484375,4451795.0
2023-01-04,518.3420390003132,522.3979234995332,515.0973314009373,515.9085083007812,2734185.0
2023-01-05,517.5308689897298,519.9643997216565,506.98556915138107,511.8526306152344,5231120.0
2023-01-06,514.2861699884588,535.3767700195312,514.2861699884588,535.3767700195312,6890898.0
2023-01-09,544.299665165654,547.5443725585938,539.4326040762443,547.5443725585938,6953372.0
2023-01-10,554.8449576869822,564.5790797516661,552.4114271708112,562.9567260742188,8579851.0
2023-01-11,567.8237763961943,573.5020141601562,562.9567154556555,573.5020141601562,6807896.0
2023-01-12,575.9355707768793,584.0473393793706,574.3132170563811,579.991455078125,6154916.0
2023-01-13,585.6696775584811,588.9143849133758,560.5231955580477,562.9567260742188,6607197.0
2023-01-16,573.5019506107677,577.5578342784535,568.6348902095448,571.0684204101562,4831796.0
2023-01-17,572.6908681189688,575.1243987200409,562.1455688476562,562.1455688476562,4423459.0
2023-01-30,595.4037717579182,599.4596557617188,575.1243517389156,599.4596557617188,14092868.0
2023-01-31,595.4038176045112,610.0050011424966,580.8026340665259,582.4249877929688,10849696.0
2023-02-01,587.2921142578125,590.5368220713916,582.4250525374439,587.2921142578125,5742796.0
2023-02-02,605.9490356445312,610.8160961717966,597.8372680990891,605.9490356445312,11004915.0
2023-02-03,601.8932556071072,610.8162014449484,601.082078712758,609.19384765625,6331833.0
2023-02-06,604.3267517507321,607.5714591426823,592.1590990309187,592.9702758789062,7504061.0
2023-02-07,599.4596592518741,599.4596592518741,580.8025927257671,581.61376953125,7083578.0
2023-02-08,588.9144405241935,605.9491557459677,588.103263608871,603.515625,7726469.0
2023-02-09,600.2708803795687,607.5714721679688,597.0261729180575,607.5714721679688,3943535.0
2023-02-10,607.5714039570577,607.5714039570577,599.4596362139728,600.2708129882812,3178891.0
2023-02-13,596.2149832708565,597.8373369668316,588.9143916389685,592.9702758789062,4083761.0
2023-02-14,597.8373786634435,601.893263186262,592.9703172360613,593.781494140625,3253855.0
2023-02-15,592.1590206522337,592.1590206522337,574.3131323586048,575.9354858398438,6560069.0
2023-02-16,580.8026495610276,582.4250033307511,572.6908807124099,576.7467651367188,5055383.0
2023-02-17,574.3131230144579,586.4807739257812,573.5019462870364,586.4807739257812,3496855.0
2023-02-20,588.1032518118866,593.7814901052427,583.2361904175814,588.9144287109375,2557688.0
2023-02-21,590.536802262931,595.4038638200432,587.2920945581897,588.103271484375,2680312.0
2023-02-22,582.4249637384402,585.6696710573173,578.3690795898438,578.3690795898438,4226425.0
2023-02-23,587.2920675597735,604.3267822265625,585.669713781984,604.3267822265625,7415265.0
2023-02-24,609.1937222935846,610.0048990210062,586.4807739257812,586.4807739257812,8014012.0
2023-03-01,597.8372636836036,644.885515099681,592.9702031922853,641.6408081054688,15610514.0
2023-03-02,640.8297008883569,640.8297008883569,627.0396946667087,628.6620483398438,9407400.0
2023-03-03,631.0955788495464,640.0185240517893,625.4173409935736,628.6620483398438,6400777.0
2023-03-06,636.7738233293807,644.8855917794364,630.2844085693359,635.962646484375,7426468.0
2023-03-07,640.0185132486565,640.8296900715319,635.1514523114045,639.2073364257812,5137242.0
2023-03-08,634.3403016726177,635.9626553853353,620.5502951145172,622.9838256835938,8327224.0
2023-03-09,623.7949610266256,628.6620218408776,622.172607421875,622.172607421875,5235081.0
2023-03-10,615.6831640818763,617.3055176104187,610.8161034962488,613.2496337890625,5780275.0
2023-03-13,613.2497207082379,619.7391357421875,602.7044212780698,619.7391357421875,4934528.0
2023-03-14,607.5713603637536,622.9837179697766,607.5713603637536,617.3054809570312,4970598.0
2023-03-15,621.3614853026055,627.0397234189479,614.0608934387368,614.8720703125,5204405.0
2023-03-16,609.1937499677063,620.5502246675038,606.7602196748926,613.2496337890625,5857200.0
2023-03-17,624.6061424265241,630.284380084947,621.3614351931395,627.0396728515625,6673769.0
2023-03-20,627.0397930987469,632.7180318460836,622.9839082792208,624.6062622070312,5239975.0
2023-03-21,629.4732426941472,631.906773271573,618.927943525302,625.4173583984375,5224780.0
2023-03-22,630.2844064006732,636.7738211383893,629.4732295584588,633.5291137695312,5008621.0
2023-03-23,632.7178855020492,644.0743603700347,631.0955319494798,643.26318359375,4688952.0
2023-03-24,640.8297729492188,644.0744806603541,636.7738883102996,640.8297729492188,4299481.0
2023-03-27,640.0185483492338,640.8297252165966,631.906779675606,632.7179565429688,3000386.0
2023-03-28,628.6621033989729,632.7179879370309,621.3615112304688,621.3615112304688,3940649.0
2023-03-29,627.8508496599086,628.6620264682548,620.5502583847934,627.0396728515625,2913723.0
2023-03-30,632.7178735414324,635.1514038242841,628.6619897366796,631.0955200195312,2970689.0
2023-03-31,631.0955875692404,640.0185328947695,631.0955875692404,638.3961791992188,4356288.0
2023-04-06,627.8508757937002,630.2844063200323,609.1938084251535,610.816162109375,8692104.0
2023-04-07,607.5714721679688,610.0050027641022,602.704410975702,607.5714721679688,4322843.0
2023-04-10,606.760249299823,608.3826029075766,599.4596580649321,601.8931884765625,5720960.0
2023-04-11,602.7043358535363,615.6831640818763,602.7043358535363,613.2496337890625,4506545.0
2023-04-12,613.2497165649736,616.4944240600264,610.0050090699208,614.8720703125,3537841.0
2023-04-13,615.6832209472656,616.4943977864583,607.5714525553385,608.3826293945312,5072055.0
2023-04-14,611.6273147664606,614.8720220066009,605.1379002861798,606.76025390625,4358117.0
2023-04-17,571.8796215407099,575.9355053814242,562.9566770911385,575.1243286132812,14011693.0
2023-04-18,569.4460740200309,570.2572507636492,555.6560693785202,558.089599609375,13970100.0
2023-04-19,553.2226104962384,555.6561410409433,547.5443725585938,547.5443725585938,10748670.0
2023-04-20,536.1879951737789,554.845066110234,536.1879951737789,545.922119140625,9881462.0
2023-04-21,548.3555627349624,550.7890933388159,539.4326171875,539.4326171875,5084036.0
2023-04-24,537.8101712740385,552.4113523946006,537.8101712740385,548.35546875,4674121.0
2023-04-25,549.9778417968749,549.9778417968749,527.264892578125,527.264892578125,8340199.0
2023-04-26,519.9643813311043,528.8873270325741,517.5308506852489,526.4537963867188,7111965.0
2023-04-27,530.5096695545577,541.0549687964678,529.6984926897953,536.9990844726562,4627385.0
2023-04-28,541.8661477913535,546.7332089990601,537.8102634515977,539.4326171875,6381645.0
2023-05-02,530.5096162662421,545.9219751485947,530.5096162662421,544.2996215820312,6341076.0
2023-05-03,546.7331589642693,551.6002197265625,541.8660982019761,551.6002197265625,6487920.0
2023-05-04,546.7332111290115,546.7332111290115,540.2437961601212,541.8661499023438,5568985.0
2023-05-05,547.5443725585938,549.9779031032987,545.1108420138889,547.5443725585938,3164748.0
2023-05-08,552.4114336480035,554.8449641927084,546.7331957103588,547.5443725585938,2957572.0
2023-05-09,552.4113941727924,552.4113941727924,546.7331566409134,549.1666870117188,2163899.0
2023-05-10,549.1667417423454,549.1667417423454,540.2437961601212,541.8661499023438,3766277.0
2023-05-11,540.2437961601212,546.7332111290115,538.6214424178986,541.8661499023438,3130043.0
2023-05-12,545.922119140625,548.3556501323366,536.1879951737789,545.922119140625,5100737.0
2023-05-15,548.3555125517004,553.2225733139935,545.9219821705537,551.6002197265625,3589435.0
2023-05-16,558.0896340762868,558.0896340762868,551.6002197265625,551.6002197265625,3763602.0
2023-05-17,551.6002437842153,558.9008352460653,549.166713296932,555.6561279296875,7787494.0
2023-05-18,559.7119946749705,562.9567018904776,555.6561106555866,558.9008178710938,4371571.0
2023-05-19,560.5231783191932,566.201416015625,559.7120015054172,566.201416015625,4968629.0
2023-05-22,569.44616906998,575.1244072230995,568.634992190963,571.8796997070312,4440987.0
2023-05-23,575.9355513077209,585.6696733016541,574.3131976420653,580.8026123046875,5240558.0
2023-05-24,578.3691189064423,578.3691189064423,568.6349962881011,576.7467651367188,5640355.0
2023-05-25,574.3131713867188,582.4249393441584,572.6908177952308,574.3131713867188,4666860.0
2023-05-26,574.3132274052869,597.8373567764073,574.3132274052869,592.1591186523438,10749900.0
2023-05-29,612.4386294812044,614.8721604592755,598.6486206054688,598.6486206054688,10036727.0
2023-05-30,615.6832101804401,627.0396857305404,614.0608565304258,618.9279174804688,16298604.0
2023-05-31,614.0608129689815,622.1725806436049,606.7602220618206,615.6831665039062,12027736.0
2023-06-01,612.4384915764956,617.3055524367062,606.76025390625,606.76025390625,6202943.0
2023-06-02,611.6273783392976,618.1167934940912,608.3826707619007,609.19384765625,6399171.0
2023-06-05,614.0608129689815,622.1725806436049,614.0608129689815,615.6831665039062,5242068.0
2023-06-06,616.4943825080499,619.7390897844081,610.0049679553335,614.0608520507812,4171308.0
2023-06-07,615.6832339763641,623.7950025399526,613.2497034072876,622.9838256835938,5292636.0
2023-06-08,624.6061793963115,628.6620636781057,618.9279414017996,622.9838256835938,7246478.0
2023-06-09,622.9838432591623,624.6061970176497,617.3056051044564,619.7391357421875,4570550.0
2023-06-12,623.7949610266256,623.7949610266256,618.9279002123737,622.172607421875,3852674.0
2023-06-13,624.6061469532253,634.3402687239249,622.9837933247753,631.90673828125,7182494.0
2023-06-14,633.5291334103316,634.3403102776944,629.4732490735176,632.7179565429688,5287535.0
2023-06-15,630.2844572141961,631.9068110294193,620.5503343228572,621.3615112304688,7917545.0
2023-06-16,616.4944397053928,620.5503241771388,609.19384765625,609.19384765625,10097247.0
2023-06-19,623.7949745907146,643.2632182710489,619.7390904906449,636.7738037109375,19694676.0
2023-06-20,635.8815628250497,651.1499054352557,620.6132202148438,620.6132202148438,24572675.0
2023-06-21,618.8169944069602,625.1039595170455,613.4281671697444,622.4095458984375,11451567.0
2023-06-26,617.9188398152372,619.7151155123745,615.2244262695312,615.2244262695312,4552895.0
2023-06-27,610.7336981461087,617.9188004772394,610.7336981461087,611.6318359375,4553912.0
2023-06-28,621.5113362044739,626.0020250498819,615.2243718209027,624.2057495117188,4150494.0
2023-06-29,632.2890456627155,633.1871835116682,624.205805022141,625.1039428710938,4275815.0
2023-06-30,621.5114359301191,621.5114359301191,616.1226084509561,617.9188842773438,4338115.0
2023-07-03,621.5113580154441,626.9001848190462,619.7150824142434,620.6132202148438,2906690.0
2023-07-04,625.1039815848214,630.4928090122768,620.6132920619419,628.696533203125,3753123.0
2023-07-05,631.3909022414701,631.3909022414701,625.1039373542862,626.0020751953125,3610090.0
2023-07-06,621.5113635076992,627.7983281674592,617.9188122735507,619.715087890625,4200756.0
2023-07-07,616.1225807883523,616.1225807883523,610.7337535511364,612.530029296875,4297744.0
2023-07-10,610.7337423384101,616.1225694766902,604.44677734375,604.44677734375,5647752.0
2023-07-11,612.5300679109534,617.0207575583944,607.1412403340242,616.1226196289062,3372502.0
2023-07-12,618.8169776638059,618.8169776638059,610.733737026688,615.2244262695312,3890508.0
2023-07-13,621.5113572064568,622.4094950058881,610.7337036132812,610.7337036132812,5058111.0
2023-07-14,616.1225862888932,626.9002408595444,615.2244484080056,621.5114135742188,6044895.0
2023-07-17,621.5114024038021,621.5114024038021,611.631885891603,613.4281616210938,4271120.0
2023-07-18,610.7337480268576,616.1225752153299,608.9374722973669,613.4281616210938,4684651.0
2023-07-19,619.7151157773774,627.7983564179519,618.8169779284246,625.1039428710938,6185652.0
2023-07-20,626.0021029786568,626.0021029786568,618.816999931556,621.5114135742188,2484977.0
2023-07-21,608.0393399325285,613.4281671697444,585.5858931107955,612.530029296875,11417157.0
2023-07-24,609.8356547489873,619.7151719835069,604.446827166522,606.2431030273438,7400747.0
2023-07-25,606.2430979793234,609.8356496710527,597.26171875,597.26171875,6931420.0
2023-07-26,597.2617136249105,601.7524032010377,587.3821965574308,588.2803344726562,6972659.0
2023-07-27,590.9746704101562,593.669083801084,587.3821192222525,590.9746704101562,4674341.0
2023-07-28,592.770946004108,598.1597727859636,588.2802570192284,590.9746704101562,4178929.0
2023-07-31,620.6132256991622,626.900190358922,614.3262610394022,619.715087890625,16722852.0
2023-08-01,628.6964619811755,642.1685290236293,624.2057729670242,640.3722534179688,13914572.0
2023-08-02,639.4741376223113,646.6592402922249,632.2890349523977,636.7797241210938,8947248.0
2023-08-04,637.6778785770406,638.5760164341913,627.7983621483821,634.0853271484375,6732210.0
2023-08-07,636.7797407198898,639.4741542913421,631.3909135769852,634.0853271484375,3488590.0
2023-08-08,633.187155018682,633.187155018682,619.715087890625,619.715087890625,5604493.0
2023-08-09,618.8170107679598,630.492803423959,616.1225970781138,629.5946655273438,3176525.0
2023-08-10,630.4927867542614,631.3909246271307,617.918856534091,622.4095458984375,4319324.0
2023-08-11,617.918811556517,618.8169493640119,606.2430200590828,609.8355712890625,4857156.0
2023-08-14,603.548583984375,604.4467217581613,598.1597573416574,603.548583984375,3498430.0
2023-08-15,612.5300516224189,614.3263274336283,607.1412241887905,608.9375,2734494.0
2023-08-16,626.9002577473013,626.9002577473013,613.4281891710699,618.8170166015625,5944886.0
2023-08-17,610.733798335497,611.6319362742257,604.4468327643963,605.344970703125,4594977.0
2023-08-18,601.7524189482103,609.8356603967684,600.8542810094816,605.344970703125,3179069.0
2023-08-21,608.9374271957329,609.8355649939567,599.0579114152712,600.8541870117188,2683227.0
2023-08-22,606.2429973057339,612.5299617222378,599.95603288923,603.548583984375,3686021.0
2023-08-23,603.5485894420641,607.1411405696954,601.7523138782484,602.6504516601562,2048921.0
2023-08-24,612.5299800094406,621.5113580154441,610.7337044082399,620.6132202148438,5599510.0
2023-08-25,621.511402492908,624.2058160875304,617.0207131685372,623.3076782226562,5624927.0
2023-08-28,628.6965276307284,636.7797687002663,626.9002518374978,629.5946655273438,5872295.0
2023-08-29,641.270469128246,643.0667449521346,630.4928141849141,637.6779174804688,5186169.0
2023-08-30,641.2704132897898,642.1685511235289,630.4927592849193,636.7797241210938,4253988.0
2023-08-31,633.1871337890625,641.2703737948804,632.2889960106384,633.1871337890625,5761753.0
2023-09-01,634.9835037446358,639.4741933043574,629.5946762729698,637.6779174804688,2955148.0
2023-09-04,640.3723256128582,640.3723256128582,633.1872223801754,638.5760498046875,2380158.0
2023-09-05,639.4741489761055,644.8629760742188,638.57601112642,644.8629760742188,4791289.0
2023-09-06,647.5574850018105,648.4556229837825,639.4742431640625,639.4742431640625,3074614.0
2023-09-07,636.7797408908648,644.8629816073919,635.8816030334729,643.96484375,3205892.0
2023-09-08,633.1871727861369,637.6778619548329,629.5946214511802,636.7797241210938,4421983.0
2023-09-11,642.1685235373446,642.1685235373446,635.8815589712448,641.2703857421875,2101421.0
2023-09-12,637.6778789142986,654.7424982091883,636.7797410566728,653.8443603515625,6513877.0
2023-09-13,663.7238544401575,668.2145435771005,654.7424761662718,657.4368896484375,9197173.0
2023-09-14,660.1312976124179,660.1312976124179,651.1499194136095,658.3350219726562,5527046.0
2023-09-15,665.5202015168077,685.2792358398438,661.9276498217101,685.2792358398438,16255632.0
2023-09-18,674.5015371961667,711.3251896928948,673.6033993303928,702.3438110351562,11994826.0
2023-09-19,702.3438614898326,702.3438614898326,686.1773787445424,694.2606201171875,6244891.0
2023-09-20,687.0754112273808,687.9735490198349,674.5014821330235,681.6865844726562,5042205.0
2023-09-21,675.3996300582272,684.3810081175122,668.2145276107993,670.0108032226562,5034920.0
2023-09-22,660.1312873574428,671.8070788345133,653.8443227159433,670.0108032226562,7559485.0
2023-09-25,665.5201855792116,684.3810815268006,665.5201855792116,678.0941162109375,4563725.0
2023-09-26,671.80712890625,678.0940940163352,661.0294744318182,661.9276123046875,3845914.0
2023-09-27,653.8443714488636,661.9276123046875,653.8443714488636,661.9276123046875,3824756.0
2023-09-28,663.7238378408003,665.5201134506538,655.6405975964605,660.1312866210938,3769234.0
2023-10-02,670.9090077240195,671.8071456192324,664.6220424575293,669.1127319335938,3898779.0
2023-10-03,688.8717374653396,704.1400810597473,687.973599606845,693.3624267578125,10288796.0
2023-10-04,692.464305466872,703.2419600266677,686.1773403069913,700.5475463867188,7599174.0
2023-10-05,703.2419268193136,705.9363403320312,696.9549619563056,705.9363403320312,5604602.0
2023-10-06,709.5288916823215,709.5288916823215,701.4456511441684,705.9363403320312,2927223.0
2023-10-11,709.5289195667614,732.8805042613636,709.5289195667614,731.084228515625,12439451.0
2023-10-12,733.7786365719661,735.5749123040883,723.0009821792322,731.9823608398438,6769337.0
2023-10-13,736.4730827712107,756.2321166992188,734.6768069595736,756.2321166992188,9828945.0
2023-10-16,752.6395762125651,762.519093322754,747.2507486979167,754.4358520507812,5765614.0
2023-10-17,758.9264400597774,767.0096802497633,736.4729950875947,740.9636840820312,8242227.0
2023-10-18,718.510243696187,738.2692753978322,718.510243696187,730.18603515625,7594780.0
2023-10-19,728.3897877888508,752.639509453831,728.3897877888508,745.4544067382812,7509749.0
2023-10-20,746.3526169044384,751.7414444633151,729.2879963013285,743.658203125,8501964.0
2023-10-23,740.9637060873981,744.5562573896401,732.8804656573539,737.3711547851562,5304563.0
2023-10-24,737.371182460411,739.1674581789504,722.1028388528263,732.8804931640625,5036466.0
2023-10-25,734.6767965720518,747.25072707573,732.880520785812,738.2693481445312,6474280.0
2023-10-26,731.982410669035,733.7786865234375,728.3898589602298,733.7786865234375,5446904.0
2023-10-27,740.0655558725422,740.0655558725422,718.5102484199439,719.4083862304688,6956960.0
2023-10-30,735.574923182591,775.991127753063,734.6767853032471,769.7041625976562,16172619.0
2023-10-31,772.3985990039527,773.2967369097712,749.0470134526704,756.2321166992188,10786996.0
2023-11-01,767.0097490315178,768.8060247903738,747.2507156841017,759.8246459960938,6856015.0
2023-11-02,775.0929898029099,787.6669201125748,767.9078867688157,779.5836791992188,9692237.0
2023-11-03,783.1761584051725,786.7687095905172,775.9910560344828,781.3798828125,5567970.0
2023-11-06,789.4631791925755,799.3426956557363,784.0743520308514,792.1575927734375,7264020.0
2023-11-07,799.342662364513,807.4259027704462,789.4631463128168,797.54638671875,7077114.0
2023-11-08,806.5276844517147,822.6941636500786,803.8332712519873,820.8978881835938,9312449.0
2023-11-09,819.9998611365893,819.9998611365893,807.4259311739253,812.8147583007812,6788362.0
2023-11-10,808.3241251259367,811.9166767931631,793.9539184570312,793.9539184570312,7551994.0
2023-11-13,816.4073654073753,830.7775720592103,812.8148137444166,813.7129516601562,9498188.0
2023-11-14,822.6942747000172,823.5924125544932,810.1203447373532,812.8147583007812,4757053.0
2023-11-15,830.7774984889093,830.7774984889093,808.3240525838037,815.5091552734375,8426367.0
2023-11-16,820.8980669147624,820.8980669147624,800.2408945525747,802.0371704101562,7645459.0
2023-11-17,804.7315835868362,812.814824939829,802.0371698025053,811.9166870117188,4816081.0
2023-11-20,826.2868486370957,829.879400152909,811.9166425738418,819.1017456054688,6970538.0
2023-11-21,828.0831077361468,838.860762066769,821.7961427099503,831.6756591796875,9543750.0
2023-11-22,833.4719077594214,846.0458374023438,830.7774942645095,846.0458374023438,6417661.0
2023-11-23,854.129145468435,854.129145468435,834.370111609018,835.2682495117188,5187583.0
2023-11-24,839.7589166227472,853.2309848038608,837.0645029865245,848.7402954101562,4498302.0
2023-11-27,849.6383882680334,854.1290774237841,836.1663208007812,836.1663208007812,5615291.0
2023-11-28,834.3700455910587,846.0458374023438,830.7774942645095,846.0458374023438,5645888.0
2023-11-29,845.147787939144,852.3328913435151,840.6570983114121,851.4347534179688,5118355.0
2023-11-30,852.33284692512,855.9253984400835,843.3514681377109,848.7402954101562,7275320.0
2023-12-01,846.0458100106421,850.5364990234375,842.4532588004058,850.5364990234375,3387061.0
2023-12-04,848.7402392813631,849.6383771007085,835.2681719911827,837.9625854492188,5071102.0
2023-12-05,830.7775655526776,837.9626688223224,827.1850139178553,834.3701171875,5175120.0
2023-12-06,830.7775157940812,837.9626186333813,830.7775157940812,832.5737915039062,3093275.0
2023-12-07,837.9625964630816,846.943974774583,832.5737694761807,836.1663208007812,3018069.0
2023-12-08,845.1477549806759,849.6384444332831,841.55520341859,846.9440307617188,4934438.0
2023-12-11,846.045842915615,847.8421185905951,837.0644645407147,845.147705078125,5648215.0
2023-12-12,853.2310185214075,853.2310185214075,839.7589498079116,843.3515014648438,4510280.0
2023-12-13,847.8421629581152,857.7216796875,843.3514735356675,857.7216796875,5889291.0
2023-12-14,863.1104461480372,870.2955487174278,855.9253435786467,867.6011352539062,6610988.0
2023-12-15,875.6844532058899,896.3416249225417,872.091901602994,894.5453491210938,11839614.0
2023-12-18,893.647127681844,895.4434033153753,881.0731982471247,888.25830078125,4783607.0
2023-12-19,877.4806908638246,892.7490345124274,877.4806908638246,890.9527587890625,5008169.0
2023-12-20,891.8509469949095,893.6472228196727,882.8695678710938,882.8695678710938,6393160.0
2023-12-21,872.9899682216957,882.86948432297,872.9899682216957,876.58251953125,4418453.0
2023-12-22,880.1751154119319,889.156494140625,879.2769775390625,889.156494140625,3285155.0
2023-12-25,890.0546651715609,896.3416305158606,886.4621135462469,893.647216796875,3304233.0
2023-12-26,897.2397405395508,902.6285678100586,893.6471890258789,898.1378784179688,3241620.0
2023-12-27,907.1192192664514,943.0447329007662,907.1192192664514,934.0633544921875,8561649.0
2023-12-28,938.5540658346038,947.5354444550305,920.59130859375,920.59130859375,5447955.0
2023-12-29,920.5913028810999,925.0819921634467,907.1192350340593,911.6099243164062,5039654.0
2024-01-02,907.1193030121129,911.6099926309848,880.1751652988819,881.0733032226562,10009034.0
2024-01-03,876.5825241425105,877.4806619746237,855.9253540039062,855.9253540039062,12547023.0
2024-01-04,866.6198112224711,873.0733630081703,850.0249637735301,855.5565795898438,8449251.0
2024-01-05,856.4785766601562,862.0101928710938,849.1030883789062,849.1030883789062,5524580.0
2024-01-08,857.4005126953125,862.93212890625,846.3372802734375,848.18115234375,5553064.0
2024-01-09,864.7759392836998,866.6198112224711,853.7127076510726,855.5565795898438,5782533.0
2024-01-10,862.0101928710938,862.0101928710938,850.0250244140625,851.868896484375,4252336.0
2024-01-11,859.244384765625,863.8540649414062,848.18115234375,848.18115234375,6787619.0
2024-01-12,848.1810917040699,856.4785154272619,844.4933478270957,853.7127075195312,4733940.0
2024-01-15,862.0101309753551,862.0101309753551,847.2591554720335,850.0249633789062,4242507.0
2024-01-16,843.5714721679688,845.4153442382812,825.1327514648438,825.1327514648438,10182511.0
2024-01-17,820.5230712890625,832.5082397460938,810.3817749023438,810.3817749023438,11463245.0
2024-01-18,814.9913949275362,826.9765625,814.9913949275362,826.9765625,6754372.0
2024-01-19,848.18115234375,848.18115234375,836.1959838867188,848.18115234375,9037844.0
2024-01-22,855.5565791926518,869.3856187270159,848.181091440991,850.0249633789062,9381596.0
2024-01-23,846.3372802734375,850.0250244140625,838.0398559570312,839.8837280273438,6015511.0
2024-01-24,844.4933484721388,862.9320678710938,843.571412502191,862.9320678710938,7798880.0
2024-01-25,865.6979370117188,875.8392333984375,860.1663208007812,869.3856811523438,8962616.0
2024-01-26,862.9320678710938,865.697875780937,855.5565801115117,862.9320678710938,5273128.0
2024-01-29,871.2295532226562,871.2295532226562,853.7127685546875,864.7760009765625,7026602.0
2024-01-30,864.7760009765625,897.0437622070312,864.7760009765625,887.8244018554688,9478077.0
2024-01-31,899.8095086455098,900.7314446174827,883.2146611499984,890.5901489257812,9080284.0
2024-02-01,876.7611694335938,876.7611694335938,850.0250244140625,857.4005126953125,16712977.0
2024-02-02,858.322388021355,862.9320678710938,853.7127081716162,862.9320678710938,7360212.0
2024-02-05,856.4785161461112,866.6198118163021,855.5565801760939,863.85400390625,5742677.0
2024-02-15,906.2631225585938,906.2631225585938,876.7611694335938,896.121826171875,11678406.0
2024-02-16,899.8095088998067,900.7314448720401,887.8243412607724,894.2778930664062,4417821.0
2024-02-19,897.0437622070312,897.0437622070312,876.7611694335938,887.8244018554688,4193442.0
2024-02-20,885.05859375,908.1069946289062,885.05859375,905.3411865234375,7570527.0
2024-02-21,896.121826171875,909.0289306640625,896.121826171875,904.4192504882812,5334177.0
2024-02-22,910.872743322814,940.3746945235529,910.872743322814,935.7650146484375,10182733.0
2024-02-23,954.2037963867188,1014.129638671875,931.1553955078125,1014.129638671875,23431414.0
2024-02-26,1004.9102186536575,1032.5682980661434,977.2521392411714,1027.9586181640625,12036894.0
2024-02-27,1037.1779779682245,1069.4457372827915,1018.7392583599004,1027.9586181640625,17137848.0
2024-02-29,1027.9585598058868,1055.6166376481976,1023.3488801655017,1051.0069580078125,9126357.0
2024-03-01,1074.0555453063137,1074.0555453063137,1009.5200189788957,1018.7393798828125,12066326.0
2024-03-04,1027.9586791992188,1064.8361206054688,1018.7393188476562,1060.2264404296875,12304302.0
2024-03-05,1060.2263796587526,1069.4457394818724,1041.7876600125135,1064.8360595703125,8416339.0
2024-03-06,1055.616642799698,1106.3231190913866,1051.0069631368171,1097.103759765625,9634661.0
2024-03-07,1124.761962890625,1161.639404296875,1120.1522827148438,1133.9813232421875,15008514.0
2024-03-08,1161.639404296875,1175.4684448242188,1101.7135620117188,1133.9813232421875,16121484.0
2024-03-11,1138.5910649513712,1147.81042580118,1110.932982401945,1129.3717041015625,5703039.0
2024-03-12,1106.3231819058642,1129.371581528903,1097.1038220566486,1120.1522216796875,5088394.0
2024-03-13,1147.810301227334,1161.6393410011574,1115.5425417550798,1120.1522216796875,6917876.0
2024-03-14,1124.761962890625,1133.9813232421875,1051.007080078125,1060.2264404296875,12529434.0
2024-03-15,1046.3973388671875,1060.2263785878993,1032.5682991464757,1046.3973388671875,8516381.0
2024-03-18,1046.3973999023438,1087.884521484375,1046.3973999023438,1078.6651611328125,5901035.0
2024-03-19,1060.2264404296875,1074.0554809570312,1046.3973999023438,1060.2264404296875,8740357.0
2024-03-20,1055.6166365631914,1083.2747143770741,1032.5682383849557,1041.78759765625,6032629.0
2024-03-21,1069.445676569353,1069.445676569353,1037.177919086657,1051.0069580078125,6391070.0
2024-03-22,1051.0071419270835,1055.616822374132,1023.3490592447918,1037.1781005859375,5827756.0
2024-03-25,1032.568359375,1051.007080078125,1027.9586791992188,1032.568359375,3241531.0
2024-03-26,1051.0069569275443,1078.665034741427,1032.5682383849557,1041.78759765625,6534083.0
2024-03-27,1046.3972215120373,1083.2746566314042,1037.1778627321955,1074.0552978515625,5980133.0
2024-03-28,1069.44580078125,1087.884521484375,1046.3973999023438,1069.44580078125,6926740.0
2024-03-29,1069.4456215387659,1092.4940185546875,1069.4456215387659,1092.4940185546875,4051000.0
2024-04-01,1097.1038818359375,1106.3232421875,1064.8361206054688,1069.44580078125,5359025.0
2024-04-02,1078.6649772414835,1092.494015411246,1069.4456184616417,1074.0552978515625,4164058.0
2024-04-03,1060.2264404296875,1083.2748413085938,1051.007080078125,1069.44580078125,4100953.0
2024-04-08,1083.2748413085938,1087.884521484375,1055.6167602539062,1060.2264404296875,4066781.0
2024-04-09,1069.44580078125,1083.2748413085938,1060.2264404296875,1069.44580078125,3322521.0
2024-04-10,1078.6652208910825,1120.152344771509,1074.055540459924,1101.713623046875,6393274.0
2024-04-11,1110.9329223632812,1133.9813232421875,1092.4942016601562,1106.3232421875,6271331.0
2024-04-12,1097.103758731131,1106.3231180481991,1074.05536043846,1087.8843994140625,5214036.0
2024-04-15,1069.4457369967624,1069.4457369967624,1023.3489379882812,1023.3489379882812,9187015.0
2024-04-16,981.8617542140292,1004.9101522002741,972.6423950195312,972.6423950195312,12016661.0
2024-04-17,981.8618774414062,991.0812377929688,963.4231567382812,968.0328369140625,7727084.0
2024-04-18,963.4231567382812,977.252197265625,940.374755859375,968.0328369140625,7168984.0
2024-04-19,940.3746304699301,949.5939895921844,894.277834858659,915.4823608398438,15661098.0
2024-04-22,907.1849964212928,911.7946762811571,890.5901489257812,890.5901489257812,9091869.0
2024-04-23,911.7947387695312,911.7947387695312,894.2779541015625,896.121826171875,5846136.0
2024-04-24,917.3262948517752,940.3746942199102,916.4043588770498,931.1553344726562,6229216.0
2024-04-25,918.248291015625,926.5457153320312,899.8095703125,904.4192504882812,6053259.0
2024-04-26,913.6385506549285,926.545654296875,909.9508067572295,926.545654296875,5747819.0
2024-04-29,972.6424536493611,972.6424536493611,926.5456548982065,935.7650146484375,7963720.0
2024-04-30,935.7650132333079,949.594052837741,914.5604858398438,914.5604858398438,5868406.0
2024-05-02,912.7166748046875,940.374755859375,905.3411865234375,921.93603515625,5401225.0
2024-05-03,958.8134155273438,968.0327752920297,949.5940557626577,958.8134155273438,6598170.0
2024-05-06,977.252197265625,977.252197265625,954.2037963867188,954.2037963867188,4516638.0
2024-05-07,968.0328369140625,972.6425170898438,954.2037963867188,963.4231567382812,3178782.0
2024-05-08,995.69091796875,1014.129638671875,977.252197265625,1009.5199584960938,9985063.0
2024-05-09,1014.129638671875,1037.1780395507812,1004.9102783203125,1009.5199584960938,7792270.0
2024-05-10,1018.7393188476562,1018.7393188476562,995.69091796875,1009.5199584960938,4456276.0
2024-05-13,1027.9586181640625,1032.5682980661434,1014.1295784578194,1027.9586181640625,4025166.0
2024-05-14,1027.9586202778341,1069.4457394818724,1023.3489403662743,1064.8360595703125,7534580.0
2024-05-15,1078.6650993049918,1083.2747792165517,1055.6166997471928,1064.8360595703125,5522444.0
2024-05-16,1087.8844004398634,1115.5424784171482,1083.2747207769826,1097.103759765625,10020318.0
2024-05-17,1087.8843360213252,1092.494015411246,1074.0552978515625,1074.0552978515625,6360397.0
2024-05-20,1074.0553614512212,1101.7134394285058,1074.0553614512212,1097.103759765625,6031212.0
2024-05-21,1087.8844601894948,1097.1038200216092,1074.0554204413231,1083.2747802734375,3369008.0
2024-05-22,1097.1036979578719,1097.1036979578719,1069.4456215387659,1092.4940185546875,4429872.0
2024-05-23,1101.7135014830783,1115.5425412506484,1092.4941416380316,1110.932861328125,6200782.0
2024-05-24,1097.1039426157165,1110.932983909192,1097.1039426157165,1101.713623046875,3253977.0
2024-05-27,1152.4198658271523,1207.7360193868556,1138.5908274372264,1184.6876220703125,14370057.0
2024-05-28,1198.516845703125,1216.95556640625,1184.6878051757812,1207.7362060546875,10026387.0
2024-05-29,1207.7362060546875,1212.3458862304688,1175.4684448242188,1189.2974853515625,7857214.0
2024-05-30,1157.0297241210938,1198.516845703125,1152.4200439453125,1189.2974853515625,8407440.0
2024-05-31,1212.345821241618,1212.345821241618,1129.3715825254617,1138.5909423828125,14212589.0
2024-06-03,1166.2489628829355,1170.858642578125,1143.2005644069882,1170.858642578125,6293578.0
2024-06-04,1161.6392802576866,1170.8586396248108,1124.7618427891884,1143.2005615234375,6985162.0
2024-06-05,1143.20068359375,1147.8103637695312,1124.761962890625,1133.9813232421875,5828522.0
2024-06-06,1157.0297241210938,1198.516845703125,1138.5910034179688,1189.2974853515625,9895619.0
2024-06-07,1189.2974235983454,1189.2974235983454,1170.8587038526348,1175.4683837890625,4931241.0
2024-06-11,1170.858642578125,1180.078001968504,1152.4199237973671,1170.858642578125,5557895.0
2024-06-12,1170.8588839017427,1207.7363290640023,1166.2492032564603,1198.5169677734375,7741796.0
2024-06-13,1235.3943461614397,1290.7105109149368,1221.5653049730652,1276.8814697265625,13075007.0
2024-06-14,1286.1007080078125,1286.1007080078125,1258.4426282657091,1286.1007080078125,5947681.0
2024-06-17,1267.661926711815,1281.4909659123075,1258.44256724482,1272.2716064453125,4297102.0
2024-06-18,1267.6621080717582,1295.3201904296875,1267.6621080717582,1295.3201904296875,7677930.0
2024-06-19,1313.7589086667456,1369.0750732421875,1309.1492282854588,1369.0750732421875,11552021.0
2024-06-20,1369.0750122070312,1382.904052734375,1346.026611328125,1382.904052734375,6213796.0
2024-06-21,1355.2459716796875,1378.2943725585938,1332.1975708007812,1373.6846923828125,10724486.0
2024-06-24,1341.4168051861702,1350.6361646719859,1295.320007757092,1299.9296875,9093868.0
2024-06-25,1263.0524285381882,1290.7105109149368,1258.4427481420635,1276.8814697265625,9382535.0
2024-06-26,1286.1008296437112,1318.3685923946286,1286.1008296437112,1295.3201904296875,4993229.0
2024-06-27,1272.2716681367608,1299.9297478788642,1272.2716681367608,1286.1007080078125,4724876.0
2024-06-28,1290.71044921875,1295.3201293945312,1267.6620483398438,1290.71044921875,6843642.0
2024-07-01,1295.3200687907188,1327.587828511484,1295.3200687907188,1304.5394287109375,5023006.0
2024-07-02,1299.9296875,1304.5393672429077,1281.4909685283687,1299.9296875,5090265.0
2024-07-03,1318.3685923946286,1318.3685923946286,1281.4911492507229,1295.3201904296875,6361645.0
2024-07-04,1300.4136700994318,1319.2602450284091,1295.7020263671875,1295.7020263671875,7642964.0
2024-07-05,1300.4136610243056,1305.125304723669,1258.0088677300348,1272.143798828125,6406820.0
2024-07-08,1262.7205122826804,1338.1068115234375,1258.0088685801331,1338.1068115234375,7726110.0
2024-07-09,1366.3766395882385,1375.7999267578125,1333.3951344947293,1375.7999267578125,9654123.0
2024-07-10,1371.0882734238894,1375.7999169751743,1328.6834814623257,1352.24169921875,5443505.0
2024-07-11,1352.2417426310794,1375.799961143816,1333.3951678208903,1338.1068115234375,5250273.0
2024-07-12,1286.2786600449506,1305.125233818503,1272.1437297147863,1281.5670166015625,6871306.0
2024-07-15,1290.9904001383763,1300.4136877306273,1272.1438249538746,1276.85546875,3536752.0
2024-07-16,1276.8552931321155,1286.2785794282934,1248.5854342435816,1267.4320068359375,5001135.0
2024-07-17,1258.0088586195461,1267.4321459500295,1229.7389966280955,1248.5855712890625,5978911.0
2024-07-18,1196.75749874115,1215.604073524475,1177.9109239578247,1206.1807861328125,9831726.0
2024-07-19,1187.3341064453125,1210.892322843037,1187.3341064453125,1187.3341064453125,5871057.0
2024-07-22,1182.6226472815688,1187.3342912946428,1126.0829191246812,1154.352783203125,7245311.0
2024-07-23,1182.6225418390013,1201.4691162109375,1168.4876110600492,1201.4691162109375,6430338.0
2024-07-26,1121.3712574909011,1182.6226286983874,1116.6596135518637,1173.1993408203125,10242503.0
2024-07-29,1192.0457655383696,1206.180695564516,1159.0642621440272,1168.487548828125,5100068.0
2024-07-30,1159.0643402950698,1182.62255859375,1140.2177656561255,1182.62255859375,4423237.0
2024-07-31,1159.0644010950307,1163.7760450019211,1130.7945376536884,1149.64111328125,7379704.0
2024-08-01,1144.9293807724775,1163.7759549415716,1111.9478759765625,1111.9478759765625,12041919.0
2024-08-02,1064.8314544957711,1074.2547417036983,1027.1383056640625,1027.1383056640625,13774887.0
2024-08-05,937.6170932681241,961.1753116919463,924.4244909507837,933.8477783203125,22181134.0
2024-08-06,1027.1382256086483,1027.1382256086483,975.3101500045422,1013.0032958984375,16439278.0
2024-08-07,1027.1383735988452,1083.6781005859375,1017.7150857676631,1083.6781005859375,10529284.0
2024-08-08,1055.4081768497758,1074.254751436379,1036.5616022631727,1050.696533203125,8053732.0
2024-08-09,1083.6780924479167,1088.389736328125,1055.4082291666666,1060.119873046875,6961644.0
2024-08-12,1078.9663454745678,1107.2362060546875,1074.254702044548,1107.2362060546875,4578908.0
2024-08-13,1111.947892813847,1116.659536427465,1083.678031132139,1093.101318359375,3784683.0
2024-08-14,1107.2361375510943,1121.3710669666402,1102.524494412579,1116.659423828125,4435983.0
2024-08-15,1102.5245789366884,1111.947865936147,1088.3896484375,1088.3896484375,3064248.0
2024-08-16,1116.6595384551258,1168.4876182990345,1116.6595384551258,1159.0643310546875,6964050.0
2024-08-19,1168.4876276145417,1192.0458459132221,1159.0643402950698,1182.62255859375,5847224.0
2024-08-20,1196.757462890625,1196.757462890625,1168.4876015625,1177.910888671875,4293705.0
2024-08-21,1149.64111328125,1168.4876889088114,1140.2178254674693,1149.64111328125,4500318.0
2024-08-22,1159.0643310546875,1168.4876182990345,1144.929400188167,1159.0643310546875,3022975.0
2024-08-23,1135.5062071508291,1154.352783203125,1121.371275111607,1154.352783203125,4222716.0
2024-08-26,1173.1993061583719,1173.1993061583719,1140.217799559542,1144.929443359375,3699292.0
2024-08-27,1130.794486053719,1144.9294171293905,1121.371198669938,1140.2177734375,3877314.0
2024-08-28,1135.506199645996,1149.641131591797,1116.6596237182616,1130.7945556640625,4610835.0
2024-08-29,1107.2362353515625,1182.6225322265625,1107.2362353515625,1177.910888671875,5404585.0
2024-08-30,1187.3341221963205,1187.3341221963205,1154.3526188019785,1168.487548828125,5810148.0
2024-09-02,1168.487715242347,1177.9110032684948,1144.929495176977,1154.352783203125,3182122.0
2024-09-03,1154.3527571881402,1154.3527571881402,1130.7945376536884,1149.64111328125,3422128.0
2024-09-04,1069.5430908203125,1102.5245958235819,1064.8314472484167,1069.5430908203125,9683111.0
2024-09-05,1055.408150337838,1064.8314373944256,1041.273219752956,1045.98486328125,9051905.0
2024-09-06,1045.9849240498772,1083.678074466089,1041.2732802478508,1078.9664306640625,5102862.0
2024-09-09,1036.5616714684672,1050.696603352128,1027.1383835460265,1041.2733154296875,7139369.0
2024-09-10,1050.696490532529,1064.8314208984375,1036.5615601666207,1064.8314208984375,5579319.0
2024-09-11,1060.1197938661317,1069.5430809227196,1045.98486328125,1045.98486328125,4019795.0
2024-09-12,1083.6780049377705,1088.3896484375,1069.5430744385822,1088.3896484375,4341122.0
2024-09-13,1093.1013802083332,1097.8130240885416,1060.119873046875,1060.119873046875,3453407.0
2024-09-16,1055.408133987832,1064.8314208984375,1036.5615601666207,1064.8314208984375,3682733.0
2024-09-18,1050.696603352128,1055.4082473133485,1031.850027507247,1041.2733154296875,7064375.0
2024-09-19,1041.2732718331474,1064.8314906529017,1017.7150530133929,1055.408203125,7749361.0
2024-09-20,1078.9664485677083,1088.389736328125,1060.119873046875,1060.119873046875,8871960.0
2024-09-23,1060.1198554559567,1083.678074466089,1055.4082116539303,1078.9664306640625,4490555.0
2024-09-24,1069.5431592614082,1126.0828857421875,1069.5431592614082,1126.0828857421875,6847737.0
2024-09-25,1149.641139190051,1159.064427216199,1135.5062071508291,1154.352783203125,10887978.0
2024-09-26,1163.7759418637734,1206.1807332677165,1159.0642983744463,1196.7574462890625,9413246.0
2024-09-27,1206.180679563492,1229.7388959612165,1177.9108198862227,1187.3341064453125,8955853.0
2024-09-30,1163.775927214927,1163.775927214927,1107.2362060546875,1107.2362060546875,8477410.0
2024-10-01,1126.0828423618284,1159.064348205062,1121.371198669938,1140.2177734375,6000269.0
2024-10-04,1130.7944693216464,1168.4876182990345,1130.7944693216464,1159.0643310546875,6956378.0
2024-10-07,1177.910888671875,1220.3156806640625,1159.064314453125,1177.910888671875,8959497.0
2024-10-08,1168.487715242347,1177.9110032684948,1154.352783203125,1154.352783203125,4347108.0
2024-10-09,1187.3342726374249,1201.469204454537,1168.4876968812753,1173.1993408203125,5544071.0
2024-10-11,1192.0459571251502,1234.4507540189304,1192.0459571251502,1225.0274658203125,9881759.0
2024-10-14,1234.4507015730983,1234.4507015730983,1210.8924820774284,1215.6041259765625,3998990.0
2024-10-15,1234.4507540189304,1234.4507540189304,1215.6041776216948,1225.0274658203125,5915032.0
2024-10-16,1187.3341854319854,1220.315690582874,1187.3341854319854,1201.4691162109375,6461649.0
2024-10-17,1220.315690582874,1220.315690582874,1192.0458290249694,1201.4691162109375,4139436.0
2024-10-18,1225.0273699413312,1253.2972323245929,1220.3157262107877,1229.739013671875,8327410.0
2024-10-21,1234.4506661551338,1267.43217250279,1234.4506661551338,1253.2972412109375,6320618.0
2024-10-22,1234.45068359375,1239.1623274242604,1220.3157521022185,1234.45068359375,5200879.0
2024-10-23,1206.180889423077,1248.585686316857,1201.469245323768,1225.0274658203125,5399321.0
2024-10-24,1225.0273072250245,1229.7389507143516,1196.7574462890625,1196.7574462890625,4473596.0
2024-10-25,1196.7574402551688,1248.5855183764556,1196.7574402551688,1239.1622314453125,6810511.0
2024-10-28,1253.2971456577716,1262.7204324672284,1239.162215443586,1258.0087890625,5375094.0
2024-10-29,1239.1623981182393,1239.1623981182393,1210.8925335223857,1225.0274658203125,5336390.0
2024-10-30,1215.6041259765625,1239.1623454722323,1210.8924820774284,1215.6041259765625,5429739.0
2024-11-01,1149.641111388687,1225.0274137748304,1149.641111388687,1215.6041259765625,7755216.0
2024-11-04,1210.8925078992218,1229.7390838976532,1206.180863899614,1220.3157958984375,3429980.0
2024-11-05,1210.8924820774284,1225.0274137748304,1206.1808381782946,1215.6041259765625,3613551.0
2024-11-06,1215.6040824802442,1243.8739448635056,1215.6040824802442,1229.739013671875,3781856.0
2024-11-07,1253.2972323245929,1253.2972323245929,1225.0273699413312,1229.739013671875,4276840.0
2024-11-08,1234.4506483078003,1243.873935699463,1206.1807861328125,1206.1807861328125,4130119.0
2024-11-11,1225.0274398980455,1234.450727897261,1206.180863899614,1220.3157958984375,2805531.0
2024-11-12,1206.180706521739,1220.3156366762908,1192.0457763671875,1192.0457763671875,4165815.0
2024-11-13,1192.0458459132221,1201.4691332326943,1182.62255859375,1182.62255859375,4020882.0
2024-11-14,1187.3342196198128,1192.0458633484627,1159.0643572479125,1163.7760009765625,4261333.0
2024-11-15,1168.4875853531003,1201.4690897783894,1159.0642983744463,1196.7574462890625,4250152.0
2024-11-18,1187.3341221963205,1192.0457655383696,1159.0642621440272,1168.487548828125,3884093.0
2024-11-19,1182.6224740469966,1215.6039773072714,1173.1991874012037,1210.892333984375,4308916.0
2024-11-20,1201.4691162109375,1201.4691162109375,1201.4691162109375,1201.4691162109375,4926471.0
2024-11-21,1192.0457763671875,1196.757419752038,1182.6224895974865,1192.0457763671875,2583520.0
2024-11-22,1206.180820610687,1234.45068359375,1196.757532949666,1234.45068359375,6124283.0
2024-11-25,1248.5855793952942,1253.2972230911255,1206.1807861328125,1206.1807861328125,7448148.0
2024-11-26,1206.1807861328125,1215.604073524475,1196.75749874115,1206.1807861328125,3208553.0
2024-11-27,1196.757462890625,1210.8923935546875,1177.910888671875,1177.910888671875,2932917.0
2024-11-28,1187.334202253486,1192.0458459132221,1168.4876276145417,1182.62255859375,4205695.0
2024-11-29,1163.7759839548057,1196.757489572958,1154.3526966353336,1182.62255859375,4141261.0
2024-12-02,1201.4691767801767,1239.1623274242604,1196.757532949666,1234.45068359375,4380160.0
2024-12-03,1248.5855183764556,1253.2971618420272,1220.3156575830265,1239.1622314453125,5954597.0
2024-12-04,1239.1622578014026,1248.5855449329722,1229.7389706698332,1243.8739013671875,4729113.0
2024-12-05,1248.5855712890625,1258.0088586195461,1234.4506402933373,1248.5855712890625,5251677.0
2024-12-06,1248.5855885940493,1262.72051978568,1225.0273699413312,1229.739013671875,4223587.0
2024-12-09,1243.8739276238207,1248.5855712890625,1225.027352962854,1248.5855712890625,4075270.0
2024-12-10,1239.162292932581,1281.5670862268519,1234.4506492332175,1272.143798828125,5824301.0
2024-12-11,1243.8739366319444,1276.8554425274883,1229.7390055338542,1272.143798828125,6205868.0
2024-12-12,1290.990287449049,1319.2601477581522,1290.990287449049,1300.41357421875,7666196.0
2024-12-13,1305.1252540967143,1328.6834716796875,1286.2786800303356,1328.6834716796875,6323798.0
2024-12-16,1352.2418054243287,1356.9534493456679,1305.1253662109375,1305.1253662109375,7194809.0
2024-12-17,1309.8369748834978,1361.6650566234923,1309.8369748834978,1342.8184814453125,8783456.0
2024-12-18,1347.5300989285322,1347.5300989285322,1323.9718804157956,1338.1068115234375,5995195.0
2024-12-19,1319.2602367132483,1347.5300989285322,1314.5485930107009,1338.1068115234375,6353336.0
2024-12-20,1338.1067755170864,1342.8184190928507,1309.8369140625,1309.8369140625,5544646.0
2024-12-23,1323.9718281630928,1342.8184022294713,1319.2601846464981,1328.6834716796875,4295456.0
2024-12-24,1347.530143113323,1347.530143113323,1323.971923828125,1323.971923828125,3196077.0
2024-12-25,1338.1067587128766,1347.530045746066,1328.6834716796875,1328.6834716796875,2381315.0
2024-12-26,1338.1068115234375,1347.5300989285322,1333.3951678208903,1338.1068115234375,2351336.0
2024-12-27,1338.106863595389,1356.9534391389861,1338.106863595389,1347.5301513671875,2283253.0
2024-12-30,1347.5300989285322,1352.2417426310794,1338.1068115234375,1338.1068115234375,2765852.0
2024-12-31,1328.683497991663,1342.8184288213615,1319.260210771864,1333.3951416015625,3224086.0
2025-01-02,1342.0535237630208,1346.8637514467594,1284.3307915581597,1298.761474609375,6820305.0
2025-01-03,1313.192138671875,1318.0023662860576,1284.3307729867788,1313.192138671875,5752498.0
2025-01-06,1337.2433225397479,1370.9149169921875,1337.2433225397479,1370.9149169921875,6907233.0
2025-01-07,1390.1558260309616,1443.0683315200295,1361.294459400561,1433.4478759765625,12307998.0
2025-01-08,1443.0682746731504,1443.0682746731504,1404.5864540152,1414.2069091796875,10805038.0
2025-01-09,1414.207071940104,1423.8275282118054,1385.345703125,1385.345703125,7021298.0
2025-01-10,1404.586500773251,1438.25809496987,1390.1558175461284,1409.396728515625,7157266.0
2025-01-13,1380.5354609866795,1404.5866014219876,1332.4331801160636,1337.243408203125,9742772.0
2025-01-14,1332.4330862862723,1361.2944527762277,1327.6228585379463,1346.86376953125,5279672.0
2025-01-15,1337.2432491678587,1390.155751832774,1337.2432491678587,1366.1046142578125,6417175.0
2025-01-16,1394.96609204436,1414.207003658765,1375.7251804299551,1404.5865478515625,7314623.0
2025-01-17,1394.9660081129807,1399.7762357271633,1366.1046424278845,1375.72509765625,5488719.0
2025-01-20,1370.9149719027087,1399.7763397322394,1370.9149719027087,1390.1558837890625,3956489.0
2025-01-21,1385.3455898037544,1419.0171840003734,1380.53536206138,1409.396728515625,4428280.0
2025-01-22,1423.8274117427475,1438.25809496987,1409.396728515625,1409.396728515625,6502859.0
2025-02-03,1366.1047135416668,1467.1194986979167,1361.2944856770835,1443.068359375,18533177.0
2025-02-04,1452.6887870634962,1471.9296981504299,1423.8274204330958,1433.4478759765625,8166768.0
2025-02-05,1447.878595270876,1471.929734727203,1433.44791159708,1467.1195068359375,9064753.0
2025-02-06,1471.929734727203,1510.4115578573258,1462.309278944672,1467.1195068359375,9371366.0
2025-02-07,1467.1195068359375,1471.929734727203,1447.878595270876,1467.1195068359375,6741142.0
2025-02-10,1447.878530966269,1452.6887586438977,1419.0171649004963,1423.827392578125,8922872.0
2025-02-11,1433.4479309486237,1471.9297545982513,1433.4479309486237,1452.6888427734375,8486272.0
2025-02-12,1471.929620916193,1481.550075954861,1423.8273457228536,1428.6375732421875,7865557.0
2025-02-13,1438.2580658762079,1462.3092041015625,1428.6376105860659,1462.3092041015625,4576098.0
2025-02-14,1457.4989954546045,1476.7399062856882,1447.8785400390625,1447.8785400390625,4726126.0
2025-02-17,1457.4989855127426,1486.3603515625,1452.6887578377832,1486.3603515625,7603778.0
2025-02-18,1491.1705509148514,1491.1705509148514,1462.3091854132736,1476.7398681640625,5362376.0
2025-02-19,1476.7399430708451,1486.3603987260299,1467.1194874156604,1481.5501708984375,4447177.0
2025-02-20,1486.36041015625,1486.36041015625,1443.068359375,1443.068359375,6855773.0
2025-02-21,1443.0683868610306,1467.119526642048,1433.4479309486237,1452.6888427734375,5655119.0
2025-02-24,1443.068302487864,1486.3603515625,1438.2580748129044,1486.3603515625,6371982.0
2025-02-25,1467.1195147114415,1500.7911101310483,1452.6888309601813,1491.170654296875,7905273.0
2025-02-26,1495.9809096898787,1515.2218217116135,1467.1195416572766,1500.7911376953125,7032006.0
2025-02-27,1495.98084583849,1515.2217570389853,1457.4990234375,1457.4990234375,10335277.0
2025-03-03,1433.4478195086629,1438.2580470909068,1409.3966815974436,1414.2069091796875,10588492.0
2025-03-04,1380.5353521302688,1452.6887677468335,1380.5353521302688,1447.8785400390625,7871467.0
2025-03-05,1447.8785400390625,1471.9296785779172,1433.4478569157495,1447.8785400390625,6356979.0
2025-03-06,1447.8786347558266,1452.6888627782714,1428.6377226660484,1438.2581787109375,3089136.0
2025-03-07,1419.0171840003734,1428.6376394851216,1394.9660452885025,1409.396728515625,5464123.0
2025-03-10,1394.966095955141,1404.5865517893144,1342.0535888671875,1342.0535888671875,9828231.0
2025-03-11,1269.9001438402527,1337.2433332863268,1269.9001438402527,1332.43310546875,10078176.0
2025-03-12,1322.8126579988086,1370.9149364714926,1322.8126579988086,1356.4842529296875,7914116.0
2025-03-13,1375.7252328996178,1385.3456890737411,1337.243408203125,1337.243408203125,6948447.0
2025-03-14,1346.86376953125,1375.7251360212053,1337.2433140345981,1346.86376953125,7153832.0
2025-03-17,1361.2944614343476,1385.3456003289473,1361.2944614343476,1370.9149169921875,4878893.0
2025-03-18,1394.9660727290784,1443.0683510990466,1390.1558448920816,1419.0172119140625,10224305.0
2025-03-19,1443.068322712244,1457.4990059393665,1404.586500773251,1409.396728515625,7855359.0
2025-03-20,1438.2580282808553,1443.0682558001893,1409.3966631648516,1428.6375732421875,6419295.0
2025-03-21,1438.2580756110115,1443.0683032886402,1419.0171649004963,1423.827392578125,4597519.0
2025-03-24,1443.0683032886402,1447.878530966269,1423.827392578125,1423.827392578125,3925730.0
2025-03-25,1447.878595270876,1481.5501905097337,1447.878595270876,1467.1195068359375,7987673.0
2025-03-26,1476.739934637995,1481.5501624381188,1457.4990234375,1457.4990234375,3637846.0
2025-03-27,1443.0682558001893,1452.6887108388573,1423.8273457228536,1428.6375732421875,4779867.0
2025-03-28,1414.206956257999,1438.25809496987,1399.7762730308768,1409.396728515625,4529681.0
2025-03-31,1366.1047767254947,1385.3456890737411,1337.243408203125,1337.243408203125,7884707.0
2025-04-01,1356.48426881555,1404.5865478515625,1356.48426881555,1404.5865478515625,6469737.0
2025-04-02,1404.5865397702528,1404.5865397702528,1380.535400390625,1380.535400390625,4501455.0
2025-04-07,1245.8489990234375,1245.8489990234375,1245.8489990234375,1245.8489990234375,1801849.0
2025-04-08,1207.3671405126179,1250.65918937562,1178.5057746039497,1212.1773681640625,18444110.0
2025-04-09,1202.5568837354958,1207.3671112704378,1096.7318779667721,1140.02392578125,19089246.0
2025-04-10,1250.6591796875,1250.6591796875,1250.6591796875,1250.6591796875,1930024.0
2025-04-11,1231.418321299639,1342.0535611039033,1202.5569543941788,1332.43310546875,16846917.0
2025-04-14,1356.4842250279016,1370.9149082728793,1332.4330862862723,1346.86376953125,12574667.0
2025-04-15,1351.674016739057,1361.2944723742103,1322.8126498335967,1332.43310546875,6567345.0
2025-04-16,1318.0023662860576,1332.4330491286057,1313.192138671875,1313.192138671875,5403460.0
2025-04-17,1289.14111328125,1298.761569350513,1265.0899731080922,1289.14111328125,6686132.0
2025-04-18,1298.761455829327,1327.622821514423,1293.9512282151443,1313.192138671875,3455357.0
2025-04-21,1303.571749662378,1303.571749662378,1274.7103825111815,1293.9512939453125,3022376.0
2025-04-22,1279.5205453725962,1303.5716834435095,1250.6591796875,1250.6591796875,4954354.0
2025-04-23,1289.1409546789462,1322.8125467787693,1289.1409546789462,1318.0023193359375,6070924.0
2025-04-24,1322.812681269825,1322.812681269825,1274.7104019509222,1279.5206298828125,6035060.0
2025-04-25,1322.8126968162646,1337.243380781533,1318.0024688278418,1327.6229248046875,6909233.0
2025-04-28,1332.433068395544,1337.2432960792826,1298.761474609375,1298.761474609375,5231320.0
2025-04-29,1298.76140956461,1318.0023193359375,1284.3307272361142,1318.0023193359375,5633730.0
2025-04-30,1318.0023853443288,1318.0023853443288,1298.761474609375,1298.761474609375,5374395.0
2025-05-02,1318.0023662860576,1318.0023662860576,1241.0387244591345,1250.6591796875,16309878.0
2025-05-05,1260.2796824098093,1284.3308213870957,1241.03877122798,1245.8489990234375,7202362.0
2025-05-06,1245.849018573761,1250.6592464447021,1226.6081070899963,1231.4183349609375,6945409.0
2025-05-07,1236.2286104090074,1250.6592945772059,1216.9876981847426,1226.608154296875,5876206.0
2025-05-08,1236.228590381238,1255.4695022937865,1226.6081344249637,1241.038818359375,5977244.0
2025-05-09,1245.8490805571935,1274.71044921875,1231.418396226415,1274.71044921875,6464226.0
2025-05-12,1269.9000712927757,1274.7102988355514,1255.4693886644486,1265.08984375,5139679.0
2025-05-13,1298.761549383072,1313.192233265106,1293.951321422394,1303.57177734375,9166229.0
2025-05-14,1318.0024135813994,1322.8126413681928,1293.9512746474322,1308.3819580078125,6039143.0
2025-05-15,1313.1920918931055,1327.6227742216013,1298.76140956461,1318.0023193359375,5523760.0
2025-05-16,1313.192138671875,1322.8125939002402,1308.3819110576924,1313.192138671875,3498707.0
2025-05-19,1293.9512571378518,1298.761484859554,1260.2796630859375,1260.2796630859375,7045364.0
2025-05-20,1279.5205263783268,1298.7614365494296,1265.08984375,1265.08984375,5662042.0
2025-05-21,1274.7104291773553,1293.9513413158816,1269.9002011427237,1289.14111328125,4399231.0
2025-05-22,1274.71044921875,1289.1411335495284,1269.9002211084905,1274.71044921875,3287944.0
2025-05-23,1284.3307539211025,1289.1409814638782,1260.2796162072243,1265.08984375,4277084.0
2025-05-26,1255.4694743156433,1255.4694743156433,1226.6081070899963,1231.4183349609375,7140240.0
2025-05-27,1231.4183349609375,1241.0387907028198,1221.7978792190552,1231.4183349609375,6424061.0
2025-05-28,1250.6592464447021,1255.4694743156433,1221.7978792190552,1231.4183349609375,7908648.0
2025-05-29,1236.2285064212858,1255.4694170270648,1212.1773681640625,1212.1773681640625,19212826.0
2025-06-02,1202.556912861173,1221.7978234669517,1183.3160022553943,1212.1773681640625,10666133.0
2025-06-03,1221.797926240809,1241.0388384650735,1216.9876981847426,1226.608154296875,5610470.0
2025-06-04,1231.418382352941,1241.0388384650735,1212.1774701286765,1226.608154296875,10297345.0
2025-06-05,1212.177387283509,1216.9876150108246,1188.1262486469313,1197.7467041015625,15362134.0
2025-06-06,1202.5569677352905,1231.4183349609375,1197.7467398643494,1231.4183349609375,10710374.0
2025-06-09,1241.0387433122569,1250.6591986867704,1226.6080602504865,1236.228515625,7952617.0
2025-06-10,1250.6592162628745,1284.330810546875,1250.6592162628745,1284.330810546875,11338136.0
2025-06-11,1289.1409814638782,1293.951209006654,1255.4693886644486,1265.08984375,11700995.0
2025-06-12,1250.6591986867704,1255.4694263740273,1231.4182879377431,1236.228515625,10502334.0
2025-06-13,1207.3671123046875,1216.9875673828126,1202.556884765625,1202.556884765625,8841922.0
2025-06-16,1212.1774153386455,1221.7978710159362,1202.5569596613545,1207.3671875,4129774.0
2025-06-17,1212.1774701286765,1231.418382352941,1212.1774701286765,1226.608154296875,5360829.0
2025-06-18,1216.9876048759727,1241.0387433122569,1212.177377188716,1236.228515625,5525157.0
2025-06-19,1231.4182312252965,1236.2284586910203,1216.987548828125,1216.987548828125,4766573.0
2025-06-20,1216.9875673828126,1226.6080224609375,1197.7466572265625,1202.556884765625,5271667.0
2025-06-23,1183.316048306773,1212.1774153386455,1178.5058204681275,1207.3671875,4404035.0
2025-06-24,1226.6080793245571,1236.2285348486712,1212.1773960383857,1221.7978515625,4477491.0
2025-06-25,1231.4183156370657,1250.6592268188947,1231.4183156370657,1245.8489990234375,5945025.0
2025-06-26,1245.8490463375122,1250.6592743156493,1236.228590381238,1241.038818359375,5174101.0
2025-06-27,1236.228515625,1250.6591986867704,1231.4182879377431,1236.228515625,5856843.0
2025-06-30,1241.038705078125,1250.65916015625,1202.556884765625,1202.556884765625,7763199.0
2025-07-01,1216.9876981847426,1255.469522633272,1216.9876981847426,1226.608154296875,8523024.0
2025-07-02,1245.8489990234375,1250.6592268188947,1226.6080878416083,1245.8489990234375,6784867.0
2025-07-03,1275.2787528451033,1275.2787528451033,1245.8492431640625,1245.8492431640625,11618186.0
2025-07-04,1265.4688720703125,1280.1836263967114,1260.5639539615129,1265.4688720703125,7096708.0
2025-07-07,1275.278730392456,1275.278730392456,1255.6590576171875,1255.6590576171875,4446172.0
2025-07-08,1255.6590797244094,1255.6590797244094,1240.944324883889,1245.8492431640625,3529215.0
2025-07-09,1255.6590175276754,1334.137706123155,1255.6590175276754,1329.2327880859375,13138793.0
2025-07-10,1348.8524845668246,1373.3770751953125,1334.137730189732,1373.3770751953125,11433007.0
2025-07-11,1378.2819501849967,1392.9967041015625,1363.567196268431,1392.9967041015625,9744661.0
2025-07-14,1383.1869447343186,1383.1869447343186,1358.662353515625,1358.662353515625,5631886.0
2025-07-15,1358.662331639225,1378.282004298275,1353.7574134744625,1368.47216796875,4329964.0
2025-07-16,1368.4721355032414,1388.0918076968362,1368.4721355032414,1383.1868896484375,5897943.0
2025-07-17,1378.2820153545133,1392.996769966839,1358.662342538079,1363.5672607421875,5213698.0
2025-07-18,1378.2819716000388,1383.1868896484375,1373.37705355164,1383.1868896484375,4870093.0
2025-07-21,1388.0917754591555,1417.5212830660635,1383.186857524671,1397.901611328125,5766633.0
2025-07-22,1412.6163543487762,1427.3311080399094,1397.901600657643,1402.8065185546875,7721986.0
2025-07-23,1427.3311080399094,1427.3311080399094,1397.901600657643,1402.8065185546875,4835003.0
2025-07-24,1417.5212722458207,1422.426190142865,1392.9966827605988,1402.8065185546875,4937526.0
2025-07-25,1402.8065185546875,1417.5212722458207,1388.0917648635543,1402.8065185546875,5748883.0
2025-07-28,1407.7115020751953,1412.616420200893,1358.6623208182198,1373.3770751953125,6885421.0
2025-07-29,1363.5672032973346,1368.472121294807,1324.3278593175553,1334.1376953125,9487581.0
2025-07-30,1339.0426914380944,1358.6623645727184,1334.1377731544385,1353.7574462890625,5594339.0
2025-07-31,1334.1376739279196,1358.662263522183,1314.5180022525092,1343.947509765625,8942761.0
2025-08-04,1314.5180884339754,1324.327924914826,1304.708251953125,1304.708251953125,4830756.0
2025-08-05,1324.3279027227145,1329.2328208809467,1314.51806640625,1314.51806640625,3718187.0
2025-08-06,1314.517986875592,1324.3278225985441,1294.8983154296875,1294.8983154296875,5412343.0
2025-08-07,1319.4229520115025,1339.0426241603725,1319.4229520115025,1329.2327880859375,5024691.0
2025-08-08,1329.232798936632,1334.137717013889,1309.6131266276043,1324.327880859375,5016534.0
2025-08-11,1324.3278700487201,1343.9475421975899,1314.5180339742851,1329.2327880859375,3478971.0
2025-08-12,1334.1376953125,1343.947531307445,1324.3278593175553,1334.1376953125,3238403.0
2025-08-13,1343.947509765625,1358.662263522183,1334.1376739279196,1343.947509765625,7678115.0
2025-08-14,1343.9475879257532,1368.472178946296,1339.0426697216446,1363.5672607421875,4387884.0
2025-08-15,1368.4720993598883,1373.3770172787408,1343.947509765625,1343.947509765625,4043678.0
2025-08-18,1348.8524633096465,1383.1868896484375,1348.8524633096465,1383.1868896484375,5827468.0
2025-08-19,1388.0918517627304,1402.8066063750562,1363.5672607421875,1363.5672607421875,6127596.0
2025-08-20,1353.7573782720249,1363.5672143464599,1324.3278700487201,1329.2327880859375,6525541.0
2025-08-21,1324.3278486650067,1348.8524384550994,1319.4229307069882,1339.0426025390625,4264972.0
2025-08-22,1339.0426025390625,1348.8524384550994,1329.2327666230253,1339.0426025390625,2686120.0
2025-08-25,1358.662299406444,1383.1868896484375,1353.7573813580452,1383.1868896484375,4859204.0
2025-08-26,1378.28199332101,1383.1869114467074,1353.7574026925222,1373.3770751953125,5024316.0
2025-08-27,1378.28199332101,1383.1869114467074,1368.472157069615,1373.3770751953125,3355567.0
2025-08-28,1368.4721900031025,1378.28202649058,1358.662353515625,1358.662353515625,3766722.0
2025-08-29,1363.5671814410355,1378.2819351975936,1343.947509765625,1343.947509765625,3723539.0
2025-09-01,1343.947531307445,1353.7573673023896,1324.3278593175553,1334.1376953125,3659694.0
2025-09-02,1334.1376953125,1353.7573673023896,1334.1376953125,1334.1376953125,3283160.0
2025-09-03,1353.7574134744625,1373.3770861335126,1343.9475771449374,1368.47216796875,4604408.0
2025-09-04,1378.28202649058,1378.28202649058,1353.7574352718864,1358.662353515625,3400107.0
2025-09-05,1373.3771198551829,1407.7115478515625,1368.4722015699858,1407.7115478515625,8668643.0
2025-09-08,1422.426190142865,1432.2360259369536,1397.901600657643,1402.8065185546875,6384542.0
2025-09-09,1417.5213424985773,1486.190196460446,1407.7115062183102,1481.2852783203125,10954327.0
2025-09-10,1491.0950346057048,1491.0950346057048,1456.7606094667576,1461.66552734375,6557814.0
2025-09-11,1476.380302635399,1481.2852205843537,1451.855712890625,1451.855712890625,4509127.0
2025-09-12,1466.5704559428925,1471.475373855745,1442.04586637863,1456.7606201171875,4172705.0
2025-09-15,1461.6655380300401,1466.5704559428925,1451.855702204335,1456.7606201171875,2733745.0
2025-09-16,1471.4753887164088,1515.619650377901,1466.5704707540208,1505.809814453125,8152357.0
2025-09-17,1515.619705301247,1515.619705301247,1481.2852783203125,1481.2852783203125,4695051.0
2025-09-18,1496.0000327407129,1500.9049508808464,1466.5705238999121,1481.2852783203125,3539535.0
2025-09-19,1471.4754740397134,1476.3803922865125,1412.616455078125,1412.616455078125,13241946.0
2025-09-22,1397.9016547695173,1402.806572856428,1373.3770643349644,1378.281982421875,8578839.0
2025-09-23,1363.5671706321023,1378.281924272017,1348.8524169921875,1348.8524169921875,10776401.0
2025-09-24,1319.4230066744008,1329.2328431552514,1304.708251953125,1304.708251953125,11129639.0
2025-09-25,1304.7082192800303,1339.0426461031889,1304.7082192800303,1319.4229736328125,7547381.0
2025-09-26,1319.4229265751728,1324.3278445178316,1285.0885009765625,1285.0885009765625,6728741.0
2025-09-30,1285.088490301212,1299.803244006951,1265.4688186935598,1289.993408203125,7200191.0
2025-10-01,1280.183637448322,1280.183637448322,1260.56396484375,1260.56396484375,6432244.0
2025-10-02,1265.4688940048218,1275.278730392456,1255.6590576171875,1255.6590576171875,8209274.0
2025-10-03,1260.563890399355,1299.8032332911637,1260.563890399355,1294.8983154296875,6383512.0
2025-10-07,1299.8033447265625,1309.6131812905367,1280.1836715986144,1299.8033447265625,7016903.0
2025-10-08,1304.7082409805128,1324.3279137772122,1299.8033227813378,1309.6131591796875,5034301.0
2025-10-09,1324.3278917504067,1343.947564220783,1309.6131373976243,1319.4229736328125,4738227.0
2025-10-13,1304.708161908864,1304.708161908864,1275.278654497386,1289.993408203125,7286313.0
2025-10-14,1304.7081836685825,1314.5180196360154,1275.2786757662836,1280.18359375,5520842.0
2025-10-15,1299.803244006951,1304.708161908864,1275.278654497386,1289.993408203125,4146372.0
2025-10-16,1294.8984154722743,1314.5180884339754,1294.8984154722743,1304.708251953125,3748755.0
2025-10-17,1314.5180884339754,1334.1377613956765,1299.8033337126997,1304.708251953125,6827509.0
2025-10-20,1309.6131482480178,1319.4229845644822,1299.803311931553,1314.51806640625,3287582.0
2025-10-21,1324.3279027227145,1329.2328208809467,1309.6131482480178,1314.51806640625,3905400.0
2025-10-22,1309.61317019355,1319.4230066744008,1299.8033337126997,1304.708251953125,3704329.0
2025-10-23,1299.8032876975747,1304.7082057643581,1265.4688612300915,1270.373779296875,7752802.0
2025-10-27,1294.898404582163,1314.5180773788625,1285.0885681838133,1309.6131591796875,5678203.0
2025-10-28,1304.708161908864,1309.6130798107772,1285.088490301212,1289.993408203125,4800134.0
2025-10-29,1280.1836045485277,1304.7081946739784,1275.2786865234375,1275.2786865234375,7886343.0
2025-10-30,1280.183583033904,1299.8032548045383,1275.278665091245,1285.0885009765625,5190139.0
2025-10-31,1275.278665091245,1299.8032548045383,1265.468829205928,1285.0885009765625,7057671.0
2025-11-03,1285.0885225736179,1299.8032766488882,1255.659014423077,1275.2786865234375,10235098.0
2025-11-04,1265.4688186935598,1289.993408203125,1260.5639007916468,1289.993408203125,6324011.0
2025-11-05,1270.373824270148,1304.708251953125,1260.5639877892975,1304.708251953125,6722398.0
2025-11-06,1294.8983807231104,1304.7082169407097,1265.4688720703125,1265.4688720703125,7307681.0
2025-11-07,1260.5638960580977,1270.3737318250867,1236.039306640625,1236.039306640625,7288497.0
2025-11-10,1226.2294921875,1236.0393281249999,1226.2294921875,1226.2294921875,5195821.0
2025-11-11,1226.2295138451361,1245.8491860666584,1216.419677734375,1216.419677734375,5414867.0
2025-11-12,1216.4196669490461,1236.0393389966116,1216.4196669490461,1221.3245849609375,4199743.0
2025-11-13,1216.4196669490461,1231.1344209847202,1211.514748937155,1221.3245849609375,2865882.0
2025-11-14,1206.60986328125,1231.1344539983486,1201.7049451378302,1206.60986328125,4154705.0
2025-11-17,1206.60986328125,1226.2295358549288,1201.7049451378302,1206.60986328125,4804227.0
2025-11-18,1196.8000363080928,1196.8000363080928,1147.7508544921875,1147.7508544921875,9021735.0
2025-11-19,1128.1312034870016,1172.2754679712755,1128.1312034870016,1137.9410400390625,6293318.0
2025-11-20,1157.5606581289558,1182.0852483435522,1147.750822043117,1162.465576171875,7131739.0
2025-11-21,1108.511442625887,1133.0360320645127,1108.511442625887,1123.2261962890625,7293277.0
2025-11-24,1133.0360213569973,1147.7507748811142,1123.2261856742527,1128.131103515625,9436199.0
2025-11-25,1152.6557400860365,1182.0852483435522,1152.6557400860365,1162.465576171875,6872636.0
2025-11-26,1196.7999981219953,1275.2786865234375,1191.895080096905,1275.2786865234375,11771497.0
2025-11-27,1334.137739039179,1343.9475753556437,1299.803311931553,1314.51806640625,19171766.0
2025-11-28,1348.8524953096999,1383.1869224630377,1339.0426589801748,1368.47216796875,17773470.0
2025-12-01,1392.9967712613538,1422.4262805133542,1373.3770984266869,1417.5213623046875,19274425.0
2025-12-02,1417.521304935954,1432.236058966431,1383.186878864841,1388.091796875,11326485.0
2025-12-03,1378.28199332101,1407.7115020751953,1373.3770751953125,1373.3770751953125,9738032.0
2025-12-04,1378.281982421875,1388.0918185956962,1358.6623100742327,1378.281982421875,6241494.0
2025-12-05,1392.9966933936403,1417.5212830660635,1378.2819395901863,1397.901611328125,7682537.0
2025-12-08,1402.8066185845269,1412.616455078125,1378.2820273505315,1412.616455078125,5746578.0
2025-12-09,1407.7114580181283,1412.616375990317,1388.091786129374,1392.9967041015625,4993367.0
2025-12-10,1407.7114935051904,1432.236083984375,1397.9016573135166,1432.236083984375,8224726.0
2025-12-11,1417.5213496163756,1422.426267781138,1368.47216796875,1368.47216796875,8965596.0
2025-12-12,1363.5672281611432,1388.0918185956962,1353.757391987322,1378.281982421875,5029971.0
2025-12-15,1358.6622782962422,1422.426211934694,1358.6622782962422,1392.9967041015625,9540796.0
2025-12-16,1392.9967041015625,1422.426211934694,1388.091786129374,1392.9967041015625,8922061.0
2025-12-17,1407.7114471970942,1427.331118935033,1397.901611328125,1397.901611328125,8490679.0
2025-12-18,1397.9016220737512,1417.5212939625055,1388.091786129374,1392.9967041015625,5247800.0
2025-12-19,1412.6163979388298,1417.5213159872285,1383.1868896484375,1383.1868896484375,8034656.0
2025-12-22,1402.8065839494977,1407.7115020751953,1363.5672389439173,1373.3770751953125,5675053.0
2025-12-23,1378.2820153545133,1378.2820153545133,1353.7574243339702,1363.5672607421875,5114619.0
2025-12-24,1368.4722011400306,1373.3771194236865,1353.7574462890625,1353.7574462890625,3022674.0
2025-12-26,1363.5672717593636,1368.4721900031025,1353.7574352718864,1358.662353515625,3000352.0
2025-12-29,1363.567196268431,1397.9016220737512,1353.7573603240537,1392.9967041015625,6343754.0
2025-12-30,1378.2819501849967,1402.8065400459398,1373.3770322128082,1392.9967041015625,4276067.0
2025-12-31,1392.9966827605988,1422.426190142865,1388.0917648635543,1402.8065185546875,6354048.0
2026-01-02,1422.426226349915,1466.5704885469813,1412.6163903061224,1442.0458984375,11449412.0
2026-01-05,1481.2852459016394,1500.9049180327868,1466.5704918032786,1496.0,13343442.0
2026-01-06,1505.0,1505.0,1480.0,1485.0,7914854.0
2026-01-07,1490.0,1505.0,1475.0,1490.0,7065696.0
2026-01-08,1495.0,1500.0,1435.0,1445.0,8133244.0
2026-01-09,1455.0,1460.0,1415.0,1420.0,7989973.0
2026-01-12,1445.0,1450.0,1425.0,1445.0,4084929.0
2026-01-13,1455.0,1485.0,1450.0,1485.0,9900355.0
2026-01-14,1485.0,1500.0,1480.0,1500.0,6058106.0
2026-01-15,1500.0,1500.0,1465.0,1490.0,7795923.0
2026-01-16,1500.0,1525.0,1490.0,1505.0,10170235.0
2026-01-19,1510.0,1510.0,1465.0,1485.0,5649790.0
2026-01-20,1480.0,1500.0,1470.0,1485.0,5623268.0
2026-01-21,1470.0,1495.0,1450.0,1465.0,8433519.0
2026-01-22,1495.0,1525.0,1465.0,1485.0,7732602.0
2026-01-23,1525.0,1630.0,1525.0,1630.0,21949189.0
2026-01-26,1740.0,1790.0,1720.0,1770.0,23813770.0
2026-01-27,1755.0,1820.0,1750.0,1775.0,11706065.0
2026-01-28,1755.0,1800.0,1740.0,1780.0,9806198.0
2026-01-29,1780.0,1815.0,1770.0,1780.0,9803415.0
2026-01-30,1770.0,1775.0,1735.0,1760.0,10669850.0
2026-02-02,1715.0,1740.0,1685.0,1705.0,8793337.0
2026-02-03,1740.0,1805.0,1720.0,1795.0,11037015.0
2026-02-04,1760.0,1810.0,1740.0,1800.0,11261034.0
2026-02-05,1750.0,1800.0,1740.0,1770.0,15699947.0
2026-02-06,1745.0,1755.0,1690.0,1710.0,10786108.0
2026-02-09,1760.0,1870.0,1760.0,1830.0,11613075.0
2026-02-10,1860.0,1865.0,1820.0,1845.0,10813438.0
2026-02-11,1795.0,1865.0,1795.0,1855.0,8232637.0
2026-02-23,1880.0,1880.0,1790.0,1795.0,15948909.0
2026-02-24,1810.0,1825.0,1795.0,1825.0,6740003.0
2026-02-25,1840.0,1870.0,1830.0,1870.0,7857623.0
2026-02-26,1895.0,1975.0,1850.0,1945.0,13692370.0
2026-03-02,1945.0,1945.0,1880.0,1900.0,8811661.0
2026-03-03,1900.0,1910.0,1815.0,1815.0,9621376.0
2026-03-04,1760.0,1780.0,1715.0,1720.0,11024269.0
2026-03-05,1760.0,1800.0,1750.0,1775.0,7826693.0
2026-03-06,1745.0,1790.0,1735.0,1765.0,4418206.0
2026-03-09,1620.0,1665.0,1610.0,1665.0,11475137.0
2026-03-10,1730.0,1730.0,1685.0,1705.0,5273491.0
2026-03-11,1760.0,1780.0,1720.0,1765.0,5783121.0
2026-03-12,1745.0,1815.0,1735.0,1785.0,6354849.0
2026-03-13,1730.0,1745.0,1720.0,1720.0,6467628.0
2026-03-16,1720.0,1740.0,1710.0,1710.0,4423319.0
2026-03-17,1730.0,1740.0,1715.0,1730.0,4260491.0
2026-03-18,1730.0,1745.0,1725.0,1730.0,6009078.0
2026-03-19,1700.0,1705.0,1665.0,1680.0,6764438.0
2026-03-20,1685.0,1715.0,1655.0,1700.0,7874444.0
2026-03-23,1630.0,1645.0,1600.0,1625.0,6372639.0
2026-03-24,1655.0,1665.0,1600.0,1620.0,5324085.0
2026-03-25,1665.0,1665.0,1620.0,1620.0,5839950.0
2026-03-26,1610.0,1640.0,1590.0,1590.0,7031916.0
2026-03-27,1560.0,1585.0,1545.0,1585.0,6833766.0
2026-03-30,1540.0,1555.0,1505.0,1510.0,7235491.0
2026-03-31,1525.0,1540.0,1490.0,1490.0,10218910.0
2026-04-01,1550.0,1550.0,1460.0,1465.0,10756280.0
2026-04-02,1500.0,1510.0,1445.0,1465.0,8691522.0
2026-04-07,1480.0,1480.0,1430.0,1470.0,6910617.0
2026-04-08,1520.0,1585.0,1505.0,1580.0,12976420.0
2026-04-09,1600.0,1600.0,1550.0,1575.0,8061675.0
2026-04-10,1600.0,1605.0,1570.0,1575.0,5381936.0
2026-04-13,1645.0,1665.0,1620.0,1620.0,8802674.0
2026-04-14,1645.0,1745.0,1640.0,1720.0,11909857.0
2026-04-15,1805.0,1845.0,1770.0,1790.0,20848384.0
2026-04-16,1850.0,1930.0,1810.0,1895.0,16504496.0
2026-04-17,1930.0,1955.0,1885.0,1925.0,15450213.0
2026-04-20,1960.0,1965.0,1895.0,1900.0,11027820.0
2026-04-21,1930.0,2090.0,1925.0,2090.0,17347421.0
2026-04-22,2120.0,2295.0,2110.0,2295.0,23044579.0
2026-04-23,2325.0,2335.0,2170.0,2215.0,28172336.0
2026-04-24,2340.0,2435.0,2330.0,2435.0,21684950.0
2026-04-27,2470.0,2575.0,2410.0,2435.0,23842383.0
2026-04-28,2490.0,2675.0,2485.0,2615.0,22923298.0
2026-04-29,2550.0,2595.0,2500.0,2575.0,11761568.0
2026-04-30,2665.0,2685.0,2565.0,2610.0,16785387.0
2026-05-04,2870.0,2870.0,2870.0,2870.0,3450749.0
2026-05-05,3155.0,3155.0,3155.0,3155.0,8515330.0
2026-05-06,3470.0,3470.0,3155.0,3430.0,36338977.0
2026-05-07,3430.0,3430.0,3295.0,3420.0,7619708.0
2026-05-08,3320.0,3670.0,3320.0,3630.0,8599780.0
2026-05-11,3575.0,3985.0,3565.0,3880.0,7943859.0
2026-05-12,3835.0,3910.0,3700.0,3700.0,9538278.0
2026-05-13,3625.0,3680.0,3400.0,3495.0,8651831.0
2026-05-14,3585.0,3590.0,3385.0,3405.0,6305692.0
2026-05-15,3425.0,3555.0,3200.0,3260.0,6680609.0
2026-05-18,3240.0,3550.0,3150.0,3400.0,6249186.0
2026-05-19,3475.0,3495.0,3100.0,3155.0,8398806.0
2026-05-20,3195.0,3350.0,3155.0,3230.0,8111772.0
2026-05-21,3415.0,3550.0,3405.0,3550.0,5636155.0
2026-05-22,3765.0,3880.0,3675.0,3860.0,19537258.0
2026-05-25,4245.0,4245.0,4245.0,4245.0,4181502.0
2026-05-26,4375.0,4440.0,4180.0,4265.0,18199859.0
2026-05-27,4475.0,4690.0,4450.0,4640.0,16927911.0
2026-05-28,4620.0,4685.0,4270.0,4410.0,14431497.0
2026-05-29,4460.0,4485.0,4235.0,4310.0,20620831.0
2026-06-01,4440.0,4710.0,4440.0,4555.0,17045894.0
2026-06-02,4970.0,4970.0,4380.0,4525.0,14145620.0
2026-06-03,4540.0,4650.0,4420.0,4545.0,9478437.0
2026-06-04,4600.0,4685.0,4430.0,4430.0,8958387.0
2026-06-05,4360.0,4430.0,4130.0,4300.0,10685775.0
2026-06-08,3935.0,4090.0,3935.0,4070.0,14355996.0
2026-06-09,4180.0,4475.0,4130.0,4475.0,14307617.0
2026-06-10,4315.0,4520.0,4120.0,4155.0,14357119.0
2026-06-11,4085.0,4150.0,3880.0,4085.0,15367556.0
2026-06-12,4410.0,4415.0,4165.0,4180.0,7806177.0
