Date,Open,High,Low,Close,Volume
2021-06-15,703.598704894464,712.819252438444,698.6337946784749,701.4708862304688,5175020.0
2021-06-16,705.7264562306669,705.7264562306669,695.7966367460144,698.6337280273438,4946749.0
2021-06-17,693.6687622070312,694.378034970024,686.5760345771025,693.6687622070312,6201886.0
2021-06-18,695.0873340349741,702.1800619332902,684.4482421875,684.4482421875,5918101.0
2021-06-21,680.9019480187908,681.6112208813104,651.1124877929688,651.1124877929688,11173057.0
2021-06-22,639.7641158162029,649.6939357956119,631.2528415481381,640.473388671875,13992257.0
2021-06-23,640.4732946219531,667.4256591796875,636.9269308643565,667.4256591796875,8867351.0
2021-06-24,670.2627313817151,671.6812768449568,657.4958222125395,658.9143676757812,3484444.0
2021-06-25,666.7164573957491,675.2277313199501,657.4959106445312,657.4959106445312,4975532.0
2021-06-28,658.914467943161,663.1701049804688,653.9495580663018,663.1701049804688,3842050.0
2021-06-29,668.1350148573279,673.099924734187,663.1701049804688,663.1701049804688,5371399.0
2021-06-30,670.2627969531657,693.6687993864508,668.8442513511484,682.3204345703125,10422047.0
2021-07-01,688.7039567398151,692.2503210896597,672.3906807305301,677.3555908203125,5520582.0
2021-07-02,683.0297459330305,683.7390187740824,675.9370175225109,678.7741088867188,4595609.0
2021-07-05,680.9019274098747,691.5410200256539,678.7741088867188,678.7741088867188,7408825.0
2021-07-06,691.3166638289512,693.5300576298977,678.7740989569211,680.2496948242188,6914325.0
2021-07-07,683.2008499927583,684.6764457810796,676.5606689453125,676.5606689453125,5159765.0
2021-07-08,678.7741088867188,685.4142903866975,674.3473212200662,678.7741088867188,5934229.0
2021-07-09,675.0850633490461,685.4142337172283,672.1338718152798,678.0362548828125,5129084.0
2021-07-12,693.530054102607,694.2678520325034,686.152074803643,689.841064453125,5646291.0
2021-07-13,693.5301613859173,696.4813535620275,683.2009887695312,683.2009887695312,6948022.0
2021-07-14,685.4143016528058,692.0544832619288,682.4631098265289,686.152099609375,3359604.0
2021-07-15,689.8411064268287,702.3836719982256,686.1521165528884,701.6458740234375,7385920.0
2021-07-16,699.4325108064753,708.2860868926332,694.2679247562165,706.0726928710938,5866395.0
2021-07-19,694.2678083185273,697.2189998522936,675.0850633490461,678.0362548828125,6987035.0
2021-07-20,676.5607150533925,684.6764924422554,675.0851191645083,678.7741088867188,3114282.0
2021-07-21,683.2008749978585,686.8898646036785,668.4449165745785,672.8717041015625,4941452.0
2021-07-22,675.0850633490461,686.8898294841114,675.0850633490461,678.0362548828125,4204358.0
2021-07-23,687.6276805750938,689.1032764561562,681.725297050844,688.365478515625,4496889.0
2021-07-26,693.5300525735544,693.5300525735544,678.7740940081595,680.9874877929688,4293853.0
2021-07-27,684.6765246035447,699.4324841855178,681.7253326871502,692.0545043945312,7973169.0
2021-07-28,686.8899147290862,687.6277127040906,654.4268038288931,656.6401977539062,16290546.0
2021-07-29,675.0851155860631,689.8410743966874,666.2315402996885,688.365478515625,9074984.0
2021-07-30,689.841066465273,691.3166623293699,669.1827243679173,671.3961181640625,5727104.0
2021-08-02,681.7253525139688,689.1033325195312,678.7741605117438,689.1033325195312,3940140.0
2021-08-03,699.4324841855178,699.4324841855178,686.1521205617421,692.0545043945312,2919205.0
2021-08-04,699.4325460012335,703.121536222759,694.2679596910979,700.9081420898438,6059477.0
2021-08-05,708.2860057882414,711.2371974790258,702.3836224066728,709.0238037109375,6733053.0
2021-08-06,705.3348159137954,706.0726138383915,689.841059497279,690.578857421875,3774421.0
2021-08-09,684.6764874287459,684.6764874287459,672.1339224650727,679.5119018554688,4368676.0
2021-08-10,686.1520782934094,686.1520782934094,675.8229072223257,680.2496948242188,2445401.0
2021-08-11,673.6095119602078,675.8229057563531,668.4449264358689,671.3961181640625,4502303.0
2021-08-12,680.9874593684103,680.9874593684103,664.7559056239845,666.9692993164062,4215356.0
2021-08-13,670.6583202320141,675.8229057563531,664.7559367756268,671.3961181640625,4646391.0
2021-08-16,671.3961632799493,677.2985471329598,664.0181834636861,664.7559814453125,3692905.0
2021-08-17,664.7559814453125,664.7559814453125,664.7559814453125,664.7559814453125,0.0
2021-08-18,641.8841914126748,672.8717041015625,638.1952018068548,672.8717041015625,6008564.0
2021-08-19,669.920571542001,674.3473594596794,650.7378238987278,655.1646118164062,5483659.0
2021-08-20,663.2802786111558,666.9692679248998,641.8841405914411,644.0975341796875,5459224.0
2021-08-23,650.7377712614057,675.0851028392134,650.7377712614057,672.1339111328125,5262045.0
2021-08-24,678.7741642816626,678.7741642816626,666.2315982025449,670.6583862304688,2822689.0
2021-08-25,675.0851028392134,675.0851028392134,664.01813394021,672.1339111328125,3927236.0
2021-08-26,668.4449755694416,669.1827735557213,641.884248063371,655.1646118164062,9234116.0
2021-08-27,644.0975434439523,661.06689453125,644.0975434439523,661.06689453125,5490911.0
2021-08-30,665.4937248899226,672.8717041015625,662.5425332052666,672.8717041015625,4109689.0
2021-08-31,676.5607491513335,676.5607491513335,652.9512137392913,664.7559814453125,7520536.0
2021-09-01,676.5606805992744,686.1520533885771,668.4449036237105,683.9386596679688,9142513.0
2021-09-02,686.1520846940314,697.2190538019996,683.9386908724377,688.365478515625,5703535.0
2021-09-03,692.0544146682025,692.0544146682025,676.5606591159293,678.0362548828125,5908319.0
2021-09-06,669.1826711382184,676.5606498718262,660.3290966578892,661.06689453125,8142260.0
2021-09-07,664.7558496418189,669.1826366538621,661.8046583004568,666.2314453125,3726008.0
2021-09-08,663.2803311264306,674.3472999438906,660.3291394417746,672.8717041015625,4347700.0
2021-09-09,666.231577408565,669.9205673166966,662.5425875004335,664.7559814453125,6296716.0
2021-09-10,666.231579127956,682.463134765625,665.4937811444256,682.463134765625,4767470.0
2021-09-13,677.2984785061439,687.627649202316,677.2984785061439,683.9386596679688,2943072.0
2021-09-14,687.6277322094444,700.1702981403033,687.6277322094444,698.6947021484375,8030381.0
2021-09-15,695.7434478922961,697.2190437520889,684.6764789438503,689.841064453125,5098265.0
2021-09-16,686.152069874299,690.578857421875,683.2008781759148,690.578857421875,2831392.0
2021-09-17,693.530029296875,702.3836041389627,690.5788376828457,693.530029296875,7222343.0
2021-09-22,677.2984966190141,682.4630821052158,664.01813394021,672.1339111328125,8331836.0
2021-09-23,678.0363359294954,679.5119318727587,667.7071643266521,675.0851440429688,5235288.0
2021-09-24,677.2985129978346,680.987502720045,672.871725331182,678.7741088867188,4824937.0
2021-09-27,679.51189631839,707.5482177734375,679.51189631839,707.5482177734375,10615379.0
2021-09-28,707.5482888854534,714.9262689572516,697.2191167849357,706.0726928710938,7201265.0
2021-09-29,693.5301036354223,695.743497583195,673.6095581054688,673.6095581054688,8299794.0
2021-09-30,673.6095369960722,675.0851329150121,661.0669716850829,667.7071533203125,7633321.0
2021-10-01,667.7071305614406,667.7071305614406,650.7377780720338,652.951171875,6270815.0
2021-10-04,658.1157836914062,663.2803694378634,647.7866121984918,658.1157836914062,4562934.0
2021-10-05,643.3598272374206,647.786615039513,630.817261798159,639.6708374023438,8653551.0
2021-10-06,645.5732010535887,656.6401702145074,642.6220092773438,642.6220092773438,5342508.0
2021-10-07,652.9511650412064,674.3473049126131,651.4755691880059,672.1339111328125,6379657.0
2021-10-08,678.0362995524983,682.4630871447888,668.4449264358689,671.3961181640625,4246459.0
2021-10-12,669.1827162750141,669.9205141981398,652.9511619662486,654.4267578125,6289120.0
2021-10-13,657.3779513542723,658.8535472046748,635.9818115234375,635.9818115234375,5526679.0
2021-10-14,641.8841814313616,644.0975751604353,619.0124462309338,619.750244140625,8578196.0
2021-10-15,629.3415941129348,633.7683814103294,624.9148068155403,632.2927856445312,6129997.0
2021-10-18,635.9818475672668,647.786615039513,634.506251633236,639.6708374023438,5973592.0
2021-10-19,647.0487849653962,664.0181373647167,643.35979531337,662.5425415039062,5917354.0
2021-10-20,671.3961632799493,677.2985471329598,664.7559814453125,664.7559814453125,4486883.0
2021-10-21,672.8717601228778,681.7253359139684,666.2315782795599,673.6095581054688,5875235.0
2021-10-22,673.6096141971728,683.2009887695312,668.4450278889798,683.2009887695312,4483378.0
2021-10-25,684.6765246035447,696.4812922691232,675.822948854361,692.0545043945312,5129397.0
2021-10-26,701.6458378281704,702.3836357648983,693.5300605241642,697.9568481445312,6282515.0
2021-10-27,700.1702619742942,706.8104435947038,687.6276966912984,695.0056762695312,7944259.0
2021-10-28,695.0056449694512,698.6946345924313,683.9386761005109,690.578857421875,3776228.0
2021-10-29,692.0545076702406,692.7923056528315,673.6095581054688,673.6095581054688,5373611.0
2021-11-01,682.4630886251653,686.1520782934094,676.5607051559746,680.2496948242188,2927412.0
2021-11-02,685.41418943734,689.1031786162278,678.0362110795645,684.6763916015625,2920555.0
2021-11-03,689.1032814386066,692.7922711679353,685.4142917092778,687.627685546875,3049201.0
2021-11-04,697.2189548097807,697.2189548097807,683.2007959300074,684.6763916015625,2340539.0
2021-11-05,692.7922313933676,693.530029296875,683.9386565512799,693.530029296875,3449046.0
2021-11-08,698.6946008176219,725.2553248191366,696.481207150829,723.0419311523438,10466167.0
2021-11-09,737.7978989926828,737.7978989926828,720.0907494168584,721.5663452148438,6868045.0
2021-11-10,717.1396578667308,721.5664458782538,706.8104858398438,706.8104858398438,3495810.0
2021-11-11,690.5788896668632,708.2860406839623,690.5788896668632,703.8592529296875,3783645.0
2021-11-12,711.2371504542058,728.9442994281694,705.3347674628847,725.2553100585938,4282008.0
2021-11-15,745.1758902200839,763.6208379978087,737.797911108994,756.2428588867188,11093470.0
2021-11-16,756.242870386096,770.998828832654,745.1759015511775,763.620849609375,5633120.0
2021-11-17,782.0658231568568,793.1327923524727,752.5539053018811,759.931884765625,6797429.0
2021-11-18,782.0657942108295,811.5777109735022,774.6878150201612,800.5107421875,12481999.0
2021-11-19,822.6445920051785,826.3335812069954,782.0657107851921,804.1996459960938,9960213.0
2021-11-22,811.5776740180122,818.9556528727214,796.8217163085938,796.8217163085938,4887612.0
2021-11-23,789.4438002166024,804.1997590991558,774.6878413340492,778.3768310546875,6036742.0
2021-11-24,770.9988039456881,782.0657724233774,756.2428459754358,767.309814453125,4207454.0
2021-11-25,770.998828832654,778.376808055933,752.5538807744565,763.620849609375,2988005.0
2021-11-26,752.5538457614272,756.2428352014342,734.8466964493937,741.4868774414062,4249254.0
2021-11-29,736.3223504816444,759.931884765625,731.1577648570237,759.931884765625,3787113.0
2021-11-30,774.6878202834931,782.0657995242883,745.1759033203125,745.1759033203125,8133035.0
2021-12-01,752.5538553587148,789.4437502292401,745.1758763846098,785.7547607421875,6353875.0
2021-12-02,770.9987903171116,800.5107057359484,767.309800889757,796.8217163085938,7112276.0
2021-12-03,796.8217543116156,804.1997335182045,778.376806295143,782.0657958984375,4662507.0
2021-12-06,782.0657942108295,800.5107421875,767.3098358294931,800.5107421875,4605648.0
2021-12-07,782.065771255135,796.8217292033451,774.6877922810299,785.7547607421875,6117755.0
2021-12-08,800.510632658658,818.9555781116225,796.8216435680652,807.8886108398438,7323171.0
2021-12-09,807.8887213781682,811.5777109735022,793.1327629968317,800.5107421875,2463930.0
2021-12-10,793.1328125,800.5107921511627,785.7548328488372,793.1328125,2943248.0
2021-12-13,789.4438226744186,807.8887718023256,789.4438226744186,793.1328125,3276917.0
2021-12-14,789.4437255859375,793.1327149578344,774.6877680983499,789.4437255859375,4130770.0
2021-12-15,785.7547855017319,793.132764708321,770.9988270885539,782.0657958984375,2981924.0
2021-12-16,800.5106567942769,804.1996459960938,793.1326783906429,804.1996459960938,3810497.0
2021-12-17,793.1328125,807.8887718023256,789.4438226744186,793.1328125,4197118.0
2021-12-20,789.4438002166024,793.1327899372408,778.3768310546875,778.3768310546875,3226773.0
2021-12-21,818.9556028033616,818.9556028033616,789.443689188826,804.1996459960938,4406508.0
2021-12-22,807.8887213781682,807.8887213781682,796.8217525921658,800.5107421875,1329910.0
2021-12-23,804.1996217492509,815.2665890210296,800.510632658658,807.8886108398438,2693726.0
2021-12-24,811.5777206420898,833.7116584777832,807.8887310028076,826.3336791992188,4983433.0
2021-12-27,830.0226669644685,874.2905425359069,826.3336773335153,844.7786254882812,8440835.0
2021-12-28,855.8456283244681,870.6015874335106,852.1566385472074,866.91259765625,4928695.0
2021-12-29,870.6015377768987,885.3574960443037,863.2235586431962,874.29052734375,5074409.0
2021-12-30,885.3573480173319,885.3573480173319,866.9124032669708,877.9793701171875,3809725.0
2022-01-03,889.0464750870415,896.4244541334069,844.7786008088485,848.4675903320312,7374387.0
2022-01-04,859.53466796875,866.9126479513144,844.7787080036212,859.53466796875,6688764.0
2022-01-05,863.2236078789894,877.9795669880319,848.4676487699468,866.91259765625,7020406.0
2022-01-06,848.467603507021,852.1565930874863,818.9556868632984,837.400634765625,8129690.0
2022-01-07,833.7117603648793,844.7787306352095,804.1998396439986,811.5778198242188,8258414.0
2022-01-10,796.8216435680652,807.8886108398438,789.4436653868793,807.8886108398438,7069419.0
2022-01-11,804.199695163303,807.8886845906576,785.75474802653,796.8217163085938,4406422.0
2022-01-12,807.8887213781682,807.8887213781682,789.4437734014977,800.5107421875,3016339.0
2022-01-13,804.1998396439986,818.955800004439,800.5108495538885,811.5778198242188,5047874.0
2022-01-14,804.1997081774501,804.1997081774501,778.3767817680825,785.7547607421875,5581491.0
2022-01-17,793.1327375061309,826.3336427970852,789.4437480293582,822.6446533203125,5457933.0
2022-01-18,818.9557133325085,844.7786412303803,815.2667236328125,815.2667236328125,4858889.0
2022-01-19,807.8888297341086,826.3337801846591,804.1998396439986,811.5778198242188,4742173.0
2022-01-20,815.2666136015446,818.9556028033616,789.443689188826,804.1996459960938,5235983.0
2022-01-21,782.0657468421437,796.8217043297313,778.3767574702467,789.4437255859375,5844178.0
2022-01-24,782.0657107851921,804.1996459960938,774.6877323815582,804.1996459960938,5048568.0
2022-01-25,796.8217525921658,804.1997317828341,789.4437734014977,800.5107421875,4466066.0
2022-01-26,789.4438226744186,807.8887718023256,789.4438226744186,793.1328125,5129604.0
2022-02-07,833.7117603648793,833.7117603648793,793.1328693736683,811.5778198242188,18787872.0
2022-02-08,830.0225453834012,830.0225453834012,804.1996217492509,807.8886108398438,8746495.0
2022-02-09,830.0226802319552,837.4006596117948,807.8887420924365,833.711669921875,7950712.0
2022-02-10,841.0896227606412,859.534570628199,830.0226540401064,855.8455810546875,8574392.0
2022-02-11,848.4675903320312,863.2235484247623,844.7786008088485,848.4675903320312,4989740.0
2022-02-14,826.3336927319004,830.0226824315964,811.5777339331165,815.2667236328125,5433143.0
2022-02-15,818.955800004439,826.3337801846591,804.1998396439986,811.5778198242188,3248639.0
2022-02-16,833.711669921875,833.711669921875,822.6447008521156,833.711669921875,2903544.0
2022-02-17,833.711669921875,837.4006596117948,826.3336905420355,833.711669921875,3007009.0
2022-02-18,822.6446895599365,830.022668838501,815.2667102813721,826.3336791992188,2500405.0
2022-02-21,822.6447008521156,837.4006596117948,818.9557111621958,833.711669921875,3088278.0
2022-02-22,822.6446780642948,826.3336676520271,804.1997301256334,818.9556884765625,4745273.0
2022-02-23,818.9556999206543,826.3336791992188,811.5777206420898,826.3336791992188,3540429.0
2022-02-24,807.8887231214991,815.2667023280881,778.376806295143,782.0657958984375,7867454.0
2022-02-25,793.1327629968317,807.8887213781682,782.0657942108295,800.5107421875,7091202.0
2022-03-01,815.2668099143289,826.3337801846591,807.8888297341086,811.5778198242188,5420606.0
2022-03-02,815.2666634453668,815.2666634453668,789.4437374538846,796.8217163085938,3632197.0
2022-03-03,800.5107057359484,811.5776740180122,785.75474802653,796.8217163085938,3799148.0
2022-03-04,782.0657857755336,782.0657857755336,756.2428588867188,756.2428588867188,6254448.0
2022-03-07,726.7309604848854,734.1089397791482,715.6639915434912,717.1395874023438,10685986.0
2022-03-08,697.2190871194144,727.4688041267117,695.7434911678389,710.4994506835938,7230258.0
2022-03-09,716.4017580399602,720.0907475252329,705.3347895841421,712.7127685546875,5981552.0
2022-03-10,730.4198973382537,741.4868654797424,724.5175143294598,734.10888671875,5820879.0
2022-03-11,737.7979757877401,737.7979757877401,709.0238547320182,710.4994506835938,5586320.0
2022-03-14,717.8773397671974,719.3529355323922,689.1032223459018,696.481201171875,8517631.0
2022-03-15,688.3654383431493,689.8410341380971,664.7559056239845,666.9692993164062,9349160.0
2022-03-16,686.1520294896035,686.889827370775,664.018093054455,669.1826782226562,7483037.0
2022-03-17,701.6458503786197,721.5663950265931,700.1702544787698,714.1884155273438,9344377.0
2022-03-18,716.401682063399,718.6150755198255,704.5969169624573,714.9260864257812,6554769.0
2022-03-21,726.7309305077926,726.7309305077926,720.8285473158511,721.5663452148438,3910421.0
2022-03-22,716.4017746519431,723.041955879407,713.4505829952925,719.3529663085938,3925166.0
2022-03-23,728.9443291905226,734.1089145187955,720.0907543420548,720.8285522460938,4105013.0
2022-03-24,721.5663749789014,721.5663749789014,713.4505977552124,717.1395874023438,4654086.0
2022-03-25,719.3529861717342,720.0907841062693,711.975006826383,716.4017944335938,3500490.0
2022-03-28,700.908011915278,711.2371826171875,697.9568202861611,711.2371826171875,2654466.0
2022-03-29,686.8898646036785,701.6458230269583,666.2315228110866,672.8717041015625,12940484.0
2022-03-30,672.8717501280738,680.9875278160221,666.2315683833888,675.0851440429688,11058276.0
2022-03-31,664.0181635229627,678.0363247528919,664.0181635229627,667.7071533203125,8375072.0
2022-04-01,664.0181884765625,666.9693804253471,658.8536025661892,664.0181884765625,9228783.0
2022-04-06,633.0305827653327,651.4755298156047,630.8171891193001,650.7377319335938,13328503.0
2022-04-07,633.0306182502298,643.3597891773898,627.1282348632812,627.1282348632812,12287176.0
2022-04-08,627.8660211472285,633.7684044247583,615.3234566824777,619.750244140625,12711666.0
2022-04-11,619.0124660656213,624.9148495322779,613.8478805322967,616.799072265625,6163957.0
2022-04-12,619.7502342822149,625.6526174658551,612.3722553026648,621.225830078125,7748278.0
2022-04-13,626.3904113075951,650.7377417824486,624.9148155212403,649.2621459960938,10111374.0
2022-04-14,644.8353916571392,644.8353916571392,635.2440185546875,635.2440185546875,6220281.0
2022-04-15,627.8659367194542,628.6037345299353,613.1099805098313,613.8477783203125,7092675.0
2022-04-18,610.1589056521046,622.7014708227041,610.1589056521046,614.585693359375,3933699.0
2022-04-19,630.8172851416831,635.9818711019075,618.2747192382812,618.2747192382812,6253901.0
2022-04-20,624.9148116780218,631.5549926757812,620.4880243461822,631.5549926757812,5489289.0
2022-04-21,630.0794589134955,643.3598222161219,627.1282670684674,640.4086303710938,4505663.0
2022-04-22,625.6526799436475,632.2928616883324,624.1770840003842,630.0794677734375,5736473.0
2022-04-25,614.5857342682432,618.2747242698532,613.1101382675992,617.5369262695312,5934807.0
2022-04-26,614.585693359375,617.536885164222,608.6833097496811,614.585693359375,6976630.0
2022-04-27,594.6650902776435,602.0430690652073,588.024909368836,596.1406860351562,8488189.0
2022-04-28,616.0612528335645,629.3416151700965,605.732082127373,610.8966674804688,12449177.0
2022-04-29,627.1282738375377,627.1282738375377,612.372314453125,612.372314453125,6664286.0
2022-05-03,612.37224150867,614.5856351526772,596.1406881192836,604.9942626953125,8296427.0
2022-05-04,611.6344604492188,616.061247858984,608.6832688427087,611.6344604492188,3551729.0
2022-05-05,621.9635717367021,625.6525608929103,617.5367847492522,620.4879760742188,5091069.0
2022-05-06,596.8784784916207,615.3234252929688,596.1406806195669,615.3234252929688,5655744.0
2022-05-09,605.7320953031308,610.158882844932,599.8297119140625,599.8297119140625,3073344.0
2022-05-10,590.9761029499333,607.9454542206555,590.9761029499333,604.9942626953125,5843583.0
2022-05-11,600.567491924806,613.1100562524738,599.8296940231784,611.6344604492188,3755757.0
2022-05-12,610.8966457459985,616.0612309153487,604.9942626953125,604.9942626953125,4101437.0
2022-05-13,613.1101085079098,623.4392800110516,610.8967146143794,621.9636840820312,4569731.0
2022-05-16,626.3903759765625,633.030556640625,608.6832275390625,608.6832275390625,4950541.0
2022-05-17,618.2745825804939,624.9147630616686,612.3721999305608,620.4879760742188,4006249.0
2022-05-18,630.0794018126371,630.8171997070312,623.4392207630895,630.8171997070312,5390518.0
2022-05-19,619.0124217016457,624.9148047452848,616.0612301798262,623.439208984375,4799600.0
2022-05-20,620.488073254308,627.1282547754599,616.7990835203346,624.1770629882812,3499866.0
2022-05-23,630.0794616916426,632.292855585173,621.9636840820312,621.9636840820312,3192724.0
2022-05-24,625.6526778990964,625.6526778990964,612.372314453125,612.372314453125,2917189.0
2022-05-25,614.5857044369301,625.6526739045819,609.4211186853593,621.9636840820312,3229937.0
2022-05-26,626.3904605787628,626.3904605787628,613.8478954081634,614.585693359375,3458958.0
2022-05-27,621.2259069637743,628.6038868564557,618.2747150067017,627.8660888671875,3283990.0
2022-05-30,638.1951873014619,647.7865600585938,637.4573893970672,647.7865600585938,5134164.0
2022-05-31,646.3110124956837,667.7071533203125,639.6708308604541,667.7071533203125,10189792.0
2022-06-01,666.2315574013726,672.8717390366022,661.0669716850829,667.7071533203125,5234259.0
2022-06-02,663.2803394343115,668.4449249471481,661.804743573501,662.5425415039062,3858451.0
2022-06-06,661.0669716850829,672.8717390366022,656.6401839282631,667.7071533203125,5605415.0
2022-06-07,664.0181775039501,664.7559754789545,656.6401977539062,656.6401977539062,5521169.0
2022-06-08,666.231554782006,688.3654934790826,664.0181609122984,686.152099609375,10296010.0
2022-06-09,683.9386745304257,689.841057913644,678.7740890701097,681.7252807617188,5894187.0
2022-06-10,675.0851302608366,689.1032914356518,674.3473323042675,686.152099609375,4826273.0
2022-06-13,665.4937266593855,669.1827162750141,652.9511619662486,654.4267578125,8704050.0
2022-06-14,641.88416706432,650.7377417824486,638.9329754916105,649.2621459960938,6417629.0
2022-06-15,649.2621871464933,658.8535603657028,647.7865912666148,652.21337890625,5010720.0
2022-06-16,668.4448636503973,669.9204593758949,641.1463427286924,644.0975341796875,4915525.0
2022-06-17,624.9148126228048,631.5549936306031,613.1100463867188,613.1100463867188,12964828.0
2022-06-20,618.2746483212426,628.6038190569196,613.8478608630953,619.750244140625,6893103.0
2022-06-21,635.2440446422946,640.4086303710938,624.9148731846964,640.4086303710938,7304422.0
2022-06-22,625.652606344873,628.6037978842356,593.927297296725,595.4028930664062,14514935.0
2022-06-23,592.970243633918,600.270834868809,550.789049832326,558.9008178710938,30393472.0
2022-06-24,553.2226482334422,564.5791248833955,542.6773484870569,543.488525390625,14518315.0
2022-06-27,555.6561432334878,563.7679117478452,549.9779052734375,549.9779052734375,10153354.0
2022-06-28,543.488533266129,549.9779485887096,524.0202872983871,528.076171875,16181238.0
2022-06-29,522.3979200400671,541.8661655073988,519.1532124621785,536.1879272460938,13465426.0
2022-06-30,531.3208795362904,536.9991179435484,524.8314642137096,528.076171875,9682997.0
2022-07-01,528.8873215220333,531.3208521425335,494.81789283503116,496.44024658203125,10051624.0
2022-07-04,494.0066747087894,505.3631499894512,491.5731442915047,495.6290283203125,8976016.0
2022-07-05,506.1743711890244,511.0414324504573,484.27259551257623,498.873779296875,8934695.0
2022-07-06,500.4961155915063,502.11846928872353,489.13963971098593,490.7619934082031,7663311.0
2022-07-07,496.44026270452537,517.5308621004692,491.5732013054614,515.9085083007812,8633974.0
2022-07-08,527.2649949596774,532.9432333669355,520.7755796370967,528.076171875,9061449.0
2022-07-11,531.3207864087642,532.1319631819074,515.0972509459012,516.7196044921875,5102748.0
2022-07-12,509.41900515478676,510.2301819145874,493.1954699587744,498.0625305175781,7334318.0
2022-07-13,527.264900087182,528.8872536259119,511.85254146924905,514.2860717773438,6616953.0
2022-07-14,510.23025673314146,528.8873249443692,506.98554921814537,524.020263671875,5473704.0
2022-07-15,524.0202244888117,528.8872853973766,517.5308099440587,525.642578125,7738288.0
2022-07-18,528.8873351958443,545.9220499797595,527.2649814069,536.1879272460938,7836261.0
2022-07-19,533.754377013607,541.0549687964678,531.32084641932,536.9990844726562,4680873.0
2022-07-20,551.6002744853763,557.2785126050786,541.0549751202146,544.2996826171875,8066906.0
2022-07-21,552.4114231557154,580.8026123046875,549.977892657232,580.8026123046875,11439799.0
2022-07-22,582.4249369736259,584.858467350953,568.6349315021055,571.879638671875,8280121.0
2022-07-25,563.7679601270099,566.2014908901481,557.2785447586415,558.0897216796875,5931222.0
2022-07-26,550.7890842790646,564.5790908074064,547.5443768606312,552.4114379882812,5330274.0
2022-07-27,536.187977552766,549.1668090820312,535.376800582187,549.1668090820312,6598262.0
2022-07-28,562.1455402989541,562.1455402989541,549.9778879115308,553.2225952148438,4665061.0
2022-07-29,559.7119900213328,569.4461115869211,548.3555148614796,554.0337524414062,6916095.0
2022-08-01,554.8449576869822,564.5790797516661,546.7331892997455,562.9567260742188,6377879.0
2022-08-02,550.7890452528768,559.7119900213328,545.1108076729502,554.0337524414062,6108080.0
2022-08-03,555.6561693019144,558.9008768598818,549.9779310754715,556.4673461914062,3556948.0
2022-08-04,558.9008549918906,561.3343855651499,551.6002632721126,554.844970703125,3455237.0
2022-08-05,567.8237638380405,581.61376953125,566.2014102270746,581.61376953125,6982355.0
2022-08-08,578.3690970653539,584.0473350449577,572.6908590857502,575.1243896484375,5059785.0
2022-08-09,569.446140784008,572.6908481389027,559.7120187193241,562.9567260742188,5278814.0
2022-08-10,549.1666798848591,551.6002102240831,541.8660888671875,541.8660888671875,6321671.0
2022-08-11,543.488525390625,548.3555868120336,537.8102870656484,543.488525390625,9025318.0
2022-08-12,546.733202125594,554.844970703125,543.4884946945815,554.844970703125,4446417.0
2022-08-15,558.0896141333216,575.1243261926236,556.4672606038642,572.6907958984375,4793921.0
2022-08-16,575.1243261926236,581.6137403104528,571.8796191337088,572.6907958984375,5340783.0
2022-08-17,573.5020929936155,576.7468007333248,567.012677514197,570.2573852539062,4656601.0
2022-08-18,569.4462280273438,571.8797589163495,560.5232814343227,569.4462280273438,4104406.0
2022-08-19,568.6349837838485,568.6349837838485,562.1455688476562,562.1455688476562,4021243.0
2022-08-22,553.2226939349266,554.0338709055056,548.3556321114521,549.1668090820312,3039000.0
2022-08-23,541.8661152314858,550.7890602427826,539.4325847738593,548.3555297851562,3485299.0
2022-08-24,551.6002923831053,554.0338230847955,541.0549926757812,541.0549926757812,3956917.0
2022-08-25,543.488525390625,549.1667637156016,540.2438177763527,543.488525390625,2981905.0
2022-08-26,550.7890821248733,557.2784969363593,547.5443747191302,549.9779052734375,2900649.0
2022-08-29,532.9431937482054,534.5655474582455,528.0761326180848,529.698486328125,4654505.0
2022-08-30,529.6984689558659,535.3767067547802,525.6425848137843,532.9431762695312,4506040.0
2022-08-31,531.3208698690206,544.2997002780348,528.8873391673304,541.0549926757812,4221631.0
2022-09-01,531.320815851659,536.1878767602237,521.5866940345293,525.642578125,7093281.0
2022-09-02,519.1531628024194,523.2090468868133,502.9296264648438,502.92962646484375,9474700.0
2022-09-05,499.6849173713599,516.7196304635654,499.6849173713599,511.8525695800781,5842744.0
2022-09-06,513.474962631735,515.9084932603214,508.6079013745622,510.2302551269531,3988122.0
2022-09-07,502.9296766536879,506.98556114283053,494.0067307775741,502.1184997558594,5069764.0
2022-09-08,504.5519823591744,507.796689641227,500.49609825660866,505.3631591796875,3336148.0
2022-09-12,514.2860558128053,520.7754697662791,507.7966418593314,508.6078186035156,5000340.0
2022-09-13,511.85254525376587,515.9084291305786,506.9854846015906,507.7966613769531,4327108.0
2022-09-14,489.13965677400915,500.49613305068596,488.32847989710365,498.873779296875,6129131.0
2022-09-15,495.6289917586686,502.9295824719714,495.6289917586686,499.68487548828125,3490200.0
2022-09-16,492.3842611185709,495.62896794637044,486.7060241699219,486.7060241699219,7961748.0
2022-09-19,491.5731899438315,495.62907434930867,487.5173055383543,489.9508361816406,4262713.0
2022-09-20,492.3843471054203,495.6290544998547,489.13963971098593,490.7619934082031,3209089.0
2022-09-21,494.81787765124614,494.81787765124614,487.5172860137687,490.7619934082031,4305556.0
2022-09-22,485.08369376090576,486.7060472517449,476.16074956129046,479.40545654296875,5520105.0
2022-09-23,479.4055198406351,481.83905039820183,470.4825744628907,470.4825744628906,4137245.0
2022-09-26,464.8043695057633,467.23790023615993,457.5037773145733,461.5596618652344,5078590.0
2022-09-27,463.1819434367435,465.6154737875495,456.6925291679275,460.7484130859375,4395712.0
2022-09-28,463.99311187464167,467.2378189506881,442.0913391113281,442.0913391113281,7153489.0
2022-09-29,452.6367086336757,456.69259311964055,438.0355244842023,440.46905517578125,7957861.0
2022-09-30,434.7907825615358,449.3919655580053,432.35725206212425,446.95843505859375,5765497.0
2022-10-03,440.4690484374109,451.0143479395957,438.846694667844,444.5249328613281,3207800.0
2022-10-04,457.50375989344735,464.8043518066406,457.50375989344735,464.8043518066406,4417460.0
2022-10-05,483.4613974544162,493.19551955081386,480.2166900889503,485.8949279785156,9523847.0
2022-10-06,489.13965769155266,489.95083456997975,474.5384738798645,476.16082763671875,6813772.0
2022-10-07,471.2937827497826,472.1049596564087,457.50377533713834,459.1261291503906,5990213.0
2022-10-11,442.90257243868666,458.3149330180549,438.84668807569506,448.580810546875,8035781.0
2022-10-12,451.8255048796996,451.8255048796996,438.8466752960817,445.3360900878906,6779101.0
2022-10-13,446.147242714377,449.3919499341179,436.41312105515425,441.2801818847656,6734775.0
2022-10-14,455.88138479901176,476.97198267227566,453.44785427517365,474.5384521484375,9168365.0
2022-10-17,460.7484908054444,470.48261385062983,458.31496004414805,468.8602600097656,6538416.0
2022-10-18,481.02786908830916,482.6502227783203,467.23786272321433,476.97198486328125,6492274.0
2022-10-19,474.5384565383144,479.4055176310151,468.0490417480469,468.0490417480469,5843559.0
2022-10-20,459.12608128597867,462.37078857421875,452.6366667094984,462.37078857421875,8517491.0
2022-10-21,459.9372863769531,469.67140883995745,458.3149326331191,459.9372863769531,4956286.0
2022-10-24,476.1608080182757,483.4613996233259,474.53845432826455,476.97198486328125,5684321.0
2022-10-25,479.40548565120935,480.2166624458814,456.6925354003906,456.6925354003906,6381937.0
2022-10-26,461.5596483721428,472.1049478955837,458.3149408264687,469.6714172363281,6518295.0
2022-10-27,477.7831726074219,480.21670319795203,472.91611142636157,477.7831726074219,6051076.0
2022-10-28,472.1049170570036,474.53844755729745,457.5037340552406,458.3149108886719,6036461.0
2022-10-31,474.53844568284893,489.9508054571637,467.2378542108051,478.5943298339844,16334090.0
2022-11-01,480.2166900889503,489.95081218534796,478.5943364062174,485.8949279785156,7663380.0
2022-11-02,482.6502206130497,492.38434270944737,481.0278669303168,485.8949279785156,6657914.0
2022-11-03,476.16072697957355,488.3283775838216,476.16072697957355,486.7060241699219,6358739.0
2022-11-04,486.706113575691,486.706113575691,475.3496375922582,484.2725830078125,4370544.0
2022-11-07,493.1955046622984,505.36315691548015,487.51726694414697,502.92962646484375,8093011.0
2022-11-08,512.6637482673891,512.6637482673891,499.68491919732867,502.92962646484375,7837433.0
2022-11-09,509.41906287560096,532.1320147235576,507.79670917217544,527.2649536132812,12019117.0
2022-11-10,525.642587002841,535.376708984375,519.9643491802793,535.376708984375,7154267.0
2022-11-11,566.2014378138952,567.8237915039062,551.6002546037947,567.8237915039062,15760682.0
2022-11-14,571.8796735240876,575.9355577334783,562.9567282634281,565.3902587890625,9563892.0
2022-11-15,571.0684946329641,596.2149766409497,567.8237872770949,585.669677734375,13610403.0
2022-11-16,593.7814921312372,598.648553542149,583.236192407595,591.3479614257812,9978727.0
2022-11-17,600.2709253771552,600.2709253771552,580.8026791487069,588.103271484375,6790953.0
2022-11-18,593.7814461240478,601.8932145137206,580.8026167005713,585.669677734375,5407566.0
2022-11-21,580.8025950113932,585.669655863444,575.1243573506673,584.0473022460938,4344910.0
2022-11-22,573.5020791330645,579.9914944556451,570.2573714717741,578.369140625,6221790.0
2022-11-23,585.6696441433953,585.6696441433953,571.879638671875,571.879638671875,3108090.0
2022-11-24,579.99144417899,597.0261579241072,576.7467367989676,590.5367431640625,7357285.0
2022-11-25,591.348000884548,597.0262395761691,586.4809391488727,589.7256469726562,5668842.0
2022-11-28,570.2573852539062,583.2362162127434,570.2573852539062,570.2573852539062,5409513.0
2022-11-29,563.7679561491935,582.4250252016129,563.7679561491935,578.369140625,5090965.0
2022-11-30,579.1802906905483,598.6485357557768,576.7467600573947,594.5926513671875,9170864.0
2022-12-01,608.3826227226721,613.2496837044534,598.6485007591093,601.08203125,6799631.0
2022-12-02,592.1591851385424,606.7603705255201,592.1591851385424,599.4597778320312,4024014.0
2022-12-05,599.4597778320312,612.4386092871226,599.4597778320312,599.4597778320312,4458434.0
2022-12-06,599.4597484509699,603.5156330818966,584.0473868534483,588.103271484375,4949511.0
2022-12-07,581.6137891375153,590.5367342986208,578.3690818062042,580.8026123046875,5243678.0
2022-12-08,587.2919977282801,588.1031745207225,571.879638671875,571.879638671875,4093975.0
2022-12-09,579.1803078985018,591.3479614257812,576.7467771930459,591.3479614257812,4352527.0
2022-12-12,579.9914529350367,580.8026297922885,571.8796843625187,577.5579223632812,4940725.0
2022-12-13,581.6138044822703,585.6696887534159,574.3132127942084,575.1243896484375,5634859.0
2022-12-14,581.6138109297473,587.2920489722972,579.1802803400831,582.4249877929688,4944047.0
2022-12-15,570.2573287896648,572.6908593534898,552.4114379882812,552.4114379882812,13507515.0
2022-12-16,529.6984711618135,539.4325931433476,528.0761174982244,535.376708984375,12668262.0
2022-12-19,527.2650183700935,536.9991417861567,527.2650183700935,532.132080078125,6529791.0
2022-12-20,527.2649711868712,535.3767399743615,524.020263671875,524.020263671875,5800713.0
2022-12-21,526.4537594296517,536.1878813297377,524.0202289546302,530.5096435546875,4667715.0
2022-12-22,539.4326348239823,541.8661655073988,536.1879272460938,536.1879272460938,4043075.0
2022-12-23,528.0761174982244,536.1878858161696,525.642587002841,535.376708984375,2381097.0
2022-12-26,536.1879410282259,536.1879410282259,528.076171875,528.076171875,1464464.0
2022-12-27,530.5097261754478,538.6214956888339,529.6985492241092,532.132080078125,1927473.0
2022-12-28,526.4537679738012,526.4537679738012,503.7408165049777,517.5308227539062,8725713.0
2022-12-29,511.0414320031486,511.8526088793441,505.3631938697803,510.2302551269531,3623909.0
2022-12-30,515.0973032226563,519.1531875,506.98553466796875,506.98553466796875,2332797.0
2023-01-03,505.3631153935971,523.209003898668,503.74076189313615,522.3978271484375,4451795.0
2023-01-04,518.3420390003132,522.3979234995332,515.0973314009373,515.9085083007812,2734185.0
2023-01-05,517.5308072774799,519.9643377192235,506.98550869659084,511.8525695800781,5231120.0
2023-01-06,514.2861113577178,535.376708984375,514.2861113577178,535.376708984375,6890898.0
2023-01-09,544.299665165654,547.5443725585938,539.4326040762443,547.5443725585938,6953372.0
2023-01-10,554.8449576869822,564.5790797516661,552.4114271708112,562.9567260742188,8579851.0
2023-01-11,567.8237763961943,573.5020141601562,562.9567154556555,573.5020141601562,6807896.0
2023-01-12,575.9355707768793,584.0473393793706,574.3132170563811,579.991455078125,6154916.0
2023-01-13,585.6696775584811,588.9143849133758,560.5231955580477,562.9567260742188,6607197.0
2023-01-16,573.502011906017,577.5578960071911,568.634950984608,571.0684814453125,4831796.0
2023-01-17,572.6908681189688,575.1243987200409,562.1455688476562,562.1455688476562,4423459.0
2023-01-30,595.4038930023153,599.4597778320312,575.124468853735,599.4597778320312,14092868.0
2023-01-31,595.4038176045112,610.0050011424966,580.8026340665259,582.4249877929688,10849696.0
2023-02-01,587.2920532226562,590.5367606990245,582.4249920081039,587.2920532226562,5742796.0
2023-02-02,605.9490966796875,610.8161576971951,597.837328317175,605.9490966796875,11004915.0
2023-02-03,601.8932556071072,610.8162014449484,601.082078712758,609.19384765625,6331833.0
2023-02-06,604.3266895466398,607.5713966046084,592.1590380792578,592.97021484375,7504061.0
2023-02-07,599.4596592518741,599.4596592518741,580.8025927257671,581.61376953125,7083578.0
2023-02-08,588.9143809656942,605.949094464702,588.1032041324082,603.5155639648438,7726469.0
2023-02-09,600.2708803795687,607.5714721679688,597.0261729180575,607.5714721679688,3943535.0
2023-02-10,607.5715275120091,607.5715275120091,599.4597581193254,600.2709350585938,3178891.0
2023-02-13,596.2149219017185,597.8372754307028,588.9143310212893,592.97021484375,4083761.0
2023-02-14,597.8373786634435,601.893263186262,592.9703172360613,593.781494140625,3253855.0
2023-02-15,592.1590834066901,592.1590834066901,574.313193221831,575.935546875,6560069.0
2023-02-16,580.8026495610276,582.4250033307511,572.6908807124099,576.7467651367188,5055383.0
2023-02-17,574.3132425521914,586.4808959960938,573.5020656559312,586.4808959960938,3496855.0
2023-02-20,588.1032518118866,593.7814901052427,583.2361904175814,588.9144287109375,2557688.0
2023-02-21,590.536802262931,595.4038638200432,587.2920945581897,588.103271484375,2680312.0
2023-02-22,582.4250252016129,585.6697328629032,578.369140625,578.369140625,4226425.0
2023-02-23,587.2920082450713,604.3267211914062,585.6696546311347,604.3267211914062,7415265.0
2023-02-24,609.1938490913782,610.0050259876383,586.4808959960938,586.4808959960938,8014012.0
2023-03-01,597.8373774204182,644.8856377872896,592.9703160031556,641.6409301757812,15610514.0
2023-03-02,640.8297631048387,640.8297631048387,627.0397555443549,628.662109375,9407400.0
2023-03-03,631.0956401209677,640.0185861895161,625.4174017137096,628.662109375,6400777.0
2023-03-06,636.7737622163734,644.8855298879195,630.2843480791364,635.9625854492188,7426468.0
2023-03-07,640.0185132486565,640.8296900715319,635.1514523114045,639.2073364257812,5137242.0
2023-03-08,634.340177377065,635.9625307718912,620.5501735210419,622.9837036132812,8327224.0
2023-03-09,623.7949610266256,628.6620218408776,622.172607421875,622.172607421875,5235081.0
2023-03-10,615.6831640818763,617.3055176104187,610.8161034962488,613.2496337890625,5780275.0
2023-03-13,613.2497207082379,619.7391357421875,602.7044212780698,619.7391357421875,4934528.0
2023-03-14,607.5714204364631,622.98377956636,607.5714204364631,617.3055419921875,4970598.0
2023-03-15,621.3614236232788,627.0396611759719,614.0608324841019,614.8720092773438,5204405.0
2023-03-16,609.1937499677063,620.5502246675038,606.7602196748926,613.2496337890625,5857200.0
2023-03-17,624.6061424265241,630.284380084947,621.3614351931395,627.0396728515625,6673769.0
2023-03-20,627.0396705528359,632.7179081904424,622.983786525974,624.6061401367188,5239975.0
2023-03-21,629.4732426941472,631.906773271573,618.927943525302,625.4173583984375,5224780.0
2023-03-22,630.2844064006732,636.7738211383893,629.4732295584588,633.5291137695312,5008621.0
2023-03-23,632.7178254674693,644.0742992579111,631.0954720688347,643.2631225585938,4688952.0
2023-03-24,640.8297119140625,644.074419316159,636.7738276614419,640.8297119140625,4299481.0
2023-03-27,640.0184866098258,640.8296633989384,631.9067187187,632.7178955078125,3000386.0
2023-03-28,628.661979894414,632.7178636356682,621.3613891601562,621.3613891601562,3940649.0
2023-03-29,627.8508496599086,628.6620264682548,620.5502583847934,627.0396728515625,2913723.0
2023-03-30,632.7179347334913,635.1514652516971,628.6620505364818,631.0955810546875,2970689.0
2023-03-31,631.095527232072,640.0184717045048,631.095527232072,638.3961181640625,4356288.0
2023-04-06,627.8508757937002,630.2844063200323,609.1938084251535,610.816162109375,8692104.0
2023-04-07,607.5714721679688,610.0050027641022,602.704410975702,607.5714721679688,4322843.0
2023-04-10,606.760249299823,608.3826029075766,599.4596580649321,601.8931884765625,5720960.0
2023-04-11,602.7043358535363,615.6831640818763,602.7043358535363,613.2496337890625,4506545.0
2023-04-12,613.24965569086,616.4943628638275,610.0049485178924,614.8720092773438,3537841.0
2023-04-13,615.6832827148438,616.4944596354167,607.5715135091145,608.3826904296875,5072055.0
2023-04-14,611.6273762912036,614.8720838577352,605.1379611581405,606.7603149414062,4358117.0
2023-04-17,571.8796822315211,575.9355665026666,562.9567368350009,575.1243896484375,14011693.0
2023-04-18,569.4461985743324,570.2573754953784,555.6561909165493,558.0897216796875,13970100.0
2023-04-19,553.2226104962384,555.6561410409433,547.5443725585938,547.5443725585938,10748670.0
2023-04-20,536.1878752800543,554.8449420447158,536.1878752800543,545.9219970703125,9881462.0
2023-04-21,548.3555627349624,550.7890933388159,539.4326171875,539.4326171875,5084036.0
2023-04-24,537.8102311354417,552.4114138812002,537.8102311354417,548.3555297851562,4674121.0
2023-04-25,549.9779054612379,549.9779054612379,527.2649536132812,527.2649536132812,8340199.0
2023-04-26,519.9643813311043,528.8873270325741,517.5308506852489,526.4537963867188,7111965.0
2023-04-27,530.5096695545577,541.0549687964678,529.6984926897953,536.9990844726562,4627385.0
2023-04-28,541.8661477913535,546.7332089990601,537.8102634515977,539.4326171875,6381645.0
2023-05-02,530.5096757550531,545.9220363656739,530.5096757550531,544.2996826171875,6341076.0
2023-05-03,546.73321946088,551.6002807617188,541.8661581600413,551.6002807617188,6487920.0
2023-05-04,546.7331495456353,546.7331495456353,540.2437353077049,541.8660888671875,5568985.0
2023-05-05,547.5443725585938,549.9779031032987,545.1108420138889,547.5443725585938,3164748.0
2023-05-08,552.4114336480035,554.8449641927084,546.7331957103588,547.5443725585938,2957572.0
2023-05-09,552.4115169643475,552.4115169643475,546.733278170294,549.1668090820312,2163899.0
2023-05-10,549.1666798848591,549.1666798848591,540.2437353077049,541.8660888671875,3766277.0
2023-05-11,540.2437353077049,546.7331495456353,538.6213817482223,541.8660888671875,3130043.0
2023-05-12,545.9219970703125,548.355527517877,536.1878752800543,545.9219970703125,5100737.0
2023-05-15,548.3555732278263,553.2226345286649,545.922042577407,551.6002807617188,3589435.0
2023-05-16,558.0896958295036,558.0896958295036,551.6002807617188,551.6002807617188,3763602.0
2023-05-17,551.6002437842153,558.9008352460653,549.166713296932,555.6561279296875,7787494.0
2023-05-18,559.7119946749705,562.9567018904776,555.6561106555866,558.9008178710938,4371571.0
2023-05-19,560.5232387422491,566.2014770507812,559.7120618410302,566.2014770507812,4968629.0
2023-05-22,569.4461082945478,575.1243458416444,568.6349315021055,571.879638671875,4440987.0
2023-05-23,575.9355513077209,585.6696733016541,574.3131976420653,580.8026123046875,5240558.0
2023-05-24,578.3691189064423,578.3691189064423,568.6349962881011,576.7467651367188,5640355.0
2023-05-25,574.313232421875,582.425001241393,572.6908786579713,574.313232421875,4666860.0
2023-05-26,574.3131682095462,597.8372951559825,574.3131682095462,592.1590576171875,10749900.0
2023-05-29,612.4385045989742,614.8720350808245,598.6484985351562,598.6484985351562,10036727.0
2023-05-30,615.6832101804401,627.0396857305404,614.0608565304258,618.9279174804688,16298604.0
2023-05-31,614.0608738433074,622.172642322083,606.7602822124095,615.6832275390625,12027736.0
2023-06-01,612.4385531828366,617.305614532634,606.7603149414062,606.7603149414062,6202943.0
2023-06-02,611.6273783392976,618.1167934940912,608.3826707619007,609.19384765625,6399171.0
2023-06-05,614.0608738433074,622.172642322083,614.0608738433074,615.6832275390625,5242068.0
2023-06-06,616.4943825080499,619.7390897844081,610.0049679553335,614.0608520507812,4171308.0
2023-06-07,615.6831133365631,623.7948803106943,613.2495832443237,622.9837036132812,5292636.0
2023-06-08,624.6060570081074,628.6619404951731,618.9278201262156,622.9837036132812,7246478.0
2023-06-09,622.9838432591623,624.6061970176497,617.3056051044564,619.7391357421875,4570550.0
2023-06-12,623.7949610266256,623.7949610266256,618.9279002123737,622.172607421875,3852674.0
2023-06-13,624.6060866232249,634.3402074537167,622.9837331514763,631.9066772460938,7182494.0
2023-06-14,633.5290722969252,634.3402490860377,629.4731883513622,632.7178955078125,5287535.0
2023-06-15,630.2843333909157,631.9066868874174,620.5502124119054,621.3613891601562,7917545.0
2023-06-16,616.4944397053928,620.5503241771388,609.19384765625,609.19384765625,10097247.0
2023-06-19,623.7949745907146,643.2632182710489,619.7390904906449,636.7738037109375,19694676.0
2023-06-20,635.8816253617945,651.1499694735891,620.61328125,620.61328125,24572675.0
2023-06-21,618.8169944069602,625.1039595170455,613.4281671697444,622.4095458984375,11451567.0
2023-06-26,617.9187785127737,619.7150540317062,615.224365234375,615.224365234375,4552895.0
2023-06-27,610.7338200371696,617.9189238023127,610.7338200371696,611.6319580078125,4553912.0
2023-06-28,621.5113362044739,626.0020250498819,615.2243718209027,624.2057495117188,4150494.0
2023-06-29,632.2891073994252,633.1872453360721,624.2058659696031,625.10400390625,4275815.0
2023-06-30,621.5114359301191,621.5114359301191,616.1226084509561,617.9188842773438,4338115.0
2023-07-03,621.5114191389291,626.9002464725037,619.7151433610709,620.61328125,2906690.0
2023-07-04,625.1039815848214,630.4928090122768,620.6132920619419,628.696533203125,3753123.0
2023-07-05,631.3910253626032,631.3910253626032,625.104059249462,626.002197265625,3610090.0
2023-07-06,621.511424719769,627.7983899987263,617.9188731317935,619.7151489257812,4200756.0
2023-07-07,616.1225807883523,616.1225807883523,610.7337535511364,612.530029296875,4297744.0
2023-07-10,610.7337423384101,616.1225694766902,604.44677734375,604.44677734375,5647752.0
2023-07-11,612.5300072316874,617.0206964342657,607.1411801885934,616.12255859375,3372502.0
2023-07-12,618.81691627224,618.81691627224,610.7336764370438,615.224365234375,3890508.0
2023-07-13,621.511419318704,622.4095572078929,610.7337646484375,610.7337646484375,5058111.0
2023-07-14,616.1225257829435,626.9001792951815,615.224387990257,621.5113525390625,6044895.0
2023-07-17,621.5113405643759,621.5113405643759,611.6318250351734,613.4281005859375,4271120.0
2023-07-18,610.7336872597914,616.1225139120836,608.9374117090273,613.4281005859375,4684651.0
2023-07-19,619.7151762863685,627.7984177161907,618.8170383497215,625.10400390625,6185652.0
2023-07-20,626.002041502495,626.002041502495,618.816939161003,621.5113525390625,2484977.0
2023-07-21,608.0393399325285,613.4281671697444,585.5858931107955,612.530029296875,11417157.0
2023-07-24,609.8355933521411,619.7151095920138,604.4467663122106,606.2430419921875,7400747.0
2023-07-25,606.2430360263452,609.8355873509457,597.2616577148438,597.2616577148438,6931420.0
2023-07-26,597.2616516579199,601.7523407681298,587.3821356154581,588.2802734375,6972659.0
2023-07-27,590.9746704101562,593.669083801084,587.3821192222525,590.9746704101562,4674341.0
2023-07-28,592.770946004108,598.1597727859636,588.2802570192284,590.9746704101562,4178929.0
2023-07-31,620.6132868227752,626.9002521017323,614.3263215438179,619.7151489257812,16722852.0
2023-08-01,628.6965219034887,642.1685902299921,624.2058324613209,640.372314453125,13914572.0
2023-08-02,639.4741376223113,646.6592402922249,632.2890349523977,636.7797241210938,8947248.0
2023-08-04,637.6778785770406,638.5760164341913,627.7983621483821,634.0853271484375,6732210.0
2023-08-07,636.7797407198898,639.4741542913421,631.3909135769852,634.0853271484375,3488590.0
2023-08-08,633.1872173806896,633.1872173806896,619.7151489257812,619.7151489257812,5604493.0
2023-08-09,618.8170107679598,630.492803423959,616.1225970781138,629.5946655273438,3176525.0
2023-08-10,630.4927867542614,631.3909246271307,617.918856534091,622.4095458984375,4319324.0
2023-08-11,617.9188734006812,618.8170112980658,606.2430807346799,609.8356323242188,4857156.0
2023-08-14,603.5486450195312,604.4467828841437,598.1598178318568,603.5486450195312,3498430.0
2023-08-15,612.5299902271732,614.3262658583379,607.141163333679,608.9374389648438,2734494.0
2023-08-16,626.9002577473013,626.9002577473013,613.4281891710699,618.8170166015625,5944886.0
2023-08-17,610.733798335497,611.6319362742257,604.4468327643963,605.344970703125,4594977.0
2023-08-18,601.7524189482103,609.8356603967684,600.8542810094816,605.344970703125,3179069.0
2023-08-21,608.9374271957329,609.8355649939567,599.0579114152712,600.8541870117188,2683227.0
2023-08-22,606.2430586133684,612.5300236656552,599.9560935610816,603.5486450195312,3686021.0
2023-08-23,603.5487116942995,607.1412635496227,601.752435766638,602.6505737304688,2048921.0
2023-08-24,612.5300402496382,621.5114191389291,610.7337644717801,620.61328125,5599510.0
2023-08-25,621.5113416336455,624.2057549644272,617.0206527490094,623.3076171875,5624927.0
2023-08-28,628.6965276307284,636.7797687002663,626.9002518374978,629.5946655273438,5872295.0
2023-08-29,641.2704077492298,643.0666834011884,630.492753837478,637.6778564453125,5186169.0
2023-08-30,641.2704132897898,642.1685511235289,630.4927592849193,636.7797241210938,4253988.0
2023-08-31,633.1871337890625,641.2703737948804,632.2889960106384,633.1871337890625,5761753.0
2023-09-01,634.9834429673746,639.4741320972711,629.5946160114987,637.6778564453125,2955148.0
2023-09-04,640.3723256128582,640.3723256128582,633.1872223801754,638.5760498046875,2380158.0
2023-09-05,639.4741489761055,644.8629760742188,638.57601112642,644.8629760742188,4791289.0
2023-09-06,647.5573613884744,648.4554991989993,639.47412109375,639.47412109375,3074614.0
2023-09-07,636.7797408908648,644.8629816073919,635.8816030334729,643.96484375,3205892.0
2023-09-08,633.1871727861369,637.6778619548329,629.5946214511802,636.7797241210938,4421983.0
2023-09-11,642.1685846579843,642.1685846579843,635.8816194935005,641.2704467773438,2101421.0
2023-09-12,637.6778193882534,654.7424370901925,636.7796816144671,653.8442993164062,6513877.0
2023-09-13,663.7238544401575,668.2145435771005,654.7424761662718,657.4368896484375,9197173.0
2023-09-14,660.1313588141095,660.1313588141095,651.149979782625,658.3350830078125,5527046.0
2023-09-15,665.5202015168077,685.2792358398438,661.9276498217101,685.2792358398438,16255632.0
2023-09-18,674.5015371961667,711.3251896928948,673.6033993303928,702.3438110351562,11994826.0
2023-09-19,702.3438614898326,702.3438614898326,686.1773787445424,694.2606201171875,6244891.0
2023-09-20,687.0754727450285,687.9736106178977,674.501542524858,681.6866455078125,5042205.0
2023-09-21,675.3996915842829,684.3810704617334,668.2145884823224,670.0108642578125,5034920.0
2023-09-22,660.1313474926169,671.8071400333026,653.8443822784014,670.0108642578125,7559485.0
2023-09-25,665.5201855792116,684.3810815268006,665.5201855792116,678.0941162109375,4563725.0
2023-09-26,671.80712890625,678.0940940163352,661.0294744318182,661.9276123046875,3845914.0
2023-09-27,653.8443714488636,661.9276123046875,653.8443714488636,661.9276123046875,3824756.0
2023-09-28,663.7238378408003,665.5201134506538,655.6405975964605,660.1312866210938,3769234.0
2023-10-02,670.9089465250105,671.807084338297,664.6219818320051,669.1126708984375,3898779.0
2023-10-03,688.8717374653396,704.1400810597473,687.973599606845,693.3624267578125,10288796.0
2023-10-04,692.4643657977765,703.2420212965745,686.1774000901443,700.547607421875,7599174.0
2023-10-05,703.2418660171159,705.936279296875,696.9549016976781,705.936279296875,5604602.0
2023-10-06,709.5288303365537,709.5288303365537,701.4455904972765,705.936279296875,2927223.0
2023-10-11,709.5289788023553,732.8805654464834,709.5289788023553,731.0842895507812,12439451.0
2023-10-12,733.7786365719661,735.5749123040883,723.0009821792322,731.9823608398438,6769337.0
2023-10-13,736.4730233307972,756.2320556640625,734.6767476641368,756.2320556640625,9828945.0
2023-10-16,752.6395762125651,762.519093322754,747.2507486979167,754.4358520507812,5765614.0
2023-10-17,758.9265025745739,767.0097434303977,736.473055752841,740.9637451171875,8242227.0
2023-10-18,718.510243696187,738.2692753978322,718.510243696187,730.18603515625,7594780.0
2023-10-19,728.3897877888508,752.639509453831,728.3897877888508,745.4544067382812,7509749.0
2023-10-20,746.3525556481402,751.7413827647333,729.2879364455955,743.6581420898438,8501964.0
2023-10-23,740.9637060873981,744.5562573896401,732.8804656573539,737.3711547851562,5304563.0
2023-10-24,737.371182460411,739.1674581789504,722.1028388528263,732.8804931640625,5036466.0
2023-10-25,734.6767965720518,747.25072707573,732.880520785812,738.2693481445312,6474280.0
2023-10-26,731.982410669035,733.7786865234375,728.3898589602298,733.7786865234375,5446904.0
2023-10-27,740.0656186602685,740.0656186602685,718.5103093789014,719.408447265625,6956960.0
2023-10-30,735.574923182591,775.991127753063,734.6767853032471,769.7041625976562,16172619.0
2023-10-31,772.3985366640069,773.2966744973371,749.0469529974206,756.2320556640625,10786996.0
2023-11-01,767.009687419197,768.8059630337618,747.2506556589835,759.8245849609375,6856015.0
2023-11-02,775.0929291193387,787.6668584445655,767.9078266477804,779.5836181640625,9692237.0
2023-11-03,783.1762195806393,786.7687710466056,775.9911166487069,781.3799438476562,5567970.0
2023-11-06,789.4631791925755,799.3426956557363,784.0743520308514,792.1575927734375,7264020.0
2023-11-07,799.342662364513,807.4259027704462,789.4631463128168,797.54638671875,7077114.0
2023-11-08,806.5278043851289,822.6942859875035,803.8333907847332,820.8980102539062,9312449.0
2023-11-09,819.9997995618957,819.9997995618957,807.4258705434219,812.814697265625,6788362.0
2023-11-10,808.3241251259367,811.9166767931631,793.9539184570312,793.9539184570312,7551994.0
2023-11-13,816.4073041701158,830.7775097440673,812.814752776628,813.712890625,9498188.0
2023-11-14,822.6942129229972,823.592350710031,810.1202839045235,812.814697265625,4757053.0
2023-11-15,830.7774984889093,830.7774984889093,808.3240525838037,815.5091552734375,8426367.0
2023-11-16,820.898004444289,820.898004444289,800.2408336541154,802.037109375,7645459.0
2023-11-17,804.7315230918142,812.8147638371561,802.0371095100336,811.9166259765625,4816081.0
2023-11-20,826.2867870665433,829.8793383146588,811.9165820740817,819.1016845703125,6970538.0
2023-11-21,828.0830469646412,838.8607005043111,821.7960823998337,831.6755981445312,9543750.0
2023-11-22,833.4719077594214,846.0458374023438,830.7774942645095,846.0458374023438,6417661.0
2023-11-23,854.1290830550655,854.1290830550655,834.370050639491,835.2681884765625,5187583.0
2023-11-24,839.7589166227472,853.2309848038608,837.0645029865245,848.7402954101562,4498302.0
2023-11-27,849.6383262494966,854.1290150774537,836.166259765625,836.166259765625,5615291.0
2023-11-28,834.3700455910587,846.0458374023438,830.7774942645095,846.0458374023438,5645888.0
2023-11-29,845.1476667701946,852.3327691444365,840.6569777862935,851.4346313476562,5118355.0
2023-11-30,852.33284692512,855.9253984400835,843.3514681377109,848.7402954101562,7275320.0
2023-12-01,846.0458707235431,850.5365600585938,842.4533192555026,850.5365600585938,3387061.0
2023-12-04,848.7402392813631,849.6383771007085,835.2681719911827,837.9625854492188,5071102.0
2023-12-05,830.7775655526776,837.9626688223224,827.1850139178553,834.3701171875,5175120.0
2023-12-06,830.7775766975542,837.9626800635872,830.7775766975542,832.5738525390625,3093275.0
2023-12-07,837.9625352968079,846.9439129527223,832.5737087032593,836.166259765625,3018069.0
2023-12-08,845.1477549806759,849.6384444332831,841.55520341859,846.9440307617188,4934438.0
2023-12-11,846.045842915615,847.8421185905951,837.0644645407147,845.147705078125,5648215.0
2023-12-12,853.2309567712493,853.2309567712493,839.758889032756,843.3514404296875,4510280.0
2023-12-13,847.8421026259817,857.7216186523438,843.3514135230898,857.7216186523438,5889291.0
2023-12-14,863.1105068672764,870.2956099421341,855.9254037924188,867.6011962890625,6610988.0
2023-12-15,875.6843934576195,896.341563764825,872.0918420998447,894.5452880859375,11839614.0
2023-12-18,893.647127681844,895.4434033153753,881.0731982471247,888.25830078125,4783607.0
2023-12-19,877.4806908638246,892.7490345124274,877.4806908638246,890.9527587890625,5008169.0
2023-12-20,891.8509469949095,893.6472228196727,882.8695678710938,882.8695678710938,6393160.0
2023-12-21,872.9900290067078,882.8695457958784,872.9900290067078,876.5825805664062,4418453.0
2023-12-22,880.1750549932923,889.1564331054688,879.2769171820747,889.1564331054688,3285155.0
2023-12-25,890.0546043817722,896.3415692966787,886.4620530018256,893.6471557617188,3304233.0
2023-12-26,897.2397405395508,902.6285678100586,893.6471890258789,898.1378784179688,3241620.0
2023-12-27,907.1192192664514,943.0447329007662,907.1192192664514,934.0633544921875,8561649.0
2023-12-28,938.5540036085175,947.5353816334795,920.5912475585938,920.5912475585938,5447955.0
2023-12-29,920.5912412446121,925.0819302262931,907.119174299569,911.60986328125,5039654.0
2024-01-02,907.1191144937404,911.6098031793531,880.174982380065,881.0731201171875,10009034.0
2024-01-03,876.5825241425105,877.4806619746237,855.9253540039062,855.9253540039062,12547023.0
2024-01-04,866.6198112224711,873.0733630081703,850.0249637735301,855.5565795898438,8449251.0
2024-01-05,856.4785150948358,862.0101309081501,849.10302734375,849.10302734375,5524580.0
2024-01-08,857.4004509967307,862.9320668096128,846.3372193709664,848.1810913085938,5553064.0
2024-01-09,864.7759392836998,866.6198112224711,853.7127076510726,855.5565795898438,5782533.0
2024-01-10,862.0101311093284,862.0101311093284,850.024963511017,851.8688354492188,4252336.0
2024-01-11,859.244322934358,863.8540027784264,848.1810913085938,848.1810913085938,6787619.0
2024-01-12,848.18115234375,856.4785766601562,844.493408203125,853.7127685546875,4733940.0
2024-01-15,862.0101928710938,862.0101928710938,847.2592163085938,850.0250244140625,4242507.0
2024-01-16,843.5714097688984,845.4152817028195,825.1326904296875,825.1326904296875,10182511.0
2024-01-17,820.5230094900988,832.5081770444486,810.3817138671875,810.3817138671875,11463245.0
2024-01-18,814.991455078125,826.9766235351562,814.991455078125,826.9766235351562,6754372.0
2024-01-19,848.1810913085938,848.1810913085938,836.1959237140159,848.1810913085938,9037844.0
2024-01-22,855.556640625,869.3856811523438,848.18115234375,850.0250244140625,9381596.0
2024-01-23,846.3372802734375,850.0250244140625,838.0398559570312,839.8837280273438,6015511.0
2024-01-24,844.4933484721388,862.9320678710938,843.571412502191,862.9320678710938,7798880.0
2024-01-25,865.6979370117188,875.8392333984375,860.1663208007812,869.3856811523438,8962616.0
2024-01-26,862.9320678710938,865.697875780937,855.5565801115117,862.9320678710938,5273128.0
2024-01-29,871.2294917320138,871.2294917320138,853.7127083003649,864.7759399414062,7026602.0
2024-01-30,864.7759415259119,897.0437005380728,864.7759415259119,887.8243408203125,9478077.0
2024-01-31,899.8095086455098,900.7314446174827,883.2146611499984,890.5901489257812,9080284.0
2024-02-01,876.7611694335938,876.7611694335938,850.0250244140625,857.4005126953125,16712977.0
2024-02-02,858.322388021355,862.9320678710938,853.7127081716162,862.9320678710938,7360212.0
2024-02-05,856.4785161461112,866.6198118163021,855.5565801760939,863.85400390625,5742677.0
2024-02-15,906.2631225585938,906.2631225585938,876.7611694335938,896.121826171875,11678406.0
2024-02-16,899.8095088998067,900.7314448720401,887.8243412607724,894.2778930664062,4417821.0
2024-02-19,897.0437005380728,897.0437005380728,876.7611091590003,887.8243408203125,4193442.0
2024-02-20,885.05859375,908.1069946289062,885.05859375,905.3411865234375,7570527.0
2024-02-21,896.1217656966743,909.0288693178198,896.1217656966743,904.419189453125,5334177.0
2024-02-22,910.872743322814,940.3746945235529,910.872743322814,935.7650146484375,10182733.0
2024-02-23,954.2037389581853,1014.1295776367188,931.1553394664418,1014.1295776367188,23431414.0
2024-02-26,1004.9102186536575,1032.5682980661434,977.2521392411714,1027.9586181640625,12036894.0
2024-02-27,1037.1779779682245,1069.4457372827915,1018.7392583599004,1027.9586181640625,17137848.0
2024-02-29,1027.9586791992188,1055.6167602539062,1023.3489990234375,1051.007080078125,9126357.0
2024-03-01,1074.0554809570312,1074.0554809570312,1009.5199584960938,1018.7393188476562,12066326.0
2024-03-04,1027.9584424889606,1064.8358754033627,1018.7390842603601,1060.2261962890625,12304302.0
2024-03-05,1060.2265012006224,1069.4458620806276,1041.7877794406115,1064.836181640625,8416339.0
2024-03-06,1055.616642799698,1106.3231190913866,1051.0069631368171,1097.103759765625,9634661.0
2024-03-07,1124.761841812754,1161.6392792492377,1120.1521621331935,1133.981201171875,15008514.0
2024-03-08,1161.6392792492377,1175.4683182879191,1101.7134434149516,1133.981201171875,16121484.0
2024-03-11,1138.5910649513712,1147.81042580118,1110.932982401945,1129.3717041015625,5703039.0
2024-03-12,1106.3233024691358,1129.3717046039094,1097.1039416152264,1120.15234375,5088394.0
2024-03-13,1147.8104263117284,1161.6394675925926,1115.5426633230452,1120.15234375,6917876.0
2024-03-14,1124.7617038892663,1133.981062117867,1051.006838060462,1060.2261962890625,12529434.0
2024-03-15,1046.3973388671875,1060.2263785878993,1032.5682991464757,1046.3973388671875,8516381.0
2024-03-18,1046.3973999023438,1087.884521484375,1046.3973999023438,1078.6651611328125,5901035.0
2024-03-19,1060.2261962890625,1074.0552336319633,1046.3971589461617,1060.2261962890625,8740357.0
2024-03-20,1055.6167602539062,1083.2748413085938,1032.568359375,1041.7877197265625,6032629.0
2024-03-21,1069.44580078125,1069.44580078125,1037.1780395507812,1051.007080078125,6391070.0
2024-03-22,1051.0070182291665,1055.6166981336805,1023.3489388020832,1037.177978515625,5827756.0
2024-03-25,1032.568359375,1051.007080078125,1027.9586791992188,1032.568359375,3241531.0
2024-03-26,1051.007080078125,1078.6651611328125,1032.568359375,1041.7877197265625,6534083.0
2024-03-27,1046.3973404389083,1083.2747797495306,1037.1779806112527,1074.055419921875,5980133.0
2024-03-28,1069.44580078125,1087.884521484375,1046.3973999023438,1069.44580078125,6926740.0
2024-03-29,1069.4457410337552,1092.494140625,1069.4457410337552,1092.494140625,4051000.0
2024-04-01,1097.1038818359375,1106.3232421875,1064.8361206054688,1069.44580078125,5359025.0
2024-04-02,1078.665099835703,1092.4941395771862,1069.4457400080473,1074.055419921875,4164058.0
2024-04-03,1060.2264404296875,1083.2748413085938,1051.007080078125,1069.44580078125,4100953.0
2024-04-08,1083.274591860564,1087.8842709748642,1055.6165171747623,1060.2261962890625,4066781.0
2024-04-09,1069.44580078125,1083.2748413085938,1060.2264404296875,1069.44580078125,3322521.0
2024-04-10,1078.6651013745425,1120.1522206581785,1074.0554214541385,1101.7135009765625,6393274.0
2024-04-11,1110.9327997843425,1133.9811981201171,1092.4940811157226,1106.3231201171875,6271331.0
2024-04-12,1097.1038818359375,1106.3232421875,1074.0554809570312,1087.884521484375,5214036.0
2024-04-15,1069.4458645657376,1069.4458645657376,1023.3490600585938,1023.3490600585938,9187015.0
2024-04-16,981.8618158277177,1004.9102152602933,972.6424560546875,972.6424560546875,12016661.0
2024-04-17,981.8618774414062,991.0812377929688,963.4231567382812,968.0328369140625,7727084.0
2024-04-18,963.4231567382812,977.252197265625,940.374755859375,968.0328369140625,7168984.0
2024-04-19,940.3746931646525,949.5940529015609,894.2778944801107,915.482421875,15661098.0
2024-04-22,907.1849964212928,911.7946762811571,890.5901489257812,890.5901489257812,9091869.0
2024-04-23,911.7947387695312,911.7947387695312,894.2779541015625,896.121826171875,5846136.0
2024-04-24,917.3263549804688,940.374755859375,916.4044189453125,931.1553955078125,6229216.0
2024-04-25,918.2482290472095,926.5456528036601,899.8095095884302,904.419189453125,6053259.0
2024-04-26,913.6385506549285,926.545654296875,909.9508067572295,926.545654296875,5747819.0
2024-04-29,972.6424536493611,972.6424536493611,926.5456548982065,935.7650146484375,7963720.0
2024-04-30,935.7650756835938,949.5941162109375,914.560546875,914.560546875,5868406.0
2024-05-02,912.7166748046875,940.374755859375,905.3411865234375,921.93603515625,5401225.0
2024-05-03,958.8134765625,968.0328369140625,949.5941162109375,958.8134765625,6598170.0
2024-05-06,977.2521347561895,977.2521347561895,954.2037353515625,954.2037353515625,4516638.0
2024-05-07,968.0328369140625,972.6425170898438,954.2037963867188,963.4231567382812,3178782.0
2024-05-08,995.6908577696918,1014.1295773580194,977.2521381813641,1009.5198974609375,9985063.0
2024-05-09,1014.1295773580194,1037.177976843429,1004.9102175638556,1009.5198974609375,7792270.0
2024-05-10,1018.7392572551013,1018.7392572551013,995.6908577696918,1009.5198974609375,4456276.0
2024-05-13,1027.9586181640625,1032.5682980661434,1014.1295784578194,1027.9586181640625,4025166.0
2024-05-14,1027.9587381206034,1069.4458620806276,1023.3490576806007,1064.836181640625,7534580.0
2024-05-15,1078.6652229606332,1083.2749034006358,1055.6168207606197,1064.836181640625,5522444.0
2024-05-16,1087.8844004398634,1115.5424784171482,1083.2747207769826,1097.103759765625,10020318.0
2024-05-17,1087.8844596633585,1092.4941395771862,1074.055419921875,1074.055419921875,6360397.0
2024-05-20,1074.0553614512212,1101.7134394285058,1074.0553614512212,1097.103759765625,6031212.0
2024-05-21,1087.8845827792552,1097.1039436502658,1074.0555414727394,1083.27490234375,3369008.0
2024-05-22,1097.103820543249,1097.103820543249,1069.4457410337552,1092.494140625,4429872.0
2024-05-23,1101.7135014830783,1115.5425412506484,1092.4941416380316,1110.932861328125,6200782.0
2024-05-24,1097.1038210561585,1110.9328608173705,1097.1038210561585,1101.7135009765625,3253977.0
2024-05-27,1152.4199845725925,1207.7361438320768,1138.5909447577212,1184.687744140625,14370057.0
2024-05-28,1198.516724564647,1216.955443404103,1184.6876854350548,1207.736083984375,10026387.0
2024-05-29,1207.7362060546875,1212.3458862304688,1175.4684448242188,1189.2974853515625,7857214.0
2024-05-30,1157.0297241210938,1198.516845703125,1152.4200439453125,1189.2974853515625,8407440.0
2024-05-31,1212.345691263917,1212.345691263917,1129.3714614435728,1138.5908203125,14212589.0
2024-06-03,1166.2489628829355,1170.858642578125,1143.2005644069882,1170.858642578125,6293578.0
2024-06-04,1161.639404296875,1170.8587646484375,1124.761962890625,1143.20068359375,6985162.0
2024-06-05,1143.200560530996,1147.8102402105562,1124.761841812754,1133.981201171875,5828522.0
2024-06-06,1157.0297241210938,1198.516845703125,1138.5910034179688,1189.2974853515625,9895619.0
2024-06-07,1189.2974235983454,1189.2974235983454,1170.8587038526348,1175.4683837890625,4931241.0
2024-06-11,1170.858642578125,1180.078001968504,1152.4199237973671,1170.858642578125,5557895.0
2024-06-12,1170.8587646484375,1207.7362060546875,1166.2490844726562,1198.516845703125,7741796.0
2024-06-13,1235.3943461614397,1290.7105109149368,1221.5653049730652,1276.8814697265625,13075007.0
2024-06-14,1286.1007080078125,1286.1007080078125,1258.4426282657091,1286.1007080078125,5947681.0
2024-06-17,1267.6620483398438,1281.4910888671875,1258.4426879882812,1272.271728515625,4297102.0
2024-06-18,1267.6621080717582,1295.3201904296875,1267.6621080717582,1295.3201904296875,7677930.0
2024-06-19,1313.7586743903883,1369.0748291015625,1309.1489948311237,1369.0748291015625,11552021.0
2024-06-20,1369.0750122070312,1382.904052734375,1346.026611328125,1382.904052734375,6213796.0
2024-06-21,1355.2459716796875,1378.2943725585938,1332.1975708007812,1373.6846923828125,10724486.0
2024-06-24,1341.4169311523438,1350.6362915039062,1295.3201293945312,1299.9298095703125,9093868.0
2024-06-25,1263.0524285381882,1290.7105109149368,1258.4427481420635,1276.8814697265625,9382535.0
2024-06-26,1286.1008296437112,1318.3685923946286,1286.1008296437112,1295.3201904296875,4993229.0
2024-06-27,1272.2716681367608,1299.9297478788642,1272.2716681367608,1286.1007080078125,4724876.0
2024-06-28,1290.7103271484375,1295.3200068882534,1267.6619284493584,1290.7103271484375,6843642.0
2024-07-01,1295.3200687907188,1327.587828511484,1295.3200687907188,1304.5394287109375,5023006.0
2024-07-02,1299.9298095703125,1304.5394897460938,1281.4910888671875,1299.9298095703125,5090265.0
2024-07-03,1318.3685923946286,1318.3685923946286,1281.4911492507229,1295.3201904296875,6361645.0
2024-07-04,1300.4136700994318,1319.2602450284091,1295.7020263671875,1295.7020263671875,7642964.0
2024-07-05,1300.4136610243056,1305.125304723669,1258.0088677300348,1272.143798828125,6406820.0
2024-07-08,1262.7203970895687,1338.106689453125,1258.0087538168464,1338.106689453125,7726110.0
2024-07-09,1366.3766395882385,1375.7999267578125,1333.3951344947293,1375.7999267578125,9654123.0
2024-07-10,1371.0882734238894,1375.7999169751743,1328.6834814623257,1352.24169921875,5443505.0
2024-07-11,1352.241619271292,1375.7998356349033,1333.3950461804027,1338.106689453125,5250273.0
2024-07-12,1286.2786600449506,1305.125233818503,1272.1437297147863,1281.5670166015625,6871306.0
2024-07-15,1290.9904001383763,1300.4136877306273,1272.1438249538746,1276.85546875,3536752.0
2024-07-16,1276.855416110014,1286.278703313778,1248.585554498722,1267.43212890625,5001135.0
2024-07-17,1258.0089816111438,1267.4322698629128,1229.7391168558372,1248.585693359375,5978911.0
2024-07-18,1196.75749874115,1215.604073524475,1177.9109239578247,1206.1807861328125,9831726.0
2024-07-19,1187.3341064453125,1210.892322843037,1187.3341064453125,1187.3341064453125,5871057.0
2024-07-22,1182.6226472815688,1187.3342912946428,1126.0829191246812,1154.352783203125,7245311.0
2024-07-23,1182.6226619944853,1201.46923828125,1168.487729779412,1201.46923828125,6430338.0
2024-07-26,1121.371140813253,1182.6225056475903,1116.6594973644578,1173.19921875,10242503.0
2024-07-29,1192.045890069777,1206.1808215725805,1159.0643832299018,1168.4876708984375,5100068.0
2024-07-30,1159.0643402950698,1182.62255859375,1140.2177656561255,1182.62255859375,4423237.0
2024-07-31,1159.0644010950307,1163.7760450019211,1130.7945376536884,1149.64111328125,7379704.0
2024-08-01,1144.9293807724775,1163.7759549415716,1111.9478759765625,1111.9478759765625,12041919.0
2024-08-02,1064.8314544957711,1074.2547417036983,1027.1383056640625,1027.1383056640625,13774887.0
2024-08-05,937.6170932681241,961.1753116919463,924.4244909507837,933.8477783203125,22181134.0
2024-08-06,1027.138287495458,1027.138287495458,975.3102087686228,1013.0033569335938,16439278.0
2024-08-07,1027.1382578974185,1083.677978515625,1017.7149711277174,1083.677978515625,10529284.0
2024-08-08,1055.4081768497758,1074.254751436379,1036.5616022631727,1050.696533203125,8053732.0
2024-08-09,1083.6780924479167,1088.389736328125,1055.4082291666666,1060.119873046875,6961644.0
2024-08-12,1078.9664644281916,1107.236328125,1074.2548204787233,1107.236328125,4578908.0
2024-08-13,1111.947892813847,1116.659536427465,1083.678031132139,1093.101318359375,3784683.0
2024-08-14,1107.2361375510943,1121.3710669666402,1102.524494412579,1116.659423828125,4435983.0
2024-08-15,1102.5247025923295,1111.9479906486742,1088.3897705078125,1088.3897705078125,3064248.0
2024-08-16,1116.6595384551258,1168.4876182990345,1116.6595384551258,1159.0643310546875,6964050.0
2024-08-19,1168.4876276145417,1192.0458459132221,1159.0643402950698,1182.62255859375,5847224.0
2024-08-20,1196.757462890625,1196.757462890625,1168.4876015625,1177.910888671875,4293705.0
2024-08-21,1149.64111328125,1168.4876889088114,1140.2178254674693,1149.64111328125,4500318.0
2024-08-22,1159.0643310546875,1168.4876182990345,1144.929400188167,1159.0643310546875,3022975.0
2024-08-23,1135.5062071508291,1154.352783203125,1121.371275111607,1154.352783203125,4222716.0
2024-08-26,1173.1993061583719,1173.1993061583719,1140.217799559542,1144.929443359375,3699292.0
2024-08-27,1130.794486053719,1144.9294171293905,1121.371198669938,1140.2177734375,3877314.0
2024-08-28,1135.5060770670573,1149.641007486979,1116.6595031738282,1130.79443359375,4610835.0
2024-08-29,1107.2362353515625,1182.6225322265625,1107.2362353515625,1177.910888671875,5404585.0
2024-08-30,1187.334246235509,1187.334246235509,1154.3527393956338,1168.4876708984375,5810148.0
2024-09-02,1168.487715242347,1177.9110032684948,1144.929495176977,1154.352783203125,3182122.0
2024-09-03,1154.3527571881402,1154.3527571881402,1130.7945376536884,1149.64111328125,3422128.0
2024-09-04,1069.54296875,1102.5244699889868,1064.831325715859,1069.54296875,9683111.0
2024-09-05,1055.408150337838,1064.8314373944256,1041.273219752956,1045.98486328125,9051905.0
2024-09-06,1045.9848057109716,1083.6779518627184,1041.2731624420032,1078.96630859375,5102862.0
2024-09-09,1036.5616714684672,1050.696603352128,1027.1383835460265,1041.2733154296875,7139369.0
2024-09-10,1050.696490532529,1064.8314208984375,1036.5615601666207,1064.8314208984375,5579319.0
2024-09-11,1060.1197938661317,1069.5430809227196,1045.98486328125,1045.98486328125,4019795.0
2024-09-12,1083.6781264796402,1088.3897705078125,1069.5431943951232,1088.3897705078125,4341122.0
2024-09-13,1093.1013802083332,1097.8130240885416,1060.119873046875,1060.119873046875,3453407.0
2024-09-16,1055.408133987832,1064.8314208984375,1036.5615601666207,1064.8314208984375,3682733.0
2024-09-18,1050.696603352128,1055.4082473133485,1031.850027507247,1041.2733154296875,7064375.0
2024-09-19,1041.2732718331474,1064.8314906529017,1017.7150530133929,1055.408203125,7749361.0
2024-09-20,1078.9664485677083,1088.389736328125,1060.119873046875,1060.119873046875,8871960.0
2024-09-23,1060.1197355178767,1083.6779518627184,1055.4080922489084,1078.96630859375,4490555.0
2024-09-24,1069.543043320149,1126.082763671875,1069.543043320149,1126.082763671875,6847737.0
2024-09-25,1149.641139190051,1159.064427216199,1135.5062071508291,1154.352783203125,10887978.0
2024-09-26,1163.7759418637734,1206.1807332677165,1159.0642983744463,1196.7574462890625,9413246.0
2024-09-27,1206.180679563492,1229.7388959612165,1177.9108198862227,1187.3341064453125,8955853.0
2024-09-30,1163.776055518617,1163.776055518617,1107.236328125,1107.236328125,8477410.0
2024-10-01,1126.0828423618284,1159.064348205062,1121.371198669938,1140.2177734375,6000269.0
2024-10-04,1130.7944693216464,1168.4876182990345,1130.7944693216464,1159.0643310546875,6956378.0
2024-10-07,1177.910888671875,1220.3156806640625,1159.064314453125,1177.910888671875,8959497.0
2024-10-08,1168.487715242347,1177.9110032684948,1154.352783203125,1154.352783203125,4347108.0
2024-10-09,1187.3341490963855,1201.469079442771,1168.4875753012047,1173.19921875,5544071.0
2024-10-11,1192.045838341346,1234.4506310096153,1192.045838341346,1225.02734375,9881759.0
2024-10-14,1234.4507015730983,1234.4507015730983,1210.8924820774284,1215.6041259765625,3998990.0
2024-10-15,1234.4506310096153,1234.4506310096153,1215.6040564903847,1225.02734375,5915032.0
2024-10-16,1187.3343060661766,1220.3158145680147,1187.3343060661766,1201.46923828125,6461649.0
2024-10-17,1220.3158145680147,1220.3158145680147,1192.0459501378677,1201.46923828125,4139436.0
2024-10-18,1225.0273699413312,1253.2972323245929,1220.3157262107877,1229.739013671875,8327410.0
2024-10-21,1234.4506661551338,1267.43217250279,1234.4506661551338,1253.2972412109375,6320618.0
2024-10-22,1234.4505615234375,1239.1622048880308,1220.3156314296577,1234.4505615234375,5200879.0
2024-10-23,1206.1807692307693,1248.5855618990386,1201.4691256009617,1225.02734375,5399321.0
2024-10-24,1225.0273072250245,1229.7389507143516,1196.7574462890625,1196.7574462890625,4473596.0
2024-10-25,1196.7574402551688,1248.5855183764556,1196.7574402551688,1239.1622314453125,6810511.0
2024-10-28,1253.2971456577716,1262.7204324672284,1239.162215443586,1258.0087890625,5375094.0
2024-10-29,1239.1622746394232,1239.1622746394232,1210.892412860577,1225.02734375,5336390.0
2024-10-30,1215.6041259765625,1239.1623454722323,1210.8924820774284,1215.6041259765625,5429739.0
2024-11-01,1149.641111388687,1225.0274137748304,1149.641111388687,1215.6041259765625,7755216.0
2024-11-04,1210.892386771537,1229.738960884713,1206.1807432432433,1220.315673828125,3429980.0
2024-11-05,1210.8924820774284,1225.0274137748304,1206.1808381782946,1215.6041259765625,3613551.0
2024-11-06,1215.6040824802442,1243.8739448635056,1215.6040824802442,1229.739013671875,3781856.0
2024-11-07,1253.2972323245929,1253.2972323245929,1225.0273699413312,1229.739013671875,4276840.0
2024-11-08,1234.4506483078003,1243.873935699463,1206.1807861328125,1206.1807861328125,4130119.0
2024-11-11,1225.027317356419,1234.4506044130067,1206.1807432432433,1220.315673828125,2805531.0
2024-11-12,1206.180706521739,1220.3156366762908,1192.0457763671875,1192.0457763671875,4165815.0
2024-11-13,1192.0458459132221,1201.4691332326943,1182.62255859375,1182.62255859375,4020882.0
2024-11-14,1187.3340950784414,1192.0457383128796,1159.0642356718117,1163.77587890625,4261333.0
2024-11-15,1168.4875853531003,1201.4690897783894,1159.0642983744463,1196.7574462890625,4250152.0
2024-11-18,1187.334246235509,1192.045890069777,1159.0643832299018,1168.4876708984375,3884093.0
2024-11-19,1182.6224740469966,1215.6039773072714,1173.1991874012037,1210.892333984375,4308916.0
2024-11-20,1201.46923828125,1201.46923828125,1201.46923828125,1201.46923828125,4926471.0
2024-11-21,1192.0457763671875,1196.757419752038,1182.6224895974865,1192.0457763671875,2583520.0
2024-11-22,1206.180701335878,1234.4505615234375,1196.7574146066913,1234.4505615234375,6124283.0
2024-11-25,1248.5855793952942,1253.2972230911255,1206.1807861328125,1206.1807861328125,7448148.0
2024-11-26,1206.1807861328125,1215.604073524475,1196.75749874115,1206.1807861328125,3208553.0
2024-11-27,1196.757462890625,1210.8923935546875,1177.910888671875,1177.910888671875,2932917.0
2024-11-28,1187.334202253486,1192.0458459132221,1168.4876276145417,1182.62255859375,4205695.0
2024-11-29,1163.7759839548057,1196.757489572958,1154.3526966353336,1182.62255859375,4141261.0
2024-12-02,1201.4690579712847,1239.1622048880308,1196.7574146066913,1234.4505615234375,4380160.0
2024-12-03,1248.5855183764556,1253.2971618420272,1220.3156575830265,1239.1622314453125,5954597.0
2024-12-04,1239.1621361934779,1248.5854224002724,1229.7388499866834,1243.873779296875,4729113.0
2024-12-05,1248.585693359375,1258.0089816111438,1234.4507609817217,1248.585693359375,5251677.0
2024-12-06,1248.5855885940493,1262.72051978568,1225.0273699413312,1229.739013671875,4223587.0
2024-12-09,1243.8740492334905,1248.585693359375,1225.0274727299527,1248.585693359375,4075270.0
2024-12-10,1239.162292932581,1281.5670862268519,1234.4506492332175,1272.143798828125,5824301.0
2024-12-11,1243.8739366319444,1276.8554425274883,1229.7390055338542,1272.143798828125,6205868.0
2024-12-12,1290.9904086347938,1319.2602715975995,1290.9904086347938,1300.4136962890625,7666196.0
2024-12-13,1305.1252540967143,1328.6834716796875,1286.2786800303356,1328.6834716796875,6323798.0
2024-12-16,1352.2416789471458,1356.9533224277977,1305.125244140625,1305.125244140625,7194809.0
2024-12-17,1309.8369748834978,1361.6650566234923,1309.8369748834978,1342.8184814453125,8783456.0
2024-12-18,1347.5299759985696,1347.5299759985696,1323.9717596349583,1338.106689453125,5995195.0
2024-12-19,1319.260116362236,1347.5299759985696,1314.5484730895137,1338.106689453125,6353336.0
2024-12-20,1338.10690022201,1342.818544236876,1309.8370361328125,1309.8370361328125,5544646.0
2024-12-23,1323.9718281630928,1342.8184022294713,1319.2601846464981,1328.6834716796875,4295456.0
2024-12-24,1347.530143113323,1347.530143113323,1323.971923828125,1323.971923828125,3196077.0
2024-12-25,1338.1067587128766,1347.530045746066,1328.6834716796875,1328.6834716796875,2381315.0
2024-12-26,1338.106689453125,1347.5299759985696,1333.3950461804027,1338.106689453125,2351336.0
2024-12-27,1338.1067423787151,1356.953316215035,1338.1067423787151,1347.530029296875,2283253.0
2024-12-30,1347.5299759985696,1352.241619271292,1338.106689453125,1338.106689453125,2765852.0
2024-12-31,1328.683497991663,1342.8184288213615,1319.260210771864,1333.3951416015625,3224086.0
2025-01-02,1342.0535237630208,1346.8637514467594,1284.3307915581597,1298.761474609375,6820305.0
2025-01-03,1313.192138671875,1318.0023662860576,1284.3307729867788,1313.192138671875,5752498.0
2025-01-06,1337.2433225397479,1370.9149169921875,1337.2433225397479,1370.9149169921875,6907233.0
2025-01-07,1390.1558260309616,1443.0683315200295,1361.294459400561,1433.4478759765625,12307998.0
2025-01-08,1443.0682746731504,1443.0682746731504,1404.5864540152,1414.2069091796875,10805038.0
2025-01-09,1414.207071940104,1423.8275282118054,1385.345703125,1385.345703125,7021298.0
2025-01-10,1404.586500773251,1438.25809496987,1390.1558175461284,1409.396728515625,7157266.0
2025-01-13,1380.5354609866795,1404.5866014219876,1332.4331801160636,1337.243408203125,9742772.0
2025-01-14,1332.4330862862723,1361.2944527762277,1327.6228585379463,1346.86376953125,5279672.0
2025-01-15,1337.2432491678587,1390.155751832774,1337.2432491678587,1366.1046142578125,6417175.0
2025-01-16,1394.96609204436,1414.207003658765,1375.7251804299551,1404.5865478515625,7314623.0
2025-01-17,1394.9660081129807,1399.7762357271633,1366.1046424278845,1375.72509765625,5488719.0
2025-01-20,1370.9149719027087,1399.7763397322394,1370.9149719027087,1390.1558837890625,3956489.0
2025-01-21,1385.3455898037544,1419.0171840003734,1380.53536206138,1409.396728515625,4428280.0
2025-01-22,1423.8274117427475,1438.25809496987,1409.396728515625,1409.396728515625,6502859.0
2025-02-03,1366.1047135416668,1467.1194986979167,1361.2944856770835,1443.068359375,18533177.0
2025-02-04,1452.6887870634962,1471.9296981504299,1423.8274204330958,1433.4478759765625,8166768.0
2025-02-05,1447.878595270876,1471.929734727203,1433.44791159708,1467.1195068359375,9064753.0
2025-02-06,1471.929734727203,1510.4115578573258,1462.309278944672,1467.1195068359375,9371366.0
2025-02-07,1467.1195068359375,1471.929734727203,1447.878595270876,1467.1195068359375,6741142.0
2025-02-10,1447.878530966269,1452.6887586438977,1419.0171649004963,1423.827392578125,8922872.0
2025-02-11,1433.4479309486237,1471.9297545982513,1433.4479309486237,1452.6888427734375,8486272.0
2025-02-12,1471.929620916193,1481.550075954861,1423.8273457228536,1428.6375732421875,7865557.0
2025-02-13,1438.2580658762079,1462.3092041015625,1428.6376105860659,1462.3092041015625,4576098.0
2025-02-14,1457.4989954546045,1476.7399062856882,1447.8785400390625,1447.8785400390625,4726126.0
2025-02-17,1457.4989855127426,1486.3603515625,1452.6887578377832,1486.3603515625,7603778.0
2025-02-18,1491.1705509148514,1491.1705509148514,1462.3091854132736,1476.7398681640625,5362376.0
2025-02-19,1476.7399430708451,1486.3603987260299,1467.1194874156604,1481.5501708984375,4447177.0
2025-02-20,1486.36041015625,1486.36041015625,1443.068359375,1443.068359375,6855773.0
2025-02-21,1443.0683868610306,1467.119526642048,1433.4479309486237,1452.6888427734375,5655119.0
2025-02-24,1443.068302487864,1486.3603515625,1438.2580748129044,1486.3603515625,6371982.0
2025-02-25,1467.1195147114415,1500.7911101310483,1452.6888309601813,1491.170654296875,7905273.0
2025-02-26,1495.9809096898787,1515.2218217116135,1467.1195416572766,1500.7911376953125,7032006.0
2025-02-27,1495.98084583849,1515.2217570389853,1457.4990234375,1457.4990234375,10335277.0
2025-03-03,1433.4478195086629,1438.2580470909068,1409.3966815974436,1414.2069091796875,10588492.0
2025-03-04,1380.5353521302688,1452.6887677468335,1380.5353521302688,1447.8785400390625,7871467.0
2025-03-05,1447.8785400390625,1471.9296785779172,1433.4478569157495,1447.8785400390625,6356979.0
2025-03-06,1447.8786347558266,1452.6888627782714,1428.6377226660484,1438.2581787109375,3089136.0
2025-03-07,1419.0171840003734,1428.6376394851216,1394.9660452885025,1409.396728515625,5464123.0
2025-03-10,1394.966095955141,1404.5865517893144,1342.0535888671875,1342.0535888671875,9828231.0
2025-03-11,1269.9001438402527,1337.2433332863268,1269.9001438402527,1332.43310546875,10078176.0
2025-03-12,1322.8126579988086,1370.9149364714926,1322.8126579988086,1356.4842529296875,7914116.0
2025-03-13,1375.7252328996178,1385.3456890737411,1337.243408203125,1337.243408203125,6948447.0
2025-03-14,1346.86376953125,1375.7251360212053,1337.2433140345981,1346.86376953125,7153832.0
2025-03-17,1361.2944614343476,1385.3456003289473,1361.2944614343476,1370.9149169921875,4878893.0
2025-03-18,1394.9660727290784,1443.0683510990466,1390.1558448920816,1419.0172119140625,10224305.0
2025-03-19,1443.068322712244,1457.4990059393665,1404.586500773251,1409.396728515625,7855359.0
2025-03-20,1438.2580282808553,1443.0682558001893,1409.3966631648516,1428.6375732421875,6419295.0
2025-03-21,1438.2580756110115,1443.0683032886402,1419.0171649004963,1423.827392578125,4597519.0
2025-03-24,1443.0683032886402,1447.878530966269,1423.827392578125,1423.827392578125,3925730.0
2025-03-25,1447.878595270876,1481.5501905097337,1447.878595270876,1467.1195068359375,7987673.0
2025-03-26,1476.739934637995,1481.5501624381188,1457.4990234375,1457.4990234375,3637846.0
2025-03-27,1443.0682558001893,1452.6887108388573,1423.8273457228536,1428.6375732421875,4779867.0
2025-03-28,1414.206956257999,1438.25809496987,1399.7762730308768,1409.396728515625,4529681.0
2025-03-31,1366.1047767254947,1385.3456890737411,1337.243408203125,1337.243408203125,7884707.0
2025-04-01,1356.48426881555,1404.5865478515625,1356.48426881555,1404.5865478515625,6469737.0
2025-04-02,1404.5865397702528,1404.5865397702528,1380.535400390625,1380.535400390625,4501455.0
2025-04-07,1245.8489990234375,1245.8489990234375,1245.8489990234375,1245.8489990234375,1801849.0
2025-04-08,1207.3671405126179,1250.65918937562,1178.5057746039497,1212.1773681640625,18444110.0
2025-04-09,1202.5568837354958,1207.3671112704378,1096.7318779667721,1140.02392578125,19089246.0
2025-04-10,1250.6591796875,1250.6591796875,1250.6591796875,1250.6591796875,1930024.0
2025-04-11,1231.418321299639,1342.0535611039033,1202.5569543941788,1332.43310546875,16846917.0
2025-04-14,1356.4842250279016,1370.9149082728793,1332.4330862862723,1346.86376953125,12574667.0
2025-04-15,1351.674016739057,1361.2944723742103,1322.8126498335967,1332.43310546875,6567345.0
2025-04-16,1318.0023662860576,1332.4330491286057,1313.192138671875,1313.192138671875,5403460.0
2025-04-17,1289.14111328125,1298.761569350513,1265.0899731080922,1289.14111328125,6686132.0
2025-04-18,1298.761455829327,1327.622821514423,1293.9512282151443,1313.192138671875,3455357.0
2025-04-21,1303.571749662378,1303.571749662378,1274.7103825111815,1293.9512939453125,3022376.0
2025-04-22,1279.5205453725962,1303.5716834435095,1250.6591796875,1250.6591796875,4954354.0
2025-04-23,1289.1409546789462,1322.8125467787693,1289.1409546789462,1318.0023193359375,6070924.0
2025-04-24,1322.812681269825,1322.812681269825,1274.7104019509222,1279.5206298828125,6035060.0
2025-04-25,1322.8126968162646,1337.243380781533,1318.0024688278418,1327.6229248046875,6909233.0
2025-04-28,1332.433068395544,1337.2432960792826,1298.761474609375,1298.761474609375,5231320.0
2025-04-29,1298.76140956461,1318.0023193359375,1284.3307272361142,1318.0023193359375,5633730.0
2025-04-30,1318.0023853443288,1318.0023853443288,1298.761474609375,1298.761474609375,5374395.0
2025-05-02,1318.0023662860576,1318.0023662860576,1241.0387244591345,1250.6591796875,16309878.0
2025-05-05,1260.2796824098093,1284.3308213870957,1241.03877122798,1245.8489990234375,7202362.0
2025-05-06,1245.849018573761,1250.6592464447021,1226.6081070899963,1231.4183349609375,6945409.0
2025-05-07,1236.2286104090074,1250.6592945772059,1216.9876981847426,1226.608154296875,5876206.0
2025-05-08,1236.228590381238,1255.4695022937865,1226.6081344249637,1241.038818359375,5977244.0
2025-05-09,1245.8490805571935,1274.71044921875,1231.418396226415,1274.71044921875,6464226.0
2025-05-12,1269.9000712927757,1274.7102988355514,1255.4693886644486,1265.08984375,5139679.0
2025-05-13,1298.761549383072,1313.192233265106,1293.951321422394,1303.57177734375,9166229.0
2025-05-14,1318.0024135813994,1322.8126413681928,1293.9512746474322,1308.3819580078125,6039143.0
2025-05-15,1313.1920918931055,1327.6227742216013,1298.76140956461,1318.0023193359375,5523760.0
2025-05-16,1313.192138671875,1322.8125939002402,1308.3819110576924,1313.192138671875,3498707.0
2025-05-19,1293.9512571378518,1298.761484859554,1260.2796630859375,1260.2796630859375,7045364.0
2025-05-20,1279.5205263783268,1298.7614365494296,1265.08984375,1265.08984375,5662042.0
2025-05-21,1274.7104291773553,1293.9513413158816,1269.9002011427237,1289.14111328125,4399231.0
2025-05-22,1274.71044921875,1289.1411335495284,1269.9002211084905,1274.71044921875,3287944.0
2025-05-23,1284.3307539211025,1289.1409814638782,1260.2796162072243,1265.08984375,4277084.0
2025-05-26,1255.4694743156433,1255.4694743156433,1226.6081070899963,1231.4183349609375,7140240.0
2025-05-27,1231.4183349609375,1241.0387907028198,1221.7978792190552,1231.4183349609375,6424061.0
2025-05-28,1250.6592464447021,1255.4694743156433,1221.7978792190552,1231.4183349609375,7908648.0
2025-05-29,1236.2285064212858,1255.4694170270648,1212.1773681640625,1212.1773681640625,19212826.0
2025-06-02,1202.556912861173,1221.7978234669517,1183.3160022553943,1212.1773681640625,10666133.0
2025-06-03,1221.797926240809,1241.0388384650735,1216.9876981847426,1226.608154296875,5610470.0
2025-06-04,1231.418382352941,1241.0388384650735,1212.1774701286765,1226.608154296875,10297345.0
2025-06-05,1212.177387283509,1216.9876150108246,1188.1262486469313,1197.7467041015625,15362134.0
2025-06-06,1202.5569677352905,1231.4183349609375,1197.7467398643494,1231.4183349609375,10710374.0
2025-06-09,1241.0387433122569,1250.6591986867704,1226.6080602504865,1236.228515625,7952617.0
2025-06-10,1250.6592162628745,1284.330810546875,1250.6592162628745,1284.330810546875,11338136.0
2025-06-11,1289.1409814638782,1293.951209006654,1255.4693886644486,1265.08984375,11700995.0
2025-06-12,1250.6591986867704,1255.4694263740273,1231.4182879377431,1236.228515625,10502334.0
2025-06-13,1207.3671123046875,1216.9875673828126,1202.556884765625,1202.556884765625,8841922.0
2025-06-16,1212.1774153386455,1221.7978710159362,1202.5569596613545,1207.3671875,4129774.0
2025-06-17,1212.1774701286765,1231.418382352941,1212.1774701286765,1226.608154296875,5360829.0
2025-06-18,1216.9876048759727,1241.0387433122569,1212.177377188716,1236.228515625,5525157.0
2025-06-19,1231.4182312252965,1236.2284586910203,1216.987548828125,1216.987548828125,4766573.0
2025-06-20,1216.9875673828126,1226.6080224609375,1197.7466572265625,1202.556884765625,5271667.0
2025-06-23,1183.316048306773,1212.1774153386455,1178.5058204681275,1207.3671875,4404035.0
2025-06-24,1226.6080793245571,1236.2285348486712,1212.1773960383857,1221.7978515625,4477491.0
2025-06-25,1231.4183156370657,1250.6592268188947,1231.4183156370657,1245.8489990234375,5945025.0
2025-06-26,1245.8490463375122,1250.6592743156493,1236.228590381238,1241.038818359375,5174101.0
2025-06-27,1236.228515625,1250.6591986867704,1231.4182879377431,1236.228515625,5856843.0
2025-06-30,1241.038705078125,1250.65916015625,1202.556884765625,1202.556884765625,7763199.0
2025-07-01,1216.9876981847426,1255.469522633272,1216.9876981847426,1226.608154296875,8523024.0
2025-07-02,1245.8489990234375,1250.6592268188947,1226.6080878416083,1245.8489990234375,6784867.0
2025-07-03,1275.2787528451033,1275.2787528451033,1245.8492431640625,1245.8492431640625,11618186.0
2025-07-04,1265.4688720703125,1280.1836263967114,1260.5639539615129,1265.4688720703125,7096708.0
2025-07-07,1275.278730392456,1275.278730392456,1255.6590576171875,1255.6590576171875,4446172.0
2025-07-08,1255.6590797244094,1255.6590797244094,1240.944324883889,1245.8492431640625,3529215.0
2025-07-09,1255.6590175276754,1334.137706123155,1255.6590175276754,1329.2327880859375,13138793.0
2025-07-10,1348.8524845668246,1373.3770751953125,1334.137730189732,1373.3770751953125,11433007.0
2025-07-11,1378.2819501849967,1392.9967041015625,1363.567196268431,1392.9967041015625,9744661.0
2025-07-14,1383.1869447343186,1383.1869447343186,1358.662353515625,1358.662353515625,5631886.0
2025-07-15,1358.662331639225,1378.282004298275,1353.7574134744625,1368.47216796875,4329964.0
2025-07-16,1368.4721355032414,1388.0918076968362,1368.4721355032414,1383.1868896484375,5897943.0
2025-07-17,1378.2820153545133,1392.996769966839,1358.662342538079,1363.5672607421875,5213698.0
2025-07-18,1378.2819716000388,1383.1868896484375,1373.37705355164,1383.1868896484375,4870093.0
2025-07-21,1388.0917754591555,1417.5212830660635,1383.186857524671,1397.901611328125,5766633.0
2025-07-22,1412.6163543487762,1427.3311080399094,1397.901600657643,1402.8065185546875,7721986.0
2025-07-23,1427.3311080399094,1427.3311080399094,1397.901600657643,1402.8065185546875,4835003.0
2025-07-24,1417.5212722458207,1422.426190142865,1392.9966827605988,1402.8065185546875,4937526.0
2025-07-25,1402.8065185546875,1417.5212722458207,1388.0917648635543,1402.8065185546875,5748883.0
2025-07-28,1407.7115020751953,1412.616420200893,1358.6623208182198,1373.3770751953125,6885421.0
2025-07-29,1363.5672032973346,1368.472121294807,1324.3278593175553,1334.1376953125,9487581.0
2025-07-30,1339.0426914380944,1358.6623645727184,1334.1377731544385,1353.7574462890625,5594339.0
2025-07-31,1334.1376739279196,1358.662263522183,1314.5180022525092,1343.947509765625,8942761.0
2025-08-04,1314.5180884339754,1324.327924914826,1304.708251953125,1304.708251953125,4830756.0
2025-08-05,1324.3279027227145,1329.2328208809467,1314.51806640625,1314.51806640625,3718187.0
2025-08-06,1314.517986875592,1324.3278225985441,1294.8983154296875,1294.8983154296875,5412343.0
2025-08-07,1319.4229520115025,1339.0426241603725,1319.4229520115025,1329.2327880859375,5024691.0
2025-08-08,1329.232798936632,1334.137717013889,1309.6131266276043,1324.327880859375,5016534.0
2025-08-11,1324.3278700487201,1343.9475421975899,1314.5180339742851,1329.2327880859375,3478971.0
2025-08-12,1334.1376953125,1343.947531307445,1324.3278593175553,1334.1376953125,3238403.0
2025-08-13,1343.947509765625,1358.662263522183,1334.1376739279196,1343.947509765625,7678115.0
2025-08-14,1343.9475879257532,1368.472178946296,1339.0426697216446,1363.5672607421875,4387884.0
2025-08-15,1368.4720993598883,1373.3770172787408,1343.947509765625,1343.947509765625,4043678.0
2025-08-18,1348.8524633096465,1383.1868896484375,1348.8524633096465,1383.1868896484375,5827468.0
2025-08-19,1388.0918517627304,1402.8066063750562,1363.5672607421875,1363.5672607421875,6127596.0
2025-08-20,1353.7573782720249,1363.5672143464599,1324.3278700487201,1329.2327880859375,6525541.0
2025-08-21,1324.3278486650067,1348.8524384550994,1319.4229307069882,1339.0426025390625,4264972.0
2025-08-22,1339.0426025390625,1348.8524384550994,1329.2327666230253,1339.0426025390625,2686120.0
2025-08-25,1358.662299406444,1383.1868896484375,1353.7573813580452,1383.1868896484375,4859204.0
2025-08-26,1378.28199332101,1383.1869114467074,1353.7574026925222,1373.3770751953125,5024316.0
2025-08-27,1378.28199332101,1383.1869114467074,1368.472157069615,1373.3770751953125,3355567.0
2025-08-28,1368.4721900031025,1378.28202649058,1358.662353515625,1358.662353515625,3766722.0
2025-08-29,1363.5671814410355,1378.2819351975936,1343.947509765625,1343.947509765625,3723539.0
2025-09-01,1343.947531307445,1353.7573673023896,1324.3278593175553,1334.1376953125,3659694.0
2025-09-02,1334.1376953125,1353.7573673023896,1334.1376953125,1334.1376953125,3283160.0
2025-09-03,1353.7574134744625,1373.3770861335126,1343.9475771449374,1368.47216796875,4604408.0
2025-09-04,1378.28202649058,1378.28202649058,1353.7574352718864,1358.662353515625,3400107.0
2025-09-05,1373.3771198551829,1407.7115478515625,1368.4722015699858,1407.7115478515625,8668643.0
2025-09-08,1422.426190142865,1432.2360259369536,1397.901600657643,1402.8065185546875,6384542.0
2025-09-09,1417.5213424985773,1486.190196460446,1407.7115062183102,1481.2852783203125,10954327.0
2025-09-10,1491.0950346057048,1491.0950346057048,1456.7606094667576,1461.66552734375,6557814.0
2025-09-11,1476.380302635399,1481.2852205843537,1451.855712890625,1451.855712890625,4509127.0
2025-09-12,1466.5704559428925,1471.475373855745,1442.04586637863,1456.7606201171875,4172705.0
2025-09-15,1461.6655380300401,1466.5704559428925,1451.855702204335,1456.7606201171875,2733745.0
2025-09-16,1471.4753887164088,1515.619650377901,1466.5704707540208,1505.809814453125,8152357.0
2025-09-17,1515.619705301247,1515.619705301247,1481.2852783203125,1481.2852783203125,4695051.0
2025-09-18,1496.0000327407129,1500.9049508808464,1466.5705238999121,1481.2852783203125,3539535.0
2025-09-19,1471.4754740397134,1476.3803922865125,1412.616455078125,1412.616455078125,13241946.0
2025-09-22,1397.9016547695173,1402.806572856428,1373.3770643349644,1378.281982421875,8578839.0
2025-09-23,1363.5671706321023,1378.281924272017,1348.8524169921875,1348.8524169921875,10776401.0
2025-09-24,1319.4230066744008,1329.2328431552514,1304.708251953125,1304.708251953125,11129639.0
2025-09-25,1304.7082192800303,1339.0426461031889,1304.7082192800303,1319.4229736328125,7547381.0
2025-09-26,1319.4229265751728,1324.3278445178316,1285.0885009765625,1285.0885009765625,6728741.0
2025-09-30,1285.088490301212,1299.803244006951,1265.4688186935598,1289.993408203125,7200191.0
2025-10-01,1280.183637448322,1280.183637448322,1260.56396484375,1260.56396484375,6432244.0
2025-10-02,1265.4688940048218,1275.278730392456,1255.6590576171875,1255.6590576171875,8209274.0
2025-10-03,1260.563890399355,1299.8032332911637,1260.563890399355,1294.8983154296875,6383512.0
2025-10-07,1299.8033447265625,1309.6131812905367,1280.1836715986144,1299.8033447265625,7016903.0
2025-10-08,1304.7082409805128,1324.3279137772122,1299.8033227813378,1309.6131591796875,5034301.0
2025-10-09,1324.3278917504067,1343.947564220783,1309.6131373976243,1319.4229736328125,4738227.0
2025-10-13,1304.708161908864,1304.708161908864,1275.278654497386,1289.993408203125,7286313.0
2025-10-14,1304.7081836685825,1314.5180196360154,1275.2786757662836,1280.18359375,5520842.0
2025-10-15,1299.803244006951,1304.708161908864,1275.278654497386,1289.993408203125,4146372.0
2025-10-16,1294.8984154722743,1314.5180884339754,1294.8984154722743,1304.708251953125,3748755.0
2025-10-17,1314.5180884339754,1334.1377613956765,1299.8033337126997,1304.708251953125,6827509.0
2025-10-20,1309.6131482480178,1319.4229845644822,1299.803311931553,1314.51806640625,3287582.0
2025-10-21,1324.3279027227145,1329.2328208809467,1309.6131482480178,1314.51806640625,3905400.0
2025-10-22,1309.61317019355,1319.4230066744008,1299.8033337126997,1304.708251953125,3704329.0
2025-10-23,1299.8032876975747,1304.7082057643581,1265.4688612300915,1270.373779296875,7752802.0
2025-10-27,1294.898404582163,1314.5180773788625,1285.0885681838133,1309.6131591796875,5678203.0
2025-10-28,1304.708161908864,1309.6130798107772,1285.088490301212,1289.993408203125,4800134.0
2025-10-29,1280.1836045485277,1304.7081946739784,1275.2786865234375,1275.2786865234375,7886343.0
2025-10-30,1280.183583033904,1299.8032548045383,1275.278665091245,1285.0885009765625,5190139.0
2025-10-31,1275.278665091245,1299.8032548045383,1265.468829205928,1285.0885009765625,7057671.0
2025-11-03,1285.0885225736179,1299.8032766488882,1255.659014423077,1275.2786865234375,10235098.0
2025-11-04,1265.4688186935598,1289.993408203125,1260.5639007916468,1289.993408203125,6324011.0
2025-11-05,1270.373824270148,1304.708251953125,1260.5639877892975,1304.708251953125,6722398.0
2025-11-06,1294.8983807231104,1304.7082169407097,1265.4688720703125,1265.4688720703125,7307681.0
2025-11-07,1260.5638960580977,1270.3737318250867,1236.039306640625,1236.039306640625,7288497.0
2025-11-10,1226.2294921875,1236.0393281249999,1226.2294921875,1226.2294921875,5195821.0
2025-11-11,1226.2295138451361,1245.8491860666584,1216.419677734375,1216.419677734375,5414867.0
2025-11-12,1216.4196669490461,1236.0393389966116,1216.4196669490461,1221.3245849609375,4199743.0
2025-11-13,1216.4196669490461,1231.1344209847202,1211.514748937155,1221.3245849609375,2865882.0
2025-11-14,1206.60986328125,1231.1344539983486,1201.7049451378302,1206.60986328125,4154705.0
2025-11-17,1206.60986328125,1226.2295358549288,1201.7049451378302,1206.60986328125,4804227.0
2025-11-18,1196.8000363080928,1196.8000363080928,1147.7508544921875,1147.7508544921875,9021735.0
2025-11-19,1128.1312034870016,1172.2754679712755,1128.1312034870016,1137.9410400390625,6293318.0
2025-11-20,1157.5606581289558,1182.0852483435522,1147.750822043117,1162.465576171875,7131739.0
2025-11-21,1108.511442625887,1133.0360320645127,1108.511442625887,1123.2261962890625,7293277.0
2025-11-24,1133.0360213569973,1147.7507748811142,1123.2261856742527,1128.131103515625,9436199.0
2025-11-25,1152.6557400860365,1182.0852483435522,1152.6557400860365,1162.465576171875,6872636.0
2025-11-26,1196.7999981219953,1275.2786865234375,1191.895080096905,1275.2786865234375,11771497.0
2025-11-27,1334.137739039179,1343.9475753556437,1299.803311931553,1314.51806640625,19171766.0
2025-11-28,1348.8524953096999,1383.1869224630377,1339.0426589801748,1368.47216796875,17773470.0
2025-12-01,1392.9967712613538,1422.4262805133542,1373.3770984266869,1417.5213623046875,19274425.0
2025-12-02,1417.521304935954,1432.236058966431,1383.186878864841,1388.091796875,11326485.0
2025-12-03,1378.28199332101,1407.7115020751953,1373.3770751953125,1373.3770751953125,9738032.0
2025-12-04,1378.281982421875,1388.0918185956962,1358.6623100742327,1378.281982421875,6241494.0
2025-12-05,1392.9966933936403,1417.5212830660635,1378.2819395901863,1397.901611328125,7682537.0
2025-12-08,1402.8066185845269,1412.616455078125,1378.2820273505315,1412.616455078125,5746578.0
2025-12-09,1407.7114580181283,1412.616375990317,1388.091786129374,1392.9967041015625,4993367.0
2025-12-10,1407.7114935051904,1432.236083984375,1397.9016573135166,1432.236083984375,8224726.0
2025-12-11,1417.5213496163756,1422.426267781138,1368.47216796875,1368.47216796875,8965596.0
2025-12-12,1363.5672281611432,1388.0918185956962,1353.757391987322,1378.281982421875,5029971.0
2025-12-15,1358.6622782962422,1422.426211934694,1358.6622782962422,1392.9967041015625,9540796.0
2025-12-16,1392.9967041015625,1422.426211934694,1388.091786129374,1392.9967041015625,8922061.0
2025-12-17,1407.7114471970942,1427.331118935033,1397.901611328125,1397.901611328125,8490679.0
2025-12-18,1397.9016220737512,1417.5212939625055,1388.091786129374,1392.9967041015625,5247800.0
2025-12-19,1412.6163979388298,1417.5213159872285,1383.1868896484375,1383.1868896484375,8034656.0
2025-12-22,1402.8065839494977,1407.7115020751953,1363.5672389439173,1373.3770751953125,5675053.0
2025-12-23,1378.2820153545133,1378.2820153545133,1353.7574243339702,1363.5672607421875,5114619.0
2025-12-24,1368.4722011400306,1373.3771194236865,1353.7574462890625,1353.7574462890625,3022674.0
2025-12-26,1363.5672717593636,1368.4721900031025,1353.7574352718864,1358.662353515625,3000352.0
2025-12-29,1363.567196268431,1397.9016220737512,1353.7573603240537,1392.9967041015625,6343754.0
2025-12-30,1378.2819501849967,1402.8065400459398,1373.3770322128082,1392.9967041015625,4276067.0
2025-12-31,1392.9966827605988,1422.426190142865,1388.0917648635543,1402.8065185546875,6354048.0
2026-01-02,1422.426226349915,1466.5704885469813,1412.6163903061224,1442.0458984375,11449412.0
2026-01-05,1481.2852459016394,1500.9049180327868,1466.5704918032786,1496.0,13343442.0
2026-01-06,1505.0,1505.0,1480.0,1485.0,7914854.0
2026-01-07,1490.0,1505.0,1475.0,1490.0,7065696.0
2026-01-08,1495.0,1500.0,1435.0,1445.0,8133244.0
2026-01-09,1455.0,1460.0,1415.0,1420.0,7989973.0
2026-01-12,1445.0,1450.0,1425.0,1445.0,4084929.0
2026-01-13,1455.0,1485.0,1450.0,1485.0,9900355.0
2026-01-14,1485.0,1500.0,1480.0,1500.0,6058106.0
2026-01-15,1500.0,1500.0,1465.0,1490.0,7795923.0
2026-01-16,1500.0,1525.0,1490.0,1505.0,10170235.0
2026-01-19,1510.0,1510.0,1465.0,1485.0,5649790.0
2026-01-20,1480.0,1500.0,1470.0,1485.0,5623268.0
2026-01-21,1470.0,1495.0,1450.0,1465.0,8433519.0
2026-01-22,1495.0,1525.0,1465.0,1485.0,7732602.0
2026-01-23,1525.0,1630.0,1525.0,1630.0,21949189.0
2026-01-26,1740.0,1790.0,1720.0,1770.0,23813770.0
2026-01-27,1755.0,1820.0,1750.0,1775.0,11706065.0
2026-01-28,1755.0,1800.0,1740.0,1780.0,9806198.0
2026-01-29,1780.0,1815.0,1770.0,1780.0,9803415.0
2026-01-30,1770.0,1775.0,1735.0,1760.0,10669850.0
2026-02-02,1715.0,1740.0,1685.0,1705.0,8793337.0
2026-02-03,1740.0,1805.0,1720.0,1795.0,11037015.0
2026-02-04,1760.0,1810.0,1740.0,1800.0,11261034.0
2026-02-05,1750.0,1800.0,1740.0,1770.0,15699947.0
2026-02-06,1745.0,1755.0,1690.0,1710.0,10786108.0
2026-02-09,1760.0,1870.0,1760.0,1830.0,11613075.0
2026-02-10,1860.0,1865.0,1820.0,1845.0,10813438.0
2026-02-11,1795.0,1865.0,1795.0,1855.0,8232637.0
2026-02-23,1880.0,1880.0,1790.0,1795.0,15948909.0
2026-02-24,1810.0,1825.0,1795.0,1825.0,6740003.0
2026-02-25,1840.0,1870.0,1830.0,1870.0,7857623.0
2026-02-26,1895.0,1975.0,1850.0,1945.0,13692370.0
2026-03-02,1945.0,1945.0,1880.0,1900.0,8811661.0
2026-03-03,1900.0,1910.0,1815.0,1815.0,9621376.0
2026-03-04,1760.0,1780.0,1715.0,1720.0,11024269.0
2026-03-05,1760.0,1800.0,1750.0,1775.0,7826693.0
2026-03-06,1745.0,1790.0,1735.0,1765.0,4418206.0
2026-03-09,1620.0,1665.0,1610.0,1665.0,11475137.0
2026-03-10,1730.0,1730.0,1685.0,1705.0,5273491.0
2026-03-11,1760.0,1780.0,1720.0,1765.0,5783121.0
2026-03-12,1745.0,1815.0,1735.0,1785.0,6354849.0
2026-03-13,1730.0,1745.0,1720.0,1720.0,6467628.0
2026-03-16,1720.0,1740.0,1710.0,1710.0,4423319.0
2026-03-17,1730.0,1740.0,1715.0,1730.0,4260491.0
2026-03-18,1730.0,1745.0,1725.0,1730.0,6009078.0
2026-03-19,1700.0,1705.0,1665.0,1680.0,6764438.0
2026-03-20,1685.0,1715.0,1655.0,1700.0,7874444.0
2026-03-23,1630.0,1645.0,1600.0,1625.0,6372639.0
2026-03-24,1655.0,1665.0,1600.0,1620.0,5324085.0
2026-03-25,1665.0,1665.0,1620.0,1620.0,5839950.0
2026-03-26,1610.0,1640.0,1590.0,1590.0,7031916.0
2026-03-27,1560.0,1585.0,1545.0,1585.0,6833766.0
2026-03-30,1540.0,1555.0,1505.0,1510.0,7235491.0
2026-03-31,1525.0,1540.0,1490.0,1490.0,10218910.0
2026-04-01,1550.0,1550.0,1460.0,1465.0,10756280.0
2026-04-02,1500.0,1510.0,1445.0,1465.0,8691522.0
2026-04-07,1480.0,1480.0,1430.0,1470.0,6910617.0
2026-04-08,1520.0,1585.0,1505.0,1580.0,12976420.0
2026-04-09,1600.0,1600.0,1550.0,1575.0,8061675.0
2026-04-10,1600.0,1605.0,1570.0,1575.0,5381936.0
2026-04-13,1645.0,1665.0,1620.0,1620.0,8802674.0
2026-04-14,1645.0,1745.0,1640.0,1720.0,11909857.0
2026-04-15,1805.0,1845.0,1770.0,1790.0,20848384.0
2026-04-16,1850.0,1930.0,1810.0,1895.0,16504496.0
2026-04-17,1930.0,1955.0,1885.0,1925.0,15450213.0
2026-04-20,1960.0,1965.0,1895.0,1900.0,11027820.0
2026-04-21,1930.0,2090.0,1925.0,2090.0,17347421.0
2026-04-22,2120.0,2295.0,2110.0,2295.0,23044579.0
2026-04-23,2325.0,2335.0,2170.0,2215.0,28172336.0
2026-04-24,2340.0,2435.0,2330.0,2435.0,21684950.0
2026-04-27,2470.0,2575.0,2410.0,2435.0,23842383.0
2026-04-28,2490.0,2675.0,2485.0,2615.0,22923298.0
2026-04-29,2550.0,2595.0,2500.0,2575.0,11761568.0
2026-04-30,2665.0,2685.0,2565.0,2610.0,16785387.0
2026-05-04,2870.0,2870.0,2870.0,2870.0,3450749.0
2026-05-05,3155.0,3155.0,3155.0,3155.0,8515330.0
2026-05-06,3470.0,3470.0,3155.0,3430.0,36338977.0
2026-05-07,3430.0,3430.0,3295.0,3420.0,7619708.0
2026-05-08,3320.0,3670.0,3320.0,3630.0,8599780.0
2026-05-11,3575.0,3985.0,3565.0,3880.0,7943859.0
2026-05-12,3835.0,3910.0,3700.0,3700.0,9538278.0
2026-05-13,3625.0,3680.0,3400.0,3495.0,8651831.0
2026-05-14,3585.0,3590.0,3385.0,3405.0,6305692.0
2026-05-15,3425.0,3555.0,3200.0,3260.0,6680609.0
2026-05-18,3240.0,3550.0,3150.0,3400.0,6249186.0
2026-05-19,3475.0,3495.0,3100.0,3155.0,8398806.0
2026-05-20,3195.0,3350.0,3155.0,3230.0,8111772.0
2026-05-21,3415.0,3550.0,3405.0,3550.0,5636155.0
2026-05-22,3765.0,3880.0,3675.0,3860.0,19537258.0
2026-05-25,4245.0,4245.0,4245.0,4245.0,4181502.0
2026-05-26,4375.0,4440.0,4180.0,4265.0,18199859.0
2026-05-27,4475.0,4690.0,4450.0,4640.0,16927911.0
2026-05-28,4620.0,4685.0,4270.0,4410.0,14431497.0
2026-05-29,4460.0,4485.0,4235.0,4310.0,20620831.0
2026-06-01,4440.0,4710.0,4440.0,4555.0,17045894.0
2026-06-02,4970.0,4970.0,4380.0,4525.0,14145620.0
2026-06-03,4540.0,4650.0,4420.0,4545.0,9478437.0
2026-06-04,4600.0,4685.0,4430.0,4430.0,8958387.0
2026-06-05,4360.0,4430.0,4130.0,4300.0,10685775.0
2026-06-08,3935.0,4090.0,3935.0,4070.0,14355996.0
2026-06-09,4180.0,4475.0,4130.0,4475.0,14307617.0
2026-06-10,4315.0,4520.0,4120.0,4155.0,14357119.0
2026-06-11,4085.0,4150.0,3880.0,4085.0,15367556.0
2026-06-12,4410.0,4415.0,4165.0,4180.0,7806177.0
