Date,Foreign_net,Trust_net,Dealer_net
2015-01-05,415674.0,19000.0,-72000.0
2015-01-06,354600.0,175840.0,-140000.0
2015-01-07,3176378.0,718000.0,867000.0
2015-01-08,2476244.0,118000.0,-822000.0
2015-01-09,3742033.0,72000.0,-235000.0
2015-01-12,2205900.0,44000.0,-8000.0
2015-01-13,1303528.0,9000.0,7000.0
2015-01-14,1549365.0,45000.0,129000.0
2015-01-15,826271.0,50000.0,25000.0
2015-01-16,-1788073.0,9000.0,-72245.0
2015-01-19,841092.0,109000.0,91000.0
2015-01-20,1574038.0,201000.0,-183000.0
2015-01-21,2049239.0,180000.0,86000.0
2015-01-22,2186846.0,58000.0,-58000.0
2015-01-23,637041.0,36000.0,-119000.0
2015-01-26,3151343.0,183000.0,173000.0
2015-01-27,1500543.0,40000.0,13000.0
2015-01-28,1075705.0,26000.0,-34000.0
2015-01-29,-683464.0,-125000.0,19000.0
2015-01-30,-2346496.0,-203000.0,76000.0
2015-02-02,-867973.0,-22000.0,-56000.0
2015-02-03,-69443.0,-207000.0,96000.0
2015-02-04,700053.0,-144000.0,28816.0
2015-02-05,-670708.0,236000.0,-82184.0
2015-02-06,-905914.0,-11000.0,-92000.0
2015-02-09,1008880.0,359000.0,275000.0
2015-02-10,-833925.0,-558000.0,102217.0
2015-02-11,-3077724.0,-2074964.0,1485000.0
2015-02-12,2061969.0,-219364.0,-1121000.0
2015-02-13,758558.0,-117000.0,-177000.0
2015-02-24,1754244.0,-222332.0,55000.0
2015-02-25,1881686.0,-93000.0,-227123.0
2015-02-26,1889882.0,-96000.0,-207000.0
2015-03-02,1379155.0,-40000.0,-115000.0
2015-03-03,1184902.0,-11000.0,-211000.0
2015-03-04,1133948.0,-66000.0,-164082.0
2015-03-05,546420.0,-162000.0,-181000.0
2015-03-06,80525.0,-22000.0,282998.0
2015-03-09,-2441000.0,-68000.0,261931.0
2015-03-10,-1242607.0,-141000.0,354000.0
2015-03-11,-2515415.0,-19000.0,293000.0
2015-03-12,-1970054.0,-234180.0,551000.0
2015-03-13,-1855059.0,-9000.0,-42000.0
2015-03-16,-7828398.0,-551000.0,460000.0
2015-03-17,-6056486.0,-39920.0,1157755.0
2015-03-18,-1762065.0,-141000.0,-181000.0
2015-03-19,-1992219.0,-14000.0,-308000.0
2015-03-20,-2527041.0,-617000.0,421000.0
2015-03-23,-2392942.0,-40000.0,-61000.0
2015-03-24,-1843322.0,7000.0,822000.0
2015-03-25,1288147.0,-136528.0,-1420000.0
2015-03-26,-1935748.0,0.0,-126199.0
2015-03-27,-3440682.0,-234000.0,-260000.0
2015-03-30,-334283.0,-202000.0,-11000.0
2015-03-31,-768252.0,-73483.0,230000.0
2015-04-01,-930001.0,-166000.0,-169000.0
2015-04-02,-3282455.0,-165000.0,-302000.0
2015-04-07,983667.0,-66000.0,568000.0
2015-04-08,413921.0,-180054.0,-200000.0
2015-04-09,599353.0,-195392.0,31000.0
2015-04-10,-2774026.0,-210000.0,95000.0
2015-04-13,-373540.0,20180.0,48000.0
2015-04-14,-1678012.0,-73000.0,-219000.0
2015-04-15,-4876952.0,-534000.0,-100826.0
2015-04-16,616916.0,-135000.0,64000.0
2015-04-17,-1163508.0,-107000.0,-172000.0
2015-04-20,-2161872.0,-48000.0,-260000.0
2015-04-21,-1583222.0,-73000.0,25000.0
2015-04-22,619998.0,-248000.0,716000.0
2015-04-23,-1295042.0,-380000.0,74000.0
2015-04-24,3633673.0,-70570.0,300000.0
2015-04-27,-1067710.0,7000.0,-282000.0
2015-04-28,-1715805.0,-106000.0,-293000.0
2015-04-29,-547000.0,25000.0,142000.0
2015-04-30,-614364.0,-66000.0,-345000.0
2015-05-04,-2416562.0,-120000.0,1144000.0
2015-05-05,-1685869.0,-206000.0,-266000.0
2015-05-06,-1796588.0,-140340.0,85000.0
2015-05-07,64159.0,25000.0,62000.0
2015-05-08,1986767.0,67000.0,841000.0
2015-05-11,88529.0,34000.0,-310000.0
2015-05-12,-184084.0,-7000.0,161000.0
2015-05-13,3581657.0,68000.0,943000.0
2015-05-14,2184800.0,238000.0,-1261000.0
2015-05-15,-554991.0,68274.0,-408000.0
2015-05-18,-50025.0,43000.0,312000.0
2015-05-19,-1302775.0,16000.0,-120000.0
2015-05-20,1698676.0,72000.0,-4000.0
2015-05-21,133352.0,138000.0,39000.0
2015-05-22,2868879.0,355000.0,231000.0
2015-05-25,-2581500.0,83000.0,-187000.0
2015-05-26,305410.0,0.0,59000.0
2015-05-27,641556.0,-15000.0,-50000.0
2015-05-28,2792167.0,250000.0,186000.0
2015-05-29,3271298.0,162000.0,-375000.0
2015-06-01,597644.0,170000.0,-137000.0
2015-06-02,-377801.0,81000.0,-65000.0
2015-06-03,-112978.0,27000.0,-8000.0
2015-06-04,165532.0,7133.0,-191000.0
2015-06-05,259048.0,-1000.0,-745000.0
2015-06-08,-642600.0,41000.0,125000.0
2015-06-09,503945.0,-26000.0,83000.0
2015-06-10,-853687.0,49000.0,282000.0
2015-06-11,-748026.0,326000.0,56000.0
2015-06-12,1187596.0,46000.0,1042000.0
2015-06-15,-938990.0,80000.0,-553000.0
2015-06-16,-1234082.0,237000.0,458000.0
2015-06-17,1782477.0,180000.0,875000.0
2015-06-18,404455.0,27734.0,-696000.0
2015-06-22,2405183.0,8000.0,440000.0
2015-06-23,-2217708.0,133000.0,18000.0
2015-06-24,-1644338.0,126000.0,274000.0
2015-06-25,1484073.0,5000.0,382000.0
2015-06-26,-3245254.0,102000.0,209000.0
2015-06-29,-569657.0,18000.0,-200000.0
2015-06-30,-1258703.0,234000.0,197000.0
2015-07-01,761838.0,26000.0,222000.0
2015-07-02,-1537050.0,44000.0,324000.0
2015-07-03,159000.0,-49000.0,109000.0
2015-07-06,-1147184.0,110000.0,187000.0
2015-07-07,-569070.0,-149000.0,-6000.0
2015-07-08,-335197.0,-78000.0,32000.0
2015-07-09,-989184.0,-78000.0,158000.0
2015-07-13,-76541.0,-225000.0,665000.0
2015-07-14,739908.0,-116000.0,1246000.0
2015-07-15,-2410920.0,-14000.0,-1875000.0
2015-07-16,-2361859.0,-76000.0,-802000.0
2015-07-17,-850899.0,-499000.0,-387000.0
2015-07-20,-197517.0,-477000.0,-1120000.0
2015-07-21,1329146.0,-96000.0,69000.0
2015-07-22,-191115.0,-82000.0,-444000.0
2015-07-23,274483.0,-124000.0,-384000.0
2015-07-24,-305998.0,-72000.0,-355000.0
2015-07-27,978000.0,-176000.0,-278000.0
2015-07-28,315735.0,-191000.0,373000.0
2015-07-29,652328.0,-161000.0,-313000.0
2015-07-30,-213898.0,-108000.0,469000.0
2015-07-31,1810659.0,169000.0,-493000.0
2015-08-03,-60210.0,195000.0,2980.0
2015-08-04,-102173.0,-1041434.0,901000.0
2015-08-05,1467410.0,-685388.0,-317000.0
2015-08-06,3329000.0,-128000.0,-298000.0
2015-08-07,361137.0,9000.0,243000.0
2015-08-10,1298077.0,34000.0,444000.0
2015-08-11,-276899.0,-22000.0,-866000.0
2015-08-12,-3613722.0,-3000.0,-307000.0
2015-08-13,-1324001.0,23000.0,0.0
2015-08-14,-1818100.0,-237078.0,-652000.0
2015-08-17,99384.0,-422000.0,79000.0
2015-08-18,-523601.0,-13000.0,235000.0
2015-08-19,19330.0,-16000.0,-340000.0
2015-08-20,1382900.0,-17000.0,-180000.0
2015-08-21,-2056719.0,-387000.0,-117000.0
2015-08-24,-19100.0,-113000.0,-1045000.0
2015-08-25,-1247613.0,93322.0,648000.0
2015-08-26,-1313981.0,-22000.0,-582000.0
2015-08-27,-757645.0,-38000.0,-833000.0
2015-08-28,1383066.0,39000.0,2279000.0
2015-08-31,612516.0,-152000.0,-1131000.0
2015-09-01,-634164.0,0.0,-711894.0
2015-09-02,-3712441.0,34000.0,230000.0
2015-09-03,-1934077.0,14000.0,-189000.0
2015-09-04,-92428.0,35000.0,691000.0
2015-09-07,21033.0,-71584.0,-324000.0
2015-09-08,-1093230.0,207000.0,700000.0
2015-09-09,1633901.0,678000.0,887000.0
2015-09-10,-2925207.0,238000.0,-168000.0
2015-09-11,-2098830.0,229000.0,615818.0
2015-09-14,-364746.0,85000.0,-247000.0
2015-09-15,-877500.0,-9000.0,-61485.0
2015-09-16,73382.0,-8000.0,-30000.0
2015-09-17,1019810.0,20000.0,215000.0
2015-09-18,-445006.0,-106000.0,-40000.0
2015-09-21,-5205588.0,-195000.0,-653000.0
2015-09-22,-3560573.0,-261293.0,27000.0
2015-09-23,-5707147.0,-294000.0,0.0
2015-09-24,-7399236.0,-101000.0,130000.0
2015-09-25,-2149559.0,5000.0,688000.0
2015-09-30,697019.0,-10000.0,368000.0
2015-10-01,690277.0,-13000.0,-15000.0
2015-10-02,-1959433.0,49000.0,-305000.0
2015-10-05,-2186477.0,3000.0,-292000.0
2015-10-06,-1236027.0,2000.0,-26000.0
2015-10-07,1589250.0,-169000.0,1339000.0
2015-10-08,6546331.0,-44000.0,-1194000.0
2015-10-12,1100790.0,0.0,-453000.0
2015-10-13,3324415.0,536000.0,1030000.0
2015-10-14,-1296031.0,608000.0,-488000.0
2015-10-15,3086440.0,17000.0,-290000.0
2015-10-16,308839.0,118000.0,106000.0
2015-10-19,585088.0,43000.0,-14000.0
2015-10-20,1404828.0,0.0,-111000.0
2015-10-21,122800.0,15000.0,-449000.0
2015-10-22,-960872.0,-363000.0,682000.0
2015-10-23,981600.0,-171000.0,-328000.0
2015-10-26,1046000.0,4000.0,-103000.0
2015-10-27,-1324387.0,-140000.0,-106000.0
2015-10-28,-1722461.0,-219000.0,-419000.0
2015-10-29,288953.0,3000.0,8000.0
2015-10-30,460205.0,-35000.0,-382000.0
2015-11-02,3101859.0,36000.0,1997000.0
2015-11-03,5361861.0,12000.0,-1073000.0
2015-11-04,8762605.0,740000.0,1406000.0
2015-11-05,-1433550.0,84000.0,-1175000.0
2015-11-06,-270900.0,17000.0,-39000.0
2015-11-09,11419.0,26000.0,130000.0
2015-11-10,-1342300.0,5000.0,875000.0
2015-11-11,-2011912.0,-89000.0,361000.0
2015-11-12,-531000.0,-172000.0,27000.0
2015-11-13,-4202978.0,24000.0,313000.0
2015-11-16,-397925.0,-10000.0,169000.0
2015-11-17,-1720796.0,0.0,-310000.0
2015-11-18,-2253000.0,-5000.0,-189000.0
2015-11-19,-815709.0,-45232.0,971000.0
2015-11-20,-1455980.0,-9000.0,-153000.0
2015-11-23,2473419.0,17000.0,1104000.0
2015-11-24,-1251108.0,252000.0,-683000.0
2015-11-25,-2354200.0,0.0,-268000.0
2015-11-26,2515441.0,-70000.0,543000.0
2015-11-27,-1160973.0,4000.0,-145000.0
2015-11-30,-3373920.0,76000.0,-226000.0
2015-12-01,-3289614.0,-778.0,328000.0
2015-12-02,2504971.0,1000.0,576000.0
2015-12-03,2741647.0,-41000.0,-312000.0
2015-12-04,-1438675.0,-44000.0,-523000.0
2015-12-07,2020178.0,-24000.0,-34000.0
2015-12-08,-1221195.0,48000.0,-52000.0
2015-12-09,-940590.0,-6000.0,-103000.0
2015-12-10,-2621081.0,3000.0,63000.0
2015-12-11,-1084684.0,158000.0,-60000.0
2015-12-14,-589245.0,17252.0,-101000.0
2015-12-15,-487713.0,-326000.0,240000.0
2015-12-16,-2717045.0,-11000.0,-441000.0
2015-12-17,109280.0,0.0,542000.0
2015-12-18,377204.0,-6000.0,-260000.0
2015-12-21,-2389022.0,-205000.0,73000.0
2015-12-22,766676.0,1000.0,1329000.0
2015-12-23,-1143539.0,-11000.0,-682000.0
2015-12-24,-483973.0,-48000.0,-162000.0
2015-12-25,573358.0,-39000.0,-54000.0
2015-12-28,223880.0,-96000.0,85000.0
2015-12-29,-2752100.0,12000.0,-833000.0
2015-12-30,-1116341.0,13000.0,-253000.0
2015-12-31,31482.0,-51000.0,-57000.0
2016-01-04,-621480.0,-29000.0,-296000.0
2016-01-05,-955912.0,-2000.0,71000.0
2016-01-06,-1786577.0,-785000.0,-179000.0
2016-01-07,-4053933.0,-44000.0,-456000.0
2016-01-08,376638.0,-266000.0,609000.0
2016-01-11,-1670196.0,-82000.0,-196000.0
2016-01-12,125012.0,-41000.0,-612000.0
2016-01-13,-1944130.0,-1000.0,34000.0
2016-01-14,-1078365.0,-19036.0,-194000.0
2016-01-15,-3805021.0,-40000.0,208000.0
2016-01-18,-53367.0,-7000.0,548000.0
2016-01-19,-1049704.0,47000.0,1480000.0
2016-01-20,399334.0,16000.0,-323000.0
2016-01-21,88561.0,-6000.0,171000.0
2016-01-22,-2847.0,0.0,139000.0
2016-01-25,176000.0,-4000.0,166000.0
2016-01-26,-1785383.0,0.0,-190000.0
2016-01-27,722965.0,-141000.0,156000.0
2016-01-28,-2342679.0,-21000.0,311000.0
2016-01-29,-1446524.0,-16000.0,382000.0
2016-01-30,336398.0,12000.0,452000.0
2016-02-01,-2743242.0,19000.0,-495508.0
2016-02-02,-295719.0,-24000.0,503000.0
2016-02-03,-7507111.0,0.0,-141000.0
2016-02-05,162052.0,-129000.0,260000.0
2016-02-15,751708.0,329.0,499000.0
2016-02-16,999370.0,0.0,173000.0
2016-02-17,752368.0,41000.0,-236000.0
2016-02-18,2182036.0,-42000.0,1687000.0
2016-02-19,1018839.0,1000.0,-587000.0
2016-02-22,2226588.0,0.0,523000.0
2016-02-23,1397739.0,0.0,-1083000.0
2016-02-24,1212378.0,0.0,-448000.0
2016-02-25,3166852.0,-3000.0,160000.0
2016-02-26,1195419.0,-32000.0,-631000.0
2016-03-01,-339763.0,-137000.0,124000.0
2016-03-02,1792110.0,-3000.0,-213000.0
2016-03-03,2192088.0,0.0,499000.0
2016-03-04,1159000.0,-22000.0,-582000.0
2016-03-07,329678.0,16000.0,-183000.0
2016-03-08,485088.0,-3000.0,-47000.0
2016-03-09,-19187.0,-7000.0,793000.0
2016-03-10,-1589440.0,-3000.0,-256000.0
2016-03-11,2883072.0,15000.0,618000.0
2016-03-14,3135000.0,16000.0,613000.0
2016-03-15,-327571.0,335000.0,-1350000.0
2016-03-16,-157670.0,14000.0,446000.0
2016-03-17,-1470317.0,240000.0,691000.0
2016-03-18,1437270.0,22000.0,-207000.0
2016-03-21,-256400.0,-20000.0,-265000.0
2016-03-22,-1559345.0,-20000.0,-1044000.0
2016-03-23,-810620.0,0.0,127000.0
2016-03-24,831180.0,0.0,255000.0
2016-03-25,155200.0,-37000.0,-159000.0
2016-03-28,126080.0,0.0,240000.0
2016-03-29,773858.0,14000.0,543000.0
2016-03-30,-182571.0,8000.0,330000.0
2016-03-31,-795308.0,109000.0,29000.0
2016-04-01,-1178355.0,0.0,-320000.0
2016-04-06,-3471409.0,0.0,-171000.0
2016-04-07,-2606919.0,7000.0,313000.0
2016-04-08,-1343500.0,-20000.0,7000.0
2016-04-11,-1341010.0,228000.0,-432000.0
2016-04-12,-321297.0,45000.0,-548000.0
2016-04-13,1485000.0,-28000.0,-190000.0
2016-04-14,30734.0,175000.0,487000.0
2016-04-15,1329331.0,88000.0,-135000.0
2016-04-18,18000.0,0.0,-93000.0
2016-04-19,341200.0,0.0,-57000.0
2016-04-20,1705762.0,13000.0,-129000.0
2016-04-21,159874.0,-217000.0,-40000.0
2016-04-22,-370230.0,18000.0,-129000.0
2016-04-25,-363001.0,158000.0,-61000.0
2016-04-26,1094300.0,362000.0,253000.0
2016-04-27,2785621.0,144000.0,377000.0
2016-04-28,-1392488.0,479000.0,-535000.0
2016-04-29,120920.0,262000.0,-494000.0
2016-05-03,-4168101.0,-337000.0,-594000.0
2016-05-04,-6620301.0,35000.0,-535000.0
2016-05-05,-2427900.0,23000.0,324000.0
2016-05-06,-13835458.0,132000.0,-190000.0
2016-05-09,-1667452.0,74000.0,680000.0
2016-05-10,2212761.0,12900.0,-106000.0
2016-05-11,-1226405.0,105000.0,-422000.0
2016-05-12,-331000.0,82000.0,1000.0
2016-05-16,-1250348.0,91000.0,214000.0
2016-05-17,-982390.0,0.0,161000.0
2016-05-18,466445.0,0.0,267000.0
2016-05-19,-770671.0,-8000.0,-141000.0
2016-05-20,565882.0,93000.0,196000.0
2016-05-23,508175.0,90000.0,1410000.0
2016-05-24,309922.0,99000.0,-813000.0
2016-05-25,-214463.0,66000.0,366000.0
2016-05-26,-134800.0,330000.0,486000.0
2016-05-27,196952.0,206000.0,-706000.0
2016-05-30,1949959.0,50000.0,1634000.0
2016-05-31,-359020.0,292000.0,-1018000.0
2016-06-01,814157.0,92000.0,44000.0
2016-06-02,-1694398.0,263000.0,60000.0
2016-06-03,1350444.0,-6000.0,-54000.0
2016-06-04,757000.0,4000.0,959000.0
2016-06-06,584102.0,1063000.0,-205000.0
2016-06-07,1767581.0,120000.0,-505000.0
2016-06-08,-1304710.0,349000.0,-290000.0
2016-06-13,-974342.0,98000.0,-194000.0
2016-06-14,415952.0,20000.0,257000.0
2016-06-15,1551243.0,122000.0,-292000.0
2016-06-16,-33573.0,108000.0,-557000.0
2016-06-17,-702383.0,-4000.0,68000.0
2016-06-20,-306224.0,4000.0,152000.0
2016-06-21,-289960.0,34000.0,712000.0
2016-06-22,347430.0,77000.0,-419000.0
2016-06-23,367602.0,-11000.0,-278000.0
2016-06-24,580220.0,21000.0,-236000.0
2016-06-27,200997.0,10000.0,237000.0
2016-06-28,226709.0,14000.0,190150.0
2016-06-29,500028.0,631000.0,1254000.0
2016-06-30,-591377.0,788000.0,-660000.0
2016-07-01,3250796.0,131000.0,-269000.0
2016-07-04,1988214.0,793000.0,1006000.0
2016-07-05,-2370000.0,-666000.0,51000.0
2016-07-06,-3114382.0,-179000.0,246000.0
2016-07-07,-1683449.0,115000.0,265000.0
2016-07-11,828876.0,361000.0,224000.0
2016-07-12,1301630.0,142000.0,-55000.0
2016-07-13,-526992.0,148000.0,382000.0
2016-07-14,-1481380.0,-126000.0,3026000.0
2016-07-15,887358.0,-447000.0,-2890000.0
2016-07-18,563825.0,-8000.0,-387000.0
2016-07-19,-93350.0,-206000.0,-523000.0
2016-07-20,-322900.0,-235000.0,-1181000.0
2016-07-21,1872197.0,-441000.0,-41000.0
2016-07-22,518000.0,-14000.0,-45000.0
2016-07-25,250004.0,-77000.0,-6000.0
2016-07-26,844575.0,110000.0,749000.0
2016-07-27,-1085198.0,143000.0,-520000.0
2016-07-28,3057000.0,-54000.0,-117000.0
2016-07-29,1445739.0,14228.0,56000.0
2016-08-01,710582.0,-24000.0,786021.0
2016-08-02,3018000.0,-283000.0,-229000.0
2016-08-03,-522349.0,-13000.0,274000.0
2016-08-04,327000.0,-506000.0,-876000.0
2016-08-05,3771327.0,-105000.0,2000.0
2016-08-08,2170099.0,-10000.0,-290000.0
2016-08-09,1738299.0,-43000.0,-59000.0
2016-08-10,1975450.0,35000.0,-209000.0
2016-08-11,933218.0,-6000.0,120430.0
2016-08-12,986000.0,-1000.0,-76000.0
2016-08-15,206168.0,-76000.0,-148000.0
2016-08-16,1259463.0,-280000.0,109000.0
2016-08-17,2425201.0,19000.0,-448000.0
2016-08-18,1089147.0,9000.0,-231000.0
2016-08-19,-1644661.0,-118000.0,284000.0
2016-08-22,-455800.0,-120000.0,254000.0
2016-08-23,96436.0,-4000.0,-88000.0
2016-08-24,-10189.0,-2000.0,22000.0
2016-08-25,88203.0,-37000.0,510000.0
2016-08-26,-295134.0,-83000.0,-304000.0
2016-08-29,125927.0,-1000.0,-211000.0
2016-08-30,1710797.0,9000.0,-80000.0
2016-08-31,1052019.0,-41000.0,144000.0
2016-09-01,1269846.0,33000.0,-112000.0
2016-09-02,-749425.0,-129000.0,-135000.0
2016-09-05,2573006.0,-27000.0,1401000.0
2016-09-06,-1221652.0,-7000.0,-618000.0
2016-09-07,-67397.0,-36000.0,368000.0
2016-09-08,-1913382.0,-228000.0,-116000.0
2016-09-09,-1142000.0,97000.0,-693000.0
2016-09-10,-1447000.0,-435000.0,-183000.0
2016-09-12,-2403120.0,-117000.0,128000.0
2016-09-13,-145624.0,-72000.0,-153000.0
2016-09-14,769250.0,-596000.0,-84000.0
2016-09-19,-1982610.0,0.0,379000.0
2016-09-20,-991367.0,65000.0,258000.0
2016-09-21,1271828.0,0.0,-835000.0
2016-09-22,-793200.0,-1000.0,-120000.0
2016-09-23,471525.0,0.0,34000.0
2016-09-26,-1446200.0,-21000.0,-10000.0
2016-09-29,-689430.0,0.0,314000.0
2016-09-30,-2143345.0,-383414.0,-171000.0
2016-10-03,-174076.0,-40000.0,-26000.0
2016-10-04,-133582.0,-250000.0,223000.0
2016-10-05,2926300.0,8000.0,31000.0
2016-10-06,493372.0,-513000.0,-540000.0
2016-10-07,-1268859.0,0.0,-39000.0
2016-10-11,-188740.0,-72000.0,-289000.0
2016-10-12,-573642.0,-175000.0,-85000.0
2016-10-13,-373450.0,-70000.0,-169000.0
2016-10-14,976985.0,-44000.0,-30000.0
2016-10-17,872107.0,4000.0,485000.0
2016-10-18,152534.0,14000.0,-312000.0
2016-10-19,-609316.0,0.0,201000.0
2016-10-20,-1337288.0,0.0,43000.0
2016-10-21,-639352.0,5000.0,125000.0
2016-10-24,155944.0,0.0,224000.0
2016-10-25,1865461.0,49000.0,-241000.0
2016-10-26,132600.0,-25000.0,-166000.0
2016-10-27,-249398.0,-98000.0,65000.0
2016-10-28,133983.0,-223000.0,-37000.0
2016-10-31,615997.0,-1400.0,261000.0
2016-11-01,-1018400.0,-7000.0,-90000.0
2016-11-02,1049219.0,6884.0,6000.0
2016-11-03,347192.0,3000.0,20000.0
2016-11-04,-1373000.0,-225000.0,-992000.0
2016-11-07,410851.0,-184000.0,327000.0
2016-11-08,-295366.0,-13000.0,-270000.0
2016-11-09,-1738972.0,-3000.0,-180000.0
2016-11-10,-1039750.0,-193000.0,294000.0
2016-11-11,-3168331.0,-215000.0,203000.0
2016-11-14,-508278.0,-2000.0,158000.0
2016-11-15,-2491084.0,-93000.0,113000.0
2016-11-16,-1243297.0,-77000.0,-256000.0
2016-11-17,103426.0,-9000.0,511000.0
2016-11-18,549215.0,0.0,-43000.0
2016-11-21,-859216.0,-50000.0,-62000.0
2016-11-22,946651.0,0.0,336000.0
2016-11-23,-739225.0,-109000.0,-111000.0
2016-11-24,-1433144.0,-17000.0,6000.0
2016-11-25,-726122.0,0.0,20000.0
2016-11-28,-781000.0,-21000.0,355952.0
2016-11-29,-1459692.0,-47600.0,3000.0
2016-11-30,-455705.0,0.0,195000.0
2016-12-01,-427080.0,0.0,101000.0
2016-12-02,363256.0,0.0,-161000.0
2016-12-05,-194823.0,-55000.0,-57000.0
2016-12-06,672800.0,0.0,140000.0
2016-12-07,-308616.0,13000.0,-130000.0
2016-12-08,2747000.0,0.0,289000.0
2016-12-09,858087.0,0.0,207000.0
2016-12-12,57277.0,0.0,-454000.0
2016-12-13,-550354.0,0.0,-5000.0
2016-12-14,-3139090.0,29000.0,-104000.0
2016-12-15,-254000.0,-82000.0,309000.0
2016-12-16,475502.0,59000.0,-141000.0
2016-12-19,-595772.0,-100000.0,74000.0
2016-12-20,-3402722.0,-54000.0,-35000.0
2016-12-21,-1818166.0,-94000.0,409000.0
2016-12-22,-3702.0,-82000.0,235000.0
2016-12-23,-731973.0,0.0,205000.0
2016-12-26,-570369.0,0.0,161000.0
2016-12-27,271000.0,-48000.0,198000.0
2016-12-28,-57108.0,0.0,-37000.0
2016-12-29,-173592.0,-103000.0,59000.0
2016-12-30,568750.0,-7000.0,-39000.0
2017-01-03,361302.0,-82000.0,13000.0
2017-01-04,-907097.0,-109000.0,-28000.0
2017-01-05,-22458.0,-42000.0,45000.0
2017-01-06,-126200.0,-95000.0,-17000.0
2017-01-09,50332.0,-194725.0,-164000.0
2017-01-10,-1780825.0,-5000.0,-20000.0
2017-01-11,-788695.0,-167282.0,-26000.0
2017-01-12,770886.0,-45000.0,-21000.0
2017-01-13,-582051.0,-203000.0,-57000.0
2017-01-16,-878638.0,-95000.0,-78000.0
2017-01-17,677812.0,-154000.0,7309.0
2017-01-18,-1409363.0,-52000.0,-484000.0
2017-01-19,-626514.0,-22000.0,-10000.0
2017-01-20,-1297224.0,-163000.0,-23000.0
2017-01-23,1121146.0,435.0,72000.0
2017-01-24,-1512768.0,1000.0,-27000.0
2017-02-02,-4623819.0,-105000.0,20000.0
2017-02-03,-204232.0,-27000.0,92000.0
2017-02-06,180225.0,0.0,164000.0
2017-02-07,4689553.0,-20000.0,-34000.0
2017-02-08,-2408499.0,0.0,5000.0
2017-02-09,403074.0,0.0,-32000.0
2017-02-10,1972838.0,0.0,-92000.0
2017-02-13,2224961.0,0.0,301000.0
2017-02-14,530263.0,1000.0,-20000.0
2017-02-15,442790.0,-20000.0,-85000.0
2017-02-16,1486469.0,3000.0,-127000.0
2017-02-17,4218642.0,-21000.0,1402000.0
2017-02-18,495286.0,0.0,-380000.0
2017-02-20,885924.0,3000.0,-348000.0
2017-02-21,1687118.0,0.0,255000.0
2017-02-22,1051585.0,-28000.0,-425000.0
2017-02-23,917499.0,1000.0,-79000.0
2017-02-24,526920.0,0.0,-184000.0
2017-03-01,789089.0,-196000.0,360000.0
2017-03-02,1760067.0,-46000.0,-326000.0
2017-03-03,-356433.0,-43000.0,-145000.0
2017-03-06,561094.0,-26000.0,28000.0
2017-03-07,247005.0,87000.0,122000.0
2017-03-08,932627.0,0.0,276000.0
2017-03-09,-1214882.0,-10000.0,-228000.0
2017-03-10,966761.0,-8000.0,423000.0
2017-03-13,1434094.0,-3000.0,-505000.0
2017-03-14,525262.0,-6000.0,315000.0
2017-03-15,544712.0,3000.0,8000.0
2017-03-16,2554763.0,0.0,21000.0
2017-03-17,1752497.0,11000.0,-282000.0
2017-03-20,2085585.0,-14000.0,-93000.0
2017-03-21,4775304.0,-15000.0,1031000.0
2017-03-22,-1176686.0,5000.0,-170000.0
2017-03-23,-784047.0,25000.0,-188000.0
2017-03-24,-15725.0,-8000.0,86000.0
2017-03-27,1107934.0,1000.0,-64000.0
2017-03-28,-91703.0,15000.0,-38000.0
2017-03-29,-2578417.0,62613.0,-231000.0
2017-03-30,-655000.0,-2750.0,87000.0
2017-03-31,-2731303.0,4814.0,15000.0
2017-04-05,177496.0,1604.0,146000.0
2017-04-06,-1034353.0,0.0,-97000.0
2017-04-07,-443899.0,1000.0,-94000.0
2017-04-10,34687.0,0.0,-38000.0
2017-04-11,-1199696.0,0.0,-103000.0
2017-04-12,234490.0,-8000.0,211000.0
2017-04-13,-32000.0,0.0,-148000.0
2017-04-14,360717.0,-3000.0,-27000.0
2017-04-17,-194702.0,0.0,-47000.0
2017-04-18,1481240.0,1000.0,-171000.0
2017-04-19,650309.0,1604.0,-13452.0
2017-04-20,1156462.0,0.0,-194000.0
2017-04-21,482497.0,0.0,-62000.0
2017-04-24,324729.0,0.0,-150000.0
2017-04-25,-65899.0,-18.0,-64000.0
2017-04-26,552486.0,-27000.0,-59000.0
2017-04-27,1586081.0,9000.0,258000.0
2017-04-28,849827.0,-3000.0,-445000.0
2017-05-02,3793218.0,794000.0,1335000.0
2017-05-03,416262.0,15000.0,-438000.0
2017-05-04,35900.0,7177.0,1000.0
2017-05-05,-96372.0,23882.0,-21000.0
2017-05-08,-751589.0,0.0,-133000.0
2017-05-09,-491456.0,0.0,-120477.0
2017-05-10,438423.0,-4000.0,27000.0
2017-05-11,567465.0,-5000.0,1058000.0
2017-05-12,1260313.0,0.0,-1175000.0
2017-05-15,-742696.0,62000.0,71000.0
2017-05-16,-1539770.0,182000.0,-122000.0
2017-05-17,-591200.0,0.0,-132000.0
2017-05-18,-299052.0,-1000.0,-82000.0
2017-05-19,-456278.0,0.0,11000.0
2017-05-22,-1847094.0,-1000.0,-5000.0
2017-05-23,-1801158.0,-10000.0,43000.0
2017-05-24,1341889.0,100000.0,1095000.0
2017-05-25,8028801.0,286000.0,884000.0
2017-05-26,3697546.0,659000.0,-1264000.0
2017-05-31,1618428.0,108000.0,-194000.0
2017-06-01,314669.0,0.0,-213000.0
2017-06-02,1988934.0,126000.0,1543000.0
2017-06-03,834687.0,73000.0,-392000.0
2017-06-05,4645664.0,43000.0,706000.0
2017-06-06,2811071.0,403000.0,-764444.0
2017-06-07,8400681.0,-6000.0,956000.0
2017-06-08,5965729.0,-1000.0,-208000.0
2017-06-09,866735.0,-2000.0,-359000.0
2017-06-12,972093.0,-5000.0,-142000.0
2017-06-13,-464013.0,-5000.0,166000.0
2017-06-14,2246515.0,-54000.0,-249000.0
2017-06-15,1577830.0,0.0,238000.0
2017-06-16,3423052.0,66000.0,-108000.0
2017-06-19,1311512.0,-2000.0,329000.0
2017-06-20,2391530.0,-30796.0,-114000.0
2017-06-21,2265964.0,19000.0,2170000.0
2017-06-22,1586548.0,-72000.0,-854000.0
2017-06-23,-121510.0,-1000.0,-202000.0
2017-06-26,-159796.0,-3000.0,520000.0
2017-06-27,774876.0,44000.0,62000.0
2017-06-28,-482234.0,-62782.0,162000.0
2017-06-29,1696495.0,-8000.0,34000.0
2017-06-30,-1295557.0,-76000.0,302000.0
2017-07-03,1343000.0,21000.0,670046.0
2017-07-04,418481.0,-1000.0,-339000.0
2017-07-05,-661479.0,-1000.0,3005000.0
2017-07-06,-829405.0,-23000.0,-2784000.0
2017-07-07,159592.0,-304000.0,-252000.0
2017-07-10,-99775.0,-3000.0,-300000.0
2017-07-11,982118.0,4000.0,381000.0
2017-07-12,903825.0,40180.0,-260000.0
2017-07-13,-781874.0,19000.0,-101000.0
2017-07-14,180637.0,15000.0,-71000.0
2017-07-17,3525.0,-943.0,16000.0
2017-07-18,-538000.0,36000.0,-13000.0
2017-07-19,2774891.0,49000.0,463000.0
2017-07-20,-985663.0,226000.0,-543000.0
2017-07-21,247867.0,197000.0,-239000.0
2017-07-24,522440.0,153000.0,-370000.0
2017-07-25,-1437453.0,3000.0,800000.0
2017-07-26,-768769.0,865000.0,-255000.0
2017-07-27,-2357490.0,522000.0,343000.0
2017-07-28,-155255.0,128000.0,-718000.0
2017-07-31,839101.0,-190000.0,-662000.0
2017-08-01,5494612.0,460000.0,580000.0
2017-08-02,7914096.0,562000.0,-877000.0
2017-08-03,-1125984.0,36000.0,79000.0
2017-08-04,-2692025.0,343000.0,120000.0
2017-08-07,-6015974.0,307000.0,847000.0
2017-08-08,-3880837.0,104000.0,-322000.0
2017-08-09,-1571128.0,19000.0,-211000.0
2017-08-10,388208.0,7000.0,-430000.0
2017-08-11,-231155.0,6000.0,-150000.0
2017-08-14,-1095387.0,-27000.0,187000.0
2017-08-15,-3204674.0,198000.0,-28000.0
2017-08-16,157991.0,-21000.0,-84000.0
2017-08-17,-830512.0,-52000.0,65000.0
2017-08-18,-1347016.0,-48000.0,108000.0
2017-08-21,-1721903.0,99000.0,559000.0
2017-08-22,-1090291.0,37000.0,182000.0
2017-08-23,-2519906.0,44000.0,-343000.0
2017-08-24,-755580.0,-49000.0,278000.0
2017-08-25,-2735200.0,-72000.0,13000.0
2017-08-28,-267504.0,-2000.0,107000.0
2017-08-29,-1688626.0,81000.0,-13000.0
2017-08-30,-701437.0,0.0,-19000.0
2017-08-31,-1649282.0,181000.0,384000.0
2017-09-01,-936733.0,11000.0,-212000.0
2017-09-04,-939586.0,33000.0,33000.0
2017-09-05,-1103911.0,15000.0,1341000.0
2017-09-06,-3107151.0,-39000.0,-222542.0
2017-09-07,-688331.0,4000.0,258000.0
2017-09-08,-671863.0,-241000.0,-108000.0
2017-09-11,1697301.0,6000.0,37313.0
2017-09-12,-2610883.0,48000.0,198000.0
2017-09-13,428549.0,6000.0,6000.0
2017-09-14,331780.0,77000.0,1572000.0
2017-09-15,4333540.0,347000.0,-1384000.0
2017-09-18,934218.0,54000.0,-41000.0
2017-09-19,1373030.0,177000.0,-66000.0
2017-09-20,988705.0,-51000.0,-1520000.0
2017-09-21,-296407.0,-17000.0,469000.0
2017-09-22,-538248.0,10000.0,-113000.0
2017-09-25,357577.0,117000.0,-72000.0
2017-09-26,220600.0,77000.0,36000.0
2017-09-27,-340859.0,191000.0,601000.0
2017-09-28,295957.0,192000.0,320000.0
2017-09-29,-2375702.0,148000.0,-127000.0
2017-09-30,-31964.0,102000.0,187000.0
2017-10-02,-1929200.0,22000.0,-50000.0
2017-10-03,-1123100.0,-36723.0,225000.0
2017-10-05,-1524424.0,7000.0,47000.0
2017-10-06,922209.0,5000.0,717000.0
2017-10-11,5605306.0,146000.0,295000.0
2017-10-12,3461441.0,127000.0,-465000.0
2017-10-13,4506062.0,504000.0,918000.0
2017-10-16,1728666.0,16000.0,-1069000.0
2017-10-17,114400.0,752000.0,-270000.0
2017-10-18,-384330.0,28000.0,-242000.0
2017-10-19,416447.0,191000.0,483000.0
2017-10-20,221371.0,55000.0,-192000.0
2017-10-23,1222508.0,321000.0,-132000.0
2017-10-24,187093.0,191000.0,206000.0
2017-10-25,1595403.0,506000.0,520000.0
2017-10-26,-322650.0,469000.0,175000.0
2017-10-27,-1469900.0,224000.0,-88000.0
2017-10-30,1193000.0,115000.0,-336000.0
2017-10-31,-768107.0,622000.0,985000.0
2017-11-01,1505424.0,274000.0,-979000.0
2017-11-02,-325100.0,12150.0,87000.0
2017-11-03,775110.0,51000.0,-400000.0
2017-11-06,-968000.0,106000.0,-776000.0
2017-11-07,2140726.0,-113000.0,57000.0
2017-11-08,638389.0,81000.0,-312000.0
2017-11-09,367367.0,-125000.0,-459000.0
2017-11-10,3005775.0,-844000.0,-678000.0
2017-11-13,-126002.0,-37000.0,-90000.0
2017-11-14,1538061.0,-33000.0,-39000.0
2017-11-15,1350300.0,-167000.0,-705000.0
2017-11-16,317079.0,-223000.0,127000.0
2017-11-17,2267894.0,-66000.0,-38000.0
2017-11-20,-1127588.0,-127000.0,-1000.0
2017-11-21,1023445.0,-304000.0,219000.0
2017-11-22,2583895.0,22000.0,424000.0
2017-11-23,518420.0,-164000.0,-276000.0
2017-11-24,1156810.0,-213000.0,-135000.0
2017-11-27,-175938.0,-161000.0,350000.0
2017-11-28,1528192.0,-156000.0,124000.0
2017-11-29,498004.0,-33000.0,547000.0
2017-11-30,-212110.0,-23000.0,-757000.0
2017-12-01,-1725781.0,-69000.0,-613000.0
2017-12-04,-146970.0,206000.0,-101000.0
2017-12-05,460283.0,-12000.0,-502000.0
2017-12-06,-5227781.0,-305000.0,-1058000.0
2017-12-07,2159688.0,-610000.0,-126000.0
2017-12-08,1946873.0,-195000.0,159000.0
2017-12-11,563123.0,-26000.0,-97000.0
2017-12-12,260255.0,-34000.0,-400000.0
2017-12-13,-139089.0,-200000.0,-241000.0
2017-12-14,-519580.0,-125000.0,8000.0
2017-12-15,-1123704.0,-906000.0,-544000.0
2017-12-18,162052.0,-129000.0,260000.0
2017-12-19,645476.0,-126000.0,217000.0
2017-12-20,39465.0,-5000.0,-208000.0
2017-12-21,18502.0,-3000.0,105000.0
2017-12-22,159383.0,-145000.0,-30000.0
2017-12-25,-81000.0,-101000.0,-23000.0
2017-12-26,-1271000.0,-38606.0,-486000.0
2017-12-27,536990.0,-418000.0,158000.0
2017-12-28,236840.0,-205000.0,177000.0
2017-12-29,1207393.0,11000.0,316000.0
2018-01-02,-153731.0,14000.0,26000.0
2018-01-03,1302746.0,40000.0,320054.0
2018-01-04,1951195.0,-3000.0,-102274.0
2018-01-05,292704.0,6000.0,50000.0
2018-01-08,1651200.0,43000.0,97000.0
2018-01-09,1531665.0,2000.0,89000.0
2018-01-10,1798967.0,121000.0,318000.0
2018-01-11,-269375.0,-7000.0,-475000.0
2018-01-12,620392.0,22000.0,56000.0
2018-01-15,463979.0,209000.0,73000.0
2018-01-16,-670011.0,5000.0,-31000.0
2018-01-17,-1163986.0,-14000.0,-201000.0
2018-01-18,1898800.0,80000.0,821000.0
2018-01-19,-569893.0,-221000.0,-164000.0
2018-01-22,-375781.0,-343000.0,234000.0
2018-01-23,-2214609.0,42000.0,668000.0
2018-01-24,-2834617.0,3456.0,-492000.0
2018-01-25,-1169537.0,134000.0,268000.0
2018-01-26,-1459565.0,-56000.0,-76000.0
2018-01-29,-357936.0,18000.0,-176000.0
2018-01-30,-2559000.0,7000.0,-706000.0
2018-01-31,-899575.0,-12000.0,268000.0
2018-02-01,2740786.0,109000.0,-141000.0
2018-02-02,-700067.0,17000.0,-191000.0
2018-02-05,-455667.0,28000.0,-141000.0
2018-02-06,-2982856.0,5000.0,-556000.0
2018-02-07,-2786803.0,4000.0,-87000.0
2018-02-08,-1106933.0,-21000.0,32000.0
2018-02-09,-2085033.0,85000.0,-170000.0
2018-02-12,-649327.0,-275000.0,-183000.0
2018-02-21,2536795.0,69000.0,346000.0
2018-02-22,-711854.0,0.0,-109000.0
2018-02-23,-815400.0,-11000.0,178000.0
2018-02-26,-576000.0,-30000.0,-92000.0
2018-02-27,-266705.0,72000.0,225000.0
2018-03-01,-1235002.0,-9000.0,156000.0
2018-03-02,-122166.0,72000.0,383000.0
2018-03-05,-3391400.0,4000.0,-252000.0
2018-03-06,43400.0,29000.0,106000.0
2018-03-07,-1380801.0,617000.0,63000.0
2018-03-08,-2511569.0,326000.0,431000.0
2018-03-09,-1716277.0,313000.0,40000.0
2018-03-12,301681.0,908000.0,532000.0
2018-03-13,334661.0,33000.0,-417000.0
2018-03-14,-1614273.0,168000.0,-111000.0
2018-03-15,1369881.0,478000.0,92000.0
2018-03-16,1523552.0,552000.0,-203000.0
2018-03-19,2679633.0,890000.0,575000.0
2018-03-20,1547811.0,750000.0,-105000.0
2018-03-21,-3393833.0,553000.0,124000.0
2018-03-22,-227000.0,145000.0,95000.0
2018-03-23,-118440.0,70000.0,-101000.0
2018-03-26,1564041.0,226690.0,661000.0
2018-03-27,-2140415.0,316104.0,-48000.0
2018-03-28,-897571.0,4000.0,-242000.0
2018-03-29,-1644925.0,58000.0,30000.0
2018-03-30,542684.0,874000.0,117000.0
2018-03-31,-54330.0,39000.0,-11000.0
2018-04-02,150436.0,108000.0,-194000.0
2018-04-03,-1463713.0,-15000.0,-222000.0
2018-04-09,-249444.0,54000.0,172000.0
2018-04-10,-200767.0,-6000.0,329000.0
2018-04-11,2376384.0,139000.0,353000.0
2018-04-12,-2918187.0,131000.0,498000.0
2018-04-13,1903073.0,49000.0,198000.0
2018-04-16,2904185.0,212000.0,82000.0
2018-04-17,1058373.0,164800.0,-162000.0
2018-04-18,3516545.0,645000.0,1634000.0
2018-04-19,-781478.0,165000.0,-466000.0
2018-04-20,938817.0,127462.0,-94000.0
2018-04-23,-754848.0,-35000.0,87000.0
2018-04-24,662103.0,-190000.0,-896000.0
2018-04-25,-156000.0,-328000.0,-120000.0
2018-04-26,-1047826.0,-35000.0,-907000.0
2018-04-27,1278864.0,-3000.0,-241000.0
2018-04-30,-880388.0,41000.0,-251000.0
2018-05-02,-2396820.0,-60000.0,-505000.0
2018-05-03,-3240981.0,-912000.0,-363000.0
2018-05-04,721126.0,-370000.0,321000.0
2018-05-07,-3039855.0,333912.0,-262000.0
2018-05-08,650500.0,-241036.0,275000.0
2018-05-09,1521000.0,-24000.0,-129000.0
2018-05-10,511000.0,-61000.0,397000.0
2018-05-11,-1668000.0,-545000.0,-642000.0
2018-05-14,-381433.0,-431000.0,84000.0
2018-05-15,146264.0,-220000.0,3000.0
2018-05-16,505357.0,-342000.0,-285000.0
2018-05-17,-1176818.0,-478000.0,-537000.0
2018-05-18,44519.0,-160000.0,71000.0
2018-05-21,-996697.0,-302000.0,61000.0
2018-05-22,-56094.0,-459000.0,1269000.0
2018-05-23,454978.0,-52245.0,-941000.0
2018-05-24,802216.0,-70000.0,44000.0
2018-05-25,611420.0,15000.0,403000.0
2018-05-28,-1436000.0,-21000.0,-280000.0
2018-05-29,-425807.0,-285000.0,-171000.0
2018-05-30,-464395.0,-320000.0,-144000.0
2018-05-31,1038090.0,-694000.0,500000.0
2018-06-01,571934.0,-12000.0,48000.0
2018-06-04,3651796.0,-13000.0,131000.0
2018-06-05,-669862.0,-3000.0,-263000.0
2018-06-06,1301075.0,-64000.0,209000.0
2018-06-07,540306.0,13000.0,-51000.0
2018-06-08,1008220.0,-244000.0,-51000.0
2018-06-11,582394.0,-3000.0,62000.0
2018-06-12,-1146192.0,-34000.0,-183000.0
2018-06-13,-337258.0,-416000.0,45000.0
2018-06-14,-1522383.0,-8000.0,-96000.0
2018-06-15,-1120902.0,27000.0,-20000.0
2018-06-19,-726271.0,35000.0,-75000.0
2018-06-20,-1911262.0,4280.0,23000.0
2018-06-21,-1269968.0,-27000.0,130000.0
2018-06-22,-396787.0,-5000.0,-16000.0
2018-06-25,131983.0,-55000.0,-1000.0
2018-06-26,-2348735.0,-164000.0,-276000.0
2018-06-27,-737736.0,-459000.0,51848.0
2018-06-28,-174057.0,-70000.0,-33000.0
2018-06-29,1390996.0,-107000.0,167000.0
2018-07-02,539260.0,-19000.0,196000.0
2018-07-03,442840.0,-102000.0,-36000.0
2018-07-04,-643240.0,-6000.0,-19000.0
2018-07-05,-3613563.0,-404000.0,-198000.0
2018-07-06,-2513536.0,-57000.0,874000.0
2018-07-09,-1660798.0,-16000.0,-512000.0
2018-07-10,123272.0,-40000.0,-12000.0
2018-07-11,-620294.0,-130000.0,-193000.0
2018-07-12,387415.0,-33000.0,6000.0
2018-07-13,-489307.0,-4000.0,-37000.0
2018-07-16,-125780.0,0.0,-43000.0
2018-07-17,-460156.0,-5000.0,21000.0
2018-07-18,-520946.0,-3000.0,-891000.0
2018-07-19,-308629.0,-53000.0,-74000.0
2018-07-20,-1369408.0,-33000.0,-66000.0
2018-07-23,-3520000.0,-85000.0,-164000.0
2018-07-24,-5499290.0,-661000.0,-7000.0
2018-07-25,774377.0,-313000.0,391000.0
2018-07-26,143767.0,-350000.0,-116000.0
2018-07-27,1710438.0,44000.0,101000.0
2018-07-30,-614552.0,-15000.0,-174000.0
2018-07-31,-3768997.0,-548000.0,288000.0
2018-08-01,3868550.0,26000.0,975000.0
2018-08-02,9438.0,-69000.0,-672000.0
2018-08-03,-339890.0,-3000.0,29000.0
2018-08-06,-412109.0,-2000.0,-60000.0
2018-08-07,717326.0,9000.0,47000.0
2018-08-08,795301.0,-377000.0,52000.0
2018-08-09,-225880.0,5000.0,-190000.0
2018-08-10,359973.0,-3000.0,-33000.0
2018-08-13,-97303.0,-584000.0,-516000.0
2018-08-14,34270.0,2000.0,87000.0
2018-08-15,-326974.0,4000.0,-160000.0
2018-08-16,-2047190.0,-407000.0,24000.0
2018-08-17,-1390000.0,-228000.0,-130000.0
2018-08-20,-968869.0,-178000.0,-44000.0
2018-08-21,-1409118.0,-173000.0,153000.0
2018-08-22,-1816570.0,-10000.0,256000.0
2018-08-23,1006754.0,-15000.0,153000.0
2018-08-24,-642000.0,-13000.0,-140000.0
2018-08-27,-1354219.0,-14000.0,-16000.0
2018-08-28,-639847.0,-3000.0,480000.0
2018-08-29,-717414.0,-1000.0,-266000.0
2018-08-30,-764720.0,-1000.0,-123000.0
2018-08-31,-1780502.0,-17000.0,-109000.0
2018-09-03,233227.0,-48000.0,-42000.0
2018-09-04,232185.0,-1000.0,247000.0
2018-09-05,239403.0,-4000.0,-175000.0
2018-09-06,415234.0,-30000.0,-46000.0
2018-09-07,-2868976.0,-17048.0,-21000.0
2018-09-10,-806623.0,-17000.0,-18000.0
2018-09-11,1045962.0,36000.0,82000.0
2018-09-12,376000.0,-2000.0,124000.0
2018-09-13,-363664.0,0.0,10000.0
2018-09-14,-868258.0,50000.0,40000.0
2018-09-17,-587425.0,0.0,-49000.0
2018-09-18,-424468.0,36000.0,58000.0
2018-09-19,-509685.0,8000.0,-32000.0
2018-09-20,-2186698.0,1000.0,-73000.0
2018-09-21,305555.0,-30000.0,5000.0
2018-09-25,-129720.0,-3000.0,63000.0
2018-09-26,-431024.0,-129000.0,26000.0
2018-09-27,45299.0,-51000.0,60000.0
2018-09-28,682277.0,1000.0,80000.0
2018-10-01,-457001.0,-45000.0,233000.0
2018-10-02,-1799278.0,7000.0,-114000.0
2018-10-03,-98000.0,1000.0,-37000.0
2018-10-04,-1280000.0,1000.0,-15000.0
2018-10-05,-2152000.0,-165623.0,-164000.0
2018-10-08,-1585449.0,-145000.0,65000.0
2018-10-09,-1454237.0,-1000.0,-57000.0
2018-10-11,-4067760.0,-70820.0,32000.0
2018-10-12,284188.0,-38000.0,30000.0
2018-10-15,-47771.0,-41000.0,-54000.0
2018-10-16,-489385.0,4000.0,9000.0
2018-10-17,477281.0,-21000.0,-276000.0
2018-10-18,401424.0,11000.0,-33000.0
2018-10-19,-1516813.0,194000.0,14000.0
2018-10-22,-502303.0,-31000.0,4000.0
2018-10-23,-1324126.0,-5955.0,-69000.0
2018-10-24,-1406765.0,-40000.0,15000.0
2018-10-25,-2191158.0,4046.0,91000.0
2018-10-26,-2811715.0,13000.0,-131000.0
2018-10-29,1033370.0,63000.0,127000.0
2018-10-30,-78319.0,25000.0,128000.0
2018-10-31,3690624.0,27000.0,585000.0
2018-11-01,779607.0,72000.0,-562000.0
2018-11-02,1777400.0,488099.0,145000.0
2018-11-05,596500.0,411000.0,-144000.0
2018-11-06,1068000.0,446000.0,70000.0
2018-11-07,909238.0,137000.0,-105000.0
2018-11-08,1536186.0,-108000.0,-62000.0
2018-11-09,189645.0,80000.0,-173000.0
2018-11-12,1676000.0,59000.0,138000.0
2018-11-13,-367827.0,181000.0,21000.0
2018-11-14,226936.0,18000.0,7000.0
2018-11-15,687276.0,0.0,43000.0
2018-11-16,-2639946.0,2041.0,-100000.0
2018-11-19,-35000.0,2000.0,249000.0
2018-11-20,842557.0,-26955.0,15000.0
2018-11-21,-263594.0,2000.0,-336000.0
2018-11-22,256550.0,-78000.0,-108000.0
2018-11-23,509970.0,2000.0,-94000.0
2018-11-26,1144260.0,-149000.0,82000.0
2018-11-27,358991.0,0.0,-39000.0
2018-11-28,1186178.0,-5014.0,267000.0
2018-11-29,-933445.0,-32000.0,149000.0
2018-11-30,2022857.0,18000.0,210000.0
2018-12-03,2176263.0,39000.0,314000.0
2018-12-04,3578362.0,65000.0,-52000.0
2018-12-05,64095.0,0.0,-164000.0
2018-12-06,-1996765.0,-75000.0,-495000.0
2018-12-07,499974.0,16000.0,90000.0
2018-12-10,-813000.0,14978.0,79000.0
2018-12-11,-134000.0,-5000.0,27000.0
2018-12-12,28121.0,-49000.0,285000.0
2018-12-13,680563.0,-4000.0,51000.0
2018-12-14,-292592.0,453000.0,-205000.0
2018-12-17,-44352.0,0.0,57000.0
2018-12-18,24005.0,0.0,77000.0
2018-12-19,113326.0,0.0,167000.0
2018-12-20,-3805625.0,45000.0,-182000.0
2018-12-21,-1110803.0,-59000.0,78000.0
2018-12-22,27000.0,-402000.0,-83000.0
2018-12-24,-69000.0,-87000.0,48000.0
2018-12-25,-251000.0,-68088.0,-172000.0
2018-12-26,-134000.0,-594.0,-47000.0
2018-12-27,260285.0,36000.0,80000.0
2018-12-28,-504796.0,-12000.0,-17000.0
2019-01-02,-1505800.0,3000.0,-170000.0
2019-01-03,1124000.0,-295000.0,24000.0
2019-01-04,-1761699.0,2000.0,26000.0
2019-01-07,-860416.0,0.0,29000.0
2019-01-08,478255.0,52000.0,4000.0
2019-01-09,395000.0,227000.0,460000.0
2019-01-10,-260000.0,45000.0,-77000.0
2019-01-11,471274.0,44000.0,10000.0
2019-01-14,540207.0,95000.0,119000.0
2019-01-15,1072399.0,-23.0,20000.0
2019-01-16,1613693.0,20000.0,-28000.0
2019-01-17,1171026.0,13000.0,-74000.0
2019-01-18,3595655.0,15000.0,223000.0
2019-01-21,1493368.0,-200000.0,-145000.0
2019-01-22,150200.0,-80000.0,-86000.0
2019-01-23,437440.0,-17000.0,-27000.0
2019-01-24,1134109.0,12000.0,295000.0
2019-01-25,1565500.0,137000.0,-70000.0
2019-01-28,371622.0,-107000.0,-46000.0
2019-01-29,-347248.0,-7000.0,1000.0
2019-01-30,-329330.0,0.0,-30000.0
2019-02-11,5392147.0,453000.0,798000.0
2019-02-12,-1218042.0,163000.0,94000.0
2019-02-13,826162.0,29000.0,75000.0
2019-02-14,346988.0,0.0,-20000.0
2019-02-15,-936129.0,-50000.0,-26000.0
2019-02-18,-99528.0,-31000.0,-71000.0
2019-02-19,-860000.0,9000.0,-250000.0
2019-02-20,-270150.0,91000.0,429000.0
2019-02-21,613587.0,506000.0,-76000.0
2019-02-22,1730038.0,748000.0,407000.0
2019-02-25,6950778.0,742024.0,-144000.0
2019-02-26,-408737.0,296000.0,-302000.0
2019-02-27,60375.0,80000.0,-26000.0
2019-03-04,-463191.0,357024.0,22000.0
2019-03-05,-172644.0,17000.0,13000.0
2019-03-06,2833850.0,125000.0,270000.0
2019-03-07,-579481.0,262000.0,-183000.0
2019-03-08,-2156496.0,0.0,-98000.0
2019-03-11,-360466.0,7000.0,94000.0
2019-03-12,-1722807.0,114000.0,189000.0
2019-03-13,531050.0,3000.0,18000.0
2019-03-14,-394598.0,16000.0,104000.0
2019-03-15,333431.0,58000.0,112000.0
2019-03-18,-73299.0,55000.0,66000.0
2019-03-19,-504573.0,425000.0,73000.0
2019-03-20,-182312.0,134000.0,1000.0
2019-03-21,829448.0,146000.0,238000.0
2019-03-22,4258422.0,417024.0,-50000.0
2019-03-25,-617858.0,-18000.0,-312000.0
2019-03-26,786130.0,152000.0,150000.0
2019-03-27,-766429.0,248000.0,21000.0
2019-03-28,660700.0,12000.0,454000.0
2019-03-29,1584154.0,20000.0,-36000.0
2019-04-01,1703450.0,14012.0,451000.0
2019-04-02,3113102.0,-104000.0,-3000.0
2019-04-03,192037.0,113000.0,58000.0
2019-04-08,444964.0,192000.0,18000.0
2019-04-09,-135662.0,159000.0,1225000.0
2019-04-10,534488.0,997000.0,-75000.0
2019-04-11,-612542.0,113000.0,-603000.0
2019-04-12,2194356.0,-24000.0,-207000.0
2019-04-15,1845089.0,58000.0,-7000.0
2019-04-16,3406326.0,-280000.0,-122000.0
2019-04-17,-2825934.0,-839000.0,-464000.0
2019-04-18,1723006.0,-53000.0,-147000.0
2019-04-19,462695.0,-261000.0,-157000.0
2019-04-22,250000.0,-50877.0,30000.0
2019-04-23,878500.0,-294000.0,70000.0
2019-04-24,-51036.0,0.0,-18000.0
2019-04-25,196075.0,-189000.0,112000.0
2019-04-26,665330.0,55000.0,-70000.0
2019-04-29,-896819.0,-2000.0,210000.0
2019-04-30,1330509.0,62000.0,771000.0
2019-05-02,7482156.0,85000.0,-697000.0
2019-05-03,9695006.0,277977.0,158000.0
2019-05-06,2440630.0,-313000.0,75000.0
2019-05-07,3357901.0,129332.0,272000.0
2019-05-08,2794350.0,-47556.0,112000.0
2019-05-09,-843286.0,-86000.0,21000.0
2019-05-10,-368211.0,-48000.0,129000.0
2019-05-13,-1412557.0,-344000.0,5500.0
2019-05-14,629970.0,-335000.0,299000.0
2019-05-15,-1194351.0,-1000.0,-588000.0
2019-05-16,-17334.0,-162000.0,-225000.0
2019-05-17,2552890.0,-309000.0,-324000.0
2019-05-20,-99415.0,-23000.0,110000.0
2019-05-21,-378258.0,-193000.0,148000.0
2019-05-22,-1686000.0,3000.0,-13000.0
2019-05-23,323057.0,284000.0,336000.0
2019-05-24,-1100429.0,-31000.0,-48000.0
2019-05-27,-56000.0,-97000.0,-532000.0
2019-05-28,76117.0,-26000.0,-16000.0
2019-05-29,-1634986.0,-58000.0,-17000.0
2019-05-30,1265025.0,490000.0,244000.0
2019-05-31,2569582.0,884000.0,-11352.0
2019-06-03,3819209.0,354000.0,-180000.0
2019-06-04,1353910.0,195000.0,-5000.0
2019-06-05,1996952.0,133000.0,-647000.0
2019-06-06,1225973.0,140000.0,-777000.0
2019-06-10,2194326.0,154000.0,409999.0
2019-06-11,-920452.0,144000.0,2352.0
2019-06-12,1128758.0,37437.0,55000.0
2019-06-13,131757.0,181426.0,129000.0
2019-06-14,350412.0,30000.0,-67000.0
2019-06-17,-1347434.0,19424.0,36000.0
2019-06-18,1721707.0,-5000.0,7000.0
2019-06-19,-2518219.0,3000.0,705000.0
2019-06-20,784662.0,18000.0,-41000.0
2019-06-21,3274388.0,-17000.0,516000.0
2019-06-24,665199.0,1645.0,-26000.0
2019-06-25,-286373.0,-51000.0,-3000.0
2019-06-26,-196780.0,-19000.0,45000.0
2019-06-27,247064.0,-6000.0,158000.0
2019-06-28,42365.0,15000.0,2756.0
2019-07-01,-2837278.0,-133000.0,329000.0
2019-07-02,1860904.0,68000.0,376000.0
2019-07-03,1012956.0,-36000.0,134000.0
2019-07-04,832126.0,-93946.0,-52000.0
2019-07-05,799616.0,8000.0,1614000.0
2019-07-08,390793.0,13000.0,-901000.0
2019-07-09,-9890.0,70000.0,-127000.0
2019-07-10,1247502.0,56000.0,-205000.0
2019-07-11,1377436.0,242000.0,-151000.0
2019-07-12,-935000.0,106000.0,4000.0
2019-07-15,-1456000.0,-163000.0,-5000.0
2019-07-16,1234304.0,-576000.0,-77000.0
2019-07-17,1287849.0,-225000.0,-856000.0
2019-07-18,630993.0,-220356.0,73000.0
2019-07-19,936353.0,-473000.0,-9000.0
2019-07-22,1123312.0,-139000.0,-64000.0
2019-07-23,2792329.0,72000.0,-172000.0
2019-07-24,-10173.0,-365000.0,-392000.0
2019-07-25,1824010.0,-186000.0,-60000.0
2019-07-26,869000.0,86000.0,-2000.0
2019-07-29,960277.0,-140000.0,223000.0
2019-07-30,2815176.0,630000.0,802000.0
2019-07-31,-7568603.0,309000.0,-3000.0
2019-08-01,4768128.0,281000.0,145000.0
2019-08-02,1286870.0,-37000.0,-333000.0
2019-08-05,-824695.0,-44000.0,-37000.0
2019-08-06,-498806.0,22000.0,-35000.0
2019-08-07,5406833.0,399000.0,-711000.0
2019-08-08,-900739.0,42438.0,208000.0
2019-08-12,4389566.0,16000.0,-21000.0
2019-08-13,442009.0,-9638.0,-113000.0
2019-08-14,1039610.0,-22000.0,-165000.0
2019-08-15,-325751.0,97000.0,-92000.0
2019-08-16,1159189.0,223000.0,76000.0
2019-08-19,2767954.0,1286000.0,661570.0
2019-08-20,-2093120.0,226000.0,103573.0
2019-08-21,-309087.0,284000.0,-199000.0
2019-08-22,-860259.0,329000.0,157000.0
2019-08-23,-1874000.0,231000.0,263857.0
2019-08-24,162052.0,-129000.0,260000.0
2019-08-26,-10555.0,418000.0,15000.0
2019-08-27,-976692.0,165000.0,109000.0
2019-08-28,4038744.0,1359000.0,566000.0
2019-08-29,-1058648.0,534000.0,-2000.0
2019-08-30,543977.0,41000.0,134000.0
2019-09-02,718566.0,231000.0,134000.0
2019-09-03,-684647.0,228000.0,121000.0
2019-09-04,1509136.0,-25000.0,210000.0
2019-09-05,823445.0,121000.0,171000.0
2019-09-06,2517196.0,258000.0,664000.0
2019-09-09,915840.0,985000.0,-258000.0
2019-09-10,-510266.0,50000.0,105000.0
2019-09-11,-748603.0,29000.0,-25000.0
2019-09-12,134064.0,-8000.0,496000.0
2019-09-16,2497909.0,325407.0,-659000.0
2019-09-17,1342811.0,84000.0,-322000.0
2019-09-18,-864929.0,67013.0,89000.0
2019-09-19,-113254.0,8000.0,227000.0
2019-09-20,1298878.0,165000.0,-191000.0
2019-09-23,226325.0,-4000.0,-28000.0
2019-09-24,666199.0,-267993.0,-212000.0
2019-09-25,-1543597.0,-385000.0,-184000.0
2019-09-26,709338.0,-375000.0,-5000.0
2019-09-27,-76099.0,-226000.0,-143000.0
2019-10-01,433315.0,55000.0,-202000.0
2019-10-02,-405553.0,-107000.0,-1000.0
2019-10-03,1069872.0,43300.0,253000.0
2019-10-04,1791623.0,44000.0,-142000.0
2019-10-07,-156985.0,-69000.0,-72000.0
2019-10-08,145170.0,29000.0,76000.0
2019-10-09,-3026430.0,83000.0,77000.0
2019-10-14,-4408854.0,-389000.0,328000.0
2019-10-15,-2192809.0,338000.0,330000.0
2019-10-16,-1110560.0,-88952.0,-418000.0
2019-10-17,1581696.0,-136452.0,-24000.0
2019-10-18,625934.0,56000.0,-369000.0
2019-10-21,-606372.0,27000.0,14000.0
2019-10-22,104669.0,-67000.0,17000.0
2019-10-23,232332.0,-11002.0,-177000.0
2019-10-24,2466471.0,70000.0,305000.0
2019-10-25,57393.0,28925.0,-167000.0
2019-10-26,162052.0,-129000.0,260000.0
2019-10-28,2197784.0,-88000.0,415000.0
2019-10-29,1526919.0,543000.0,393000.0
2019-10-30,990997.0,1047000.0,-173000.0
2019-10-31,8581280.0,698000.0,-850000.0
2019-11-01,-2449698.0,240000.0,-339000.0
2019-11-04,2230017.0,95000.0,-91000.0
2019-11-05,2244184.0,584000.0,147000.0
2019-11-06,1820851.0,774000.0,-339000.0
2019-11-07,435171.0,71000.0,19000.0
2019-11-08,-1706991.0,-409000.0,174000.0
2019-11-11,-1049950.0,-2000.0,70000.0
2019-11-12,-137143.0,111000.0,102000.0
2019-11-13,-1062282.0,28000.0,294000.0
2019-11-14,-164155.0,163000.0,28000.0
2019-11-15,1371595.0,379000.0,50000.0
2019-11-18,-1394267.0,257000.0,130000.0
2019-11-19,-114670.0,53000.0,-62000.0
2019-11-20,-350687.0,139000.0,-337000.0
2019-11-21,-4328659.0,145991.0,309000.0
2019-11-22,-1037160.0,12000.0,84000.0
2019-11-25,296432.0,22000.0,-55000.0
2019-11-26,83006.0,231000.0,-376000.0
2019-11-27,619686.0,466000.0,1000.0
2019-11-28,2678777.0,262900.0,601000.0
2019-11-29,-3427866.0,697000.0,-251000.0
2019-12-02,-789905.0,92000.0,-148000.0
2019-12-03,-663789.0,104000.0,88000.0
2019-12-04,988494.0,7000.0,-133000.0
2019-12-05,-2413086.0,-33000.0,171000.0
2019-12-06,-1372510.0,-121000.0,120000.0
2019-12-09,2396087.0,91000.0,112000.0
2019-12-10,352483.0,55000.0,-146000.0
2019-12-11,596075.0,38000.0,-18000.0
2019-12-12,-616519.0,35000.0,9000.0
2019-12-13,303931.0,30000.0,22000.0
2019-12-16,1702053.0,136000.0,792000.0
2019-12-17,3237715.0,96000.0,-152000.0
2019-12-18,-626362.0,-70000.0,-750000.0
2019-12-19,-1911979.0,50000.0,204000.0
2019-12-20,-2166942.0,-179000.0,118000.0
2019-12-23,-17050.0,-16000.0,136000.0
2019-12-24,-1048556.0,-7000.0,58000.0
2019-12-25,-343465.0,283000.0,170000.0
2019-12-26,-1127454.0,-396000.0,-306000.0
2019-12-27,-705500.0,-75000.0,-17000.0
2019-12-30,-516901.0,-73000.0,-92000.0
2019-12-31,-2411583.0,-138000.0,161000.0
2020-01-02,-1407015.0,-1034000.0,219000.0
2020-01-03,-1505597.0,-953000.0,-190000.0
2020-01-06,-1604509.0,-563000.0,-219000.0
2020-01-07,-1295804.0,-228000.0,343000.0
2020-01-08,721122.0,137000.0,-83000.0
2020-01-09,357398.0,-33000.0,-276000.0
2020-01-10,-1162394.0,-690000.0,-554000.0
2020-01-13,-591994.0,-287000.0,-454000.0
2020-01-14,-3305446.0,-1608000.0,-406000.0
2020-01-15,-3984603.0,-755902.0,1851000.0
2020-01-16,3014523.0,-127000.0,-324000.0
2020-01-17,658174.0,-77000.0,-574000.0
2020-01-20,-91588.0,-338000.0,-218000.0
2020-01-30,-691804.0,-1011000.0,-1417000.0
2020-01-31,-941073.0,-142000.0,-669000.0
2020-02-03,79127.0,-95000.0,-146000.0
2020-02-04,-1643910.0,-435000.0,668000.0
2020-02-05,-3558917.0,-537000.0,-438000.0
2020-02-06,-75471.0,-1299116.0,287000.0
2020-02-07,2872140.0,-910000.0,-723000.0
2020-02-10,-1248022.0,-104000.0,406000.0
2020-02-11,2086222.0,-57000.0,119000.0
2020-02-12,4093040.0,17000.0,12000.0
2020-02-13,6439106.0,-179000.0,-249000.0
2020-02-14,255070.0,-110000.0,194000.0
2020-02-17,-1339840.0,-327000.0,19000.0
2020-02-18,-1196567.0,-115000.0,-72000.0
2020-02-19,-1343894.0,-449000.0,-40000.0
2020-02-20,-400414.0,-278000.0,305000.0
2020-02-21,184374.0,-619000.0,-225000.0
2020-02-24,-4451604.0,-128000.0,-102000.0
2020-02-25,550332.0,-107000.0,60000.0
2020-02-26,-1021987.0,6000.0,-146000.0
2020-02-27,-2482424.0,-345000.0,-540000.0
2020-03-02,2935967.0,14000.0,-38000.0
2020-03-03,-1010794.0,-18000.0,97000.0
2020-03-04,24557.0,107000.0,-174000.0
2020-03-05,4398985.0,122000.0,-169000.0
2020-03-06,-737812.0,190000.0,-145000.0
2020-03-09,-2234994.0,227000.0,-458000.0
2020-03-10,-322263.0,184000.0,287000.0
2020-03-11,-1343023.0,19900.0,-416000.0
2020-03-12,-3466838.0,-211000.0,-718000.0
2020-03-13,421316.0,-456000.0,-269000.0
2020-03-16,-2064943.0,201000.0,-662000.0
2020-03-17,-1903776.0,80000.0,27000.0
2020-03-18,-1029966.0,51000.0,-734000.0
2020-03-19,-559442.0,-12018.0,-207000.0
2020-03-20,705080.0,147154.0,6000.0
2020-03-23,-1279629.0,284000.0,164000.0
2020-03-24,1174586.0,96000.0,237000.0
2020-03-25,-634313.0,-5000.0,-391000.0
2020-03-26,2038107.0,87747.0,101000.0
2020-03-27,1060534.0,-11000.0,8000.0
2020-03-30,-1116636.0,32000.0,-202000.0
2020-03-31,-1598512.0,-57000.0,-118000.0
2020-04-01,895820.0,94000.0,-38000.0
2020-04-06,2472371.0,-148000.0,143000.0
2020-04-07,-183175.0,377000.0,158000.0
2020-04-08,600534.0,92000.0,-32000.0
2020-04-09,1698962.0,-138000.0,-224000.0
2020-04-10,1135000.0,32000.0,-92000.0
2020-04-13,497290.0,-19838.0,61000.0
2020-04-14,3955451.0,19000.0,349000.0
2020-04-15,874158.0,-123000.0,-153000.0
2020-04-16,778773.0,-369000.0,-74000.0
2020-04-17,4678170.0,-12000.0,-268794.0
2020-04-20,1652399.0,-169000.0,26000.0
2020-04-21,-3435752.0,-718000.0,-143000.0
2020-04-22,-2499442.0,-751000.0,-280000.0
2020-04-23,670994.0,-159000.0,-95000.0
2020-04-24,-505560.0,-22000.0,3000.0
2020-04-27,5881935.0,120000.0,528000.0
2020-04-28,136572.0,54000.0,192000.0
2020-04-29,16972224.0,310000.0,-341000.0
2020-04-30,11917791.0,213000.0,-241000.0
2020-05-04,-1192096.0,-65000.0,-126000.0
2020-05-05,-251372.0,3254.0,27000.0
2020-05-06,2371793.0,2000.0,150000.0
2020-05-07,2072287.0,36000.0,188000.0
2020-05-08,-251028.0,-3000.0,-17000.0
2020-05-11,-143193.0,37000.0,2000.0
2020-05-12,276619.0,51000.0,60000.0
2020-05-13,4049371.0,280000.0,286000.0
2020-05-14,-1156828.0,463000.0,-17000.0
2020-05-15,238800.0,11000.0,-49000.0
2020-05-18,7779426.0,1823000.0,675000.0
2020-05-19,9881783.0,800000.0,-21000.0
2020-05-20,7794388.0,215000.0,-244000.0
2020-05-21,1375890.0,25000.0,-292000.0
2020-05-22,-15464.0,-23000.0,218000.0
2020-05-25,3892907.0,61879.0,360000.0
2020-05-26,1952213.0,282000.0,-35000.0
2020-05-27,1330975.0,148000.0,-93000.0
2020-05-28,-208924.0,109000.0,455000.0
2020-05-29,-160161.0,211000.0,213000.0
2020-06-01,422580.0,202000.0,130000.0
2020-06-02,6141307.0,428000.0,164000.0
2020-06-03,2476348.0,76000.0,291000.0
2020-06-04,-671573.0,371000.0,-52000.0
2020-06-05,543386.0,260000.0,61000.0
2020-06-08,346419.0,508000.0,212000.0
2020-06-09,867051.0,-20000.0,13000.0
2020-06-10,2081251.0,-6000.0,126000.0
2020-06-11,-136242.0,38000.0,-71000.0
2020-06-12,-471366.0,8000.0,218000.0
2020-06-15,305972.0,418000.0,-186000.0
2020-06-16,4352200.0,91121.0,-164000.0
2020-06-17,117252.0,282000.0,-41000.0
2020-06-18,794942.0,318000.0,-63000.0
2020-06-19,1743716.0,660000.0,744000.0
2020-06-22,-3354624.0,798000.0,-132000.0
2020-06-23,-2189784.0,187000.0,-217000.0
2020-06-24,-1781659.0,33000.0,56900.0
2020-06-29,-2680601.0,71000.0,-107107.0
2020-06-30,1133284.0,1000.0,-31000.0
2020-07-01,-651786.0,8000.0,-218000.0
2020-07-02,-1217246.0,-25000.0,48000.0
2020-07-03,-141626.0,1388000.0,460000.0
2020-07-06,2126881.0,-17000.0,-247000.0
2020-07-07,1699051.0,-104000.0,558000.0
2020-07-08,-3676352.0,89000.0,77000.0
2020-07-09,-6003352.0,-17000.0,73000.0
2020-07-10,-3109392.0,49687.0,132005.0
2020-07-13,923788.0,-36000.0,-108000.0
2020-07-14,-1325248.0,-79000.0,10000.0
2020-07-15,1084008.0,-285921.0,-61000.0
2020-07-16,-865243.0,-9000.0,41000.0
2020-07-17,348129.0,98000.0,62000.0
2020-07-20,-296651.0,26000.0,-9000.0
2020-07-21,212269.0,159000.0,354000.0
2020-07-22,-1125454.0,107000.0,30000.0
2020-07-23,259772.0,17000.0,-3000.0
2020-07-24,-956416.0,37000.0,-214000.0
2020-07-27,913816.0,201075.0,464000.0
2020-07-28,-5754055.0,78000.0,-77000.0
2020-07-29,-1191358.0,73000.0,-112000.0
2020-07-30,-778004.0,-247000.0,-211000.0
2020-07-31,1247077.0,-358000.0,543000.0
2020-08-03,-4898065.0,7000.0,55000.0
2020-08-04,4119228.0,77000.0,151000.0
2020-08-05,-1223173.0,264075.0,-38000.0
2020-08-06,16914.0,-131000.0,54000.0
2020-08-07,-4989947.0,-46600.0,-25000.0
2020-08-10,-991998.0,-67000.0,30000.0
2020-08-11,-251108.0,-42000.0,-119000.0
2020-08-12,-1717593.0,92000.0,-21000.0
2020-08-13,1315170.0,65000.0,-100000.0
2020-08-14,354193.0,-323000.0,42000.0
2020-08-17,925950.0,140000.0,164000.0
2020-08-18,-8320077.0,-1294000.0,-92298.0
2020-08-19,2116156.0,-509063.0,-270000.0
2020-08-20,1189441.0,-510600.0,-334000.0
2020-08-21,1280553.0,-6000.0,-190000.0
2020-08-24,-680439.0,-562658.0,-134000.0
2020-08-25,2041775.0,-439000.0,-141000.0
2020-08-26,700965.0,-618063.0,-33000.0
2020-08-27,691256.0,-335000.0,-342753.0
2020-08-28,937408.0,-430000.0,218000.0
2020-08-31,-515398.0,-421049.0,-151000.0
2020-09-01,2285237.0,-78876.0,207000.0
2020-09-02,4166021.0,37000.0,-103000.0
2020-09-03,1983607.0,-61938.0,-94000.0
2020-09-04,-623174.0,0.0,510000.0
2020-09-07,771147.0,-110000.0,-112000.0
2020-09-08,1212975.0,-46061.0,2000.0
2020-09-09,-755781.0,-131000.0,49000.0
2020-09-10,1449262.0,-293000.0,-2000.0
2020-09-11,-177125.0,-5000.0,-134000.0
2020-09-14,2328680.0,-57000.0,83000.0
2020-09-15,1638003.0,-296012.0,-139000.0
2020-09-16,2683547.0,13000.0,31000.0
2020-09-17,-1735765.0,-352213.0,-114000.0
2020-09-18,2281733.0,-273000.0,-44000.0
2020-09-21,1868425.0,-104032.0,-290000.0
2020-09-22,-1856053.0,48058.0,-135000.0
2020-09-23,1417039.0,179008.0,-108000.0
2020-09-24,-2203535.0,39000.0,-10000.0
2020-09-25,-820315.0,-100000.0,-310000.0
2020-09-28,283072.0,66000.0,89000.0
2020-09-29,1590894.0,22000.0,-115000.0
2020-09-30,13219.0,78000.0,45000.0
2020-10-05,683865.0,-23000.0,142000.0
2020-10-06,213642.0,16000.0,62000.0
2020-10-07,2919237.0,408000.0,813000.0
2020-10-08,1285104.0,720000.0,-62000.0
2020-10-12,7201353.0,12000.0,-176000.0
2020-10-13,-835090.0,-105000.0,-2000.0
2020-10-14,-732850.0,-6000.0,66000.0
2020-10-15,-251304.0,113000.0,-71000.0
2020-10-16,384185.0,-27000.0,-91000.0
2020-10-19,443317.0,-26000.0,19000.0
2020-10-20,-277028.0,26000.0,56000.0
2020-10-21,-784607.0,1000.0,-44000.0
2020-10-22,19018.0,15000.0,-14000.0
2020-10-23,-1806575.0,-26000.0,22000.0
2020-10-26,-159689.0,-92000.0,-94349.0
2020-10-27,578836.0,-9000.0,116000.0
2020-10-28,-454848.0,95000.0,-244137.0
2020-10-29,19092.0,15000.0,-48000.0
2020-10-30,-340655.0,165000.0,-215905.0
2020-11-02,-2300415.0,193000.0,-387977.0
2020-11-03,2545253.0,60000.0,11273.0
2020-11-04,1572487.0,31000.0,259698.0
2020-11-05,5350689.0,161000.0,-72363.0
2020-11-06,2353909.0,77000.0,-75000.0
2020-11-09,97264.0,-81000.0,193363.0
2020-11-10,-1428765.0,-64000.0,-225000.0
2020-11-11,-2038438.0,-120000.0,387214.0
2020-11-12,-978203.0,-104000.0,41000.0
2020-11-13,574539.0,56000.0,-31387.0
2020-11-16,2008354.0,-82000.0,453000.0
2020-11-17,1934897.0,37118.0,-204000.0
2020-11-18,7438806.0,768000.0,383997.0
2020-11-19,1819890.0,220000.0,-189089.0
2020-11-20,3161533.0,320000.0,-30000.0
2020-11-23,-280277.0,30000.0,-394000.0
2020-11-24,1300659.0,9000.0,-105999.0
2020-11-25,-1700991.0,4000.0,-119161.0
2020-11-26,69862.0,199000.0,24000.0
2020-11-27,-1165847.0,9000.0,51000.0
2020-11-30,-4571180.0,-244000.0,15748.0
2020-12-01,-766133.0,-328000.0,158914.0
2020-12-02,210577.0,-135000.0,213997.0
2020-12-03,-1922148.0,-139000.0,-14614.0
2020-12-04,1213761.0,-599700.0,-55000.0
2020-12-07,-850284.0,-29000.0,-251000.0
2020-12-08,2460723.0,155000.0,132000.0
2020-12-09,988026.0,207000.0,16812.0
2020-12-10,-2165493.0,200000.0,-384617.0
2020-12-11,-841772.0,476080.0,-125273.0
2020-12-14,-720623.0,-227950.0,-48607.0
2020-12-15,-670304.0,27020.0,-112999.0
2020-12-16,-313796.0,1000.0,-92996.0
2020-12-17,-306116.0,120117.0,-39999.0
2020-12-18,-557116.0,-263010.0,27400.0
2020-12-21,-118147.0,-23000.0,-41768.0
2020-12-22,764274.0,-100.0,-96004.0
2020-12-23,492000.0,17000.0,-117002.0
2020-12-24,58231.0,-2030.0,64998.0
2020-12-25,276544.0,-18000.0,-52000.0
2020-12-28,4172185.0,292000.0,364976.0
2020-12-29,-92001.0,89020.0,-311999.0
2020-12-30,2203543.0,39000.0,275000.0
2020-12-31,944149.0,208000.0,-55000.0
2021-01-04,3515446.0,291980.0,368999.0
2021-01-05,-87917.0,397000.0,205688.0
2021-01-06,111183.0,149000.0,-595169.0
2021-01-07,984741.0,49000.0,562000.0
2021-01-08,1026283.0,109020.0,725175.0
2021-01-11,534572.0,250090.0,-335000.0
2021-01-12,-1481319.0,863000.0,-51050.0
2021-01-13,81415.0,271000.0,588000.0
2021-01-14,-3333803.0,-24000.0,116970.0
2021-01-15,-1092103.0,122690.0,-51673.0
2021-01-18,-710680.0,84600.0,19300.0
2021-01-19,762194.0,287000.0,7000.0
2021-01-20,-793353.0,855115.0,-304840.0
2021-01-21,1951934.0,200000.0,595074.0
2021-01-22,-5417017.0,577000.0,346005.0
2021-01-25,-1251383.0,650650.0,-54000.0
2021-01-26,-2155414.0,42000.0,-771847.0
2021-01-27,-1012344.0,47000.0,388667.0
2021-01-28,-5661590.0,552000.0,-99847.0
2021-01-29,-67895.0,279000.0,-152893.0
2021-02-01,-1363854.0,360000.0,69635.0
2021-02-02,483467.0,119000.0,-287637.0
2021-02-03,-122091.0,92000.0,-266446.0
2021-02-04,-3100004.0,31000.0,38438.0
2021-02-05,-2023639.0,35115.0,528126.0
2021-02-17,-638946.0,49000.0,362108.0
2021-02-18,-208269.0,77000.0,-121804.0
2021-02-19,-615832.0,-34000.0,-25468.0
2021-02-22,-1482137.0,23000.0,55039.0
2021-02-23,408746.0,-232000.0,163975.0
2021-02-24,-1547362.0,116000.0,-167451.0
2021-02-25,9141.0,-45000.0,-220197.0
2021-02-26,-3822619.0,-149000.0,-149117.0
2021-03-02,-1486878.0,106000.0,15462.0
2021-03-03,1278087.0,97000.0,97096.0
2021-03-04,-3017848.0,88000.0,-156058.0
2021-03-05,-2464614.0,268000.0,-60357.0
2021-03-08,-2108484.0,81000.0,-59184.0
2021-03-09,-42037.0,204000.0,342685.0
2021-03-10,-2392928.0,35000.0,-75985.0
2021-03-11,922223.0,-47000.0,326995.0
2021-03-12,1101688.0,26000.0,-90777.0
2021-03-15,421661.0,62000.0,-46145.0
2021-03-16,89973.0,36500.0,121000.0
2021-03-17,-916138.0,10000.0,-159000.0
2021-03-18,-206204.0,38000.0,41204.0
2021-03-19,-1602307.0,-70673.0,-33499.0
2021-03-22,-2815142.0,-105000.0,53050.0
2021-03-23,-3292673.0,22000.0,-201998.0
2021-03-24,1820812.0,-68000.0,-46899.0
2021-03-25,4926513.0,566000.0,-35504.0
2021-03-26,-2867389.0,226000.0,364250.0
2021-03-29,-914800.0,334000.0,47355.0
2021-03-30,995017.0,295728.0,235498.0
2021-03-31,-1144684.0,232415.0,-61153.0
2021-04-01,-299728.0,369605.0,-65000.0
2021-04-06,3939735.0,368044.0,409192.0
2021-04-07,-190388.0,127000.0,178941.0
2021-04-08,-89780.0,353000.0,666851.0
2021-04-09,-264162.0,70568.0,475432.0
2021-04-12,-2430717.0,-93637.0,-423512.0
2021-04-13,-696068.0,8447.0,-87661.0
2021-04-14,126544.0,62537.0,-730312.0
2021-04-15,157854.0,8000.0,267042.0
2021-04-16,-996908.0,-79000.0,-205364.0
2021-04-19,-232651.0,-312884.0,-342444.0
2021-04-20,2789526.0,-186767.0,-12261.0
2021-04-21,288922.0,-21444.0,-309788.0
2021-04-22,340954.0,-66600.0,39573.0
2021-04-23,3498890.0,218362.0,474321.0
2021-04-26,-112800.0,167676.0,395081.0
2021-04-27,-54816.0,-83000.0,11975.0
2021-04-28,1057663.0,-554571.0,587031.0
2021-04-29,-1241493.0,-6000.0,-113100.0
2021-05-03,-1283572.0,-45200.0,-1094284.0
2021-05-04,-1523576.0,-278893.0,252673.0
2021-05-05,-2611445.0,65303.0,-287396.0
2021-05-06,1819515.0,12915.0,-763506.0
2021-05-07,-2967183.0,10182.0,136719.0
2021-05-10,-3435578.0,-756592.0,-686273.0
2021-05-11,-45802.0,-968790.0,-520861.0
2021-05-12,-1333175.0,-410968.0,-13571.0
2021-05-13,-2675257.0,70638.0,-410964.0
2021-05-14,-268613.0,258527.0,-71183.0
2021-05-17,2488907.0,694694.0,371500.0
2021-05-18,2294720.0,102000.0,371918.0
2021-05-19,-3160295.0,-21604.0,-379775.0
2021-05-20,463547.0,-18604.0,90235.0
2021-05-21,4851148.0,146000.0,24772.0
2021-05-24,-122243.0,2896.0,-121323.0
2021-05-25,174986.0,364000.0,38632.0
2021-05-26,137339.0,543000.0,-37629.0
2021-05-27,-910682.0,370198.0,-203408.0
2021-05-28,992171.0,265000.0,229930.0
2021-05-31,1200223.0,9204.0,206330.0
2021-06-01,-931443.0,-335200.0,-25699.0
2021-06-02,-1161845.0,-136086.0,36553.0
2021-06-03,1313603.0,-5206.0,50588.0
2021-06-04,-329234.0,-72100.0,-17584.0
2021-06-07,-197394.0,-91113.0,-110594.0
2021-06-08,-705159.0,45000.0,19789.0
2021-06-09,551883.0,105000.0,-21448.0
2021-06-10,2252005.0,402000.0,222304.0
2021-06-11,-1811208.0,-35000.0,-37874.0
2021-06-15,972347.0,-16000.0,91518.0
2021-06-16,1800154.0,-88797.0,187607.0
2021-06-17,-647041.0,-54000.0,-10353.0
2021-06-18,-451357.0,-406000.0,62148.0
2021-06-21,-2317656.0,-1076900.0,-223469.0
2021-06-22,-1854562.0,-1709000.0,69905.0
2021-06-23,-242691.0,-73000.0,910149.0
2021-06-24,65763.0,-109000.0,15173.0
2021-06-25,-529728.0,-141000.0,117167.0
2021-06-28,-168243.0,-334000.0,210307.0
2021-06-29,-321720.0,-35000.0,58656.0
2021-06-30,2725388.0,-362280.0,603992.0
2021-07-01,-1535045.0,-132000.0,22356.0
2021-07-02,-1475067.0,-128000.0,267842.0
2021-07-05,-1983859.0,-129304.0,636772.0
2021-07-06,453670.0,-521000.0,-872827.0
2021-07-07,-164209.0,-730000.0,-82789.0
2021-07-08,2737.0,-346737.0,-91034.0
2021-07-09,161736.0,-7000.0,13282.0
2021-07-12,2252137.0,204000.0,-149785.0
2021-07-13,-376594.0,-116623.0,-66003.0
2021-07-14,103937.0,-104000.0,-79353.0
2021-07-15,2757671.0,-95386.0,53337.0
2021-07-16,2285403.0,-58000.0,-61756.0
2021-07-19,-3767064.0,-79000.0,-132497.0
2021-07-20,317681.0,-16000.0,-38251.0
2021-07-21,-728803.0,-62000.0,135283.0
2021-07-22,1579619.0,-28897.0,127365.0
2021-07-23,1798581.0,-20000.0,92945.0
2021-07-26,-450044.0,-52000.0,-24693.0
2021-07-27,2021804.0,-51000.0,294559.0
2021-07-28,-7588245.0,-469617.0,-88872.0
2021-07-29,4565403.0,-482787.0,-72635.0
2021-07-30,-1290694.0,-480626.0,-178955.0
2021-08-02,2268804.0,-308214.0,147455.0
2021-08-03,624649.0,-76449.0,-118137.0
2021-08-04,3139143.0,-315060.0,37255.0
2021-08-05,2467892.0,-7516.0,3192.0
2021-08-06,-1021466.0,-150000.0,-132378.0
2021-08-09,-717510.0,16000.0,-226543.0
2021-08-10,-44027.0,28000.0,-126000.0
2021-08-11,-900209.0,19000.0,-51706.0
2021-08-12,-1340596.0,66000.0,-3827.0
2021-08-13,582541.0,144000.0,-3461.0
2021-08-16,106573.0,-30000.0,-50090.0
2021-08-17,-2105296.0,113000.0,-56725.0
2021-08-18,261999.0,215000.0,42244.0
2021-08-19,-897697.0,86000.0,-148445.0
2021-08-20,-1634766.0,48375.0,-14258.0
2021-08-23,1923373.0,-51000.0,-26900.0
2021-08-24,292157.0,-18000.0,-89880.0
2021-08-25,765590.0,-222777.0,18684.0
2021-08-26,-2237456.0,-439000.0,-46711.0
2021-08-27,1451815.0,-220000.0,97056.0
2021-08-30,2179432.0,-69000.0,-14947.0
2021-08-31,-475084.0,-266000.0,-115526.0
2021-09-01,6137165.0,-191000.0,-109549.0
2021-09-02,3080240.0,-200494.0,-174204.0
2021-09-03,-1233075.0,-68254.0,79684.0
2021-09-06,302055.0,-656766.0,-132614.0
2021-09-07,759610.0,-96416.0,-13822.0
2021-09-08,1574850.0,14000.0,-116889.0
2021-09-09,-736637.0,-41000.0,-29726.0
2021-09-10,2998806.0,-54000.0,2138.0
2021-09-13,1095361.0,-34000.0,-54794.0
2021-09-14,3971718.0,-8000.0,-47009.0
2021-09-15,91349.0,81000.0,47454.0
2021-09-16,136776.0,-9000.0,-32163.0
2021-09-17,1867713.0,67621.0,75413.0
2021-09-22,-1234783.0,30051.0,-222793.0
2021-09-23,406774.0,-11000.0,3453.0
2021-09-24,1150706.0,12000.0,-8769.0
2021-09-27,6460330.0,1640.0,123899.0
2021-09-28,2319315.0,5643.0,-48001.0
2021-09-29,-2530479.0,92611.0,-280831.0
2021-09-30,-2416272.0,180738.0,93408.0
2021-10-01,-3034286.0,118000.0,13660.0
2021-10-04,-501389.0,163486.0,139444.0
2021-10-05,-3915913.0,199000.0,197761.0
2021-10-06,-274915.0,85000.0,-63974.0
2021-10-07,2610550.0,22000.0,87629.0
2021-10-08,1484395.0,29000.0,-67536.0
2021-10-12,-949743.0,70481.0,-93909.0
2021-10-13,-2744875.0,132481.0,5627.0
2021-10-14,-3097310.0,53481.0,-73577.0
2021-10-15,-921577.0,-519.0,76605.0
2021-10-18,1359942.0,-122317.0,109103.0
2021-10-19,2037494.0,-75864.0,153346.0
2021-10-20,940009.0,94105.0,-32854.0
2021-10-21,1509693.0,47160.0,96338.0
2021-10-22,2254304.0,208277.0,-675.0
2021-10-25,1041410.0,70000.0,41909.0
2021-10-26,1020033.0,7000.0,85470.0
2021-10-27,1698720.0,-3000.0,-220532.0
2021-10-28,175644.0,-30000.0,-164162.0
2021-10-29,-986279.0,-15000.0,-66873.0
2021-11-01,39381.0,-12000.0,63683.0
2021-11-02,537626.0,-47000.0,-3232.0
2021-11-03,981843.0,-34000.0,-14882.0
2021-11-04,275603.0,-24000.0,-29681.0
2021-11-05,1520970.0,-81000.0,34449.0
2021-11-08,4454161.0,133000.0,446621.0
2021-11-09,1483319.0,-8198.0,-104942.0
2021-11-10,-1243336.0,27000.0,78331.0
2021-11-11,199539.0,45000.0,41574.0
2021-11-12,1652434.0,16000.0,13408.0
2021-11-15,4103869.0,123000.0,253942.0
2021-11-16,573915.0,324000.0,267158.0
2021-11-17,-1031206.0,702000.0,134475.0
2021-11-18,2077421.0,288000.0,288435.0
2021-11-19,676421.0,195117.0,34587.0
2021-11-22,31861.0,108000.0,86700.0
2021-11-23,-75726.0,71000.0,-118616.0
2021-11-24,-293836.0,19000.0,76508.0
2021-11-25,-71023.0,21000.0,-58886.0
2021-11-26,-294999.0,-35000.0,-287958.0
2021-11-29,925486.0,-25301.0,83500.0
2021-11-30,-418589.0,-101000.0,48101.0
2021-12-01,1919515.0,13000.0,71969.0
2021-12-02,2204217.0,107000.0,-549270.0
2021-12-03,-381536.0,500000.0,-20474.0
2021-12-06,-295583.0,2000.0,-94885.0
2021-12-07,-1274712.0,49000.0,70547.0
2021-12-08,3146498.0,-9000.0,52107.0
2021-12-09,-116433.0,104203.0,-38177.0
2021-12-10,-492224.0,-11000.0,11163.0
2021-12-13,670280.0,20000.0,-75904.0
2021-12-14,843094.0,339565.0,-146205.0
2021-12-15,81608.0,14000.0,-46674.0
2021-12-16,853447.0,1100.0,171965.0
2021-12-17,-332989.0,-66000.0,31641.0
2021-12-20,-748505.0,-33554.0,-95820.0
2021-12-21,1077817.0,-20352.0,-70223.0
2021-12-22,60489.0,-24914.0,999.0
2021-12-23,419852.0,-71900.0,91493.0
2021-12-24,1259997.0,-29335.0,345999.0
2021-12-27,-94775.0,186833.0,526202.0
2021-12-28,283978.0,188000.0,-103986.0
2021-12-29,233042.0,248639.0,51622.0
2021-12-30,605314.0,100136.0,-45679.0
2022-01-03,152904.0,12283.0,109154.0
2022-01-04,1984186.0,-64074.0,20230.0
2022-01-05,1324800.0,107658.0,-138280.0
2022-01-06,-1683598.0,35478.0,189673.0
2022-01-07,785938.0,-136643.0,-29546.0
2022-01-10,-2138843.0,67439.0,76432.0
2022-01-11,-298024.0,14880.0,-47925.0
2022-01-12,-158472.0,14239.0,-1645.0
2022-01-13,428487.0,38348.0,-5667.0
2022-01-14,-904227.0,80914.0,-230430.0
2022-01-17,63774.0,-102877.0,199000.0
2022-01-18,185415.0,268099.0,202266.0
2022-01-19,712385.0,33497.0,-578282.0
2022-01-20,-307811.0,-118774.0,9367.0
2022-01-21,-639854.0,109000.0,25668.0
2022-01-24,-647413.0,457000.0,-96996.0
2022-01-25,-1024885.0,91425.0,-116.0
2022-01-26,-1282703.0,191114.0,332567.0
2022-02-07,2337865.0,1179805.0,59952.0
2022-02-08,2800411.0,-97000.0,-22459.0
2022-02-09,3370140.0,250792.0,-99219.0
2022-02-10,2064607.0,158000.0,-122723.0
2022-02-11,573461.0,32000.0,-82810.0
2022-02-14,-1095843.0,9162.0,-96627.0
2022-02-15,-301400.0,62000.0,5555.0
2022-02-16,216784.0,103000.0,-27170.0
2022-02-17,1025729.0,-66000.0,23463.0
2022-02-18,441549.0,68164.0,27120.0
2022-02-21,-16905.0,10697.0,398987.0
2022-02-22,-1504095.0,268370.0,-331766.0
2022-02-23,167945.0,-28950.0,-47800.0
2022-02-24,-2038872.0,199652.0,-108934.0
2022-02-25,-603767.0,226902.0,-73078.0
2022-03-01,178785.0,75000.0,101849.0
2022-03-02,-1211931.0,-91983.0,140448.0
2022-03-03,-968086.0,-326000.0,37564.0
2022-03-04,-1715546.0,-677763.0,-132263.0
2022-03-07,-2739920.0,409709.0,-130533.0
2022-03-08,-1584952.0,343000.0,-10669.0
2022-03-09,-1720454.0,78000.0,55608.0
2022-03-10,13339.0,61000.0,30941.0
2022-03-11,-2136737.0,-223000.0,-57314.0
2022-03-14,-2598572.0,-168500.0,5462.0
2022-03-15,-2977764.0,-244000.0,-66779.0
2022-03-16,-2084138.0,-58000.0,-51987.0
2022-03-17,1270060.0,23000.0,222823.0
2022-03-18,101555.0,-71000.0,-187926.0
2022-03-21,527245.0,-231000.0,-115924.0
2022-03-22,-671547.0,-62000.0,65990.0
2022-03-23,-341917.0,1000.0,168110.0
2022-03-24,265941.0,-84000.0,-1253.0
2022-03-25,-246619.0,-124000.0,-92777.0
2022-03-28,-723064.0,31000.0,29367.0
2022-03-29,-6849111.0,-330570.0,-54154.0
2022-03-30,-3202237.0,-745000.0,335284.0
2022-03-31,-2813604.0,121000.0,-14759.0
2022-04-01,-4405231.0,331000.0,-83078.0
2022-04-06,-2834642.0,149000.0,114451.0
2022-04-07,-6178326.0,226000.0,-121683.0
2022-04-08,-5493983.0,376000.0,132238.0
2022-04-11,-2205747.0,343000.0,-100959.0
2022-04-12,-2505655.0,-7000.0,150352.0
2022-04-13,436050.0,2000.0,123411.0
2022-04-14,-2479727.0,18000.0,-60358.0
2022-04-15,-3877428.0,175000.0,-369042.0
2022-04-18,-429140.0,98000.0,7623.0
2022-04-19,-1039294.0,16000.0,-11813.0
2022-04-20,-1327487.0,658000.0,-21635.0
2022-04-21,-19376.0,850000.0,14980.0
2022-04-22,-2376712.0,531000.0,59115.0
2022-04-25,-2803905.0,560300.0,-103786.0
2022-04-26,-3229460.0,462000.0,-23450.0
2022-04-27,-2799878.0,214000.0,-133942.0
2022-04-28,-1722007.0,12999.0,125416.0
2022-04-29,-579618.0,-341700.0,-175379.0
2022-05-03,-1486061.0,52000.0,-69891.0
2022-05-04,128530.0,-418000.0,37076.0
2022-05-05,-548226.0,12676.0,139254.0
2022-05-06,-1198935.0,52000.0,-59676.0
2022-05-09,-1423092.0,17000.0,-90050.0
2022-05-10,-1412384.0,-181000.0,87771.0
2022-05-11,122281.0,-130000.0,66887.0
2022-05-12,-294943.0,-223000.0,-99406.0
2022-05-13,544303.0,31000.0,298001.0
2022-05-16,-1134914.0,10270.0,58049.0
2022-05-17,253080.0,-15000.0,111857.0
2022-05-18,1092251.0,70000.0,-79737.0
2022-05-19,-163202.0,-64000.0,-73371.0
2022-05-20,97639.0,-1000.0,-80413.0
2022-05-23,405995.0,-23000.0,22101.0
2022-05-24,-350296.0,9000.0,-31383.0
2022-05-25,611176.0,53000.0,185055.0
2022-05-26,-1018527.0,-38000.0,200079.0
2022-05-27,946627.0,50000.0,222585.0
2022-05-30,2078503.0,36000.0,195333.0
2022-05-31,2091701.0,786632.0,75172.0
2022-06-01,-73073.0,23000.0,56175.0
2022-06-02,45398.0,193500.0,32302.0
2022-06-06,-1315524.0,85000.0,695040.0
2022-06-07,-2924032.0,4000.0,616183.0
2022-06-08,1835072.0,93500.0,810880.0
2022-06-09,-2005410.0,57000.0,441129.0
2022-06-10,-1105000.0,7000.0,1109352.0
2022-06-13,-4830304.0,12000.0,1207260.0
2022-06-14,-2730969.0,9000.0,1083513.0
2022-06-15,-1860935.0,28961.0,860169.0
2022-06-16,-703586.0,280000.0,-81169.0
2022-06-17,-5802707.0,1457000.0,-137083.0
2022-06-20,-2007268.0,1479000.0,277472.0
2022-06-21,-1786859.0,1493000.0,842784.0
2022-06-22,-6454811.0,1276000.0,1442289.0
2022-06-23,-972426.0,-162843.0,-2277731.0
2022-06-24,-3190406.0,-217000.0,-55816.0
2022-06-27,-171043.0,30000.0,-446264.0
2022-06-28,-2078602.0,-38000.0,-652888.0
2022-06-29,-203487.0,-299000.0,-51312.0
2022-06-30,-842510.0,-164000.0,-214195.0
2022-07-01,-1194518.0,26000.0,-159042.0
2022-07-04,-900739.0,-123000.0,278553.0
2022-07-05,-701904.0,-291000.0,184700.0
2022-07-06,-401.0,-64000.0,-15697.0
2022-07-07,1377460.0,110000.0,142127.0
2022-07-08,2152201.0,113000.0,-210750.0
2022-07-11,-86970.0,49000.0,-87921.0
2022-07-12,348470.0,-22000.0,-156049.0
2022-07-13,-551983.0,232000.0,243463.0
2022-07-14,522807.0,143000.0,94943.0
2022-07-15,-266778.0,-42964.0,126725.0
2022-07-18,1123407.0,-329000.0,47235.0
2022-07-19,815867.0,-315500.0,-93176.0
2022-07-20,1379983.0,-191000.0,-589416.0
2022-07-21,3077693.0,-100000.0,138202.0
2022-07-22,-1275439.0,418000.0,-285342.0
2022-07-25,-1279397.0,33314.0,55681.0
2022-07-26,-49102.0,71000.0,-108350.0
2022-07-27,-4936.0,-94000.0,42256.0
2022-07-28,927814.0,45018.0,-56955.0
2022-07-29,660757.0,81650.0,-33255.0
2022-08-01,928507.0,236000.0,185706.0
2022-08-02,-2451842.0,166000.0,-95565.0
2022-08-03,80211.0,89818.0,41427.0
2022-08-04,-115173.0,99414.0,73018.0
2022-08-05,3470767.0,125000.0,107404.0
2022-08-08,-409632.0,70192.0,-10687.0
2022-08-09,-1614869.0,-173699.0,192965.0
2022-08-10,-3446726.0,26000.0,-42092.0
2022-08-11,-1899951.0,-208404.0,44387.0
2022-08-12,1169185.0,-77807.0,67886.0
2022-08-15,1117328.0,330000.0,225320.0
2022-08-16,390396.0,733350.0,121676.0
2022-08-17,-492730.0,46000.0,399204.0
2022-08-18,-213795.0,-56000.0,43709.0
2022-08-19,-1890439.0,-7000.0,88602.0
2022-08-22,-2378397.0,-107600.0,62721.0
2022-08-23,-155523.0,-20000.0,44185.0
2022-08-24,-1581048.0,23000.0,14872.0
2022-08-25,-565836.0,-18403.0,157845.0
2022-08-26,391706.0,29000.0,31579.0
2022-08-29,-2161104.0,30000.0,-64235.0
2022-08-30,-1382863.0,18800.0,4483.0
2022-08-31,823826.0,-7000.0,64901.0
2022-09-01,-2903783.0,36000.0,-358902.0
2022-09-02,-4071568.0,-362000.0,66116.0
2022-09-05,1414343.0,-24000.0,166965.0
2022-09-06,-377633.0,210000.0,6621.0
2022-09-07,-662121.0,30000.0,-127529.0
2022-09-08,-291996.0,72000.0,48510.0
2022-09-12,-599662.0,13000.0,187213.0
2022-09-13,-569019.0,-160000.0,17550.0
2022-09-14,-776627.0,-57963.0,-36377.0
2022-09-15,-384015.0,132000.0,-52201.0
2022-09-16,-3426822.0,484234.0,34.0
2022-09-19,169284.0,421000.0,13959.0
2022-09-20,-895406.0,360000.0,89505.0
2022-09-21,-497671.0,291000.0,198874.0
2022-09-22,-2221342.0,331000.0,50370.0
2022-09-23,-622594.0,-70000.0,99224.0
2022-09-26,-473758.0,2000.0,398682.0
2022-09-27,-843368.0,42000.0,210644.0
2022-09-28,156738.0,31000.0,202880.0
2022-09-29,-89626.0,-297000.0,312969.0
2022-09-30,1295535.0,25000.0,223293.0
2022-10-03,-785274.0,35000.0,141031.0
2022-10-04,1071893.0,44000.0,369690.0
2022-10-05,2311148.0,75700.0,67439.0
2022-10-06,-1997.0,11162.0,28110.0
2022-10-07,-693553.0,81762.0,3026.0
2022-10-11,1721068.0,64612.0,67595.0
2022-10-12,-929038.0,34000.0,177400.0
2022-10-13,367301.0,25000.0,68450.0
2022-10-14,1154445.0,70700.0,486742.0
2022-10-17,342844.0,122162.0,52064.0
2022-10-18,44021.0,-49000.0,318169.0
2022-10-19,297439.0,-10000.0,337295.0
2022-10-20,-256096.0,-118410.0,193666.0
2022-10-21,387502.0,45000.0,149260.0
2022-10-24,2010727.0,28161.0,197883.0
2022-10-25,-1240755.0,70000.0,39264.0
2022-10-26,1000763.0,67000.0,395761.0
2022-10-27,1384983.0,14000.0,-372970.0
2022-10-28,-1457575.0,-37426.0,-81761.0
2022-10-31,1871150.0,838072.0,796160.0
2022-11-01,-831184.0,979592.0,88065.0
2022-11-02,-393915.0,255582.0,101571.0
2022-11-03,-611310.0,84608.0,11041.0
2022-11-04,-685503.0,37288.0,9939.0
2022-11-07,1119064.0,233900.0,240035.0
2022-11-08,-56270.0,453000.0,-35705.0
2022-11-09,1078494.0,630265.0,106477.0
2022-11-10,2232533.0,303200.0,-410652.0
2022-11-11,4191434.0,1206700.0,-412114.0
2022-11-14,1705140.0,64000.0,-481253.0
2022-11-15,4063324.0,160193.0,-392014.0
2022-11-16,2413120.0,147843.0,-560293.0
2022-11-17,216415.0,29180.0,-194937.0
2022-11-18,-149209.0,72680.0,-554025.0
2022-11-21,-315892.0,-208000.0,-37032.0
2022-11-22,-745811.0,-268000.0,-55670.0
2022-11-23,-195702.0,-10000.0,6729.0
2022-11-24,1674969.0,828000.0,33913.0
2022-11-25,-1166678.0,666000.0,-295914.0
2022-11-28,-2247191.0,759852.0,-145919.0
2022-11-29,-265900.0,722023.0,26500.0
2022-11-30,1632773.0,1121004.0,-549979.0
2022-12-01,592071.0,748000.0,-544754.0
2022-12-02,-274475.0,553047.0,-137534.0
2022-12-05,-205592.0,313000.0,-130850.0
2022-12-06,-1133701.0,-39977.0,-74763.0
2022-12-07,-1064474.0,-82000.0,221738.0
2022-12-08,-919607.0,680.0,-176470.0
2022-12-09,952173.0,-15000.0,-5735.0
2022-12-12,-1590919.0,-129977.0,-239267.0
2022-12-13,-370706.0,-66161.0,-15100.0
2022-12-14,437741.0,-28620.0,93567.0
2022-12-15,-5427799.0,-397274.0,-88378.0
2022-12-16,112339.0,-1376495.0,141344.0
2022-12-19,-83095.0,-660000.0,12049.0
2022-12-20,-366517.0,-541321.0,-51767.0
2022-12-21,1129289.0,-536000.0,-250366.0
2022-12-22,718392.0,-460000.0,-26588.0
2022-12-23,28903.0,59000.0,-105334.0
2022-12-26,-471936.0,18678.0,-17041.0
2022-12-27,398682.0,-259618.0,-33015.0
2022-12-28,-2717256.0,-832000.0,-491873.0
2022-12-29,-553178.0,35000.0,191513.0
2022-12-30,-300180.0,21000.0,-13100.0
2023-01-03,620280.0,128000.0,215152.0
2023-01-04,-489295.0,85000.0,-72298.0
2023-01-05,-1406055.0,24000.0,9661.0
2023-01-06,1900842.0,-115000.0,159105.0
2023-01-09,23794.0,131062.0,72113.0
2023-01-10,2058705.0,38486.0,-23441.0
2023-01-11,565786.0,95000.0,81048.0
2023-01-12,993207.0,-301000.0,51788.0
2023-01-13,-90807.0,130000.0,-31910.0
2023-01-16,850712.0,-126963.0,172224.0
2023-01-17,-1071160.0,-358980.0,64745.0
2023-01-30,2507737.0,206361.0,276526.0
2023-01-31,-1141416.0,50000.0,88030.0
2023-02-01,-278338.0,-406000.0,-32901.0
2023-02-02,2156851.0,164963.0,-22009.0
2023-02-03,1960413.0,171000.0,-43983.0
2023-02-06,-1217907.0,-18000.0,-8774.0
2023-02-07,-2709500.0,45000.0,99936.0
2023-02-08,2313217.0,8000.0,177800.0
2023-02-09,881851.0,-60000.0,-18173.0
2023-02-10,-303607.0,73000.0,-44500.0
2023-02-13,52209.0,28020.0,-29361.0
2023-02-14,-19914.0,1000.0,20517.0
2023-02-15,-1683276.0,-120000.0,223919.0
2023-02-16,-672979.0,-337150.0,88941.0
2023-02-17,778992.0,6064.0,-65443.0
2023-02-20,361302.0,-160000.0,-67607.0
2023-02-21,-622880.0,-10000.0,-87577.0
2023-02-22,-1015084.0,69000.0,-30310.0
2023-02-23,2769244.0,-2000.0,262473.0
2023-02-24,-558575.0,44067.0,17169.0
2023-03-01,2379858.0,484000.0,413192.0
2023-03-02,-1460704.0,679069.0,129601.0
2023-03-03,-1472408.0,161000.0,-37002.0
2023-03-06,1176026.0,130021.0,397246.0
2023-03-07,-210505.0,67021.0,72471.0
2023-03-08,-4847907.0,452000.0,33807.0
2023-03-09,-398710.0,-174979.0,33841.0
2023-03-10,-1378907.0,100000.0,798.0
2023-03-13,-105808.0,387072.0,-41338.0
2023-03-14,-223104.0,279000.0,-68820.0
2023-03-15,-1158308.0,343000.0,-45662.0
2023-03-16,-173724.0,52000.0,62330.0
2023-03-17,567640.0,236246.0,-79465.0
2023-03-20,-540466.0,382000.0,8774.0
2023-03-21,-1369053.0,100000.0,25702.0
2023-03-22,1372274.0,-1056.0,75012.0
2023-03-23,1281597.0,-358.0,-31885.0
2023-03-24,191860.0,143253.0,-89871.0
2023-03-27,-209257.0,211000.0,-67689.0
2023-03-28,-1194766.0,-10312.0,-95482.0
2023-03-29,-12289.0,78672.0,-44243.0
2023-03-30,791833.0,-112017.0,51398.0
2023-03-31,1191190.0,27000.0,69851.0
2023-04-06,-5401510.0,-68000.0,-82084.0
2023-04-07,-1311575.0,-363000.0,82760.0
2023-04-10,-1948162.0,-260270.0,-43833.0
2023-04-11,-115521.0,-119000.0,39696.0
2023-04-12,-27707.0,-144899.0,-90366.0
2023-04-13,26916.0,-158000.0,-366798.0
2023-04-14,-71525.0,-299000.0,-129499.0
2023-04-17,-5997636.0,-247000.0,94044.0
2023-04-18,-6249637.0,-789500.0,113665.0
2023-04-19,-3406780.0,-365020.0,277251.0
2023-04-20,-2493020.0,-92334.0,542262.0
2023-04-21,-2192223.0,-9905.0,-51929.0
2023-04-24,164396.0,-63000.0,90712.0
2023-04-25,-3231269.0,-25000.0,97134.0
2023-04-26,-2458707.0,244000.0,597838.0
2023-04-27,202713.0,-2000.0,100785.0
2023-04-28,-1444485.0,667000.0,-41942.0
2023-05-02,-566811.0,-31650.0,596240.0
2023-05-03,586100.0,6756.0,506361.0
2023-05-04,-3174696.0,53798.0,750096.0
2023-05-05,-551424.0,-136128.0,425394.0
2023-05-08,-252421.0,-71270.0,366737.0
2023-05-09,85055.0,-11307.0,180670.0
2023-05-10,-1831689.0,39344.0,635718.0
2023-05-11,-451149.0,44553.0,566203.0
2023-05-12,-1813019.0,-58792.0,771228.0
2023-05-15,-132210.0,116250.0,308244.0
2023-05-16,-416583.0,-286071.0,212800.0
2023-05-17,-2644118.0,19004.0,3120417.0
2023-05-18,-966724.0,22377.0,619785.0
2023-05-19,780958.0,2963.0,316956.0
2023-05-22,591702.0,101048.0,63000.0
2023-05-23,677789.0,479000.0,309185.0
2023-05-24,-1697489.0,505072.0,84023.0
2023-05-25,-1324018.0,548000.0,168655.0
2023-05-26,391882.0,359000.0,689815.0
2023-05-29,99550.0,423976.0,47601.0
2023-05-30,3012759.0,376177.0,243537.0
2023-05-31,-671917.0,596897.0,331119.0
2023-06-01,-1241730.0,122977.0,5117.0
2023-06-02,23089.0,326423.0,185333.0
2023-06-05,1195144.0,39103.0,309452.0
2023-06-06,-1183745.0,12985.0,220605.0
2023-06-07,1478776.0,-16803.0,322702.0
2023-06-08,607697.0,25716.0,633550.0
2023-06-09,-2063024.0,64880.0,597446.0
2023-06-12,-922390.0,-40000.0,470262.0
2023-06-13,1635003.0,-34095.0,988061.0
2023-06-14,516227.0,6953.0,823749.0
2023-06-15,-3074111.0,-2047.0,1414532.0
2023-06-16,-5208167.0,430094.0,971245.0
2023-06-19,1957490.0,1759699.0,2729913.0
2023-06-20,-2522104.0,-334488.0,-6411777.0
2023-06-21,5557946.0,330526.0,-7463603.0
2023-06-26,-1782116.0,321000.0,-80126.0
2023-06-27,-938361.0,-30763.0,223641.0
2023-06-28,1550841.0,-78484.0,144417.0
2023-06-29,470125.0,-22299.0,-20815.0
2023-06-30,-1562656.0,-63506.0,-90787.0
2023-07-03,71598.0,-144859.0,97786.0
2023-07-04,508498.0,-82514.0,93847.0
2023-07-05,-772513.0,-66000.0,-163427.0
2023-07-06,-1266341.0,-68000.0,-14675.0
2023-07-07,-1913906.0,-27442.0,-111504.0
2023-07-10,-2052911.0,20000.0,-147585.0
2023-07-11,165387.0,-48691.0,92468.0
2023-07-12,-406633.0,-30470.0,-145459.0
2023-07-13,-830657.0,-191327.0,-43300.0
2023-07-14,1189989.0,-66487.0,-107300.0
2023-07-17,-1893676.0,-48048.0,-347765.0
2023-07-18,-1288177.0,-81533.0,109027.0
2023-07-19,3259565.0,-59597.0,-896661.0
2023-07-20,-1243362.0,46000.0,-127137.0
2023-07-21,-4204722.0,66000.0,-153359.0
2023-07-24,-889841.0,-143425.0,-152578.0
2023-07-25,-2884519.0,-96675.0,-166272.0
2023-07-26,-2061025.0,-22570.0,-50483.0
2023-07-27,-192653.0,-12253.0,32811.0
2023-07-28,-994113.0,49267.0,-137719.0
2023-07-31,7969566.0,211709.0,76127.0
2023-08-01,5005768.0,705000.0,152306.0
2023-08-02,1678546.0,338000.0,-461076.0
2023-08-04,303427.0,57741.0,-393819.0
2023-08-07,50648.0,167300.0,-78693.0
2023-08-08,-1638769.0,236796.0,-199240.0
2023-08-09,590256.0,213913.0,35149.0
2023-08-10,-467311.0,293342.0,-58038.0
2023-08-11,-1955473.0,151000.0,-140565.0
2023-08-14,-995892.0,409529.0,-56993.0
2023-08-15,297282.0,69000.0,566.0
2023-08-16,990261.0,348997.0,-216579.0
2023-08-17,-2643511.0,134421.0,20979.0
2023-08-18,-356575.0,60384.0,93403.0
2023-08-21,-661584.0,114128.0,-77963.0
2023-08-22,-306758.0,73474.0,-197950.0
2023-08-23,-235223.0,33000.0,-37175.0
2023-08-24,2825704.0,32000.0,31908.0
2023-08-25,1929904.0,-78594.0,-86100.0
2023-08-28,2374753.0,-88094.0,93993.0
2023-08-29,2557219.0,-223000.0,-13135.0
2023-08-30,-312868.0,5333.0,-472.0
2023-08-31,442205.0,88081.0,18101.0
2023-09-01,1333600.0,105401.0,56851.0
2023-09-04,-6411.0,242717.0,-42500.0
2023-09-05,1856177.0,140867.0,169545.0
2023-09-06,-160860.0,37206.0,-99754.0
2023-09-07,651874.0,328775.0,20876.0
2023-09-08,-2028207.0,598453.0,-6536.0
2023-09-11,-67988.0,424821.0,-49001.0
2023-09-12,2542324.0,728000.0,284019.0
2023-09-13,474181.0,1354528.0,-17485.0
2023-09-14,567986.0,340000.0,67751.0
2023-09-15,8124636.0,495382.0,326368.0
2023-09-18,2183850.0,545927.0,-37502.0
2023-09-19,-41069.0,576134.0,-233446.0
2023-09-20,-175951.0,254222.0,-159374.0
2023-09-21,-935621.0,180612.0,82258.0
2023-09-22,-2035311.0,444289.0,161552.0
2023-09-25,500292.0,-5091.0,-2317.0
2023-09-26,-1539672.0,246967.0,-64738.0
2023-09-27,-57531.0,-232751.0,30393.0
2023-09-28,-130734.0,398000.0,-64672.0
2023-10-02,-448308.0,433556.0,90885.0
2023-10-03,2390444.0,894931.0,388846.0
2023-10-04,-17121.0,474871.0,-125928.0
2023-10-05,936963.0,255904.0,51358.0
2023-10-06,524284.0,128626.0,-98934.0
2023-10-11,3246497.0,192379.0,505810.0
2023-10-12,277363.0,191176.0,-204918.0
2023-10-13,3184224.0,649490.0,190674.0
2023-10-16,-292146.0,589163.0,6401.0
2023-10-17,206933.0,-268090.0,299363.0
2023-10-18,-1288920.0,520464.0,517242.0
2023-10-19,1297645.0,1085477.0,136205.0
2023-10-20,285267.0,578717.0,-12871.0
2023-10-23,968268.0,128176.0,87765.0
2023-10-24,-375407.0,66645.0,5155.0
2023-10-25,239758.0,588176.0,562272.0
2023-10-26,238921.0,447986.0,-158355.0
2023-10-27,-2810087.0,-332274.0,417425.0
2023-10-30,4715346.0,1207389.0,166072.0
2023-10-31,-1205083.0,1485750.0,153480.0
2023-11-01,13765.0,733278.0,223131.0
2023-11-02,-813089.0,498638.0,315937.0
2023-11-03,312181.0,60000.0,-321321.0
2023-11-06,127519.0,405688.0,-38719.0
2023-11-07,385684.0,149785.0,-127199.0
2023-11-08,1960275.0,176632.0,65046.0
2023-11-09,-1189041.0,-120840.0,39982.0
2023-11-10,-1716369.0,-60829.0,-284.0
2023-11-13,1963971.0,290638.0,-37988.0
2023-11-14,-653941.0,20448.0,39845.0
2023-11-15,1153598.0,-447620.0,-256916.0
2023-11-16,614213.0,-152876.0,-110420.0
2023-11-17,1034580.0,-214963.0,-181240.0
2023-11-20,1238000.0,-24426.0,-11405.0
2023-11-21,2606699.0,171588.0,-94279.0
2023-11-22,963499.0,410499.0,-67612.0
2023-11-23,-601405.0,-207565.0,-249790.0
2023-11-24,208703.0,295376.0,94674.0
2023-11-27,-410258.0,76917.0,-99823.0
2023-11-28,801219.0,-203000.0,197829.0
2023-11-29,1843572.0,-327184.0,-98379.0
2023-11-30,189690.0,-348315.0,-96007.0
2023-12-01,935206.0,-391184.0,-62110.0
2023-12-04,-107395.0,-454558.0,72669.0
2023-12-05,-117015.0,59500.0,41090.0
2023-12-06,-125443.0,216153.0,41007.0
2023-12-07,212613.0,193513.0,-5496.0
2023-12-08,982239.0,123613.0,-154608.0
2023-12-11,-546559.0,-265409.0,-12304.0
2023-12-12,-227153.0,135685.0,11960.0
2023-12-13,1963710.0,577592.0,45960.0
2023-12-14,-407734.0,131386.0,-17592.0
2023-12-15,1790919.0,-427766.0,45366.0
2023-12-18,-488003.0,-197636.0,-242395.0
2023-12-19,809866.0,-179691.0,-307889.0
2023-12-20,-393205.0,-367528.0,-336130.0
2023-12-21,-169912.0,-235906.0,139776.0
2023-12-22,642213.0,317699.0,55296.0
2023-12-25,-548012.0,227747.0,127076.0
2023-12-26,796028.0,242647.0,-76464.0
2023-12-27,3049615.0,124056.0,-413199.0
2023-12-28,109466.0,-190173.0,-393347.0
2023-12-29,-1775850.0,675552.0,126482.0
2024-01-02,-3523359.0,-690612.0,602023.0
2024-01-03,-1776310.0,435094.0,32948.0
2024-01-04,226477.0,-270275.0,-873938.0
2024-01-05,-1235118.0,23209.0,-130706.0
2024-01-08,601782.0,-375831.0,41381.0
2024-01-09,1593234.0,-108587.0,-14757.0
2024-01-10,417954.0,33085.0,299636.0
2024-01-11,-2973960.0,5600.0,232113.0
2024-01-12,75062.0,-265581.0,-242271.0
2024-01-15,-664411.0,266630.0,-13833.0
2024-01-16,-2786350.0,-1008784.0,97682.0
2024-01-17,-981085.0,-219133.0,-189331.0
2024-01-18,1746969.0,-76189.0,17417.0
2024-01-19,417973.0,-19000.0,-285250.0
2024-01-22,1043327.0,-797302.0,-8105.0
2024-01-23,-1312988.0,-371735.0,184944.0
2024-01-24,3261735.0,-151418.0,368732.0
2024-01-25,-22093.0,-29616.0,363263.0
2024-01-26,-626499.0,-151909.0,135828.0
2024-01-29,-1459346.0,-112623.0,206199.0
2024-01-30,1200001.0,238495.0,667426.0
2024-01-31,15040.0,-139979.0,235076.0
2024-02-01,-1743188.0,-920393.0,-1429829.0
2024-02-02,37107.0,-454716.0,-208887.0
2024-02-05,762570.0,-315204.0,-288581.0
2024-02-15,5734493.0,-64156.0,-604220.0
2024-02-16,207215.0,-153444.0,8660.0
2024-02-19,-540295.0,-166036.0,50356.0
2024-02-20,2389977.0,-388216.0,217377.0
2024-02-21,-695809.0,-8305.0,-5965.0
2024-02-22,5929298.0,-96990.0,281638.0
2024-02-23,10482587.0,278544.0,-15701.0
2024-02-26,934633.0,721887.0,561689.0
2024-02-27,736332.0,907662.0,-25177.0
2024-02-29,721563.0,383215.0,-45493.0
2024-03-01,2972702.0,101729.0,-229085.0
2024-03-04,4593289.0,319089.0,206443.0
2024-03-05,574094.0,250498.0,143229.0
2024-03-06,1740374.0,237988.0,159147.0
2024-03-07,1927149.0,1389263.0,16219.0
2024-03-08,3494063.0,495980.0,-505358.0
2024-03-11,964134.0,45000.0,-92652.0
2024-03-12,-30278.0,134022.0,205333.0
2024-03-13,458798.0,550830.0,-171473.0
2024-03-14,-1510288.0,324706.0,15428.0
2024-03-15,248031.0,-393758.0,-57484.0
2024-03-18,-395547.0,665783.0,490692.0
2024-03-19,-3498434.0,2780337.0,-87747.0
2024-03-20,-1093448.0,483518.0,-232890.0
2024-03-21,-678514.0,322235.0,140446.0
2024-03-22,-326592.0,17225.0,-112029.0
2024-03-25,81726.0,180162.0,55528.0
2024-03-26,-1039425.0,292382.0,83877.0
2024-03-27,-229398.0,480632.0,-34960.0
2024-03-28,-2341374.0,1020209.0,313134.0
2024-03-29,-808085.0,3351383.0,-165778.0
2024-04-01,-319664.0,-57164.0,155903.0
2024-04-02,-307125.0,308744.0,48931.0
2024-04-03,-265468.0,140441.0,57268.0
2024-04-08,-1015268.0,197968.0,51055.0
2024-04-09,-287784.0,-7377.0,119330.0
2024-04-10,785903.0,7763.0,208443.0
2024-04-11,-666330.0,354000.0,104128.0
2024-04-12,-801987.0,18986.0,-152973.0
2024-04-15,-3033847.0,-96019.0,65439.0
2024-04-16,-1665057.0,-75369.0,5840.0
2024-04-17,-2218124.0,-626289.0,28471.0
2024-04-18,378362.0,-579589.0,125999.0
2024-04-19,-1696326.0,-776805.0,-266849.0
2024-04-22,-1084843.0,-66500.0,221400.0
2024-04-23,-864599.0,-193000.0,204587.0
2024-04-24,240020.0,-24659.0,197331.0
2024-04-25,-949549.0,-142000.0,60147.0
2024-04-26,2298163.0,-473000.0,221683.0
2024-04-29,-1085579.0,-26000.0,-174412.0
2024-04-30,-1557706.0,86981.0,101166.0
2024-05-02,232013.0,352345.0,-11642.0
2024-05-03,1713120.0,99644.0,2158.0
2024-05-06,-316211.0,-18018.0,-93821.0
2024-05-07,-184535.0,370642.0,-10421.0
2024-05-08,1252463.0,683362.0,29452.0
2024-05-09,760922.0,423490.0,-59856.0
2024-05-10,75442.0,618268.0,2503.0
2024-05-13,436512.0,554337.0,-67714.0
2024-05-14,1271134.0,1068812.0,88941.0
2024-05-15,1046382.0,77534.0,-96805.0
2024-05-16,4546748.0,52693.0,178646.0
2024-05-17,-947593.0,192342.0,310499.0
2024-05-20,1313223.0,894515.0,179331.0
2024-05-21,-2528.0,139881.0,-38241.0
2024-05-22,85305.0,108113.0,29588.0
2024-05-23,2191729.0,482469.0,149569.0
2024-05-24,162556.0,86057.0,-15148.0
2024-05-27,3870664.0,482559.0,7045.0
2024-05-28,96334.0,828654.0,39880.0
2024-05-29,217608.0,60154.0,-46955.0
2024-05-30,-599844.0,241000.0,-92636.0
2024-05-31,680852.0,-1920137.0,-208980.0
2024-06-03,673190.0,175000.0,-72157.0
2024-06-04,-553601.0,709174.0,-101426.0
2024-06-05,53207.0,398447.0,47136.0
2024-06-06,2424665.0,579240.0,-225188.0
2024-06-07,-688429.0,-4976.0,-86237.0
2024-06-11,-136709.0,119302.0,19818.0
2024-06-12,1432369.0,-74570.0,42594.0
2024-06-13,2392634.0,560033.0,130117.0
2024-06-14,1428671.0,-53731.0,-89910.0
2024-06-17,-457046.0,171589.0,47264.0
2024-06-18,231838.0,406868.0,104224.0
2024-06-19,1129989.0,980696.0,46095.0
2024-06-20,-61203.0,-265900.0,175841.0
2024-06-21,-35684.0,-273411.0,19025.0
2024-06-24,-2626719.0,639056.0,-157584.0
2024-06-25,-439978.0,-273000.0,16394.0
2024-06-26,20198.0,-69000.0,45552.0
2024-06-27,-258776.0,-104500.0,-24199.0
2024-06-28,-88379.0,-486722.0,169557.0
2024-07-01,59656.0,-231738.0,202922.0
2024-07-02,-49570.0,148736.0,19765.0
2024-07-03,-283740.0,387355.0,-7044.0
2024-07-04,627301.0,-3317052.0,-477612.0
2024-07-05,-1315644.0,-1787500.0,-15551.0
2024-07-08,1374913.0,76192.0,-29885.0
2024-07-09,1269087.0,1572660.0,-163864.0
2024-07-10,-1087678.0,88700.0,-83660.0
2024-07-11,43891.0,15000.0,10912.0
2024-07-12,-2214295.0,807996.0,-165822.0
2024-07-15,242495.0,178999.0,21688.0
2024-07-16,-745314.0,166276.0,62738.0
2024-07-17,-1302421.0,332813.0,37195.0
2024-07-18,-1934422.0,575079.0,69460.0
2024-07-19,-645201.0,311794.0,-4442.0
2024-07-22,-516130.0,308987.0,146780.0
2024-07-23,-288608.0,151399.0,135392.0
2024-07-26,-2577646.0,257023.0,6677.0
2024-07-29,-670657.0,390590.0,-108609.0
2024-07-30,-558602.0,585003.0,121246.0
2024-07-31,-1821783.0,159300.0,40079.0
2024-08-01,-4727365.0,-590372.0,-240637.0
2024-08-02,-1590532.0,315793.0,-84348.0
2024-08-05,-3120845.0,1162079.0,-657349.0
2024-08-06,1359400.0,495211.0,42109.0
2024-08-07,-121106.0,253312.0,-37359.0
2024-08-08,-1974931.0,535486.0,-81812.0
2024-08-09,-475409.0,100041.0,-145905.0
2024-08-12,375053.0,165545.0,-86105.0
2024-08-13,-490675.0,127329.0,-119337.0
2024-08-14,248957.0,253816.0,-112234.0
2024-08-15,-903395.0,-203589.0,-67658.0
2024-08-16,2113647.0,224708.0,30595.0
2024-08-19,-406040.0,28794.0,-333445.0
2024-08-20,-645318.0,169721.0,-109810.0
2024-08-21,-137755.0,146860.0,-636437.0
2024-08-22,-350857.0,32000.0,-28616.0
2024-08-23,-743068.0,302141.0,28012.0
2024-08-26,-982845.0,98923.0,-27082.0
2024-08-27,-634923.0,266360.0,-39779.0
2024-08-28,-997680.0,-9719.0,66179.0
2024-08-29,887387.0,158811.0,-41035.0
2024-08-30,-522526.0,187281.0,-49182.0
2024-09-02,227069.0,128293.0,19986.0
2024-09-03,-160686.0,496599.0,-15473.0
2024-09-04,-2423393.0,556207.0,-131303.0
2024-09-05,-3059332.0,330761.0,-145015.0
2024-09-06,-26066.0,209922.0,-20844.0
2024-09-09,-2474589.0,695528.0,-56787.0
2024-09-10,981592.0,136036.0,25712.0
2024-09-11,-396730.0,242073.0,-7938.0
2024-09-12,173155.0,224261.0,71594.0
2024-09-13,-1265701.0,174586.0,-27294.0
2024-09-16,-580400.0,38013.0,10377.0
2024-09-18,-2970780.0,911499.0,-378724.0
2024-09-19,-2315404.0,990129.0,126653.0
2024-09-20,-867790.0,1191474.0,14549.0
2024-09-23,-1124668.0,1433000.0,20911.0
2024-09-24,311109.0,1278409.0,122172.0
2024-09-25,-1194207.0,1178405.0,244185.0
2024-09-26,574172.0,1300349.0,305005.0
2024-09-27,-646955.0,845698.0,75763.0
2024-09-30,-2480124.0,-177496.0,-70217.0
2024-10-01,-886534.0,571886.0,88340.0
2024-10-04,126194.0,349501.0,-38544.0
2024-10-07,-1393508.0,616743.0,560432.0
2024-10-08,-959457.0,204685.0,84598.0
2024-10-09,882364.0,74138.0,-185534.0
2024-10-11,3662890.0,186530.0,220390.0
2024-10-14,-280279.0,330068.0,-60549.0
2024-10-15,3870.0,214982.0,63925.0
2024-10-16,-539566.0,91933.0,166924.0
2024-10-17,-1039073.0,72000.0,226539.0
2024-10-18,2401927.0,63276.0,179268.0
2024-10-21,-355710.0,152278.0,192124.0
2024-10-22,-825215.0,119235.0,-102083.0
2024-10-23,590328.0,-140327.0,-57107.0
2024-10-24,233562.0,-52314.0,-111538.0
2024-10-25,2003109.0,-120099.0,33566.0
2024-10-28,1340992.0,117239.0,36992.0
2024-10-29,-1369489.0,697087.0,45955.0
2024-10-30,264765.0,185071.0,-16973.0
2024-11-01,-1224660.0,608944.0,-54919.0
2024-11-04,-1003290.0,241960.0,-111439.0
2024-11-05,-1179703.0,503990.0,-136834.0
2024-11-06,151118.0,324056.0,-3222.0
2024-11-07,-155627.0,24473.0,10776.0
2024-11-08,-1398502.0,894.0,-23289.0
2024-11-11,-457106.0,148874.0,-24917.0
2024-11-12,-1081155.0,208872.0,8151.0
2024-11-13,-1017036.0,294349.0,-17988.0
2024-11-14,-206420.0,284743.0,-49000.0
2024-11-15,931229.0,-201534.0,15689.0
2024-11-18,-265282.0,10236.0,-43216.0
2024-11-19,979312.0,18446.0,54418.0
2024-11-20,-414776.0,-76702.0,105073.0
2024-11-21,-88693.0,-115759.0,-38406.0
2024-11-22,2975369.0,-225597.0,150602.0
2024-11-25,-309788.0,-58774.0,52678.0
2024-11-26,-596515.0,61599.0,-64827.0
2024-11-27,-834268.0,110706.0,84018.0
2024-11-28,-934691.0,486215.0,5102.0
2024-11-29,-524492.0,83469.0,71790.0
2024-12-02,2250565.0,151199.0,15500.0
2024-12-03,389240.0,-124531.0,-76204.0
2024-12-04,600984.0,-446728.0,-32772.0
2024-12-05,1585381.0,-374437.0,137713.0
2024-12-06,-40643.0,-396608.0,38330.0
2024-12-09,761774.0,145527.0,44849.0
2024-12-10,1635473.0,-241437.0,92137.0
2024-12-11,-1075992.0,421231.0,-2924.0
2024-12-12,1558620.0,129367.0,288299.0
2024-12-13,1212404.0,-50289.0,135462.0
2024-12-16,-1039543.0,29302.0,29962.0
2024-12-17,2261344.0,-438586.0,57903.0
2024-12-18,-692626.0,-236269.0,27848.0
2024-12-19,326136.0,-670757.0,59733.0
2024-12-20,-254240.0,-788118.0,-75990.0
2024-12-23,693937.0,-771219.0,152432.0
2024-12-24,774372.0,-834000.0,82486.0
2024-12-25,557047.0,-680000.0,175371.0
2024-12-26,944136.0,-588772.0,53301.0
2024-12-27,650785.0,-12960.0,51832.0
2024-12-30,-685342.0,212802.0,-18171.0
2024-12-31,-934134.0,263019.0,146300.0
2025-01-02,-1951496.0,-430988.0,-371246.0
2025-01-03,480319.0,-139000.0,-106024.0
2025-01-06,3640794.0,101672.0,92629.0
2025-01-07,3997646.0,-219437.0,515287.0
2025-01-08,291467.0,41342.0,-164029.0
2025-01-09,559483.0,-58425.0,31616.0
2025-01-10,1125877.0,593771.0,-75628.0
2025-01-13,-2974251.0,77782.0,-22301.0
2025-01-14,-1042211.0,253032.0,28444.0
2025-01-15,1547721.0,178891.0,-470177.0
2025-01-16,637692.0,12729.0,209482.0
2025-01-17,-1046139.0,111248.0,16927.0
2025-01-20,97820.0,52282.0,40249.0
2025-01-21,1114044.0,74738.0,-29928.0
2025-01-22,241387.0,180198.0,93191.0
2025-02-03,2389232.0,1612638.0,257203.0
2025-02-04,-485023.0,484346.0,100369.0
2025-02-05,2107495.0,800766.0,111887.0
2025-02-06,-518149.0,223144.0,115054.0
2025-02-07,-821154.0,-109248.0,423528.0
2025-02-10,-3413947.0,184860.0,59102.0
2025-02-11,770322.0,58444.0,-41542.0
2025-02-12,1000554.0,-2129866.0,104384.0
2025-02-13,1081490.0,492205.0,4238.0
2025-02-14,350659.0,-775913.0,-54190.0
2025-02-17,191506.0,1880409.0,-65489.0
2025-02-18,-131946.0,299469.0,-26581.0
2025-02-19,1283893.0,-361920.0,-246712.0
2025-02-20,-777991.0,-1671426.0,87325.0
2025-02-21,1355002.0,-1620959.0,124833.0
2025-02-24,330863.0,1820149.0,-23657.0
2025-02-25,-321531.0,931435.0,-95840.0
2025-02-26,1861918.0,-672755.0,-21570.0
2025-02-27,-361580.0,-2118090.0,37915.0
2025-03-03,-4120947.0,889024.0,186016.0
2025-03-04,-522351.0,913736.0,72519.0
2025-03-05,-875118.0,555825.0,12000.0
2025-03-06,-823737.0,177667.0,-28163.0
2025-03-07,-2127159.0,439155.0,2818.0
2025-03-10,-3385579.0,322420.0,29693.0
2025-03-11,-1745439.0,730273.0,-104262.0
2025-03-12,-1330383.0,627959.0,36287.0
2025-03-13,-1022400.0,133280.0,-45238.0
2025-03-14,248497.0,472115.0,-4126.0
2025-03-17,435519.0,218562.0,-61503.0
2025-03-18,1102721.0,1188159.0,-98354.0
2025-03-19,580597.0,-152154.0,-254600.0
2025-03-20,-193867.0,-275998.0,352738.0
2025-03-21,164670.0,-429906.0,52316.0
2025-03-24,797125.0,-195002.0,-38444.0
2025-03-25,2892128.0,6512.0,76607.0
2025-03-26,49271.0,-269234.0,24084.0
2025-03-27,-829171.0,-25054.0,109998.0
2025-03-28,-1601414.0,493000.0,191983.0
2025-03-31,-2339933.0,914754.0,166224.0
2025-04-01,-227288.0,512500.0,-65692.0
2025-04-02,-954691.0,268982.0,28697.0
2025-04-07,458977.0,0.0,-39372.0
2025-04-08,-2307075.0,644216.0,368021.0
2025-04-09,-1906779.0,220376.0,41710.0
2025-04-10,-207203.0,-26000.0,32982.0
2025-04-11,1119234.0,816885.0,173382.0
2025-04-14,2454568.0,56725.0,-854129.0
2025-04-15,231725.0,-96723.0,-679158.0
2025-04-16,104743.0,191658.0,-536478.0
2025-04-17,-1569893.0,344164.0,-25533.0
2025-04-18,167485.0,-48445.0,27945.0
2025-04-21,-463143.0,-41800.0,-34941.0
2025-04-22,-1030308.0,-188000.0,129755.0
2025-04-23,965795.0,253106.0,-139623.0
2025-04-24,-2067682.0,-6545.0,27286.0
2025-04-25,1590722.0,-314704.0,-69258.0
2025-04-28,-2540388.0,-76368.0,95826.0
2025-04-29,-431556.0,-436098.0,46510.0
2025-04-30,-946450.0,-362721.0,-68798.0
2025-05-02,-6248183.0,-1359365.0,-135539.0
2025-05-05,1363909.0,-456867.0,-75307.0
2025-05-06,-179635.0,-940757.0,-405397.0
2025-05-07,691667.0,-458066.0,-189985.0
2025-05-08,-207575.0,-173137.0,-101282.0
2025-05-09,271587.0,-32288.0,-32839.0
2025-05-12,-1126506.0,-251561.0,-60129.0
2025-05-13,1188691.0,-271805.0,94325.0
2025-05-14,-272070.0,-829263.0,32315.0
2025-05-15,1368714.0,4106.0,-143976.0
2025-05-16,-48745.0,-688697.0,-39934.0
2025-05-19,-2687084.0,-912307.0,-18371.0
2025-05-20,747489.0,-563039.0,-58507.0
2025-05-21,1089783.0,-570469.0,-121830.0
2025-05-22,-120480.0,-352986.0,-166836.0
2025-05-23,-1162895.0,-288781.0,-190709.0
2025-05-26,-2771502.0,-540873.0,-245720.0
2025-05-27,-1802458.0,195085.0,-312848.0
2025-05-28,-1167090.0,-535390.0,-52416.0
2025-05-29,-4017997.0,-396086.0,111853.0
2025-06-02,-1410062.0,-1265877.0,-83806.0
2025-06-03,-642587.0,333691.0,38214.0
2025-06-04,2619709.0,-4760459.0,77825.0
2025-06-05,1178121.0,-5986517.0,134566.0
2025-06-06,5166826.0,-3862967.0,9764.0
2025-06-09,3173726.0,-3878443.0,59804.0
2025-06-10,5542558.0,-3267570.0,171242.0
2025-06-11,1822030.0,-3879871.0,30383.0
2025-06-12,1272483.0,-4247326.0,-52423.0
2025-06-13,-3407069.0,5054.0,-75189.0
2025-06-16,-393227.0,-150143.0,-124975.0
2025-06-17,-231046.0,-379179.0,227328.0
2025-06-18,768302.0,-320147.0,-83194.0
2025-06-19,-632119.0,-512857.0,275298.0
2025-06-20,-729786.0,-713416.0,114935.0
2025-06-23,-487851.0,-195831.0,161415.0
2025-06-24,-338565.0,-34682.0,251126.0
2025-06-25,1551070.0,36087.0,141966.0
2025-06-26,-984896.0,-15964.0,206579.0
2025-06-27,1052667.0,-1292156.0,42068.0
2025-06-30,-1819405.0,-1402623.0,358627.0
2025-07-01,2098325.0,-667946.0,239282.0
2025-07-02,317883.0,-335709.0,282003.0
2025-07-03,3292858.0,-5583911.0,-578800.0
2025-07-04,3731683.0,-1356203.0,27625.0
2025-07-07,-466006.0,-977594.0,-36582.0
2025-07-08,-583825.0,172284.0,23519.0
2025-07-09,5284049.0,726985.0,63010.0
2025-07-10,1544868.0,784841.0,-185282.0
2025-07-11,639303.0,103751.0,-232956.0
2025-07-14,-469497.0,117440.0,-154843.0
2025-07-15,-509285.0,-73646.0,45107.0
2025-07-16,342726.0,-107604.0,-76034.0
2025-07-17,-1170856.0,-442741.0,97087.0
2025-07-18,1773828.0,-73665.0,21145.0
2025-07-21,-68808.0,-145155.0,86078.0
2025-07-22,2588209.0,-194035.0,-62813.0
2025-07-23,-249331.0,-40000.0,123099.0
2025-07-24,365181.0,-394634.0,54392.0
2025-07-25,1786658.0,-86000.0,-14568.0
2025-07-28,-610129.0,-394146.0,238703.0
2025-07-29,-1420887.0,-266889.0,424210.0
2025-07-30,266004.0,-265010.0,205495.0
2025-07-31,-1124392.0,-644386.0,87564.0
2025-08-01,-2054504.0,-61091.0,65117.0
2025-08-04,-966926.0,-203766.0,-557569.0
2025-08-05,-1224680.0,-113482.0,-134180.0
2025-08-06,-204121.0,-92605.0,-610292.0
2025-08-07,1006409.0,13908.0,-420425.0
2025-08-08,-1211425.0,-117338.0,-30026.0
2025-08-11,-24402.0,-125736.0,27635.0
2025-08-12,-210592.0,-89950.0,-4290.0
2025-08-13,-131017.0,-1016.0,-4332.0
2025-08-14,615529.0,-11491.0,60194.0
2025-08-15,-747030.0,-134968.0,68538.0
2025-08-18,2436202.0,325507.0,74359.0
2025-08-19,-100189.0,114839.0,-35118.0
2025-08-20,-1098663.0,179157.0,158682.0
2025-08-21,46196.0,-46390.0,35615.0
2025-08-22,124484.0,-75279.0,-6008.0
2025-08-25,2015502.0,29690.0,169811.0
2025-08-26,-1044248.0,-138937.0,11634.0
2025-08-27,383048.0,-227000.0,96840.0
2025-08-28,126457.0,-300287.0,48792.0
2025-08-29,-1055680.0,-417771.0,28010.0
2025-09-01,-234017.0,-69653.0,-37573.0
2025-09-02,454618.0,31458.0,7448.0
2025-09-03,1370972.0,197187.0,7356.0
2025-09-04,525770.0,41992.0,11846.0
2025-09-05,4433847.0,-70280.0,61277.0
2025-09-08,737389.0,-56165.0,-193976.0
2025-09-09,4793778.0,-413571.0,480389.0
2025-09-10,-156278.0,-308331.0,-65248.0
2025-09-11,635841.0,-184110.0,-84584.0
2025-09-12,114386.0,-208560.0,197336.0
2025-09-15,331587.0,52844.0,22523.0
2025-09-16,1959551.0,469763.0,173843.0
2025-09-17,-342885.0,-62854.0,-245670.0
2025-09-18,-131257.0,56439.0,22361.0
2025-09-19,-4322738.0,-438911.0,-78235.0
2025-09-22,-1301721.0,-373547.0,157384.0
2025-09-23,-6612017.0,-265619.0,168360.0
2025-09-24,-5020308.0,-466808.0,326190.0
2025-09-25,-3065324.0,-60412.0,77009.0
2025-09-26,-3361533.0,-98270.0,52329.0
2025-09-30,-2068348.0,-198369.0,114084.0
2025-10-01,-3577204.0,-518042.0,109912.0
2025-10-02,-3111162.0,-321672.0,171520.0
2025-10-03,-607964.0,-121610.0,382898.0
2025-10-07,-1145168.0,-166099.0,127217.0
2025-10-08,26961.0,11459.0,94027.0
2025-10-09,-501744.0,-88249.0,115154.0
2025-10-13,-2904567.0,51968.0,180220.0
2025-10-14,-380408.0,-545005.0,48963.0
2025-10-15,-555097.0,-107290.0,124175.0
2025-10-16,850530.0,-662358.0,137605.0
2025-10-17,688274.0,-368000.0,26149.0
2025-10-20,-185430.0,-291753.0,60624.0
2025-10-21,-636824.0,-241044.0,91129.0
2025-10-22,-847081.0,-204951.0,190021.0
2025-10-23,-3499987.0,-274300.0,83966.0
2025-10-27,772455.0,541830.0,204846.0
2025-10-28,-1245529.0,-140272.0,98270.0
2025-10-29,-2396199.0,-211544.0,68346.0
2025-10-30,938642.0,-97544.0,77991.0
2025-10-31,-1040463.0,-104377.0,412056.0
2025-11-03,-2323832.0,-223150.0,9343.0
2025-11-04,2865985.0,-15040.0,20096.0
2025-11-05,933078.0,68415.0,96588.0
2025-11-06,-3216128.0,36289.0,115658.0
2025-11-07,-3632094.0,61778.0,95069.0
2025-11-10,-1498421.0,-82149.0,-89414.0
2025-11-11,-1627556.0,-65369.0,843.0
2025-11-12,-401888.0,-112478.0,107389.0
2025-11-13,-205951.0,-23761.0,5120.0
2025-11-14,-906333.0,51251.0,-185431.0
2025-11-17,-135466.0,-73161.0,-60876.0
2025-11-18,-3522243.0,302318.0,153534.0
2025-11-19,-526301.0,52596.0,-200333.0
2025-11-20,-290715.0,212941.0,55322.0
2025-11-21,-2029797.0,375708.0,285884.0
2025-11-24,-1095528.0,341915.0,128320.0
2025-11-25,-702339.0,479631.0,53344.0
2025-11-26,503075.0,442098.0,227832.0
2025-11-27,-354505.0,1654313.0,24559.0
2025-11-28,7180329.0,539463.0,384329.0
2025-12-01,3201189.0,1929900.0,376717.0
2025-12-02,1314660.0,611894.0,39622.0
2025-12-03,1691010.0,17057.0,138890.0
2025-12-04,1456512.0,-11268.0,48917.0
2025-12-05,1896993.0,-45537.0,31832.0
2025-12-08,1908836.0,29960.0,128540.0
2025-12-09,-139877.0,22770.0,114834.0
2025-12-10,3319651.0,-13763.0,474344.0
2025-12-11,-3383357.0,-97291.0,-20163.0
2025-12-12,-164170.0,-164528.0,592590.0
2025-12-15,1316691.0,106299.0,209302.0
2025-12-16,107855.0,6058.0,-95719.0
2025-12-17,-215989.0,482528.0,534994.0
2025-12-18,-1411459.0,399000.0,518487.0
2025-12-19,-1842620.0,217461.0,365736.0
2025-12-22,-1186143.0,304558.0,166226.0
2025-12-23,-1597379.0,260731.0,-1181.0
2025-12-24,-1077543.0,-140677.0,60845.0
2025-12-26,-1286451.0,441731.0,114056.0
2025-12-29,-769568.0,849958.0,218432.0
2025-12-30,-1039684.0,548288.0,188659.0
2025-12-31,455349.0,576676.0,101562.0
2026-01-02,-371290.0,983788.0,723209.0
2026-01-05,212582.0,1341819.0,886168.0
2026-01-06,-2309091.0,301562.0,-110678.0
2026-01-07,-472581.0,740300.0,116543.0
2026-01-08,-1171649.0,17789.0,-525972.0
2026-01-09,-909426.0,-234055.0,-26792.0
2026-01-12,112436.0,-346876.0,-41118.0
2026-01-13,3786271.0,-634620.0,29344.0
2026-01-14,759943.0,40460.0,-76915.0
2026-01-15,1512798.0,-597581.0,-118551.0
2026-01-16,2626302.0,-256177.0,-94990.0
2026-01-19,-1182075.0,-186666.0,-105415.0
2026-01-20,327202.0,119966.0,-24197.0
2026-01-21,35911.0,-862642.0,29268.0
2026-01-22,1160151.0,-81116.0,20869.0
2026-01-23,9517263.0,-1391742.0,769068.0
2026-01-26,1199608.0,981606.0,-39503.0
2026-01-27,1401707.0,380586.0,-53210.0
2026-01-28,-1015552.0,585288.0,30927.0
2026-01-29,1842337.0,-86382.0,-30571.0
2026-01-30,-542348.0,403588.0,-174389.0
2026-02-02,-2088347.0,259168.0,-268599.0
2026-02-03,1084653.0,857207.0,307871.0
2026-02-04,-532366.0,222237.0,295512.0
2026-02-05,687921.0,760633.0,60203.0
2026-02-06,-3749896.0,259533.0,-356982.0
2026-02-09,4159183.0,317573.0,228612.0
2026-02-10,-653954.0,548256.0,-86569.0
2026-02-11,368977.0,6000.0,-178709.0
2026-02-23,-4503108.0,88410.0,-131354.0
2026-02-24,1607441.0,-114136.0,54754.0
2026-02-25,3067569.0,-42421.0,-184814.0
2026-02-26,757762.0,309820.0,106774.0
2026-03-02,-813157.0,194749.0,-144881.0
2026-03-03,-3590467.0,-8052.0,-161292.0
2026-03-04,-3064271.0,333978.0,-130628.0
2026-03-05,-1555825.0,-8752.0,-217088.0
2026-03-06,-955293.0,-65233.0,54692.0
2026-03-09,-2272447.0,494607.0,105605.0
2026-03-10,-593085.0,-108674.0,-85852.0
2026-03-11,-948153.0,-96533.0,327907.0
2026-03-12,-729961.0,-283256.0,52380.0
2026-03-13,-3478757.0,-194297.0,-86245.0
2026-03-16,-685342.0,-262256.0,70213.0
2026-03-17,-543862.0,-112637.0,45531.0
2026-03-18,-920633.0,-155860.0,59922.0
2026-03-19,-3005217.0,-221900.0,-79742.0
2026-03-20,1100107.0,-222805.0,17354.0
2026-03-23,-1675318.0,14217.0,-11936.0
2026-03-24,144755.0,-129246.0,-105622.0
2026-03-25,-843348.0,-167976.0,72759.0
2026-03-26,-2165766.0,-338826.0,7930.0
2026-03-27,545089.0,-784763.0,231014.0
2026-03-30,-1259054.0,96186.0,-2371.0
2026-03-31,313333.0,-855753.0,365173.0
2026-04-01,-3537117.0,-62973.0,135768.0
2026-04-02,-824336.0,-27277.0,11239.0
2026-04-07,-829177.0,-686370.0,125644.0
2026-04-08,-80822.0,-55480.0,198720.0
2026-04-09,-727951.0,-177842.0,-79154.0
2026-04-10,-1441359.0,-276294.0,1819.0
2026-04-13,439446.0,-525442.0,10697.0
2026-04-14,121190.0,143063.0,141961.0
2026-04-15,4490766.0,264196.0,334408.0
2026-04-16,1179971.0,1386202.0,681145.0
2026-04-17,5340296.0,1283627.0,148017.0
2026-04-20,-45468.0,169785.0,-29460.0
2026-04-21,4321143.0,1052328.0,269186.0
2026-04-22,-567785.0,2528018.0,227466.0
2026-04-23,746657.0,595074.0,232356.0
2026-04-24,828910.0,1769064.0,118635.0
2026-04-27,143632.0,565832.0,162361.0
2026-04-28,1191234.0,1214517.0,-43623.0
2026-04-29,-2002739.0,1374180.0,-65978.0
2026-04-30,1447445.0,74934.0,-101228.0
2026-05-04,-822715.0,-120757.0,40950.0
2026-05-05,2021487.0,47113.0,12842.0
2026-05-06,4224818.0,593864.0,-374936.0
2026-05-07,-879472.0,-62159.0,91679.0
2026-05-08,-500994.0,185364.0,213384.0
2026-05-11,-371539.0,18496.0,-175070.0
2026-05-12,-1730262.0,-98649.0,28330.0
2026-05-13,-692274.0,-128538.0,109390.0
2026-05-14,-263281.0,-159312.0,-52723.0
2026-05-15,334720.0,-347713.0,-267964.0
2026-05-18,-482320.0,-124123.0,36274.0
2026-05-19,-1083595.0,-489620.0,-312011.0
2026-05-20,-1688254.0,-25998.0,156480.0
2026-05-21,-430821.0,-400000.0,281600.0
2026-05-22,-1570354.0,1536561.0,452033.0
2026-05-25,-1174508.0,-961000.0,169131.0
2026-05-26,1367297.0,-598432.0,207280.0
2026-05-27,2997835.0,-1279609.0,127377.0
2026-05-28,-856431.0,-623680.0,-71972.0
2026-05-29,-2324807.0,-1020510.0,-130284.0
2026-06-01,3786804.0,-461186.0,-176782.0
2026-06-02,-661060.0,-745772.0,-391864.0
2026-06-03,707096.0,-908215.0,63123.0
2026-06-04,317166.0,-330951.0,-66713.0
2026-06-05,414722.0,-108257.0,-357424.0
2026-06-08,-2498078.0,536440.0,-271427.0
2026-06-09,-1209109.0,826684.0,-162197.0
2026-06-10,-2148907.0,418134.0,132336.0
2026-06-11,-1438095.0,215967.0,133258.0
2026-06-12,-232058.0,249245.0,6739.0
