Date,Open,High,Low,Close,Volume
2018-06-13,45.33716689476205,45.445551685104874,44.87064887374254,44.931907653808594,86553600.0
2018-06-14,45.13217896352785,45.13689228323737,44.81880971422139,44.955467224121094,86440400.0
2018-06-15,44.7740470200036,44.8046782086226,44.357006263123864,44.4936637878418,246876800.0
2018-06-18,44.26748598323643,44.583210209144134,44.10726541196885,44.470115661621094,73939600.0
2018-06-19,43.62189074792149,43.902274007400344,43.22369963791943,43.75148010253906,134314000.0
2018-06-20,43.90698848873122,44.10725968278852,43.76090430547783,43.94232940673828,82514800.0
2018-06-21,44.119035175144084,44.37821385591246,43.57476354074038,43.69728469848633,102847600.0
2018-06-22,43.852787370982426,43.85985555346904,43.51821355084701,43.57004928588867,108801600.0
2018-06-25,43.21190629335723,43.5700430674738,42.58281297536606,42.92210006713867,126652400.0
2018-06-26,43.115317704014764,43.94939568980616,43.00928776415795,43.4546012878418,98276800.0
2018-06-27,43.64308664748483,44.12609945793199,43.360348581313914,43.3909797668457,101141200.0
2018-06-28,43.37684271328096,43.873991879852326,43.306157299059485,43.706703186035156,69460800.0
2018-06-29,43.892854866130506,44.104911190433064,43.0964761052573,43.614830017089844,90950800.0
2018-07-02,43.31087386848866,44.130815387435966,43.21662544405176,44.1025390625,70925200.0
2018-07-03,44.24626212598361,44.28396149351073,43.24489559550557,43.33443069458008,55819200.0
2018-07-05,43.65015756585503,43.92111774246245,43.41925521678168,43.683143615722656,66416800.0
2018-07-06,43.687867834498626,44.39706988118077,43.63603208674531,44.28868865966797,69940800.0
2018-07-09,44.64917535845704,44.92720016005415,44.60205293727909,44.90364074707031,79026400.0
2018-07-10,44.93425566440949,45.068554695886796,44.80937608046185,44.84943389892578,63756400.0
2018-07-11,44.41354804479918,44.71513577573598,44.20385026945704,44.2674674987793,75326000.0
2018-07-12,44.65623532684284,45.09919391389085,44.60439959451979,45.00965881347656,72164400.0
2018-07-13,45.02143742844953,45.20050402258601,44.979024743264155,45.08034133911133,50055600.0
2018-07-16,45.12511762037944,45.391360903359555,44.86593892521994,44.98139190673828,60172400.0
2018-07-17,44.708077547367004,45.20758166383214,44.5784881977529,45.10862350463867,62138000.0
2018-07-18,45.18637208262621,45.19108540259918,44.750481662975155,44.86122131347656,65573600.0
2018-07-19,44.693935361208126,45.36779629624371,44.693935361208126,45.20993423461914,81147200.0
2018-07-20,45.18637448948724,45.33952324227363,44.80703310367688,45.106266021728516,82704800.0
2018-07-23,44.927203484664524,45.22879491198378,44.66331503037205,45.14632797241211,63957600.0
2018-07-24,45.344238015820956,45.62933457754806,45.24999317957946,45.47382736206055,74791600.0
2018-07-25,45.487963024230176,45.90971710862951,45.33952399399678,45.90264892578125,66839600.0
2018-07-26,45.85317123292575,46.17125386401282,45.617555534405035,45.75892639160156,76304000.0
2018-07-27,45.942707942491445,45.98983036478812,44.79054728056739,44.997886657714844,96096000.0
2018-07-30,45.21465005836353,45.2853354853208,44.547860810814726,44.74577713012695,84118000.0
2018-07-31,44.83766271788807,45.271194687816894,44.61147009280662,44.835304260253906,157492000.0
2018-08-01,46.918150683987434,47.53781746675014,46.48932842822588,47.476558685302734,271742800.0
2018-08-02,47.259803022542634,49.097606414885774,47.205612411911986,48.86434555053711,249616000.0
2018-08-03,48.7795103543594,49.18241471941246,48.414305358183405,49.00570297241211,133789600.0
2018-08-06,49.0080670799903,49.30258671388447,48.788946198074015,49.26017761230469,101701600.0
2018-08-07,49.31906339084968,49.361472476823934,48.715884382613126,48.7983512878418,102349600.0
2018-08-08,48.548602744312035,48.96328497133965,48.18811110715973,48.83134078979492,90102000.0
2018-08-09,49.3685494382247,49.427453353804616,48.81956451359469,49.21540069580078,93970400.0
2018-08-10,49.02861861252826,49.44002903622106,48.86547303748079,49.06881332397461,98444800.0
2018-08-13,49.48966660204789,49.87743127630117,49.108994898045374,49.3856315612793,103563600.0
2018-08-14,49.69064247704148,49.78521781657735,49.24140059470124,49.59370040893555,82992000.0
2018-08-15,49.46839237417397,49.82778520144578,49.25795915190542,49.709564208984375,115230400.0
2018-08-16,50.06659332005974,50.553663261058226,50.00038984892316,50.437808990478516,114001600.0
2018-08-17,50.46619080521633,51.532543132376475,50.39998732105406,51.44506072998047,141708000.0
2018-08-20,51.568000978126,51.82335515995268,50.86103810842803,50.94379425048828,121150800.0
2018-08-21,51.260634158592694,51.3528464083779,50.60568870827155,50.8444938659668,104639200.0
2018-08-22,50.622235974791955,51.15659362058982,50.5607587429564,50.84685516357422,76072400.0
2018-08-23,50.75226795914584,51.319730857894314,50.74044874677419,50.95088195800781,75532800.0
2018-08-24,51.21333375337259,51.28426346034547,50.861033908194834,51.10929870605469,73905600.0
2018-08-27,51.34338303977495,51.71932859234506,51.14950246004533,51.530174255371094,82100400.0
2018-08-28,51.7831663768743,52.14492238496493,51.761887460591076,51.946311950683594,91107200.0
2018-08-29,52.0527085641898,52.8424276423776,51.8777437807323,52.721839904785156,109019200.0
2018-08-30,52.78568028191906,53.970253487975114,52.58470312439228,53.206546783447266,195175200.0
2018-08-31,53.55648297936392,54.11448631513181,53.43589884273721,53.8213005065918,173360400.0
2018-09-04,54.005719306205876,54.18777705269031,53.584852825321335,53.993896484375,109560400.0
2018-09-05,54.14285726319419,54.30363609852174,53.22309798700196,53.641597747802734,133332000.0
2018-09-06,53.49027465750758,53.75509216076385,52.32461728550888,52.750213623046875,137160000.0
2018-09-07,52.45466312464746,53.286936430190956,52.18511936850075,52.32461929321289,150479200.0
2018-09-10,52.24186387354506,52.45466385736109,51.18260462853595,51.62238693237305,158066000.0
2018-09-11,51.54671960522813,53.033941819572114,51.20387942357245,52.92754364013672,142996000.0
2018-09-12,53.18526639470711,53.19945233807959,51.97941069858313,52.27023696899414,197114800.0
2018-09-13,52.84952340827975,53.99153884293053,52.6249042019705,53.532840728759766,166825600.0
2018-09-14,53.37678363174455,53.63450455616086,52.613076951433094,52.92517852783203,127997200.0
2018-09-17,52.525599981840585,52.71475434346737,51.37176523077403,51.515995025634766,148780400.0
2018-09-18,51.49470675410538,52.45466440089387,51.33629103116489,51.60110855102539,126286800.0
2018-09-19,51.66257836751287,51.92739226002057,50.90596466904896,51.631839752197266,108495200.0
2018-09-20,52.07398454389715,52.55632461019828,51.81626003598558,52.024330139160156,106435200.0
2018-09-21,52.20167586016159,52.33881268301883,51.37649180131732,51.4639778137207,384986800.0
2018-09-24,51.265365127852924,52.31516476068613,51.220440562753595,52.204036712646484,110773600.0
2018-09-25,51.95813791715987,52.684016706504345,51.94631509368086,52.535057067871094,98217600.0
2018-09-26,52.253691077014246,52.90390668996351,51.96050164726947,52.116554260253906,95938800.0
2018-09-27,52.92044888482368,53.53992575525717,52.8542418072406,53.187625885009766,120724800.0
2018-09-28,53.149785976309346,53.39805075295518,52.96772826687796,53.37440872192383,91717600.0
2018-10-01,53.89694833800921,54.244518335419805,53.51864333667554,53.733802795410156,94403200.0
2018-10-02,53.73144499079402,54.38166049673322,53.58485210395696,54.211421966552734,99152800.0
2018-10-03,54.39348370673561,55.20211492695663,54.3296433555075,54.871097564697266,114619200.0
2018-10-04,54.566093361412044,54.93730909364432,53.60850238383533,53.90642166137695,128168000.0
2018-10-05,53.89932343564714,54.00572162104816,52.15438020692258,53.031578063964844,134322000.0
2018-10-08,52.53978140728469,53.15216535637329,52.06453065114557,52.90863037109375,118655600.0
2018-10-09,52.87789106435932,53.73617671665903,52.549236814198565,53.641597747802734,107564000.0
2018-10-10,53.308217052458474,53.51865029661315,51.08329687705558,51.156593322753906,167962400.0
2018-10-11,50.72153542820455,51.89901549857534,50.201363784862224,50.70498275756836,212497600.0
2018-10-12,52.11654480060176,52.69819370350563,51.27008201426514,52.51613235473633,161351600.0
2018-10-15,52.291520137503866,52.44993586441361,51.371760786579564,51.39303970336914,123164000.0
2018-10-16,51.764252977522055,52.72421066994395,51.251174194641926,52.525596618652344,116736000.0
2018-10-17,52.56105763845365,52.64144705306185,51.86118772679396,52.298606872558594,91541600.0
2018-10-18,51.51125096413181,51.95576305015513,50.362142773439196,51.07619857788086,130325200.0
2018-10-19,51.558550539101454,52.31516434368788,51.40959089976347,51.854103088378906,132314800.0
2018-10-22,51.967592478519066,52.81169226211933,51.766618916580256,52.17093276977539,115168400.0
2018-10-23,51.03127894622945,52.785678210129554,50.76409832307149,52.66272735595703,155071200.0
2018-10-24,52.63200152357531,53.01739960993079,50.72627557904296,50.856319427490234,163702000.0
2018-10-25,51.475784943669666,52.34352657548441,51.24879905591277,51.969947814941406,119423200.0
2018-10-26,51.04783891974779,52.06217736975494,50.284132081988716,51.142417907714844,189033600.0
2018-10-29,51.82572439213365,51.94394539631925,48.72833263934348,50.18245315551758,183742000.0
2018-10-30,49.924733859271434,50.8775949642934,49.480225290241705,50.43308639526367,146640000.0
2018-10-31,51.27953421575745,52.12363014967308,51.21805699622307,51.74768829345703,153435600.0
2018-11-01,51.79263154257351,52.57525414732443,51.26300005412576,52.542152404785156,233292800.0
2018-11-02,49.54642060751403,50.51583061906915,48.572277138067086,49.056983947753906,365314800.0
2018-11-05,48.30510423366641,48.32638314907276,46.85571353178706,47.664344787597656,264654800.0
2018-11-06,47.74237510519479,48.40441352241418,47.68799444752672,48.17979431152344,127531600.0
2018-11-07,48.69997937092953,49.667026688995136,48.26492677508165,49.64101791381836,133697600.0
2018-11-08,49.82132566766374,49.85454290419516,49.0549542402841,49.46780014038086,101450400.0
2018-11-09,48.77023347938126,48.87937427397922,47.987251640765706,48.51398468017578,137463200.0
2018-11-12,47.21612935039931,47.41780773297329,45.97996678297015,46.07012939453125,204542000.0
2018-11-13,45.467478543802656,46.78430756047721,45.42476859914762,45.60983657836914,187531600.0
2018-11-14,46.00606949744506,46.14368479083384,44.11505123237931,44.321475982666016,243204000.0
2018-11-15,44.69872824786671,45.54814450930108,44.34519912826086,45.41527557373047,185915200.0
2018-11-16,45.19936284522291,46.259946609491415,44.95260676177665,45.91828155517578,147713200.0
2018-11-19,45.08073505230195,45.24682124683419,43.892028552427426,44.09844970703125,167701200.0
2018-11-20,42.32131328103685,43.056842423109295,41.642729521839435,41.991512298583984,271300800.0
2018-11-21,42.64399822705807,42.772124438484425,41.889490881307914,41.944061279296875,124496800.0
2018-11-23,41.507486637209176,41.901350698379524,40.83364927354388,40.878726959228516,94496000.0
2018-11-26,41.34139771589679,41.50985523537514,40.397072578660236,41.431556701660156,179994000.0
2018-11-27,40.693662435434945,41.467155183306716,40.54418668522253,41.34140396118164,165549600.0
2018-11-28,41.932188199568884,43.01412494171261,41.50510695387888,42.93108367919922,184250000.0
2018-11-29,43.339196070830944,43.37241330983305,42.16235002257085,42.601295471191406,167080000.0
2018-11-30,42.776871754458696,42.78636446319983,42.00338253080645,42.37114715576172,158126000.0
2018-12-03,43.76627592803061,43.88016308346337,42.995158116098935,43.85169219970703,163210000.0
2018-12-04,42.9334627157085,43.27512777330079,41.823054898940676,41.922706604003906,165377200.0
2018-12-06,40.75298356449691,41.46953100520734,40.4350466147937,41.45529556274414,172393600.0
2018-12-07,41.16345448474832,41.40072149253783,39.93203813505562,39.97711944580078,169126400.0
2018-12-10,39.149049033793,40.35673701084698,38.75281363862703,40.240478515625,248104000.0
2018-12-11,40.72925271093741,40.76009495801711,39.623587659446784,40.01033401489258,189126800.0
2018-12-12,40.43028940365676,40.79093620431171,40.10286345370511,40.12184524536133,142510800.0
2018-12-13,40.45165403262589,40.94516985024621,40.22862246288901,40.560794830322266,127594400.0
2018-12-14,40.09812804123451,40.1171098380698,39.21549440063509,39.26294708251953,162814800.0
2018-12-17,39.25582820608512,39.943904744588174,38.61046161430654,38.89755630493164,177151600.0
2018-12-18,39.23921640915953,39.74933899527448,39.00432078305257,39.402931213378906,135366000.0
2018-12-19,39.38632372817106,39.730360169185076,37.74680781733559,38.17388916015625,196189200.0
2018-12-20,38.05762401069301,38.463352159374345,36.847564525579564,37.2105827331543,259092000.0
2018-12-21,37.21770799988889,37.5261558756445,35.502268316215726,35.76325988769531,382978400.0
2018-12-24,35.15110406579586,35.957814025738095,34.78096813070543,34.837913513183594,148676800.0
2018-12-26,35.186695107435334,37.30548757627083,34.81181283127579,37.29125213623047,234330000.0
2018-12-27,36.97568411541755,37.196344282393845,35.60665629115876,37.04923629760742,212468400.0
2018-12-28,37.369555992471305,37.611569368803295,36.66961900113825,37.0682258605957,169165600.0
2018-12-31,37.61393008515579,37.81086209224743,37.12753210334212,37.426490783691406,140014000.0
2019-01-02,36.75027775052016,37.68985646575044,36.593680694580726,37.46919631958008,148158800.0
2019-01-03,34.16169817620422,34.57454401761466,33.69191057763836,33.73699188232422,365248800.0
2019-01-04,34.29220667285654,35.24602123385648,34.11900273892931,35.17721176147461,234428400.0
2019-01-07,35.281611753406175,35.312457630309815,34.617263248981814,35.098915100097656,219111200.0
2019-01-08,35.485649452234306,36.02187515169098,35.23889338251769,35.76799774169922,164101200.0
2019-01-09,35.89611269551247,36.66485886166989,35.50225233829682,36.37539291381836,180396400.0
2019-01-10,36.18322463099874,36.53200747936951,35.794106819127585,36.49167251586914,143122800.0
2019-01-11,36.273386454644076,36.46794354601697,35.94832814598715,36.13339614868164,108092800.0
2019-01-14,35.79173197667657,35.891383692191056,35.40498556947879,35.59005355834961,129756800.0
2019-01-15,35.65412526522925,36.394397399203584,35.60192621779174,36.31847381591797,114843600.0
2019-01-16,36.32084058076156,36.98518904726328,36.30185878224347,36.76215744018555,122278800.0
2019-01-17,36.58657033252364,37.40751573779752,36.363538775351834,36.98043441772461,119284800.0
2019-01-18,37.36955746448795,37.459720094996186,37.008910562862575,37.20821762084961,135004000.0
2019-01-22,37.110924342637915,37.18684788366704,36.21168057896924,36.373023986816406,121576000.0
2019-01-23,36.57470818551413,36.80960382903162,35.99340473442524,36.520137786865234,92522400.0
2019-01-24,36.565218274806185,36.65300590810053,36.00289663164888,36.23067092895508,101766000.0
2019-01-25,36.890275378715764,37.519035156053725,36.615048386108995,37.431243896484375,134142000.0
2019-01-28,36.96382275590851,37.09194895785594,36.4584465294026,37.08483123779297,104768400.0
2019-01-29,37.07296175472334,37.519024789086224,36.565210615346906,36.7004508972168,166348800.0
2019-01-30,38.73383999592237,39.42191288765638,38.017292600660475,39.2083740234375,244439200.0
2019-01-31,39.41242029951825,40.09812176355808,39.044655736776996,39.490718841552734,162958400.0
2019-02-01,39.614098831561684,40.09337555178489,39.369710497458655,39.509700775146484,130672400.0
2019-02-04,39.72086513717964,40.72924978051158,39.690019271912284,40.6319694519043,125982000.0
2019-02-05,41.013969357855885,41.54070233089087,40.89296450420444,41.3271598815918,144406400.0
2019-02-06,41.43868068103189,41.6569695100412,41.01160297138825,41.34140396118164,112958400.0
2019-02-07,40.90483758027317,41.27023086120382,40.416068041217194,40.55842971801758,126966800.0
2019-02-08,40.26771162677322,40.66564643059835,40.13188767381337,40.606075286865234,95280000.0
2019-02-11,40.7585744212062,40.79670082315533,40.329661489113064,40.37255096435547,83973600.0
2019-02-12,40.5322157324539,40.74667043828146,40.436899701914584,40.720458984375,89134000.0
2019-02-13,40.83960316682641,41.09933254456883,40.48932446490647,40.55127716064453,89960800.0
2019-02-14,40.43927581927432,40.808613992609324,40.3606414751641,40.699005126953125,87342800.0
2019-02-15,40.80623228578758,40.91345961424227,40.44880543364929,40.608455657958984,98507200.0
2019-02-19,40.43928042114127,40.85151175450796,40.38685751910222,40.729984283447266,75891200.0
2019-02-20,40.791941569049854,41.29948893444707,40.74428537587072,40.99209976196289,104457600.0
2019-02-21,40.93729535437326,41.07311568683924,40.57986845134195,40.760963439941406,68998800.0
2019-02-22,40.88486432636196,41.22322795767942,40.83720814261498,41.21607971191406,75652800.0
2019-02-25,41.49965268531831,41.907117372895385,41.44961131242088,41.51633071899414,87493600.0
2019-02-26,41.392422020496234,41.77129368525542,41.26374629243125,41.540157318115234,68280800.0
2019-02-27,41.2732773821219,41.699805218546146,41.15889815564964,41.668827056884766,111341600.0
2019-02-28,41.53776831669921,41.67835534148874,41.20416773449612,41.25897216796875,112861600.0
2019-03-01,41.52824431177665,41.73555077281449,41.19702882720667,41.69266128540039,103544800.0
2019-03-04,41.86421734557429,42.35508298576963,41.45436758783305,41.90234375,109744800.0
2019-03-05,41.923789316150554,41.93808580910875,41.590188724744905,41.82609176635742,78949600.0
2019-03-06,41.621171381521776,41.81656650222476,41.44722463850816,41.58543014526367,83241600.0
2019-03-07,41.43052883306923,41.56635275637002,40.98970464726478,41.10408020019531,99185600.0
2019-03-08,40.584626117481065,41.239908627013946,40.38923104211764,41.2017822265625,95997600.0
2019-03-11,41.81656828662146,42.68153896438816,41.78320858604554,42.62911605834961,128044000.0
2019-03-12,42.89122670675174,43.52744613325643,42.74110624977912,43.10806655883789,129870400.0
2019-03-13,43.42737051589921,43.67757008556457,43.110451545781046,43.29869842529297,124130000.0
2019-03-14,43.82054106149008,43.868200895214414,43.501240536772094,43.780033111572266,94318000.0
2019-03-15,44.04691043760487,44.63785523657547,43.78241438212483,44.34952926635742,156171600.0
2019-03-18,44.273276908909104,44.890433115459594,44.27089173604565,44.802268981933594,104879200.0
2019-03-19,44.8809110601797,45.03341307639729,44.30187752445981,44.44723129272461,126585600.0
2019-03-20,44.37574491965877,45.15255512807773,44.01831798035479,44.835636138916016,124140800.0
2019-03-21,45.27884124565531,46.782416507691266,45.22879987925223,46.486942291259766,204136800.0
2019-03-22,46.54652003926414,47.10649038962943,45.45994267815405,45.5242805480957,169630800.0
2019-03-25,45.633876819634864,45.7458708587234,44.4639023409663,44.97383117675781,175381200.0
2019-03-26,45.669634446830244,45.96034199514286,43.982578778829755,44.509185791015625,199202000.0
2019-03-27,44.976211880352054,45.2168779833319,44.4519865617811,44.90949249267578,119393600.0
2019-03-28,45.02387869438107,45.169232459544084,44.68551496674179,44.96907424926758,83121600.0
2019-03-29,45.23357588955932,45.293147052512026,44.92618665259963,45.262168884277344,94256000.0
2019-04-01,45.66485430363971,45.67438408651486,44.88804792365926,45.569541931152344,111448000.0
2019-04-02,45.53379608332538,46.336817529759834,45.524266300655576,46.231971740722656,91062800.0
2019-04-03,46.0485052362601,46.822930291979866,46.02467531863321,46.54890441894531,93087200.0
2019-04-04,46.41545121424215,46.79194128270273,46.02228311605566,46.62990951538086,76457200.0
2019-04-05,46.81100893546065,46.96589610699699,46.687099925418465,46.94206619262695,74106400.0
2019-04-08,46.80386254716306,47.71172632732698,46.78479934209682,47.68075180053711,103526800.0
2019-04-09,47.73317206117505,48.33603179875124,47.473439087978925,47.537776947021484,143072800.0
2019-04-10,47.342384260292086,47.833253607870596,47.22324195607037,47.804656982421875,86781200.0
2019-04-11,47.85945441527274,47.895195644215804,47.285187764028926,47.40671157836914,83603200.0
2019-04-12,47.4662953407457,47.690283464181285,46.753826657487316,47.38766098022461,111042800.0
2019-04-15,47.31855473245824,47.62117718246721,47.18273076972158,47.47343826293945,70146400.0
2019-04-16,47.528255637857534,47.983376534492095,47.313797281453226,47.478214263916016,102785600.0
2019-04-17,47.54729620414958,48.46231161438307,47.3256933239708,48.402740478515625,115627200.0
2019-04-18,48.400362590881734,48.64579541672132,48.25739402484164,48.57669448852539,96783200.0
2019-04-22,48.33126033721687,48.834040931260986,48.214499587608906,48.73634338378906,77758000.0
2019-04-23,48.71251279943443,49.503619315451935,48.58622226846949,49.43928146362305,93292000.0
2019-04-24,49.41068566398058,49.67756320312822,49.336818033390344,49.36302947998047,70162400.0
2019-04-25,49.28440380449955,49.50600673522847,48.8769355424073,48.915061950683594,74172800.0
2019-04-26,48.82451383821142,48.848343752952516,48.162082930875414,48.68154525756836,74596400.0
2019-04-29,48.705367877898986,49.079476422813116,48.576695801391914,48.755409240722656,88818800.0
2019-04-30,48.386062610715946,48.467078489226644,47.44483931736575,47.81656265258789,186139600.0
2019-05-01,50.01117521030859,51.30505889994742,49.8562880319381,50.16367721557617,259309200.0
2019-05-02,50.00164383738716,50.6712230384966,49.59417917290959,49.83722686767578,127985200.0
2019-05-03,50.25183931905875,50.4782089626399,50.0945706099009,50.456764221191406,83569600.0
2019-05-06,48.679168542496804,49.76336440477367,48.49092527269926,49.677581787109375,129772400.0
2019-05-07,49.05803373574075,49.42499041337888,47.854695800035216,48.33841323852539,155054800.0
2019-05-08,48.109665351644786,48.92936506074803,48.07392411151205,48.34794998168945,105358000.0
2019-05-09,47.75223838411033,48.057242419549205,46.861056195160906,47.8284912109375,139634400.0
2019-05-10,47.22330340337194,47.56536448730354,46.11101450339134,47.1658935546875,164834800.0
2019-05-13,44.90064286413654,45.32402809525781,43.73812012203512,44.42462921142578,229722400.0
2019-05-14,44.589690316645736,45.37666407819567,44.35048807727735,45.12789535522461,146118800.0
2019-05-15,44.55619496049758,45.86702199876712,44.49639441030362,45.66848373413086,106178800.0
2019-05-16,45.42689968507999,46.03925685450639,45.170951528362195,45.46756362915039,132125600.0
2019-05-17,44.7140667516376,45.663699804341405,44.67340281448622,45.2092170715332,131516400.0
2019-05-20,43.89838725228515,44.09692550943149,43.123370837032205,43.795528411865234,154449200.0
2019-05-21,44.30503541950881,44.97001729820006,44.18064924329761,44.635135650634766,113459200.0
2019-05-22,44.17107192769556,44.42223492674087,43.666355221971564,43.721370697021484,118994400.0
2019-05-23,43.00855529990352,43.18556258786972,42.53254161888472,42.975067138671875,146118800.0
2019-05-24,43.10423814743245,43.56829102566304,42.72629821206873,42.810020446777344,94858800.0
2019-05-28,42.79806863981353,43.19753598272842,42.55647566713429,42.633018493652344,111792800.0
2019-05-29,42.200059369611644,42.900923841188686,42.099594865311815,42.42969512939453,113924800.0
2019-05-30,42.56602753223366,42.87220603302129,42.25984903144603,42.649749755859375,84873600.0
2019-05-31,42.15461188376971,42.575610183606656,41.858003426997364,41.877140045166016,108174400.0
2019-06-03,42.00390878409617,42.55885600339575,40.728960589625665,41.45374298095703,161584400.0
2019-06-04,41.96563498785348,43.01573251076257,41.74556939956014,42.97028350830078,123872000.0
2019-06-05,44.0801918196271,44.250027028807736,43.329096875378795,43.663978576660156,119093600.0
2019-06-06,43.79314958363369,44.36484283100569,43.57068958699141,44.3050422668457,90105200.0
2019-06-07,44.61360655057878,45.90769148933359,44.43659923654732,45.48430252075195,122737600.0
2019-06-10,45.88137267413092,46.732931908705964,45.835923672858236,46.06555938720703,104883600.0
2019-06-11,46.61094078992602,46.88363115164734,46.30954733221378,46.59897994995117,107731600.0
2019-06-12,46.393277552125554,46.87646713884036,46.259324870645045,46.450687408447266,73012800.0
2019-06-13,46.57267065219424,47.072602406865755,46.30955040496847,46.44110870361328,86698400.0
2019-06-14,45.8191886319466,46.30715958311369,45.52018583958195,46.10383987426758,75046000.0
2019-06-17,46.14210618535647,46.63486581817367,45.96748958898146,46.3789176940918,58676400.0
2019-06-18,46.89559690653218,47.90981200382238,46.69466791366559,47.46968078613281,106204000.0
2019-06-19,47.763887964623265,47.811731318983306,47.19697998482456,47.3309326171875,84496800.0
2019-06-20,47.928952089147415,47.98636194123762,47.36921971853001,47.711280822753906,86056000.0
2019-06-21,47.55339956808391,48.04376482331306,47.39791594328948,47.548614501953125,191202400.0
2019-06-24,47.49120806529403,47.87871815109603,47.40270441017317,47.50077819824219,72881600.0
2019-06-25,47.46490726173989,47.66344559461407,46.71381223914871,46.780792236328125,84281200.0
2019-06-26,47.30701856626707,48.07724991703019,47.206554083550465,47.792598724365234,104270000.0
2019-06-27,47.90981377120324,48.215995988213024,47.73759152091885,47.778255462646484,83598800.0
2019-06-28,47.524699340515674,47.720846929488616,47.13480217086817,47.3429069519043,124442400.0
2019-07-01,48.59871477331292,48.91446345681218,47.99592415477376,48.21120834350586,109012000.0
2019-07-02,48.177720388644275,48.5891485023053,48.165759547562075,48.493465423583984,67740800.0
2019-07-03,48.625032628500364,48.902508111863035,48.483904178318824,48.89533233642578,45448000.0
2019-07-05,48.64176135321417,49.05558007362374,48.53411745981146,48.852256774902344,69062000.0
2019-07-08,48.03419442469582,48.1753228503153,47.460110590009364,47.8452262878418,101354400.0
2019-07-09,47.64908366307894,48.20164023244244,47.555794939029724,48.13705825805664,82312000.0
2019-07-10,48.28297482406582,48.73267256467266,48.21360412874839,48.61307144165039,71588400.0
2019-07-11,48.63219181300387,48.89053059042238,48.249470537148426,48.259037017822266,80767200.0
2019-07-12,48.4265021884717,48.79726646266074,48.36670161682628,48.629825592041016,70380800.0
2019-07-15,48.818772440215454,49.24455203210926,48.797245119823614,49.0866813659668,67789600.0
2019-07-16,48.93838981534798,49.301978274892384,48.67766022623897,48.91686248779297,67467200.0
2019-07-17,48.80921787684371,49.05798660085317,48.622640421352486,48.64177703857422,56430000.0
2019-07-18,48.7972593238797,49.246960724844214,48.72549791841606,49.1943359375,74162400.0
2019-07-19,49.225418684647934,49.395253851076205,48.404956898073856,48.4599723815918,83717200.0
2019-07-22,48.71353960425987,49.569884147383455,48.70397311967198,49.5674934387207,89111600.0
2019-07-23,49.86409221822159,49.97173247823495,49.58422243227659,49.954986572265625,73420800.0
2019-07-24,49.67512349936027,50.02914175520972,49.55552239198474,49.91432571411133,59966400.0
2019-07-25,49.96695653329002,50.050678778547585,49.450278810987754,49.519649505615234,55638400.0
2019-07-26,49.62967672847252,50.1678817358878,49.54834884778114,49.691871643066406,70475600.0
2019-07-29,49.864098572785444,50.385557683272346,49.85931350619357,50.155921936035156,86693600.0
2019-07-30,49.93585442943909,50.27073972938734,49.589011938368884,49.94063949584961,135742800.0
2019-07-31,51.76814519291497,52.95219547888276,50.54343096661381,50.95964050292969,277125600.0
2019-08-01,51.16535872118057,52.15326516054023,49.45267342174729,49.8569221496582,216071600.0
2019-08-02,49.163241840121984,49.37852242130375,48.230354455085056,48.80204772949219,163448400.0
2019-08-05,47.35964111669537,47.517511782159396,46.06555644186893,46.24734878540039,209572000.0
2019-08-06,46.95779455449021,47.37879286336873,46.41480440834536,47.12284469604492,143299200.0
2019-08-07,46.74251896551608,47.735206979322264,46.362188211787306,47.61082077026367,133457600.0
2019-08-08,47.88827805859261,48.68482179511622,47.6945248672639,48.6609001159668,108038000.0
2019-08-09,48.33435204748465,48.6849121066314,47.85172652260763,48.259918212890625,98478800.0
2019-08-12,47.93097076329877,48.51444257030938,47.81811826695935,48.13746643066406,89927600.0
2019-08-13,48.267127875565244,50.93716177711402,48.13746584722147,50.17601013183594,188874000.0
2019-08-14,48.780964420477915,49.56852841372435,48.644099355992225,48.682518005371094,146189600.0
2019-08-15,48.852997569788144,49.256382389403456,47.942974606430376,48.440006256103516,108909600.0
2019-08-16,49.049880924057916,49.741401862998586,48.94423148463047,49.58292770385742,110481600.0
2019-08-19,50.57219735243816,51.07883190639441,50.43053268655295,50.50736999511719,97654400.0
2019-08-20,50.63462823335315,51.22770292346297,50.50016660809505,50.509769439697266,107537200.0
2019-08-21,51.14126080341854,51.299731333447795,50.80750654514709,51.057220458984375,86141600.0
2019-08-22,51.18927233994728,51.48941113488219,50.603400826025755,51.01399230957031,89014800.0
2019-08-23,50.28645358396467,50.91554700309597,48.2623192659155,48.65610122680664,187272000.0
2019-08-26,49.429257136875236,49.748605248722136,49.237167578736795,49.580528259277344,104174400.0
2019-08-27,49.90948253160488,50.07515974076012,48.86980125519638,49.02107238769531,103493200.0
2019-08-28,49.00667191279658,49.395650682194926,48.819385567248915,49.35002899169922,63755200.0
2019-08-29,50.063148791485034,50.26004159092135,49.621345384100835,50.185604095458984,83962000.0
2019-08-30,50.46173818969739,50.5313687808023,49.751007883111264,50.12078094482422,84573600.0
2019-09-03,49.56611865080238,49.69818045135938,49.03547532102372,49.390838623046875,80092000.0
2019-09-04,50.036742667870506,50.29846283883695,49.77982574387522,50.22883224487305,76752400.0
2019-09-05,50.90354603728645,51.3765651308316,50.7858902958723,51.21088790893555,95654800.0
2019-09-06,51.39576734347277,51.484607253260535,51.025994300943886,51.206077575683594,77449200.0
2019-09-09,51.58546505309072,51.96964425782235,50.680248893016675,51.424591064453125,109237600.0
2019-09-10,51.35014804449725,52.05127185370454,50.83391076513622,52.03206253051758,127111600.0
2019-09-11,52.3610251708255,53.71525152055803,52.27938461882768,53.68643569946289,177158400.0
2019-09-12,53.97696341496987,54.365942133767874,53.511147403478866,53.56637191772461,128906800.0
2019-09-13,52.824426967075894,53.01411307002046,52.108897118568684,52.524288177490234,159053200.0
2019-09-16,52.279385864836165,52.85565467101706,52.238567419766575,52.8004264831543,84632400.0
2019-09-17,52.81483950835231,53.02133520223491,52.61314339856129,52.99251937866211,73274800.0
2019-09-18,53.07893723270324,53.50873797571975,52.68995858395568,53.48952865600586,101360000.0
2019-09-19,53.307056774538246,53.72725114264616,52.91327477040642,53.0549430847168,88242400.0
2019-09-20,53.15578449922015,53.43911377467882,52.216949430695024,52.27937698364258,221652400.0
2019-09-23,52.572318178824,52.78601688512093,52.2601730542611,52.517093658447266,76662000.0
2019-09-24,53.071745622463716,53.42230937106519,52.14972006049818,52.267372131347656,124763200.0
2019-09-25,52.4762724285388,53.18459931647141,52.13771495764018,53.071746826171875,87613600.0
2019-09-26,52.82442795501207,53.050132915210256,52.54349848236231,52.79801559448242,75334000.0
2019-09-27,52.95408716657338,53.05493702755311,52.17132649489073,52.541099548339844,101408000.0
2019-09-30,53.04053666142086,53.924147350243985,53.01412429579234,53.777679443359375,103909600.0
2019-10-01,54.041803963537824,54.798152420020195,53.832904827025864,53.92654800415039,139223200.0
2019-10-02,53.55917160743665,53.68403038252034,52.3274007167669,52.5747184753418,138449200.0
2019-10-03,52.44746277412271,53.05494719260859,51.6550991210978,53.021331787109375,114426000.0
2019-10-04,54.17865175845741,54.62285862206544,53.75845746297006,54.50760269165039,138478800.0
2019-10-07,54.32993665616627,55.20874044968746,54.22668698362583,54.519622802734375,122306000.0
2019-10-08,54.221881339577685,54.75972776925968,53.8641145411307,53.88092041015625,111820000.0
2019-10-09,54.512413024902344,54.694896109411246,54.17865880193493,54.512413024902344,74770400.0
2019-10-10,54.72850967565127,55.331190753868945,54.577242206069194,55.24715042114258,113013600.0
2019-10-11,55.933864711609424,57.05998604876927,55.78019379619807,56.71662902832031,166795600.0
2019-10-14,56.40208648570823,57.17764784685901,56.34686196781524,56.63499450683594,96427600.0
2019-10-15,56.75985041805286,57.06238901917909,56.397284055002885,56.502933502197266,87360000.0
2019-10-16,56.034714997954104,56.48372515630135,55.99389655879597,56.27482604980469,73903200.0
2019-10-17,56.447710219951496,56.70222736637808,56.070737747547255,56.49333190917969,67585200.0
2019-10-18,56.327652182971896,57.04558556492881,56.255618132854494,56.76465606689453,97433600.0
2019-10-21,57.03117389835004,57.8643594805564,56.98315242424609,57.74910354614258,87247200.0
2019-10-22,57.90518270314261,58.15489658740651,57.53540962798938,57.61705017089844,82293600.0
2019-10-23,58.13089626006461,58.40462275566765,57.91959732879052,58.39021301269531,75828800.0
2019-10-24,58.7095571851868,58.77919144814045,58.06125802035155,58.48625564575195,69275200.0
2019-10-25,58.38540931615225,59.242603940499954,58.31817850890162,59.20658874511719,73477200.0
2019-10-28,59.40828132176833,59.847685025604804,59.240204303203505,59.79966354370117,96572800.0
2019-10-29,59.780451077157984,59.9677374114046,58.24374175415912,58.41661834716797,142839600.0
2019-10-30,58.76957895706002,58.89924097507983,57.917187665272955,58.4094123840332,124522000.0
2019-10-31,59.36505627876599,59.828468838504534,56.968745403896456,59.73002243041992,139162000.0
2019-11-01,59.91731576023175,61.45162537567779,59.826076043549875,61.42521667480469,151125200.0
2019-11-04,61.78777973024419,61.91264217896342,61.31956753037255,61.8286018371582,103272000.0
2019-11-05,61.72053692271421,61.99426701235729,61.54526056164069,61.739749908447266,79897600.0
2019-11-06,61.65331800351261,61.82619827037496,61.317163964504836,61.766170501708984,75864400.0
2019-11-07,62.31285217221587,62.700595407259684,62.16112687805122,62.479026794433594,94940400.0
2019-11-08,62.300826541440614,62.72228251352526,61.857696572744686,62.6500358581543,69986400.0
2019-11-11,62.206886797370636,63.211159215108815,62.20207280445758,63.14613723754883,81821200.0
2019-11-12,62.989594960966514,63.28823158323448,62.83787700281728,63.08833694458008,87388800.0
2019-11-13,62.88845126287323,63.7674864521532,62.87400193315638,63.69282913208008,102734400.0
2019-11-14,63.519417983025704,63.79155922463415,63.12204679068359,63.252098083496094,89182800.0
2019-11-15,63.502574886013555,64.00832351523762,63.34122157477898,64.00350952148438,100206400.0
2019-11-18,64.01310891844747,64.40566604746566,63.6350084634497,64.3261947631836,86703200.0
2019-11-19,64.51887757210454,64.54296223689062,63.91439437873861,64.13114166259766,76167200.0
2019-11-20,63.95051616700854,64.08056012443966,62.71263645285633,63.384559631347656,106234400.0
2019-11-21,63.504964328035534,63.582032299976326,62.90047390688483,63.10036849975586,121395200.0
2019-11-22,63.2400638402488,63.38215381547278,62.81860790794425,63.04499053955078,65325200.0
2019-11-25,63.26895253287637,64.16725825293672,63.22319387946589,64.15039825439453,84020400.0
2019-11-26,64.28767826489613,64.34066158536174,63.21838386975903,63.64947509765625,105207600.0
2019-11-27,63.96013495495072,64.53813741439751,63.89511298558591,64.5044174194336,65235600.0
2019-11-29,64.20581113752517,64.54297445955625,64.03722580170505,64.36235046386719,46617600.0
2019-12-02,64.36714012426806,64.6031580352692,63.44716783971832,63.61815643310547,94487200.0
2019-12-03,62.20929663764317,62.50311189277975,61.72281877405297,62.483848571777344,114430400.0
2019-12-04,62.87400131746364,63.41346255389857,62.7800733256157,63.03535461425781,67181600.0
2019-12-05,63.529052579721196,64.03480106846754,63.27377133913998,63.96013641357422,74424400.0
2019-12-06,64.41774268897909,65.26546863947017,64.37438734550834,65.19562530517578,106075600.0
2019-12-09,65.02462660501106,65.21728922547906,63.79879285948436,64.28286743164062,128042400.0
2019-12-10,64.68744509771174,65.04146825890689,64.02756074204926,64.6585464477539,90420400.0
2019-12-11,64.73802401273718,65.28953113493121,64.6633667099047,65.21005249023438,78756800.0
2019-12-12,64.48997619221315,65.64115256416365,64.3791955584024,65.37623596191406,137310400.0
2019-12-13,65.37622984964455,66.30102352499274,65.248589228168,66.26490020751953,133587600.0
2019-12-16,66.71044750574998,67.62320261796066,66.70563351279964,67.39922332763672,128186000.0
2019-12-17,67.32938692874545,67.85921278461262,67.14394163202556,67.53168487548828,114158400.0
2019-12-18,67.38477250929151,67.89052104298418,67.22100855730946,67.37032318115234,116028400.0
2019-12-19,67.31252181714845,67.71711767990757,67.18006720064264,67.43775177001953,98369200.0
2019-12-20,67.97000364021376,68.07114894305518,67.08614715319112,67.29808044433594,275978000.0
2019-12-23,67.56060623723938,68.45650164510162,67.52207223210864,68.39629364013672,98572000.0
2019-12-24,68.56244109414793,68.61061041883474,68.13617123413715,68.46128845214844,48478800.0
2019-12-26,68.59376152611499,69.83645533824492,68.5648628664668,69.81959533691406,93121200.0
2019-12-27,70.11100606214161,70.7973786870116,69.38851010956454,69.79310607910156,146266000.0
2019-12-30,69.71123070858043,70.48912073727585,68.69010535047886,70.20734405517578,144114400.0
2019-12-31,69.82440364292783,70.72752343141342,69.72566166410049,70.72029876708984,100805600.0
2020-01-02,71.34404690340438,72.39407791515757,71.09117632272992,72.33386993408203,135480400.0
2020-01-03,71.56322072155912,72.38927264137095,71.40668140593664,71.63065338134766,146322800.0
2020-01-06,70.75401351048198,72.23994237629597,70.50354624985978,72.20140838623047,118387200.0
2020-01-07,72.211041164577,72.4663224088167,71.64268136784916,71.8618392944336,108872000.0
2020-01-08,71.56562867701548,73.31888511458335,71.56562867701548,73.0178451538086,132079200.0
2020-01-09,73.99320996049889,74.76146451044018,73.74275001069596,74.56880187988281,170108400.0
2020-01-10,74.80241795222723,75.30094193802128,74.23646130286748,74.73738861083984,140644800.0
2020-01-13,75.05286332420356,76.36057889021191,74.93485068528152,76.3340835571289,121532000.0
2020-01-14,76.27147857331117,76.48100118582082,75.18051017572739,75.30332946777344,161954400.0
2020-01-15,75.10344034713454,75.98247543934815,74.54952248725758,74.9806137084961,121923600.0
2020-01-16,75.52249718552835,76.03065646802948,75.16124922768141,75.91986846923828,108829200.0
2020-01-17,76.16792404225187,76.76277929851412,75.86207008807327,76.7603759765625,137816400.0
2020-01-21,76.38948797518701,76.8302072165908,76.10289736234121,76.24017333984375,110843200.0
2020-01-22,76.72423213565071,77.06380603496487,76.4183782339569,76.5123062133789,101832400.0
2020-01-23,76.56530142477,76.96026202494508,76.01860816134078,76.88079071044922,104472000.0
2020-01-24,77.12644775977525,77.86820708363678,76.46897375596369,76.65923309326172,146537600.0
2020-01-27,74.67234921705278,75.08416976822737,73.42484155700832,74.405029296875,161940000.0
2020-01-28,75.28406920782065,76.68089158109271,75.18532722614749,76.50990295410156,162234000.0
2020-01-29,78.13793027321145,78.95675744540253,77.39857441186852,78.11143493652344,216229200.0
2020-01-30,77.19626294921763,78.05121329496869,76.76517176985938,77.99822998046875,126743200.0
2020-01-31,77.29019066933044,77.71164655303768,74.24607885109228,74.5398941040039,199588400.0
2020-02-03,73.28515870612867,75.4984048922783,72.78423148900761,74.33518981933594,173788400.0
2020-02-04,75.93669870128832,76.97950484657014,75.53210291102174,76.78924560546875,136616400.0
2020-02-05,77.91393700101683,78.21257356762338,76.81334075627086,77.41542053222656,118826800.0
2020-02-06,77.68514573263211,78.32334878116308,77.12882464602528,78.32093811035156,105425600.0
2020-02-07,77.82123854389138,78.06988383321008,76.76630651671353,77.25635528564453,117684000.0
2020-02-10,75.84415588740227,77.62329864501953,75.7644959675757,77.62329864501953,109348800.0
2020-02-11,78.11818867514276,78.19060679185898,76.93772180330761,77.15498352050781,94323200.0
2020-02-12,77.60399117788235,78.99206144129231,77.60399117788235,78.98723602294922,113730400.0
2020-02-13,78.26059867524006,78.75064746940821,78.05782062596876,78.42475128173828,94747600.0
2020-02-14,78.3933688702963,78.69271421468866,77.93712009409066,78.4440689086914,80113600.0
2020-02-18,76.12901616267288,77.18878123005356,75.94796350927948,77.00772857666016,152531200.0
2020-02-19,77.24913667748609,78.35235267875386,77.24913667748609,78.12301635742188,93984000.0
2020-02-20,77.88400744802773,78.3716398349872,76.81700080414447,77.321533203125,100566000.0
2020-02-21,76.91597690115918,77.35774940247184,74.95578178960817,75.57135772705078,129554000.0
2020-02-24,71.75960997813098,73.43011814732492,69.8211400810818,71.98169708251953,222195200.0
2020-02-25,72.6503953158895,73.03180965186876,69.07279323243056,69.54352569580078,230673600.0
2020-02-26,69.16934783382864,71.90927916190874,69.16210602316792,70.64673614501953,198054800.0
2020-02-27,67.85854496748809,69.04142098650374,65.89351637245633,66.02870178222656,320605600.0
2020-02-28,62.10346116385855,67.20914325476264,61.88860853206062,65.99005126953125,426510000.0
2020-03-02,68.14338175177791,72.76867383608672,67.04258234775999,72.13378143310547,341397200.0
2020-03-03,73.3069988099028,73.38665871766685,68.99311238709194,69.84285736083984,319475600.0
2020-03-04,71.56165746891385,73.24182384454771,70.76261243598904,73.0824966430664,219178400.0
2020-03-05,71.33956494467967,72.31242082695749,70.34740002247567,70.71192169189453,187572800.0
2020-03-06,68.07579124975517,70.2049720207652,67.88991319528947,69.77285766601562,226176800.0
2020-03-09,63.670179502443226,67.1319051551366,63.48912685930832,64.25437927246094,286744800.0
2020-03-10,66.90255338767554,69.14760244929552,65.02684393022976,68.8820571899414,285290000.0
2020-03-11,66.96290981260235,67.88748182990133,65.62794159632746,66.48975372314453,255598800.0
2020-03-12,61.78482214303871,65.17895530003963,59.868077460777144,59.92359924316406,418474000.0
2020-03-13,63.94538103600016,67.57367559511492,61.06301877546382,67.10293579101562,370732000.0
2020-03-16,58.40756965352153,62.54280864814437,57.93683361708763,58.4703369140625,322423600.0
2020-03-17,59.74977632698614,62.1879493594709,57.550590391518064,61.04128646850586,324056000.0
2020-03-18,57.881318208922394,60.35087498179023,57.24159672400037,59.547000885009766,300233600.0
2020-03-19,59.72079954305733,61.03644761314607,58.56689134297351,59.090736389160156,271857200.0
2020-03-20,59.67011183513416,60.7926402539027,55.03999474688709,55.33933639526367,401693200.0
2020-03-23,55.05931255400759,55.16070158535809,51.32479999006741,54.16370391845703,336752800.0
2020-03-24,57.05812866753022,59.79323063321941,56.56083807077307,59.597694396972656,287531200.0
2020-03-25,60.53193331315153,62.34245973328567,58.97488132854125,59.26939392089844,303602000.0
2020-03-26,59.51079529315195,62.44625922344338,59.472169846872056,62.38832473754883,252087200.0
2020-03-27,61.01475127878738,61.76792922563694,59.63875168991757,59.805320739746094,204216800.0
2020-03-30,60.529517371062305,61.68342585318123,60.206033868463194,61.512027740478516,167976400.0
2020-03-31,61.702735358357586,63.366001623216455,60.83368129501873,61.38649368286133,197002000.0
2020-04-01,59.50596168562525,60.041877740721404,57.726819101176545,58.156517028808594,176218400.0
2020-04-02,58.018926998627165,59.18007745825888,57.18849821621821,59.12696838378906,165934000.0
2020-04-03,58.6127685713981,59.31283722451452,57.68819275537644,58.277217864990234,129880000.0
2020-04-06,60.568131689303875,63.51566611882468,60.20120105165565,63.36117172241211,201820400.0
2020-04-07,65.37206847487805,65.58933753055518,62.52350996388426,62.62731170654297,202887200.0
2020-04-08,63.42636197678972,64.54406151460887,63.061847651130236,64.23023986816406,168895200.0
2020-04-09,64.86512738575412,65.19584902236409,63.89951332637289,64.6937255859375,161834800.0
2020-04-13,64.77099716065541,66.07216605732911,64.17231360053658,65.96353149414062,131022800.0
2020-04-14,67.59296193706734,69.58454027985593,67.12222229104349,69.29485321044922,194994800.0
2020-04-15,68.17235045630129,69.12106449233013,67.7450688913163,68.66239929199219,131154400.0
2020-04-16,69.3745233735621,69.5724759670409,68.16026433690568,69.20795440673828,157125200.0
2020-04-17,68.72516178272222,69.27073604048029,66.83496828577375,68.26890563964844,215250000.0
2020-04-20,67.09811161151838,67.99854202997274,66.83256626499734,66.85187530517578,130015200.0
2020-04-21,66.69494844279068,66.92911009651182,64.07571939662287,64.78544616699219,180991600.0
2020-04-22,66.05041238241853,67.0860355273564,65.71003990834832,66.6515121459961,116862400.0
2020-04-23,66.59600474763815,68.01545898341168,66.35460116650802,66.39322662353516,124814400.0
2020-04-24,66.91704122865521,68.31959472449138,66.86875759043463,68.3099365234375,126161200.0
2020-04-27,68.02749402346188,68.68894453234053,67.58090350335026,68.35822296142578,117087600.0
2020-04-28,68.81932145434843,69.00037411858965,67.15847120269908,67.25019836425781,112004800.0
2020-04-29,68.73482721743544,69.92736120107678,68.53204914375017,69.45903778076172,137280800.0
2020-04-30,69.9973432879905,71.10055883816591,69.6086872641838,70.92433166503906,183064000.0
2020-05-01,69.10177945784982,72.1796753114309,69.0052194927167,69.78253936767578,240616800.0
2020-05-04,69.80666911806027,70.89781053260225,69.11866751411011,70.76986694335938,133568000.0
2020-05-05,71.2285300116976,72.66246767070962,71.08368641004002,71.83203887939453,147751200.0
2020-05-06,72.53210878963873,73.20321036598678,72.14827802802382,72.57315063476562,142333600.0
2020-05-07,73.1983559121912,73.6690955962119,72.8966015934725,73.32388305664062,115215200.0
2020-05-08,73.98230402182824,75.12239040799929,73.65552559886389,75.06913757324219,133838400.0
2020-05-11,74.57775917368724,76.74416477518758,74.36958632362644,76.25037384033203,145946400.0
2020-05-12,76.93296121988755,77.38319101183461,75.25793117438776,75.37895965576172,162301200.0
2020-05-13,75.55809041384309,76.47791143801962,73.39410026175051,74.46883392333984,200622400.0
2020-05-14,73.70879158063562,74.98685245577319,72.98745894244641,74.92633819580078,158929200.0
2020-05-15,72.70183169409641,74.5293593473761,72.66794016355354,74.48336791992188,166348400.0
2020-05-18,75.80498172029709,76.611028150083,75.11511790410643,76.2382583618164,135178400.0
2020-05-19,76.25522103808397,77.0999976554672,75.76626852775506,75.79773712158203,101729600.0
2020-05-20,76.65460843756124,77.34204942619355,76.6158784313997,77.27185821533203,111504800.0
2020-05-21,77.1339005633104,77.67369044499544,76.45855932436727,76.6957778930664,102688800.0
2020-05-22,76.43433589476804,77.27185842972254,76.33267609193112,77.18955993652344,81803200.0
2020-05-26,78.30543299444078,78.48455279572174,76.61103413521022,76.66670989990234,125522000.0
2020-05-27,76.52389490649263,77.1459757123096,75.7856167074525,77.00074005126953,112945200.0
2020-05-28,76.67638285095582,78.29090607267398,76.4004417495467,77.03462982177734,133560800.0
2020-05-29,77.27668110998019,77.73658783652532,76.60376308600569,76.95958709716797,153532400.0
2020-06-01,76.91361639836452,78.0270801430567,76.78290354210658,77.90605163574219,80791200.0
2020-06-02,77.63977407114822,78.29090791932163,77.19922860751555,78.2667007446289,87642800.0
2020-06-03,78.58620379313693,78.95897353375568,78.01494559700772,78.69754791259766,104491200.0
2020-06-04,78.52087329742372,78.81859867793425,77.64704369151033,78.01981353759766,87560400.0
2020-06-05,78.26913445919533,80.3024118345787,78.24008880036028,80.24189758300781,137250400.0
2020-06-08,79.93932296340279,80.75021537775042,79.23009773769596,80.71632385253906,95654400.0
2020-06-09,80.39678357699073,83.65728297979172,80.36531499757703,83.26515197753906,147712400.0
2020-06-10,84.21162466782144,85.87455499385788,83.77350211039672,85.40738677978516,166651600.0
2020-06-11,84.55290729433239,84.9765069301838,81.20526313670851,81.30692291259766,201662400.0
2020-06-12,83.44188410385023,84.18741636682982,80.90028576320306,82.00890350341797,200146000.0
2020-06-15,80.665491974399,83.67425858934295,80.50331054070764,83.02312469482422,138808800.0
2020-06-16,85.07332981023045,85.49451390772815,83.44186840333514,85.22340393066406,165428800.0
2020-06-17,85.96654258564811,86.02705683600927,84.98379175074255,85.10482025146484,114406400.0
2020-06-18,85.06123476532262,85.55503301794639,84.53112944713651,85.1386947631836,96820400.0
2020-06-19,85.8430918789263,86.30783714893171,83.54596609025744,84.65216827392578,264476000.0
2020-06-22,85.04429286253834,87.00979422869749,84.99830144840965,86.86698150634766,135445200.0
2020-06-23,88.10876448893902,90.13720371046618,87.69000314125313,88.7211685180664,212155600.0
2020-06-24,88.3508144843821,89.26821268122214,86.78228229668392,87.1550521850586,192623200.0
2020-06-25,87.30996818337783,88.3508103921037,86.55232854521968,88.31208038330078,137522400.0
2020-06-26,88.2079602539536,88.4282329304763,85.45092847846783,85.59858703613281,205256800.0
2020-06-29,85.50662726415537,87.6657787527797,85.02977472321102,87.57137298583984,130646000.0
2020-06-30,87.15988924218063,88.58803158175118,87.14052793069565,88.30239868164062,140223200.0
2020-07-01,88.37984062385425,88.92204587845694,88.08695375546539,88.13536071777344,110737200.0
2020-07-02,89.04065881814572,89.67484690422407,88.02160103220285,88.13536071777344,114041600.0
2020-07-06,89.56106788910034,90.96015670821257,89.52959930495038,90.49298858642578,118655600.0
2020-07-07,90.87061453958542,91.6476154008952,90.10087509241899,90.21221923828125,112424400.0
2020-07-08,91.1877146099101,92.34474679060094,91.10057024745561,92.31327819824219,117092000.0
2020-07-09,93.20403412942578,93.2572869587544,91.66455533300416,92.71024322509766,125642800.0
2020-07-10,92.30601639495103,92.93052759776583,91.69603540831204,92.87242889404297,90257200.0
2020-07-13,94.17470651308925,96.77924249240976,92.2309888780557,92.44400024414062,191649200.0
2020-07-14,91.82672629574613,94.16499745387678,90.89481289415856,93.9737777709961,170989200.0
2020-07-15,95.84488685944433,96.09420527190387,93.42431687945134,94.62007904052734,153198000.0
2020-07-16,93.49450240060445,94.31023318785083,92.85789140298706,93.45577239990234,110577600.0
2020-07-17,93.90601706451432,94.06092970486094,92.79496892260524,93.26698303222656,92186800.0
2020-07-20,93.35413310853578,95.37046481228467,93.01040889370655,95.23249053955078,90318000.0
2020-07-21,96.02158177786353,96.09661884897764,93.66878769091768,93.91810607910156,103433200.0
2020-07-22,93.62037944003524,94.86213298167614,93.53324246932021,94.18195343017578,89001600.0
2020-07-23,93.91567346927818,93.99313346599342,89.08664175912257,89.89511108398438,197004400.0
2020-07-24,88.09664593771886,90.01615612762265,86.31267968652797,89.67243194580078,185438800.0
2020-07-27,90.7326345162056,91.88966654711753,90.50994623863684,91.79768371582031,121214000.0
2020-07-28,91.36925259131361,91.54595685387366,90.28483461346657,90.28968048095703,103625600.0
2020-07-29,90.77135574195019,92.20433612820618,90.73504867705178,92.02037048339844,90329200.0
2020-07-30,91.19497870904048,93.2379404686909,90.78832470426487,93.13385772705078,158130000.0
2020-07-31,99.61613418906329,103.03397765297315,97.62157959922047,102.88390350341797,374336800.0
2020-08-03,104.7622549635953,108.09053834247213,104.4645296144692,105.47632598876953,308151200.0
2020-08-04,105.6651349105181,107.26997389606046,104.94380243901392,106.18071746826172,173071600.0
2020-08-05,105.90235611566642,106.88510690463526,105.43760344433963,106.56558990478516,121776800.0
2020-08-06,106.8972095786005,110.77738293578851,106.30901285016994,110.28358459472656,202428800.0
2020-08-07,109.80585245809037,110.26174118969138,106.98080610359243,107.77618408203125,198045600.0
2020-08-10,109.21902314455248,110.35874505613272,106.69709332777636,109.34269714355469,212403600.0
2020-08-11,108.60794885006547,109.10505737675727,105.83139636601508,106.09086608886719,187902400.0
2020-08-12,107.17966637873178,109.87377217439806,106.98567459916234,109.61672973632812,165598000.0
2020-08-13,110.99406946976315,112.55815472074357,110.50665541102485,111.55665588378906,210082000.0
2020-08-14,111.38206488530741,111.5469586132698,109.65065854076958,111.45723724365234,165565200.0
2020-08-17,112.57756555807367,112.60181637912858,110.54062239475888,111.16625213623047,119561600.0
2020-08-18,110.91890789561272,112.51693852673742,110.58426581680665,112.09257507324219,105633600.0
2020-08-19,112.49996719549999,113.64453639963617,112.13865437861999,112.23322296142578,145538000.0
2020-08-20,112.27444044495672,114.8375973733061,112.2574641314498,114.72362518310547,126907200.0
2020-08-21,115.68145234899778,121.11815663863275,115.66933064133964,120.6355972290039,338054800.0
2020-08-24,124.83316679017967,124.91804835697145,120.21609797723066,122.07844543457031,345937600.0
2020-08-25,120.95329109467639,121.42130160395935,119.35768029886763,121.07695770263672,211495600.0
2020-08-26,122.39127306939878,123.17937664467517,121.32672345710665,122.7234878540039,163022400.0
2020-08-27,123.32486945527224,123.65708422717836,120.11425182681509,121.25640106201172,155552400.0
2020-08-28,122.22881796842402,122.64590698975564,120.83690796249397,121.06000518798828,187630000.0
2020-08-31,123.7492594402055,127.06656806710367,122.21669905690888,125.16541290283203,225702700.0
2020-09-01,128.7737011544299,130.75245576113278,126.61066398001222,130.15106201171875,151948100.0
2020-09-02,133.45868391206912,133.8369730802814,123.186665513161,127.45454406738281,200119000.0
2020-09-03,123.09934328509381,124.97138507910603,116.88180945410002,117.25039672851562,257599600.0
2020-09-04,116.46473461185484,119.98573625952378,107.56037630423063,117.32801055908203,332607200.0
2020-09-08,110.52849400857393,115.41716207276087,109.29663073421304,109.43242645263672,231366600.0
2020-09-09,113.7391214492864,115.56266939432574,111.799173992742,113.79731750488281,176940500.0
2020-09-10,116.74603554472291,116.8818312711873,109.12204164322466,110.08231353759766,182274400.0
2020-09-11,111.12986314395623,111.77004920348398,106.69708456311906,108.63703155517578,180860300.0
2020-09-14,111.27539655347849,112.44906397434094,109.41304861625771,111.89617919921875,140150100.0
2020-09-15,114.77699796976391,115.26198485471991,110.19872059172918,112.07077026367188,184642000.0
2020-09-16,111.7700619173575,112.51693833812011,108.67584374495958,108.76313781738281,154679000.0
2020-09-17,106.42551466292394,108.83104527474275,105.4458391619844,107.02689361572266,178011000.0
2020-09-18,107.08508422800398,107.55066740012516,102.90449308489,103.63197326660156,287104900.0
2020-09-21,101.40106341982381,106.88141694986336,100.00429875934016,106.77471923828125,195713800.0
2020-09-22,109.29661551959238,109.47121104759135,105.88231201688097,108.4527359008789,183055400.0
2020-09-23,108.26844522282775,108.74373016788621,103.56406780634413,103.903564453125,150718700.0
2020-09-24,102.01212050333626,106.93958810787352,101.84722676940335,104.97054290771484,167743300.0
2020-09-25,105.17424837255975,109.06384497371614,104.4370662899755,108.90864562988281,149981400.0
2020-09-28,111.5566650919616,111.85735453793174,109.39362072171006,111.50816345214844,137672400.0
2020-09-29,111.11050109828263,111.84767585373268,110.15992352372166,110.664306640625,99382200.0
2020-09-30,110.3733206510487,113.73913095345405,110.20842687953865,112.3326644897461,142675200.0
2020-10-01,114.10769446919807,114.18529413378772,112.35204460964711,113.28321838378906,116120400.0
2020-10-02,109.50033277715342,111.90587086149135,108.85045216012577,109.62642669677734,144712000.0
2020-10-05,110.4896945754234,113.14742012517607,110.1405034929378,113.00192260742188,106243800.0
2020-10-06,112.22593325878677,112.6333277612592,108.87952757625551,109.76220703125,161498200.0
2020-10-07,111.17836295291494,112.08043858541826,110.70307061944358,111.62454986572266,96849000.0
2020-10-08,112.7594330889432,112.90493061170089,111.1492733309645,111.51786804199219,83477200.0
2020-10-09,111.81855926916633,113.48691510258755,111.46936816913343,113.45781707763672,100506900.0
2020-10-12,116.45503667336371,121.42130453731181,115.6984583933761,120.66472625732422,240226800.0
2020-10-13,121.50859444916024,121.62499394990238,116.05734733652297,117.46380615234375,262330500.0
2020-10-14,117.36683480419042,119.33588051809492,116.02827356723056,117.55113220214844,150712000.0
2020-10-15,115.15527990408137,117.56081055796655,114.60239518602361,117.08552551269531,112559200.0
2020-10-16,117.63840880188037,117.90030584427576,115.24257258596,115.4462661743164,115393800.0
2020-10-19,116.35804207693808,116.80422908289772,112.1871596819352,112.49755096435547,120639300.0
2020-10-20,112.71093501778782,115.40746797741103,112.15805033404632,113.98160552978516,124423700.0
2020-10-21,113.16683302863848,115.14558032107824,112.95343762450592,113.36083221435547,89946000.0
2020-10-22,113.92340448698165,114.49569279996962,111.14927920105526,112.27445220947266,101988000.0
2020-10-23,112.89521716371952,113.05041647874276,110.84857244879218,111.58575439453125,82572600.0
2020-10-26,110.58670073335905,113.05043475532885,109.490625744662,111.59547424316406,111850700.0
2020-10-27,112.02224386138344,113.75849741390176,111.10077194371063,113.09891510009766,92276800.0
2020-10-28,111.5954574737689,111.9640447506843,107.76405759395712,107.86105346679688,143937800.0
2020-10-29,108.99595640558233,113.41903447764516,108.83105523861934,111.85737609863281,146129200.0
2020-10-30,107.72527832227131,108.6273541724171,104.4855696692542,105.59133911132812,190272600.0
2020-11-02,105.83380789569206,107.35666597624237,104.09755446367568,105.50401306152344,122866900.0
2020-11-03,106.36731546450528,108.14236164402186,105.46523966166725,107.12389373779297,107624400.0
2020-11-04,110.71279021468385,112.11924902667879,108.97653651830575,111.49846649169922,138235500.0
2020-11-05,114.40838980980128,116.02825144019144,113.36082388514865,115.45596313476562,126387100.0
2020-11-06,114.96528648231298,115.82033327578648,112.83737692583377,115.32479858398438,114457900.0
2020-11-09,117.08348090470506,118.53123307425452,112.75965407719045,113.0219955444336,154515300.0
2020-11-10,112.27383288243148,114.25598657554706,110.8940882741732,112.68192291259766,138023400.0
2020-11-11,113.86732041488949,116.23813418126791,113.13858512576901,116.10210418701172,112295000.0
2020-11-12,116.22842646880996,117.1126214574974,115.20819406878398,115.83004760742188,103162300.0
2020-11-13,116.05352836084144,116.27700303551688,114.52804275815001,115.87863159179688,81581900.0
2020-11-16,115.54827474511946,117.55958400464418,114.80010971790968,116.88915252685547,91183000.0
2020-11-17,116.16041857776305,117.24865863043144,115.58714291023577,116.00495147705078,74271000.0
2020-11-18,115.24705927558566,116.42275133775613,114.65435397133162,114.68350219726562,76322100.0
2020-11-19,114.25598215062608,115.68430461397098,113.49809857736044,115.27621459960938,74113000.0
2020-11-20,115.27621337018954,115.40252482669361,113.96449124482857,114.01306915283203,73604300.0
2020-11-23,113.85759556092404,114.28512261237464,110.52484606012634,110.62200927734375,127959300.0
2020-11-24,110.68033950800988,112.56533009298217,109.39775804807978,111.90460968017578,113874200.0
2020-11-25,112.27380983588145,113.43978322932423,111.90457924459807,112.74019622802734,76499200.0
2020-11-27,113.26490259506915,114.158816151439,112.92482759135008,113.28433227539062,46691300.0
2020-11-30,113.65353331817899,117.54012072117418,113.49806626378214,115.674560546875,169410200.0
2020-12-01,117.57902381222483,119.9692749139944,116.60737666127397,119.24053955078125,127728200.0
2020-12-02,118.56035832864589,119.87208764992158,117.46239993689542,119.5903091430664,89004200.0
2020-12-03,120.0178419599632,120.27047227200518,118.74498667961886,119.45429229736328,78967600.0
2020-12-04,119.12394191020984,119.37657225081612,118.07456118438024,118.78386688232422,78260400.0
2020-12-07,118.84215122001115,121.03807568238211,118.78385476777048,120.24132537841797,86712000.0
2020-12-08,120.84375108576852,121.43645640289948,119.6000365852931,120.85346221923828,82225500.0
2020-12-09,120.99921619827668,122.37895334699282,117.56930300737729,118.32718658447266,115089200.0
2020-12-10,117.08347009062476,120.35792333365181,116.7433951040976,119.74578094482422,81312200.0
2020-12-11,118.95876073591047,119.27940607418536,117.13206676469383,118.9393310546875,86939800.0
2020-12-14,119.12393693642923,119.85267228564851,118.09399334838469,118.32718658447266,79184500.0
2020-12-15,120.81461736527078,124.27368666937784,120.61057232920147,124.2542495727539,157243700.0
2020-12-16,123.79757294273104,124.73034594931227,122.97166689471923,124.18622589111328,98208600.0
2020-12-17,125.24530607028412,125.90603381216341,124.40968896582861,125.05097961425781,94359800.0
2020-12-18,125.30360051877908,125.43963050234059,122.54411925279229,123.06880950927734,192541500.0
2020-12-21,121.47531311924551,124.67203286094654,119.94982751976666,124.59429931640625,121251600.0
2020-12-22,127.87853540802973,130.59915152942074,125.9740996752065,128.14088439941406,168904800.0
2020-12-23,128.41289904268606,128.67523311498164,127.07202114631367,127.2469253540039,88223700.0
2020-12-24,127.59667642019997,129.6760001670091,127.38291291879534,128.22824096679688,54930100.0
2020-12-28,130.1910087492954,133.44601785068772,129.72460743607215,132.814453125,124486200.0
2020-12-29,134.13588116304936,134.85489050709643,130.53106400488656,131.04603576660156,121047300.0
2020-12-30,131.7359140805847,132.13429294527648,129.61771571736733,129.92864990234375,96452100.0
2020-12-31,130.27842990655225,130.9197204767935,127.98534242224186,128.92784118652344,99116600.0
2021-01-04,129.73431458165692,129.8217592553949,123.16597863459702,125.7408447265625,143301900.0
2021-01-05,125.23556923440636,128.00476884946957,124.78860513373438,127.29545593261719,97664900.0
2021-01-06,124.0987683518539,127.33435496235823,122.7967573877346,123.0105209350586,155088000.0
2021-01-07,124.72063157172194,127.89792197499627,124.2348079857969,127.20804595947266,109578200.0
2021-01-08,128.67524616951312,128.8695874924766,126.5376250523671,128.3060302734375,105158200.0
2021-01-11,125.5270809622862,126.47929089114106,124.85664214589357,125.32302856445312,100384500.0
2021-01-12,124.85663526886566,126.01289753186738,123.26313483591238,125.14813232421875,91951100.0
2021-01-13,125.1092658720847,127.72299874717103,124.84693184960055,127.17887878417969,88636800.0
2021-01-14,127.09145562889725,127.28578210198899,125.1092870553467,125.25504302978516,90221800.0
2021-01-15,125.12869482471949,126.52786882491789,123.39916441507316,123.53519439697266,111598500.0
2021-01-19,124.15705738304294,125.06069683837403,123.340877429049,124.20564270019531,90757300.0
2021-01-20,125.0121142129877,128.73352422939956,124.90523244341398,128.28656005859375,104319500.0
2021-01-21,130.00638521290585,135.7099489572785,129.80233279797613,132.9893341064453,120150900.0
2021-01-22,132.41610954879968,135.8848979635937,131.1918391338999,135.12701416015625,114459400.0
2021-01-25,139.01359963257673,140.97631669159273,132.66872851623955,138.8678436279297,157611700.0
2021-01-26,139.52854031294,140.20869037046396,137.3617564370404,139.10101318359375,98390600.0
2021-01-27,139.363363343346,140.20870656534407,136.42899920964183,138.03221130371094,140843800.0
2021-01-28,135.5642045936499,137.96417406452278,132.82415271471342,133.20309448242188,142621100.0
2021-01-29,131.9788681052856,132.86307079745845,126.51821446231364,128.21859741210938,177523800.0
2021-02-01,129.95781964029345,131.54160940158948,127.21776727973175,130.33676147460938,106239800.0
2021-02-02,131.8816527763116,132.4452098565485,130.79341280132044,131.1626434326172,83305400.0
2021-02-03,131.91081569341782,131.92054165395052,129.82178018887643,130.14242553710938,89880900.0
2021-02-04,132.43550657690793,133.5043095225396,130.7739834636992,133.49459838867188,84183100.0
2021-02-05,133.65513325973174,133.72324245824956,132.20521062487953,133.08099365234375,75693800.0
2021-02-08,132.37067302189544,133.27566293088242,131.29053239728702,133.2270050048828,71297200.0
2021-02-09,132.94475664834664,134.17087067010365,132.1954812442837,132.35116577148438,76774200.0
2021-02-10,132.80853804149436,133.3048279995829,130.7844904817518,131.74786376953125,73046600.0
2021-02-11,132.24413324277845,132.72095704438246,130.17144270344224,131.49485778808594,64280000.0
2021-02-12,130.73588879731562,131.88413877300763,130.09363973549668,131.7284393310547,60145100.0
2021-02-16,131.84520181246612,132.35120265140839,129.21782237561078,129.60707092285156,80576300.0
2021-02-17,127.71924852152779,128.6631557746567,125.98713342468182,127.32027435302734,97918500.0
2021-02-18,125.7243978338029,126.50288006540657,123.98255701846796,126.22068786621094,96856700.0
2021-02-19,126.7364377000899,127.19379548505816,125.3351725587671,126.37638092041016,87668800.0
2021-02-22,124.56638952046134,126.23039523519333,122.22122494397281,122.61046600341797,103916400.0
2021-02-23,120.43072170415333,123.30136048380355,115.20517794881079,122.47422790527344,158273000.0
2021-02-24,121.57899955251936,122.1823162213377,118.94190197736167,121.97796630859375,111039900.0
2021-02-25,121.32599026278942,123.05810538980377,117.29736077604736,117.7352523803711,148199500.0
2021-02-26,119.29220956982277,121.49141551253575,117.93960247752109,117.99799346923828,164560400.0
2021-03-01,120.42100448300808,124.48855870917815,119.48683030882653,124.35232543945312,116307900.0
2021-03-02,124.95565484356455,125.25731317881322,121.6471165286429,121.75415802001953,102260900.0
2021-03-03,121.45248092660913,122.32827149061751,118.56237577745944,118.77645874023438,112966300.0
2021-03-04,118.47482266404644,120.27505462421279,115.42902496763867,116.89839935302734,178155000.0
2021-03-05,117.72553558561702,118.65970985611862,114.40726400079701,118.15369415283203,153766600.0
2021-03-08,117.67687524164398,117.74499188213018,113.08384627126932,113.22981262207031,154376600.0
2021-03-09,115.827968557669,118.77645723226702,115.59442688495044,117.83255004882812,129525800.0
2021-03-10,118.4164168777091,118.88350022910564,116.23666982400522,116.7524185180664,111943300.0
2021-03-11,119.24356031125248,119.89553490297892,117.99799469596714,118.67916107177734,103026500.0
2021-03-12,117.16111263936789,117.9103955487277,115.95447204511132,117.77416229248047,88105100.0
2021-03-15,118.14395874848536,120.6642817142442,117.18058534747087,120.65454864501953,92403800.0
2021-03-16,122.31853204805573,123.7976465733389,121.36489925795071,122.19203186035156,115227900.0
2021-03-17,120.71294726523811,122.4742542742317,119.04894125801434,121.40384674072266,111932600.0
2021-03-18,119.57441725151209,119.86634995731801,117.08328587882134,117.28763580322266,121229700.0
2021-03-19,116.67454777937338,118.1633877577359,116.46046485518836,116.76212310791016,185549500.0
2021-03-22,117.0930131834112,120.5377847911862,117.024896545298,120.07069396972656,111912300.0
2021-03-23,120.0123099463268,120.89782623844285,118.8543196786337,119.24356079101562,95467100.0
2021-03-24,119.51603034411634,119.5938800533793,116.8400078374971,116.85946655273438,88530500.0
2021-03-25,116.32425121223295,118.3872236915313,115.7987768800299,117.34600067138672,98844700.0
2021-03-26,117.11246742653448,118.21207408800578,115.72093550893463,117.94933319091797,94071200.0
2021-03-29,118.37748900748083,119.28247132989765,117.48223975334861,118.12448120117188,80819200.0
2021-03-30,116.87893335491496,117.16113298447573,115.66255948137214,116.6745834350586,85671900.0
2021-03-31,118.37747949371837,120.19716963643593,117.89093005677267,118.86402893066406,118323800.0
2021-04-01,120.33341860340158,120.83942678607517,119.19488720011346,119.69116973876953,75089100.0
2021-04-05,120.53778601486208,122.76618380455446,119.75930377924526,122.51317596435547,88651200.0
2021-04-06,123.09702657327624,123.71007628588559,122.26989388745704,122.81482696533203,80171300.0
2021-04-07,122.44505868103397,124.47883218903853,121.77361794195266,124.4593734741211,83466700.0
2021-04-08,125.48112193995918,126.88238697462579,125.0626964676061,126.85319519042969,88844600.0
2021-04-09,126.3082809200934,129.46111286986317,125.98715639774359,129.4221954345703,106686700.0
2021-04-12,128.95510707935833,129.27623158953074,127.1159502289636,127.70954132080078,91420000.0
2021-04-13,128.87723269707828,131.0375136441806,128.38094270892825,130.81369018554688,91266500.0
2021-04-14,131.3099933958929,131.36837696548068,128.1182295730411,128.478271484375,87222800.0
2021-04-15,130.22012045971883,131.36837019796266,130.04495491166549,130.88182067871094,89347100.0
2021-04-16,130.68721289515452,131.04725481288563,129.69464764958488,130.5509796142578,84922400.0
2021-04-19,129.91843832937323,131.82571884662076,129.75301328602865,131.21266174316406,94264200.0
2021-04-20,131.38784340823202,131.88411859918818,128.2641887932471,129.5292205810547,94812300.0
2021-04-21,128.79940473993418,130.15201197134868,127.76792201144299,129.9087371826172,68847100.0
2021-04-22,129.46105526749852,130.54119550814494,127.8749143516064,128.39065551757812,84566500.0
2021-04-23,128.60473760491465,131.48510166245782,128.60473760491465,130.70663452148438,78657500.0
2021-04-26,131.20297351815344,131.42678218788413,129.96713331445437,131.09593200683594,66905100.0
2021-04-27,131.37809693084532,131.76734545845767,130.5023137282654,130.7747802734375,66015800.0
2021-04-28,130.69691506905932,131.38782184344353,129.50000754125335,129.98655700683594,107760100.0
2021-04-29,132.79880749394718,133.38267277073504,128.88694577541443,129.8892364501953,151101000.0
2021-04-30,128.23499849351802,129.96711370748065,127.54410644604702,127.92361450195312,109839500.0
2021-05-03,128.48801399046965,130.4634190600625,128.2836714700979,128.9745635986328,75135100.0
2021-05-04,127.66087574180307,127.9528084470389,123.29165535400072,124.41072082519531,137564700.0
2021-05-05,125.72438402846821,126.9407577416854,124.5274764521898,124.65398406982422,84000900.0
2021-05-06,124.44963872166365,126.2596035749363,123.71008135413715,126.2498779296875,78128300.0
2021-05-07,127.54629547170842,127.94593245749884,126.2108752190309,126.92245483398438,78973300.0
2021-05-10,126.14265555263232,126.26936319427197,123.60829449035425,123.64728546142578,88071200.0
2021-05-11,120.38186236478138,123.08192191649415,119.67029018955704,122.73101806640625,126142800.0
2021-05-12,120.28437887697672,121.49306907963458,119.1634127705143,119.67028045654297,112172300.0
2021-05-13,121.43459801116457,122.96495825371117,121.12267768901388,121.81475067138672,105861300.0
2021-05-14,123.06244016058305,124.66103284772763,122.67253787272075,124.23213958740234,81918000.0
2021-05-17,123.61804098125864,123.72526428981506,122.00969878967952,123.08192443847656,74244600.0
2021-05-18,123.36459396598383,123.78373756646234,121.62953683178752,121.69776916503906,63342900.0
2021-05-19,120.050447495282,121.76600548369002,119.75801895076617,121.54181671142578,92612000.0
2021-05-20,122.06817912472063,124.49530918227134,121.94145662294912,124.09565734863281,76857100.0
2021-05-21,124.5927788416249,124.76823446881733,122.04867596571786,122.26312255859375,79295400.0
2021-05-24,122.82849985689472,124.70977148763245,122.76026751533502,123.89097595214844,63092900.0
2021-05-25,124.59279971373591,125.08018314804377,123.13067172111496,123.69602966308594,72009500.0
2021-05-26,123.75450877268065,124.17365241574042,123.228141818366,123.64728546142578,56575900.0
2021-05-27,123.24762857840483,124.41732784538095,121.92196544288971,122.11691284179688,94625600.0
2021-05-28,122.39960530367183,122.62380153028337,121.405361560534,121.4638442993164,71311100.0
2021-06-01,121.92198599710954,122.18516577367905,120.81076927511776,121.14218139648438,67637100.0
2021-06-02,121.14216055572481,122.07792145343016,120.9179717914318,121.9024658203125,59278900.0
2021-06-03,121.53206925104124,121.6977752920281,120.02120080570538,120.42085266113281,76229200.0
2021-06-04,120.93746915555829,122.97470451422886,120.72302254551224,122.71151733398438,75169300.0
2021-06-07,122.98444744531308,123.1306617200527,121.67828344764422,122.72126770019531,71057600.0
2021-06-08,123.40357440763638,125.21662075817993,123.02342180669262,123.5400390625,74403800.0
2021-06-09,123.99817846383709,124.52454534046706,123.32559732645998,123.92019653320312,56877900.0
2021-06-10,123.81296936037242,124.95343460907164,122.7602430768465,122.92594909667969,71186400.0
2021-06-11,123.33535493510138,124.22238272093318,122.91621132668672,124.13465118408203,53522400.0
2021-06-14,124.59280941543645,127.24412880162201,123.86174536220003,127.1856460571289,96906500.0
2021-06-15,126.65927274152149,127.30261260822043,126.12315618593904,126.3668441772461,62746300.0
2021-06-16,127.07841452715692,127.58528973592168,125.21664949570912,126.86396789550781,91815000.0
2021-06-17,126.52279301183641,129.20336059736883,126.37657131032402,128.46253967285156,96721700.0
2021-06-18,127.40984095504005,128.18963065921508,126.95170632339287,127.16615295410156,108953300.0
2021-06-21,127.01018237446559,129.06690958900398,125.9477063159808,128.95968627929688,79663300.0
2021-06-22,128.79396232556323,130.6947253937975,128.29682937988724,130.5972442626953,74783600.0
2021-06-23,130.39256533356104,130.92868185123652,129.8661909803765,130.32432556152344,60214200.0
2021-06-24,131.0554380741672,131.240643382898,129.57381047785972,130.0417022705078,68711000.0
2021-06-25,130.09039090512184,130.50952706925113,129.45679326652197,129.7492218017578,70783700.0
2021-06-28,130.04166969629122,131.8352098315601,129.98318695524438,131.3770751953125,62111300.0
2021-06-29,131.39653993588485,133.043872786454,130.95790461954863,132.88790893554688,64556100.0
2021-06-30,132.73196707347742,133.9406648079474,132.43953852296474,133.5020294189453,63261400.0
2021-07-01,133.15110203776288,133.86266668828733,132.33229922059724,133.80418395996094,52485800.0
2021-07-02,134.41829838230024,136.4652835854969,134.27209152787285,136.42630004882812,78852600.0
2021-07-06,136.53353205806397,139.5357553993497,136.53353205806397,138.43429565429688,108181800.0
2021-07-07,139.91586805219615,141.231788943126,139.05809657469072,140.9198760986328,104911600.0
2021-07-08,138.0053823208354,140.42276298269945,137.11835448019005,139.62347412109375,105575500.0
2021-07-09,139.14585831818513,141.972633378387,139.04837716154248,141.44627380371094,99890800.0
2021-07-12,142.51850183873523,142.62572515772004,140.36429329314447,140.85166931152344,76299700.0
2021-07-13,140.39350901995923,143.7369156295679,140.00361422588887,141.96286010742188,100827100.0
2021-07-14,144.36076918149035,145.79365573228569,143.95136027537654,145.38424682617188,127050800.0
2021-07-15,145.47199168239987,146.21279783696795,143.3762659892824,144.73117065429688,106820300.0
2021-07-16,144.71166743629377,145.97883295333372,142.19680585690423,142.6939239501953,93251400.0
2021-07-19,140.12058929133983,140.43251704679776,138.0931035014654,138.85340881347656,121434600.0
2021-07-20,139.83789124908492,143.3859869898834,139.350515378791,142.4599609375,96350000.0
2021-07-21,141.8556653977963,142.4405225803077,140.97839449756518,141.72894287109375,74993500.0
2021-07-22,142.25529492286392,144.4582288663732,142.12857241610413,143.0935821533203,77338200.0
2021-07-23,143.8246641352954,144.96512221870486,143.21056560056124,144.8091583251953,71447400.0
2021-07-26,144.5264642055409,146.04707474588002,143.97084849928373,145.22828674316406,72434100.0
2021-07-27,145.35500444699645,145.4427434254304,141.87514775749966,143.06434631347656,104818600.0
2021-07-28,141.1537977724019,143.25926511063363,138.9411071473103,141.3195037841797,118931200.0
2021-07-29,141.03684881635502,142.8498878684949,140.92962551695572,141.96286010742188,56699500.0
2021-07-30,140.73470874624329,142.63547230965827,140.47152152252852,142.17733764648438,70440600.0
2021-08-02,142.66470486730785,143.2398049839172,141.58272954059322,141.84591674804688,62880000.0
2021-08-03,142.12856645538005,144.30225894055675,141.51446802349406,143.63943481445312,64786600.0
2021-08-04,143.55173491626834,144.05859526042843,142.58672505684436,143.23980712890625,56368300.0
2021-08-05,143.26903344221475,144.107320690727,142.47948676454712,143.34701538085938,46397700.0
2021-08-06,142.86867690985883,143.61059289976055,142.16580285802874,142.66366577148438,54126800.0
2021-08-09,142.72222158501236,143.210327688173,142.0584044347056,142.61483764648438,48908700.0
2021-08-10,142.9565505100319,144.196344465899,141.84366893661831,142.13653564453125,69023100.0
2021-08-11,142.57583309295842,143.22989365517753,142.06819844175104,142.39035034179688,48493500.0
2021-08-12,142.71249604702388,145.50446416374155,142.37081574173467,145.3482666015625,72282600.0
2021-08-13,145.42637130499,145.88519235268876,144.74302556240244,145.55328369140625,59375000.0
2021-08-16,145.0065478391044,147.59351900321374,142.9857964116818,147.52517700195312,103296000.0
2021-08-17,146.65636676617194,148.07187159409528,145.5434853619502,146.61732482910156,92229700.0
2021-08-18,146.2366215497856,147.13473517673972,142.67343732669485,142.87844848632812,86326000.0
2021-08-19,141.58003947243648,144.47939059702847,141.06264825182848,143.21031188964844,86960300.0
2021-08-20,143.93272733385453,144.9675098694575,143.28842371499448,144.66488647460938,60549600.0
2021-08-23,144.78202147056598,146.61730507779947,144.3720141553827,146.1487274169922,60131800.0
2021-08-24,145.8949130199866,147.27137582254224,145.6020463753851,146.0608673095703,48606400.0
2021-08-25,146.24637657624294,146.74425443123712,144.28419502392072,144.83087158203125,58991300.0
2021-08-26,144.82112485660906,145.5727977281921,144.00109506679658,144.03038024902344,48597200.0
2021-08-27,143.97175682684613,145.21155036889095,143.3372249180138,145.06512451171875,55802400.0
2021-08-30,145.45565533870288,149.83885461039787,145.07493307828,149.47764587402344,90956700.0
2021-08-31,149.02859613337498,149.16526528048843,147.69117494824357,148.2183380126953,86453100.0
2021-09-01,149.19456679893693,151.29341783710504,148.71621728375123,148.88217163085938,80313700.0
2021-09-02,150.20977826854366,151.03956466217258,148.77474502994417,149.99501037597656,71115500.0
2021-09-03,150.10242979976638,150.95174481050074,149.4483692072004,150.6295928955078,57808700.0
2021-09-07,151.2836211735212,153.51914078415754,150.71741625258127,152.96270751953125,82278300.0
2021-09-08,153.2457694062931,153.30433974824393,150.31713314223805,151.42025756835938,74420200.0
2021-09-09,151.7912489116524,152.39649574316758,150.2878736971047,150.405029296875,57305700.0
2021-09-10,151.31292061025323,151.7814983871202,145.1627795675759,145.42636108398438,140893200.0
2021-09-13,147.04689552955006,147.81809686029018,145.21161123932484,145.99258422851562,102404300.0
2021-09-14,146.7735062300835,147.4763801866019,143.4153339702326,144.59654235839844,109296300.0
2021-09-15,145.02608811276684,145.88515965134906,142.88818092204215,145.4849090576172,83281300.0
2021-09-16,144.90897545621797,145.42636685232276,143.71799510025087,145.25064086914062,68034100.0
2021-09-17,145.27995796165817,145.27995796165817,142.29273506424897,142.58560180664062,129868800.0
2021-09-20,140.37935348466607,141.39460787991925,137.909537174392,139.53981018066406,123478900.0
2021-09-21,140.50624891873463,141.16032435989862,139.38361057442205,140.0181427001953,75834000.0
2021-09-22,141.01389352952881,142.94679012081193,140.28173414994058,142.38059997558594,76404300.0
2021-09-23,143.1615238009879,143.5813028239796,142.17555476827644,143.33724975585938,64838200.0
2021-09-24,142.19511797904687,143.96206024126909,142.097490769583,143.42514038085938,53477900.0
2021-09-27,142.00955342276305,142.48790264029938,140.39880966512374,141.91192626953125,74150700.0
2021-09-28,139.8424381686271,141.3067568929059,138.31954907870838,138.53431701660156,108972300.0
2021-09-29,139.08098176355122,141.013878143942,138.65144592439347,139.4324188232422,74602000.0
2021-09-30,140.2427017106428,140.94557595435964,137.91931102192194,138.1340789794922,89056700.0
2021-10-01,138.52452409983053,139.5202648503588,135.80089824481317,139.25668334960938,94639600.0
2021-10-04,138.38784096480848,138.8271483868743,134.98086980059804,135.83016967773438,98322000.0
2021-10-05,136.17188224652747,138.85646652806082,136.04496985928344,137.7533416748047,80861100.0
2021-10-06,136.15231569207103,138.76855721821823,135.0784763218966,138.62213134765625,83221100.0
2021-10-07,139.65692980871162,140.7893396562003,139.32502120039112,139.88145446777344,61732700.0
2021-10-08,140.60384171370225,140.7502675851044,139.16880859069704,139.50071716308594,58773200.0
2021-10-11,138.88575464341304,141.3653278052875,138.43669034540312,139.41290283203125,64452200.0
2021-10-12,139.82288519545196,139.84241361250955,137.68497785008697,138.143798828125,73035900.0
2021-10-13,137.88022678873125,138.0364094315763,135.88874541033104,137.55807495117188,78762700.0
2021-10-14,138.72951162040368,140.45741132647578,138.14377836199483,140.3402557373047,69907100.0
2021-10-15,140.35003767716657,141.453147377337,140.09621296187518,141.3945770263672,67940300.0
2021-10-18,140.03763996851194,143.34699879821167,139.75454497889402,143.06390380859375,85589200.0
2021-10-19,143.51298745891924,145.62160993395176,143.06393807186709,145.2213592529297,76378900.0
2021-10-20,145.16276563549152,146.18779152686344,144.59656071553547,145.70944213867188,58418800.0
2021-10-21,145.27017952577518,146.0804376870695,144.35253739380764,145.9242401123047,61421000.0
2021-10-22,146.12924283758312,146.60757740087539,145.1042167942401,145.1530303955078,58883400.0
2021-10-25,145.14321368433312,145.81680244360976,144.10843120026792,145.1041717529297,50720600.0
2021-10-26,145.77777738990952,147.25185252804923,145.4653823192533,145.7680206298828,60893400.0
2021-10-27,145.80706700277705,146.16826078037482,144.95776708428832,145.3092041015625,56094900.0
2021-10-28,146.25612076250718,149.52642273545615,146.15849358297356,148.94070434570312,100077900.0
2021-10-29,143.718003300801,146.37330245291255,142.92727357091124,146.23663330078125,124953200.0
2021-11-01,145.44591116098886,146.13901372017423,144.2842158593394,145.4166259765625,74588300.0
2021-11-02,145.12372094423125,147.96450225059075,145.11394928812004,146.4513702392578,69122000.0
2021-11-03,146.81260433188254,148.35502194347706,146.25617092597884,147.88644409179688,54511500.0
2021-11-04,147.97425010568048,148.80402155525002,147.05660823548425,147.36900329589844,60394600.0
2021-11-05,148.49330137784227,148.79636649786093,146.70422366033108,147.89694213867188,65463900.0
2021-11-08,148.02402320404659,148.18044870579655,146.80197694204415,147.07571411132812,55020900.0
2021-11-09,146.84107977637362,148.0435691533501,146.70421118808,147.43743896484375,56787900.0
2021-11-10,146.6650887001066,146.77262935345158,144.54361846371455,144.61204528808594,65187100.0
2021-11-11,145.62883774477925,146.0883134852804,144.37744845730748,144.56320190429688,41000000.0
2021-11-12,145.11066161989166,147.03660782102534,144.18190939663026,146.6357879638672,63804000.0
2021-11-15,147.00728981052836,148.483531417499,146.08830852560698,146.64556884765625,59222800.0
2021-11-16,146.5869216938867,148.1022623119589,146.0003334167105,147.6232147216797,59256200.0
2021-11-17,147.62318884522813,151.53373689410836,147.61341784542643,150.05751037597656,88807000.0
2021-11-18,150.2726099643279,155.12168178008048,149.627365877677,154.33956909179688,137827700.0
2021-11-19,154.12448394226502,157.41913113659675,153.02953515610952,156.9596405029297,117305600.0
2021-11-22,158.0643575600625,161.99446283900974,157.39957149925132,157.41912841796875,117467900.0
2021-11-23,157.51689191338718,158.18169292863084,155.502961782972,157.8004150390625,96041900.0
2021-11-24,157.15512173863883,158.51403634701725,156.06994425154855,158.31851196289062,69463600.0
2021-11-26,156.00155632601601,156.8618668141861,152.8633347292546,153.3032684326172,76959800.0
2021-11-29,155.8060008585356,157.58530732404222,155.23896961955737,156.65655517578125,88748200.0
2021-11-30,156.41217318635103,161.8185054389282,156.34373142534065,161.60342407226562,174048100.0
2021-12-01,163.7346232310991,166.4915664393558,160.85059737024878,161.08523559570312,152052500.0
2021-12-02,155.19011206164845,160.52800204808736,154.27113083970096,160.09783935546875,136739200.0
2021-12-03,160.35203598315746,161.27101721338744,156.14819360952984,158.2207794189453,118023100.0
2021-12-06,160.61599065605895,164.12571914002814,160.6062196554979,161.6229705810547,107497000.0
2021-12-07,165.2988995417756,167.74299254141582,164.57544264356054,167.3519287109375,120405400.0
2021-12-08,168.280661937793,172.02501344578044,166.8826332677211,171.16468811035156,116998900.0
2021-12-09,170.9985052389604,172.79735388590385,170.03063915946248,170.6563262939453,108923700.0
2021-12-10,171.29180928871014,175.61296364291238,170.78343380069845,175.43698120117188,115402700.0
2021-12-13,177.06961358561998,178.0570365302883,171.6046261840087,171.8099365234375,153237000.0
2021-12-14,171.33091243496327,173.76523433574428,168.3589020297747,170.43148803710938,139380400.0
2021-12-15,171.1940123824784,175.48583813344078,168.45662585148168,175.29031372070312,131063300.0
2021-12-16,175.27077720416733,177.08918279763162,166.93153397693786,168.4077606201172,150185800.0
2021-12-17,166.12985777423478,169.59070130648584,165.89523442801953,167.31280517578125,195432700.0
2021-12-20,164.51677542044033,166.76534380811088,163.71512072913166,165.9539031982422,107499100.0
2021-12-21,167.72341591348743,169.3267401361631,165.3379790393109,169.12144470214844,91185900.0
2021-12-22,169.17026602771548,171.92720897586585,168.30016986871732,171.71212768554688,92135300.0
2021-12-23,171.9174985527305,172.8951357013555,171.35046721642092,172.33787536621094,68356600.0
2021-12-27,173.12975263201184,176.3852860059842,173.1102106304085,176.29730224609375,74919600.0
2021-12-28,176.1311025117923,177.2749361221624,174.5375492742612,175.28054809570312,79144300.0
2021-12-29,175.31966069433915,176.59059189162147,174.15627017338588,175.36854553222656,62348900.0
2021-12-30,175.45653864701075,176.53194546765312,174.10739462067014,174.21493530273438,59773000.0
2021-12-31,174.1073900997929,175.2218958133562,173.29594950484335,173.59902954101562,64062300.0
2022-01-03,173.85319685203027,178.79026689432098,173.73588518068755,177.93971252441406,104487900.0
2022-01-04,178.5458811499138,178.8489462858369,175.1143651356069,175.681396484375,99310400.0
2022-01-05,175.5934060632604,176.14088047095728,170.7345483186125,171.00828552246094,94537600.0
2022-01-06,168.83790737145776,171.37976954533002,167.80161453547433,168.153564453125,96904000.0
2022-01-07,169.02367835082143,170.24572473108867,167.2052727402814,168.3197784423828,86709100.0
2022-01-10,165.29890311477462,168.6424206204467,164.40924966346103,168.33935546875,106765600.0
2022-01-11,168.46641535499305,171.26244286002324,166.99995985190662,171.16468811035156,76138300.0
2022-01-12,172.1814317936139,173.21772467571947,170.91051556767007,171.60462951660156,74805200.0
2022-01-13,171.84906951188285,172.6702811972984,167.9482916298187,168.33935546875,84505800.0
2022-01-14,167.508353425533,169.8937905683483,167.2639441267619,169.19967651367188,80440800.0
2022-01-18,167.6745127192973,168.68147761318977,165.62148401611884,166.0027618408203,90956700.0
2022-01-19,166.19831524532339,167.25416515581253,162.22911080921511,162.5126190185547,94815000.0
2022-01-20,163.24585020445963,165.88546757565922,160.50846314939517,160.83108520507812,91420500.0
2022-01-21,160.74307541554964,162.61036568511253,158.67048972769118,158.7780303955078,122848900.0
2022-01-24,156.44149634340394,158.67050778679211,151.24045969712583,158.00570678710938,162294600.0
2022-01-25,155.42475069595457,159.1202179477596,153.50859022634555,156.2068634033203,115798400.0
2022-01-26,159.84364519078215,160.713741500623,154.2906743409117,156.1188507080078,108275300.0
2022-01-27,158.8171416631375,160.1760566161972,154.74039680395836,155.6593780517578,121954600.0
2022-01-28,162.0042414218655,166.5404767176366,159.1593140383979,166.5209197998047,179935700.0
2022-01-31,166.35470576493188,171.0864649878099,165.7192328015865,170.8713836669922,115541600.0
2022-02-01,170.1186272242385,170.93006781127377,168.45664712970438,170.70521545410156,86213900.0
2022-02-02,170.8420635898593,171.94679815950911,169.45382085751916,171.90768432617188,84914300.0
2022-02-03,170.57813105955574,172.29878204430065,168.27090671710556,169.03346252441406,89418100.0
2022-02-04,168.05452913595101,170.42343777091716,167.07564670173912,168.74954223632812,82465400.0
2022-02-07,169.20962915449093,170.27660749223818,167.33995999905824,168.03497314453125,77251200.0
2022-02-08,168.1035042386361,171.64706939744136,167.80983647215697,171.13804626464844,74829200.0
2022-02-09,172.33228001362485,172.9196005956565,171.20655609241282,172.5574188232422,71285000.0
2022-02-10,170.46260694632986,171.77430598076174,167.92730472233933,168.48526000976562,90865900.0
2022-02-11,168.69082956541044,169.4249914689082,164.4914151129285,165.07875061035156,98670700.0
2022-02-14,163.83558309476697,165.99892030677,163.04269054419584,165.31370544433594,86185500.0
2022-02-15,167.35956986279012,169.29775335068365,166.65477315145358,169.14112854003906,62527400.0
2022-02-16,168.2209893560315,169.67951494494773,166.45899759893967,168.9062042236328,61177400.0
2022-02-17,167.4182971510757,168.27971865617212,164.91235997613748,165.31370544433594,69589300.0
2022-02-18,166.23386310925557,166.93864489391834,162.68051421778296,163.76707458496094,82772700.0
2022-02-22,161.4960419882263,163.16993775264925,158.72580252665216,160.84999084472656,91162800.0
2022-02-23,162.04424861753867,162.64136771002168,156.3765239008277,156.6897735595703,90009200.0
2022-02-24,149.35790916683425,159.4110376690062,148.79015546543386,159.30335998535156,141147500.0
2022-02-25,160.38013909716133,161.6331077669388,157.47285626304333,161.3688201904297,91974200.0
2022-02-28,159.6165763607333,161.92673963359974,158.9998756125995,161.63307189941406,95056600.0
2022-03-01,161.2220016361372,163.08188800417662,158.54965565066482,159.75367736816406,83474400.0
2022-03-02,160.91850544375748,163.82578787806702,159.50891214996344,163.0426788330078,79724800.0
2022-03-03,164.91238359654656,165.34309441078548,162.05404766344782,162.7196807861328,76678400.0
2022-03-04,161.01642127862274,162.0540345545001,158.67689221468046,159.7242889404297,83737200.0
2022-03-07,159.91026569329455,161.53521443024337,155.68148559760553,155.93600463867188,96418800.0
2022-03-08,155.4661275372027,159.4403881412621,152.50989817230385,154.11526489257812,131148300.0
2022-03-09,158.0699223236803,159.95917308150396,156.04364356686645,159.50888061523438,91454900.0
2022-03-10,156.81697023000987,157.00296029096637,152.6860849715575,155.17245483398438,105342000.0
2022-03-11,155.5737819765236,155.9163968116597,151.23733985445327,151.4624786376953,96970100.0
2022-03-14,148.25177493215907,150.86538982544317,146.9302923114544,147.43930053710938,108732100.0
2022-03-15,147.71337523300835,152.28477002224423,147.2043670461277,151.8148956298828,92964300.0
2022-03-16,153.73353879751855,156.6212399212536,151.19823606106897,156.2198944091797,102300200.0
2022-03-17,155.26055517399735,157.6000837703935,154.30125449850178,157.2281036376953,75615400.0
2022-03-18,157.12048709519416,161.0066533584347,156.38632492863587,160.5172119140625,123511700.0
2022-03-21,160.0571133745572,162.8371517415441,159.5676719986422,161.88763427734375,95811400.0
2022-03-22,162.01487524148183,165.84231029999864,161.42755456550663,165.25498962402344,81532000.0
2022-03-23,164.442450073354,168.99424699079114,164.1096187251603,166.61557006835938,98062700.0
2022-03-24,167.4476727675763,170.46263328488442,166.61563143205333,170.3941192626953,90131400.0
2022-03-25,170.2080920251791,171.5785215356228,169.10195003253148,171.0303497314453,80546200.0
2022-03-28,168.53422465828777,172.0190445148475,168.36781639958284,171.8917999267578,90371900.0
2022-03-29,172.95876428530602,175.22976408859992,172.61614940998814,175.1808319091797,100589400.0
2022-03-30,174.77951856347462,175.81713189197046,172.9685794955082,174.0159912109375,92633200.0
2022-03-31,174.08447018974397,174.2704602652505,170.71711180695456,170.9226837158203,103049300.0
2022-04-01,170.35494237968112,171.18699858724577,168.30908127405286,170.6290283203125,78751300.0
2022-04-04,170.88355800105404,174.72077634534207,170.75629847192283,174.6718292236328,76468400.0
2022-04-05,173.7516811601631,174.53479031608524,170.73672061862993,171.3632049560547,73401800.0
2022-04-06,168.7202226513366,169.9634078617043,166.537318414103,168.201416015625,89058800.0
2022-04-07,167.5455818608837,169.69912101079552,166.2632477962957,168.5048828125,77594700.0
2022-04-08,168.15246782773184,168.15246782773184,165.62694868711696,166.49815368652344,76575500.0
2022-04-11,165.1472853633742,165.46052001953282,162.0050657338506,162.24978637695312,72246700.0
2022-04-12,164.47182881155646,166.2827523312548,163.1209662888,164.1194305419922,79265200.0
2022-04-13,163.8551587010773,167.42807423573976,163.24825626550125,166.8015899658203,70618900.0
2022-04-14,167.01697710019764,167.65325987659003,161.55480933143042,161.79953002929688,75329400.0
2022-04-18,160.45845861462905,163.08187215208477,160.1158586140106,161.5841827392578,69023900.0
2022-04-19,161.53521398147984,164.2760883021938,160.44865367684753,163.8649444580078,67723800.0
2022-04-20,165.1962520760154,165.3137281661249,162.59243524088046,163.6985626220703,67929800.0
2022-04-21,165.34306268686478,167.90773030576432,162.40641490220864,162.9056396484375,87227800.0
2022-04-22,162.9447923826861,164.32500539707067,158.08952846576778,158.37339782714844,84882400.0
2022-04-25,157.71752608449836,159.7242379736947,155.11371027579008,159.44036865234375,96046400.0
2022-04-26,158.82370741856425,158.91180327087787,153.41048764569481,153.48880004882812,95623200.0
2022-04-27,152.61759051221244,156.41564486229873,152.0987839265491,153.26365661621094,88063200.0
2022-04-28,155.88706244158715,161.04577820352466,155.57381282317428,160.18435668945312,130216800.0
2022-04-29,158.42236732431553,162.69029635210208,153.92929946524063,154.3208465576172,131747600.0
2022-05-02,153.40067973909794,154.88857035171824,150.0333216240582,154.62428283691406,123055300.0
2022-05-03,154.81028218380573,157.31623426694395,153.0189401124905,156.11219787597656,88966500.0
2022-05-04,156.29817374379095,162.9643614673084,155.89682831665468,162.5140838623047,108256500.0
2022-05-05,160.38993331507154,160.61507214954577,151.67786848905013,153.45944213867188,130525300.0
2022-05-06,152.93986371222095,156.3023722983105,151.14587460582203,154.18487548828125,116124600.0
2022-05-09,151.88108159062776,152.763379211531,148.50879088738637,149.06756591796875,131577900.0
2022-05-10,152.45952464307157,153.6555174482576,149.92048190900607,151.46939086914062,115366700.0
2022-05-11,150.4792343504193,152.39085681137783,142.94056542836282,143.6169891357422,142689800.0
2022-05-12,139.96043637411066,143.32293029647687,136.0685607235715,139.7545623779297,182602000.0
2022-05-13,141.74459868206603,145.18553469561974,140.2937279042498,144.2150115966797,113990900.0
2022-05-16,142.68574662285644,144.61698048840304,141.34269647322668,142.67593383789062,86643800.0
2022-05-17,145.9305738468132,146.8226694807634,143.7934664467187,146.3031005859375,78336300.0
2022-05-18,143.960147405131,144.46010573899827,137.1469043666091,138.04881286621094,109742900.0
2022-05-19,137.12729010884627,138.87226008655338,133.91183880440775,134.64707946777344,136095600.0
2022-05-20,136.3528207232791,137.93113785871375,130.00034593006458,134.88233947753906,137426100.0
2022-05-23,135.07837298305947,140.44072802413697,134.9411286932433,140.29368591308594,117726300.0
2022-05-24,138.03898075989613,139.17615657107172,134.62746828487894,137.59783935546875,104132700.0
2022-05-25,135.70580258630076,138.99968110716551,135.61757730341805,137.7546844482422,92482700.0
2022-05-26,134.68626677474316,141.49949297179577,134.4411865880973,140.9505157470703,90601500.0
2022-05-27,142.52888671431893,146.73445772780877,142.40144018228455,146.69525146484375,90978500.0
2022-05-31,146.13641898717157,147.69512536408004,143.95029298038025,145.9109344482422,103718400.0
2022-06-01,146.95007745203338,148.753879037452,144.77376414576858,145.78350830078125,74286600.0
2022-06-02,144.92080997395743,148.2931155543275,143.96989770419586,148.2342987060547,72348100.0
2022-06-03,144.00910439920688,145.05805472503135,141.61713446378366,142.51902770996094,88570300.0
2022-06-06,144.13655344098794,145.64625571792195,142.04846553260185,143.26406860351562,71598400.0
2022-06-07,141.5093091448792,146.06779474236185,141.26422895235845,145.78350830078125,67808200.0
2022-06-08,145.65608826850138,146.92069570984725,144.5581335933167,145.0482940673828,53950200.0
2022-06-09,144.1855888973648,145.03846322934638,139.7251261469218,139.8329620361328,69473000.0
2022-06-10,137.51940103001422,137.98995082700978,134.36276684809005,134.431396484375,91437900.0
2022-06-13,130.25522177759234,132.53937106937602,128.85337019356888,129.2847137451172,122207100.0
2022-06-14,130.51009821175379,131.25513655089347,128.89256009857948,130.14736938476562,84784300.0
2022-06-15,131.64728162043858,134.63726323315953,129.5592083618082,132.7648468017578,91533000.0
2022-06-16,129.48079421494845,129.784691319241,126.50061011925011,127.50054168701172,108123900.0
2022-06-17,127.51036998343507,130.46113104749855,127.25547692933145,128.97103881835938,134520300.0
2022-06-21,130.7943693164419,134.36273561096428,130.6963462340486,133.19615173339844,81000500.0
2022-06-22,132.13743964836019,135.04899374439105,131.27476747959807,132.68643188476562,73409200.0
2022-06-23,134.1274730436884,135.8626297533086,132.96088912439794,135.54893493652344,72433800.0
2022-06-24,137.14689423988725,139.1173489130396,137.01946268880786,138.8722686767578,89116800.0
2022-06-27,139.89179587794544,140.6662578013618,138.19584483125837,138.8722686767578,70207900.0
2022-06-28,139.3329816038879,140.59758868635495,134.6176415748851,134.7352752685547,67083400.0
2022-06-29,134.7548943447595,137.90171551636791,133.98043259004706,136.49005126953125,66242400.0
2022-06-30,134.5490335635321,135.64698810352084,131.1375212724895,134.0294647216797,98964500.0
2022-07-01,133.36287185008192,136.30383506160413,132.99036001507756,136.1959991455078,71051600.0
2022-07-05,135.05880629688934,138.82323473193733,134.2353254229341,138.7742156982422,73353800.0
2022-07-06,138.5683111816073,141.28378824593105,138.3036204534065,140.10740661621094,74064300.0
2022-07-07,140.47019110271424,143.66604717243726,140.4603932776671,143.46998596191406,66253700.0
2022-07-08,142.40142264422443,144.64636610420064,142.1465445700594,144.14639282226562,64547800.0
2022-07-11,142.80334848304327,143.7542609845207,140.95054251842944,142.0190887451172,63141600.0
2022-07-12,142.89157069008422,145.52863633565593,142.19555121961218,142.98960876464844,77588800.0
2022-07-13,140.17608985764943,143.56799177024092,139.3232005090592,142.62689208984375,71185600.0
2022-07-14,141.244640047542,146.01879814456234,140.4309718883509,145.54824829101562,78140700.0
2022-07-15,146.83244295612025,147.89119117713278,145.28353435270415,147.2147674560547,76259900.0
2022-07-18,147.77357228115997,148.58724039251226,143.81306761767442,144.17579650878906,81420900.0
2022-07-19,145.0090674390563,148.25392726287154,144.01894870347078,148.02845764160156,82982400.0
2022-07-20,148.14609070693865,150.6949310490213,147.41085002655058,150.02830505371094,64823400.0
2022-07-21,151.45958316742,152.50853373902038,148.94996398855773,152.29286193847656,65086600.0
2022-07-22,152.33208328648058,153.2045683993023,150.39105184778396,151.0576629638672,66675400.0
2022-07-25,150.97923186102722,151.98896129458768,149.28328071900498,149.94009399414062,53623900.0
2022-07-26,149.2636538636445,150.07732200029463,147.83239373585778,148.6166534423828,55138700.0
2022-07-27,149.5773707705413,154.2338952339947,149.1656377708993,153.7045135498047,78620700.0
2022-07-28,153.89075014754778,154.53776544520662,151.37133354934207,154.25347900390625,81378700.0
2022-07-29,158.06696899861157,160.4099356728857,156.36120501340108,159.3119659423828,101786900.0
2022-08-01,157.84144361325252,160.37067302404677,157.72380990621818,158.33160400390625,67829400.0
2022-08-02,156.94938527079637,159.21392420256825,156.48863324172908,156.86114501953125,59907000.0
2022-08-03,157.67479700322565,163.3116417148104,157.58657171952117,162.86070251464844,82507500.0
2022-08-04,162.7430582477967,163.89984462441896,161.19414951620604,162.5469970703125,55474100.0
2022-08-05,160.22044287042655,162.81208464474912,160.0142829089203,162.3212432861328,56697000.0
2022-08-08,163.32253000929188,164.73615535552312,161.1922805564501,161.85000610351562,60276900.0
2022-08-09,161.0156004495246,162.78263230320212,160.25970057725633,161.89910888671875,63135500.0
2022-08-10,164.60854654925055,166.23814341245296,163.8428352480907,166.13998413085938,70170500.0
2022-08-11,166.94492022851418,167.85789272456063,165.10917878344554,165.4036865234375,57149200.0
2022-08-12,166.70933581222894,169.01628078921996,166.29701596444957,168.94757080078125,68039400.0
2022-08-15,168.37818541775778,170.21392688656005,168.21130119143814,170.01759338378906,54091700.0
2022-08-16,169.61515973457077,170.52813256412875,168.51567974819596,169.86058044433594,56377100.0
2022-08-17,169.6052979143018,172.92337473871223,169.40896440067246,171.35269165039062,79542000.0
2022-08-18,170.56737014082248,171.69629926083016,169.9489052427666,170.9600372314453,62290100.0
2022-08-19,169.8605242913159,170.5575254675204,168.1720291679761,168.37818908691406,70346300.0
2022-08-22,166.58174239756778,166.74862666169574,164.07844847706937,164.50057983398438,69026800.0
2022-08-23,164.0195321647684,165.6196796113523,163.5974008535258,164.16677856445312,54147100.0
2022-08-24,164.25511301062056,165.03063554714507,163.20470561002094,164.4612579345703,53841500.0
2022-08-25,165.68839353539587,167.0234825149317,165.26627719342727,166.91549682617188,51218200.0
2022-08-26,167.44560000363606,167.91680343416758,160.56399573070382,160.62289428710938,78961000.0
2022-08-29,158.19815240165843,159.91609703205498,156.89252766433086,158.4239501953125,73314000.0
2022-08-30,159.1602105704912,159.58232691391927,154.83098655063566,155.9991912841797,77906200.0
2022-08-31,157.37351363125413,157.63857209111154,154.261582013457,154.34011840820312,87991100.0
2022-09-01,153.77074600824523,155.51813965771387,151.83683028732437,155.0665740966797,74229900.0
2022-09-02,156.82379496598037,157.42262194968552,152.13135334781393,152.95596313476562,76957800.0
2022-09-06,153.60388383195894,154.21252227519972,150.87480729194033,151.6994171142578,73714800.0
2022-09-07,151.9841081371773,153.80021196934476,150.79626559392008,153.1032257080078,87449600.0
2022-09-08,151.8074024718103,153.49589780674214,149.88329791132227,151.63070678710938,84923800.0
2022-09-09,152.62222024249937,154.92918072545984,151.91540745534934,154.48741149902344,68028800.0
2022-09-12,156.6667134786447,161.2511691580026,156.38203213199495,160.43637084960938,104956000.0
2022-09-13,156.97104316313002,157.59931943362142,150.56065692569356,151.0220489501953,122656600.0
2022-09-14,151.95462406702927,154.22232317214238,150.79624593389804,152.46510314941406,87965400.0
2022-09-15,151.81719923234522,152.39640331677907,148.6071081028978,149.57896423339844,90481100.0
2022-09-16,148.4402735640134,148.57770856682728,145.65228282518723,147.93960571289062,162278800.0
2022-09-19,146.57501740526791,151.7288507316376,146.36887246061372,151.6503143310547,81474200.0
2022-09-20,150.59011171978128,155.18439428665013,150.27598106267698,154.0260009765625,107689800.0
2022-09-21,154.4579373320565,155.83230196535132,150.78645397951445,150.9042510986328,101696800.0
2022-09-22,149.58882383167358,151.6405372059972,148.1457489754599,149.94223022460938,86652500.0
2022-09-23,148.4206031759059,148.69547312127722,145.83877299693037,147.6745147705078,96029900.0
2022-09-26,146.91861726875362,150.95333323742267,146.8989794231201,148.00828552246094,93339400.0
2022-09-27,149.9422080635759,151.88593544780034,147.20330517830297,148.9801483154297,84442700.0
2022-09-28,144.93562286555536,147.8806707549768,142.1869085062377,147.09532165527344,146691400.0
2022-09-29,143.42383363893248,144.03247205665744,138.1031007730531,139.87013244628906,128138200.0
2022-09-30,138.69210195416497,140.4787712884576,135.47218456289696,135.66851806640625,124925300.0
2022-10-03,135.67835835777296,140.44933637961338,135.1678792129988,139.84068298339844,114311700.0
2022-10-04,142.3734205948832,143.54162523892447,141.61752082886468,143.423828125,87830100.0
2022-10-05,141.43101553965928,144.6803824609242,140.39041942925496,143.71832275390625,79471000.0
2022-10-06,143.13914221609966,144.83744897574383,142.55995305808347,142.76609802246094,68402200.0
2022-10-07,139.9290298735793,140.47878470691822,136.8956342636469,137.52391052246094,85925600.0
2022-10-10,137.8478546142578,139.2909290851068,136.0317509799681,137.8478546142578,74899000.0
2022-10-11,137.337365394685,138.76081689569904,135.68814610919395,136.43421936035156,77033700.0
2022-10-12,136.58149154588781,137.78895683135124,135.6292583188671,135.8059539794922,70433700.0
2022-10-13,132.51732843397534,140.95978909716513,131.90867508719168,140.37078857421875,113224000.0
2022-10-14,141.66663200393148,141.8727919675868,135.65873850521228,135.8452606201172,88598000.0
2022-10-17,138.4859408048433,140.28240638195203,137.70059190346555,139.8013916015625,85250900.0
2022-10-18,142.825015544548,144.0128431743189,138.03439937209953,141.11688232421875,99136600.0
2022-10-19,139.09461918905455,142.29489928414645,138.90809708603376,141.22486877441406,61758300.0
2022-10-20,140.4002709458009,143.21769564184982,140.03703814278057,140.76348876953125,64522000.0
2022-10-21,140.25297565616944,145.14176534962488,140.03700430524796,144.5723876953125,86548600.0
2022-10-24,144.49386606815804,147.47817461798252,143.3256613631015,146.71246337890625,75981900.0
2022-10-25,147.34071401880695,149.69676086548404,146.62409003086213,149.54949951171875,74732300.0
2022-10-26,148.19479776463467,149.20592954793565,145.32827166402765,146.61428833007812,88194300.0
2022-10-27,145.35775035197634,146.31979510961392,141.48991849585923,142.14764404296875,109180200.0
2022-10-28,145.4853431294892,154.61499335183578,145.11231396636444,152.88723754882812,164762400.0
2022-10-31,150.35449330723716,151.4147121907347,149.1372016307876,150.53118896484375,97943200.0
2022-11-01,152.2393339638939,152.60255171953904,146.3983256985316,147.89047241210938,80379300.0
2022-11-02,146.22162239502856,149.3826416112209,142.34397906464244,142.37342834472656,93604600.0
2022-11-03,139.45781809061094,140.18426855678922,136.20845130657773,136.33607482910156,97918500.0
2022-11-04,139.71869406725023,140.2890164015465,132.13737261509453,136.07061767578125,140814800.0
2022-11-07,134.82178704829124,136.8277351131925,133.40581664759068,136.60157775878906,83374600.0
2022-11-08,138.06670690734794,139.06967336647747,135.19544046730184,137.17189025878906,89908500.0
2022-11-09,136.18857977969958,136.23774833279379,132.3438299914245,132.61915588378906,74917800.0
2022-11-10,138.88285345399055,144.41888427734375,137.17188688278108,144.41888427734375,118854000.0
2022-11-11,143.38640864839942,147.5064688885728,141.96059578034578,147.20164489746094,93979700.0
2022-11-14,146.48387656026793,147.7720118834529,144.96956884900007,145.80538940429688,73374100.0
2022-11-15,149.67963703147598,151.02676861885655,146.08071431905194,147.5360107421875,89868300.0
2022-11-16,146.64120672406102,147.36884742264508,144.831902680013,146.30686950683594,64218300.0
2022-11-17,143.98622301357588,148.9519465811487,143.71089713297823,148.2046356201172,80389400.0
2022-11-18,149.76811828911318,150.15160903599656,147.46717380781297,148.76513671875,74829600.0
2022-11-21,147.65399909356225,147.8604860232478,145.2547175972566,145.5398712158203,58724100.0
2022-11-22,145.65786938764137,147.9096450709946,144.47788413446048,147.67364501953125,51804100.0
2022-11-23,146.95586889544748,149.29615456069408,146.84770405367206,148.54884338378906,58301400.0
2022-11-25,145.8348580598712,146.3953525551104,144.66471552066162,145.63819885253906,35195900.0
2022-11-28,142.7177546502144,144.19272111621666,140.9871327315936,141.8131103515625,69246000.0
2022-11-29,141.88198289483077,142.39330897926848,138.00774892115945,138.81405639648438,83763800.0
2022-11-30,139.04019702693043,146.23804217919428,138.20439151332914,145.55955505371094,111380900.0
2022-12-01,145.7365320270306,146.64117635966434,144.1632284025417,145.83485412597656,71250400.0
2022-12-02,143.5240541482099,145.5300016228142,143.21921518998818,145.34317016601562,65447400.0
2022-12-05,145.30391187981684,148.40133640660238,143.33728932207632,144.1829376220703,68826400.0
2022-12-06,144.61555599946504,144.84171332835018,139.55149534602168,140.5249786376953,64727200.0
2022-12-07,139.81699890501977,140.97729872796708,137.6635453309665,138.58786010742188,69721100.0
2022-12-08,139.9841640195035,141.12480845757423,138.7451974772698,140.26931762695312,62128300.0
2022-12-09,139.96447961702353,143.14058484738695,138.5485094221092,139.78749084472656,76097000.0
2022-12-12,140.31847817047847,142.0884409898644,138.7058487137347,142.07861328125,70462700.0
2022-12-13,147.00499369488003,147.46715106267968,141.83278326469596,143.04225158691406,93886200.0
2022-12-14,142.92427726159215,144.21241242784126,138.80420126905452,140.8199920654297,82291200.0
2022-12-15,138.75505030022137,139.43353745953314,133.7598273780729,134.22198486328125,98931900.0
2022-12-16,134.40882419317708,135.35279464023196,131.49821613912175,132.26519775390625,160156900.0
2022-12-19,132.85516655290323,132.94366095306307,129.12842399506934,130.160888671875,79592600.0
2022-12-20,129.19723960857664,131.0261987808424,127.72227301817315,130.09205627441406,77432800.0
2022-12-21,130.76073402008618,134.5268181441457,130.53457661956926,133.18951416015625,85928000.0
2022-12-22,132.10785363301125,132.31434056379908,128.12544063659777,130.02322387695312,77852100.0
2022-12-23,128.7350936895975,130.21006041152802,127.47645662054781,129.65940856933594,63814900.0
2022-12-27,129.18739241986506,129.21689054689435,126.5717817929533,127.85991668701172,69007800.0
2022-12-28,127.505939784758,128.8432433891337,123.76936236246999,123.9365234375,85438400.0
2022-12-29,125.8539861302219,128.30242867918332,125.5983306446105,127.44695281982422,75703700.0
2022-12-30,126.26697469654857,127.78126710171549,125.30332657301084,127.7615966796875,77034200.0
2023-01-03,128.10576142344397,128.71540946850325,122.09773035328112,122.98271179199219,112117500.0
2023-01-04,124.77234386397704,126.51280869797894,122.99255318811515,124.25119018554688,89113600.0
2023-01-05,125.0083349534918,125.63765344479737,122.67789249421179,122.93354797363281,80962700.0
2023-01-06,123.90704815865084,128.11561145155684,122.80573689838651,127.45679473876953,87754700.0
2023-01-09,128.29260255023266,131.18353963295718,127.72228030225448,127.97793579101562,70790800.0
2023-01-10,128.08610610497774,129.06941726347972,125.98182082594903,128.5482635498047,63896200.0
2023-01-11,129.05961472273617,131.28189297285235,128.28280535784592,131.26223754882812,69458900.0
2023-01-12,131.64567480294028,132.0193227611732,129.24639368399414,131.1835174560547,71379600.0
2023-01-13,129.8265664212103,132.6683349676498,129.46274610687883,132.51100158691406,57809700.0
2023-01-17,132.5798345273993,134.99877137842552,131.89151977321038,133.6713104248047,63646600.0
2023-01-18,134.53662257229425,136.29674271738915,132.7764874230637,132.9534912109375,69672800.0
2023-01-19,131.8423392118264,133.97612225756075,131.53751520588366,133.01248168945312,58280400.0
2023-01-20,133.02230476612493,135.71658218378784,131.97999755468973,135.56907653808594,80223600.0
2023-01-23,135.81492969380113,140.92815961902411,135.59860004292767,138.75503540039062,81760300.0
2023-01-24,137.9683697007518,140.77081216801105,137.95854199183503,140.1513214111328,66435100.0
2023-01-25,138.53871015801215,140.05300275817604,136.49342112366645,139.49252319335938,65799300.0
2023-01-26,140.78062529691158,141.8426029112318,139.53181620357194,141.5574493408203,54105100.0
2023-01-27,140.7708371263728,144.77290596887224,140.69217042868402,143.49459838867188,70555800.0
2023-01-30,142.54079133466578,143.12094131391822,140.46600420175812,140.61349487304688,64015300.0
2023-01-31,140.31848180314623,141.93111130163894,139.9054929686203,141.88194274902344,65874500.0
2023-02-01,141.56727363630213,144.1632138517995,138.96150571314269,143.00289916992188,77663600.0
2023-02-02,146.4149779827907,148.65692549625814,145.69716527119672,148.30294799804688,118339000.0
2023-02-03,145.55954560277002,154.75351068440185,145.36288637728777,151.92156982421875,154357300.0
2023-02-06,150.0237617823619,150.54491539574025,148.26362674506663,149.19776916503906,69858300.0
2023-02-07,148.12598902287087,152.63938353904294,148.12598902287087,152.06906127929688,83322600.0
2023-02-08,151.31187838719524,152.0001929813135,148.64709938209035,149.38458251953125,64120100.0
2023-02-09,151.213581264491,151.75440537570756,147.9096553354024,148.35214233398438,56007100.0
2023-02-10,147.19010514987264,149.0415427118315,146.95374470434558,148.716552734375,57450700.0
2023-02-13,148.65744714640496,151.91717418893083,148.62790397291747,151.51341247558594,62199000.0
2023-02-14,149.8096612758476,151.43461079325414,148.56880303013764,150.87326049804688,61707600.0
2023-02-15,150.78461690781828,153.1383177826238,150.55811427879883,152.9709014892578,65573800.0
2023-02-16,151.17857477742453,153.9557534849536,151.02101618410566,151.37554931640625,68167900.0
2023-02-17,150.03617955770974,150.67630162569367,148.55896091432058,150.23313903808594,59144100.0
2023-02-21,147.91880821074704,149.0021077790729,146.15600076088242,146.2249298095703,58867200.0
2023-02-22,146.60902132895072,147.67262055430007,144.9250004924314,146.64842224121094,51011300.0
2023-02-23,147.81051980369892,148.05672295415894,145.0038129046831,147.13099670410156,48394200.0
2023-02-24,144.87576101262292,144.9545478123535,143.50687229977612,144.48184204101562,55469600.0
2023-02-27,145.46662923177482,146.90444675275575,145.2105684203629,145.67343139648438,44998500.0
2023-02-28,144.81668575965537,146.81585399639758,144.60002580056587,145.1712188720703,50547000.0
2023-03-01,144.59997660749858,144.9938954752606,142.80761119698582,143.10305786132812,55479000.0
2023-03-02,142.18719297500317,144.4818072483105,141.71447229045577,143.69395446777344,52238100.0
2023-03-03,145.79162671403117,148.81500811176437,145.09241829817535,148.73622131347656,70732300.0
2023-03-06,151.4542972077173,153.92618602775224,151.1293223291666,151.4936981201172,87558000.0
2023-03-07,151.3656586110283,151.69064849711955,148.83469862838186,149.2975616455078,56182000.0
2023-03-08,150.48919246419973,151.13917230662574,149.52408044265695,150.54827880859375,47204800.0
2023-03-09,151.22778082054958,152.19289270805663,147.9483539187185,148.30288696289062,53833600.0
2023-03-10,147.92868001277867,148.64758887079853,145.36816171354923,146.24464416503906,68572400.0
2023-03-13,145.56510332314932,150.81415467329558,145.4567733693173,148.18470764160156,84457100.0
2023-03-14,148.98245037600438,151.07024829967136,147.8203787096759,150.27255249023438,73695900.0
2023-03-15,148.89377768233683,150.92248866561948,147.64306182318006,150.66644287109375,77167900.0
2023-03-16,149.84907174243986,154.08376844517147,149.33696504123728,153.4830322265625,76161100.0
2023-03-17,153.7095036146111,154.3594833307599,151.936838491952,152.64590454101562,98944600.0
2023-03-20,152.71486085947325,155.4230948668754,151.80882025865256,155.00946044921875,73641400.0
2023-03-21,154.93070734117964,156.9791040860205,154.16253977805687,156.86093139648438,73938300.0
2023-03-22,156.880643804934,159.6775078686916,155.41326768087632,155.43296813964844,75701800.0
2023-03-23,156.41774787367245,159.09643867673987,155.28520465118157,156.51622009277344,67622100.0
2023-03-24,156.44731907052963,157.9048374069247,155.4526638252611,157.8162078857422,59196500.0
2023-03-27,157.5109061704178,158.32830230982592,155.47233717929535,155.87611389160156,52390300.0
2023-03-28,155.57079288605044,156.08289946543738,153.61101109186916,155.25564575195312,45992200.0
2023-03-29,156.94954647836764,158.60403911493316,156.92986104995282,158.3282928466797,51305700.0
2023-03-30,159.07675364456477,160.00247975071784,158.82070781762587,159.89414978027344,49501700.0
2023-03-31,159.97293860815142,162.49405610459849,159.45098920585787,162.39556884765625,68749800.0
2023-04-03,161.77514833228696,163.76445869825218,161.7259047034759,163.6462860107422,56976200.0
2023-04-04,164.06975594835677,164.30610131295074,162.60238002597387,163.11448669433594,46278300.0
2023-04-05,162.2379998945446,162.54328933366952,159.34264903941414,161.2728729248047,51511700.0
2023-04-06,159.963052724609,162.4546416380935,159.5395906537556,162.15919494628906,45390100.0
2023-04-10,158.96841666370352,159.56915283203125,157.64877164706385,159.56915283203125,47716900.0
2023-04-11,159.88431146406083,159.89415417908276,158.07224508795338,158.35784912109375,47644200.0
2023-04-12,158.77144201112134,159.59868074602483,157.35330987869057,157.66845703125,50133100.0
2023-04-13,159.1752417539843,163.28190788405584,158.96842452673738,163.04554748535156,68445600.0
2023-04-14,162.09030318280583,163.79403981032135,161.33200829581108,162.70089721679688,49386500.0
2023-04-17,162.5826774005875,162.8781241294329,161.53877864877254,162.72055053710938,41516200.0
2023-04-18,163.5773508935462,164.8674527745674,163.13417327770642,163.9417266845703,49923000.0
2023-04-19,163.2819281451353,165.60608642613127,163.02586725800396,165.08413696289062,47720200.0
2023-04-20,163.56749547193866,165.32046042282218,163.04554607797024,164.11898803710938,52456400.0
2023-04-21,162.5432913390932,163.9220227028112,161.991798793606,162.5137481689453,58337300.0
2023-04-24,162.49402564838778,163.08491902519904,161.4008834202169,162.8190155029297,41949600.0
2023-04-25,162.68116189989732,163.78414697340926,161.24332919160244,161.28273010253906,48714100.0
2023-04-26,160.58350725145092,162.76979197769046,160.32746143764658,161.2728729248047,45498800.0
2023-04-27,162.6811671878293,165.9999802574992,162.6811671878293,165.85226440429688,64902300.0
2023-04-28,165.9310218332577,167.27036709773776,165.33028575815172,167.10293579101562,55275900.0
2023-05-01,166.70902333840385,167.86125191507637,166.07874407354768,167.01431274414062,52472900.0
2023-05-02,167.50670176786508,167.76276255453686,164.9954276782978,165.98023986816406,48425700.0
2023-05-03,166.925713661642,168.32414556576836,164.6212560883793,164.90684509277344,65136000.0
2023-05-04,162.3857237588548,164.50306450874902,161.81453073644045,163.2720489501953,81235400.0
2023-05-05,168.38325340001882,171.65283843062485,168.1665934268077,170.93392944335938,113453200.0
2023-05-08,169.86044681233003,171.20965008439242,169.49607101524845,170.86495971679688,55962800.0
2023-05-09,170.42179836441701,170.9043468501181,168.993823309898,169.16123962402344,45326900.0
2023-05-10,170.39224965147537,171.38690478906514,169.28924951921832,170.92404174804688,53724500.0
2023-05-11,171.2096322648924,171.9383837832071,169.55513971049686,171.11114501953125,49514700.0
2023-05-12,171.21964497087455,171.65356424240227,168.63587209674515,170.18417358398438,45533100.0
2023-05-15,170.76598190315437,170.81529363826058,169.09934457223466,169.69105529785156,37266700.0
2023-05-16,169.61215953124739,170.74625419954612,169.42478396654107,169.69105529785156,42110300.0
2023-05-17,169.3360585337975,170.53917778241149,168.06388478776768,170.30250549316406,57951600.0
2023-05-18,170.60820660461047,172.81724313624747,170.19401507639674,172.62986755371094,65496700.0
2023-05-19,173.95134816577144,173.95134816577144,172.5213979143073,172.7383575439453,55809500.0
2023-05-22,171.57462062492166,172.29453878279668,171.0519493884426,171.7915802001953,43570900.0
2023-05-23,170.73642708015296,170.9829707500323,168.9119979039132,169.18812561035156,50747300.0
2023-05-24,168.724632860117,170.03624707165045,168.16252108250686,169.46426391601562,45143500.0
2023-05-25,170.02637505144457,171.49576564962197,169.31632809947834,170.59835815429688,56058300.0
2023-05-26,170.92377905521317,173.3399036765556,170.7166757800904,173.0045928955078,54835000.0
2023-05-30,174.51344390978926,176.5153769153671,174.12883646161984,174.84873962402344,55964400.0
2023-05-31,174.87834951174753,176.87042648421155,174.3162227478627,174.79945373535156,99625300.0
2023-06-01,175.24321733975688,177.62975798334406,174.4838587106697,177.6001739501953,68901800.0
2023-06-02,178.52719900186148,179.26683000310032,176.7816656255451,178.44830322265625,61996900.0
2023-06-05,180.10506441660397,182.39298156722955,175.57851175717974,177.09722900390625,121946500.0
2023-06-06,177.48186345973468,177.62978364684957,174.97697127382227,176.7323760986328,64848400.0
2023-06-07,175.9729650702157,178.70467241393297,174.86845454040687,175.36154174804688,61944600.0
2023-06-08,175.44044804834044,178.3398036598064,175.00654388250445,178.07354736328125,50214900.0
2023-06-09,178.99068805786467,179.71059129506313,178.13272098000036,178.45816040039062,48900000.0
2023-06-12,178.76388932505995,181.34766218390052,178.468033910057,181.24903869628906,54274900.0
2023-06-13,180.2727216495119,181.60404834381112,179.91769818813273,180.77566528320312,54929100.0
2023-06-14,180.83483150172444,181.84073380664427,179.50350482104812,181.4068145751953,57462900.0
2023-06-15,181.4166932611595,183.94129793003785,181.23917400121888,183.43833923339844,65433200.0
2023-06-16,184.1483615118621,184.40477651433866,181.72238065098958,182.36338806152344,101256200.0
2023-06-20,181.8604527350327,183.52709013546678,181.8604527350327,182.4521484375,49799100.0
2023-06-21,182.34369383727915,182.84665255889604,180.06563271508736,181.4167022705078,49515700.0
2023-06-22,181.19973368511316,184.46396933431626,181.13069423738702,184.41465759277344,51245300.0
2023-06-23,182.98470820219737,184.96691381940127,182.45216546765664,184.0990753173828,53117000.0
2023-06-26,184.24698696904443,185.45012108460458,182.66910172140945,182.70855712890625,48088700.0
2023-06-27,183.31999439512526,185.78543087633778,183.10303478095216,185.45999145507812,50730800.0
2023-06-28,185.33180236622022,187.2745677103686,185.00637796044083,186.63356018066406,51216800.0
2023-06-29,186.4658979165552,187.4422162021352,186.32783407243755,186.96884155273438,46347300.0
2023-06-30,188.98065447297634,191.79124321876165,188.61575961709715,191.28829956054688,85213200.0
2023-07-03,191.10093714903454,191.19956064074086,189.10885998965753,189.7991943359375,31458200.0
2023-07-05,188.92147125163748,190.311965971159,187.98459336367247,188.68478393554688,46920300.0
2023-07-06,187.2153769807983,189.36524537083605,186.5842258571581,189.15814208984375,45094300.0
2023-07-07,188.76366516963594,190.00623962579556,187.6098428072387,188.0437469482422,46815000.0
2023-07-10,186.6434031135775,187.36332142042107,184.4540942539423,186.0023956298828,59922200.0
2023-07-11,186.54480679233018,186.68287064614393,184.02020200954667,185.479736328125,46638100.0
2023-07-12,187.05761040387253,189.04968751691854,185.86434744027207,187.14637756347656,60750200.0
2023-07-13,187.86624506525828,188.5467078881079,187.15619821079162,187.9056854248047,41342300.0
2023-07-14,187.59997248992855,188.53683526319492,187.00827681367923,188.05361938476562,41616200.0
2023-07-17,189.24689758888442,191.63345333608896,189.15814548736353,191.30801391601562,50520200.0
2023-07-18,190.6768538720752,191.64330071063998,189.75970372238763,191.0515899658203,48288200.0
2023-07-19,190.43029994672796,195.48936484547627,189.98650938817815,192.40264892578125,80507300.0
2023-07-20,192.39280905028917,193.7537348839622,189.8386203157028,190.4599151611328,59581200.0
2023-07-21,191.4164716546598,192.27443863277517,188.58614067832426,189.2863311767578,71951700.0
2023-07-24,190.73603816687742,192.21530010696893,189.59207198839397,190.0851593017578,45377800.0
2023-07-25,190.65714646634552,191.75180092732498,190.25281124926505,190.94313049316406,37283200.0
2023-07-26,190.99243214213982,192.9351972994816,190.64728006234532,191.8109588623047,47471900.0
2023-07-27,193.3099676892758,194.4736466049838,189.88794029801272,190.54867553710938,47460200.0
2023-07-28,191.97860770429688,193.91151654263126,191.4559363697747,193.12257385253906,48291400.0
2023-07-31,193.34940127389015,193.77346420221568,192.56045853696887,193.7340087890625,38824100.0
2023-08-01,193.52690392813534,194.0101198390568,192.58016971551623,192.90560913085938,35175100.0
2023-08-02,192.34347668203839,192.48154051645844,189.19759252290805,189.91749572753906,50389300.0
2023-08-03,188.92145636813592,189.7103839306254,188.05361799200307,188.5269775390625,61235200.0
2023-08-04,182.95511789971007,184.78940327661547,179.40488328381886,179.4739227294922,115956800.0
2023-08-07,179.61197056531847,180.59814508763776,174.89805755245857,176.3773193359375,97576100.0
2023-08-08,177.205713919119,177.77769698523286,175.12488493894773,177.31419372558594,67823000.0
2023-08-09,178.3693964131728,178.42856448196,174.56276182695083,175.72645568847656,60378500.0
2023-08-10,176.99860916334498,178.25105509162734,175.14461118800062,175.50949096679688,54686900.0
2023-08-11,175.10464195853916,176.38838822312198,174.34425781198718,175.56875610351562,52036700.0
2023-08-14,175.746520759633,177.44503302668653,175.0947628987085,177.21791076660156,43675600.0
2023-08-15,176.64514364841483,177.23763842738072,174.8380051896738,175.23300170898438,43622600.0
2023-08-16,174.91699954220002,176.30937200366554,174.29486573787133,174.36399841308594,46964900.0
2023-08-17,174.9268647491592,175.29223725703497,171.31258808782235,171.8260955810547,66062900.0
2023-08-18,170.14734105941557,172.91236175457905,169.81159252872837,172.3099822998047,61172200.0
2023-08-21,172.88272795365145,173.92948217703207,171.56934282132403,173.64309692382812,46311900.0
2023-08-22,174.8478727981476,175.46012191641384,174.04799506153495,175.0157470703125,42038900.0
2023-08-23,176.28962468028294,179.28176749229362,176.1019960768648,178.8571319580078,52722800.0
2023-08-24,178.4127251012039,178.83736055921776,173.81094306342985,174.17633056640625,54945800.0
2023-08-25,175.16386577811136,176.91174101480664,173.62335841851225,176.3784942626953,51449600.0
2023-08-28,177.8400098200833,178.33376298082638,176.31925671498092,177.9387664794922,43820700.0
2023-08-29,177.45489519701718,182.5899254092932,177.25739693272806,181.81967163085938,53003900.0
2023-08-30,182.62943856671393,185.5030858470339,182.43194029759772,185.30557250976562,60813900.0
2023-08-31,185.4931879048022,186.75719481874472,185.13768501849643,185.52281188964844,60794500.0
2023-09-01,187.12258052751662,187.54720101813678,185.92769123419916,187.09295654296875,45766500.0
2023-09-05,185.92768366781115,187.6064413525269,185.26605625958229,187.32994079589844,45280000.0
2023-09-06,186.0461707664675,186.49056063180015,179.2027597126584,180.62477111816406,81755800.0
2023-09-07,172.99137409505227,175.98353252575788,171.37186410651492,175.34164428710938,112488800.0
2023-09-08,176.12173147198052,177.98811753082185,175.56871535945672,175.95384216308594,65551300.0
2023-09-11,177.82027676778657,178.0473990105972,175.12437356668377,177.119140625,58953100.0
2023-09-12,177.24748281871987,177.87948614675489,172.63583094462646,174.0973358154297,90370200.0
2023-09-13,174.30471474035696,175.08485308011382,171.80632524830068,172.03346252441406,84267900.0
2023-09-14,171.82613628874898,173.89990602984025,171.4113853541615,173.54440307617188,60895800.0
2023-09-15,174.2750911398521,174.29484548306786,171.64833608181547,172.82345581054688,109259500.0
2023-09-18,174.27511585610648,177.13889330258442,173.96899129951683,175.7465057373047,67257600.0
2023-09-19,175.30212586469654,177.38576479928514,174.91699900323943,176.832763671875,51826900.0
2023-09-20,177.02040441249267,177.45490967025808,173.20862883503193,173.29751586914062,58436200.0
2023-09-21,172.36925276684747,174.0973890433764,171.68787090976878,171.75698852539062,63149100.0
2023-09-22,172.48773574692532,174.8676297137013,171.87548661966315,172.60623168945312,56725400.0
2023-09-25,172.02359502231215,174.75899170155245,171.97421669351675,173.88011169433594,46172700.0
2023-09-26,172.63586851438868,173.01111068359924,169.51534481079926,169.8115997314453,64588900.0
2023-09-27,170.46333088230946,170.87808171574733,166.93794126401278,168.30068969726562,66921800.0
2023-09-28,167.22430983558627,169.88070413963854,165.52579782856736,168.5574493408203,56294400.0
2023-09-29,169.870831028669,170.90771561508154,168.21181267677895,169.07095336914062,51861100.0
2023-10-02,169.08081880430257,172.12233981703872,168.79443355791753,171.57920837402344,52164500.0
2023-10-03,170.1078434596355,171.46073744550782,168.6858469308082,170.24609375,49594600.0
2023-10-04,168.95244285882518,172.03347264460572,168.83394692911625,171.49034118652344,53020300.0
2023-10-05,171.6187292983148,173.25799352598938,170.52259660006877,172.72474670410156,48527900.0
2023-10-06,171.6286058875163,175.76625988669193,171.0163417068709,175.2725067138672,57266700.0
2023-10-09,174.60096707330928,176.81298636382684,173.60359124576962,176.7537384033203,42390800.0
2023-10-10,175.87485420705488,177.47460937430563,175.7267192412531,176.16122436523438,43698000.0
2023-10-11,175.9736185461729,177.60301297187604,175.3811238107674,177.5536346435547,47551100.0
2023-10-12,177.82026707710477,180.06189553412176,176.80312172309905,178.4522705078125,56743100.0
2023-10-13,179.1533769286896,179.65699967721181,175.9143577270369,176.61549377441406,51427100.0
2023-10-16,174.54174811745375,176.84263973108403,174.3047411678942,176.4871368408203,52517000.0
2023-10-17,174.44299912050275,176.19088966345473,172.61612132571108,174.93675231933594,57549400.0
2023-10-18,173.38635072108465,175.36136323860268,172.92222157401596,173.64309692382812,54764400.0
2023-10-19,173.84060845589931,175.61812287122567,173.00123711265553,173.2678680419922,59302900.0
2023-10-20,173.11974130623128,173.2283676109075,170.48310107616433,170.72010803222656,64244000.0
2023-10-23,168.77469287243957,171.83595313524123,167.80692592091492,170.8385772705078,55980100.0
2023-10-24,170.88799016172553,171.50023932449824,169.30797385167378,171.2731170654297,43816600.0
2023-10-25,169.73259505065448,170.89784530264086,168.51795139973865,168.96234130859375,57157000.0
2023-10-26,168.2414494672427,169.2388405091802,163.600172706508,164.804931640625,70625300.0
2023-10-27,164.82467062426355,166.8490614359056,164.745668316651,166.11830139160156,58499100.0
2023-10-30,166.90832288755587,169.03145545417337,166.7601878982554,168.16244506835938,51131000.0
2023-10-31,167.23420217717043,168.76482492650203,165.80230595130433,168.63645935058594,44846000.0
2023-11-01,168.86359824995364,172.05323977559237,167.9945877763323,171.79649353027344,56934900.0
2023-11-02,173.32712561259646,175.55888462715336,173.26787764016203,175.3515167236328,77334800.0
2023-11-03,172.06311427874405,174.61088250590672,171.18423421755685,174.4429931640625,79829200.0
2023-11-06,174.1763842242903,177.1882666996337,174.0085099439187,176.9907684326172,63841300.0
2023-11-07,176.9413698079054,180.1606499568927,176.73400192517136,179.54840087890625,70530000.0
2023-11-08,180.07177947416378,181.15802736111343,179.32126504404005,180.6050262451172,49340300.0
2023-11-09,180.67415869856794,181.81965455110011,179.53851741631973,180.1310272216797,53763500.0
2023-11-10,181.9108804268445,184.48178544542026,181.475802800193,184.3136749267578,66133400.0
2023-11-13,183.7401702602705,183.9478113332898,182.14818998578377,182.73158264160156,43627500.0
2023-11-14,185.5991101996175,186.0045247766197,184.214786141562,185.34202575683594,60108400.0
2023-11-15,185.7474876978312,187.3790139742788,185.67826393327664,185.9056854248047,53790500.0
2023-11-16,187.4482222334322,188.82266388785246,186.5385061665612,187.58665466308594,54412900.0
2023-11-17,188.12057839811112,188.24912816814668,186.4593894684262,187.5668487548828,50922700.0
2023-11-20,187.76460727588125,189.76200213676566,187.75472463510502,189.30714416503906,46505100.0
2023-11-21,189.2676114417462,189.37638084971888,187.61630503925363,188.5062255859375,38134500.0
2023-11-22,189.3467401313375,190.77061015607987,188.69412360666138,189.1687469482422,39617700.0
2023-11-24,188.7336553269539,188.76331834061182,187.13179223741543,187.84373474121094,24048300.0
2023-11-27,187.79427548166112,188.53588093642713,186.78568783853885,187.6657257080078,40552600.0
2023-11-28,187.65584993609482,188.9413024556769,187.2800983304318,188.26890563964844,38415400.0
2023-11-29,188.76331653900834,189.93999969621768,186.85492560121705,187.2504425048828,43014200.0
2023-11-30,187.71517468500207,188.18981305356235,186.08364867108205,187.82394409179688,48794400.0
2023-12-01,188.19971472368132,189.4159436040849,187.11202054575708,189.0995330810547,45704800.0
2023-12-04,187.85360043262926,187.92282418358675,185.35191925319242,187.30975341796875,43389500.0
2023-12-05,188.081033613139,192.2241233156588,188.05135551468544,191.25509643554688,66628400.0
2023-12-06,192.27356863697858,192.58009647341478,189.95976327032974,190.16741943359375,41089700.0
2023-12-07,191.46276025185608,192.81742141001197,191.42319951100376,192.09559631347656,47477700.0
2023-12-08,192.02637677770835,193.79635031367135,191.50231010992096,193.5194854736328,53406400.0
2023-12-11,190.9485830810774,191.3243346926335,189.27749628821252,191.01779174804688,60943700.0
2023-12-12,190.9189094878757,192.54055280703432,189.57413099725628,192.53067016601562,52696900.0
2023-12-13,192.90640609677627,195.7838388648497,192.66910200901862,195.74429321289062,70404200.0
2023-12-14,195.80360435764135,197.38568681182426,193.96442237725344,195.89259338378906,66831600.0
2023-12-15,195.3190970971854,196.17935458626624,194.79503045579114,195.35865783691406,128538400.0
2023-12-18,193.8952224343076,194.4291868327445,192.21425301938103,193.6974639892578,55751900.0
2023-12-19,193.96444926391277,194.7456004150459,193.69746706046115,194.7357177734375,40714100.0
2023-12-20,194.69614571593394,195.46741418063525,192.64932250976562,192.64932250976562,52242800.0
2023-12-21,193.90511142023345,194.87413831888384,191.33420648650613,192.50099182128906,46482500.0
2023-12-22,192.9953923922105,193.22282892375426,190.81013681243016,191.43309020996094,37149600.0
2023-12-26,191.44299668429173,191.71986154255086,190.67172813799795,190.88926696777344,28919300.0
2023-12-27,190.3355425015734,191.33423254727063,188.95120308408815,190.98814392089844,48087700.0
2023-12-28,191.96705978425237,192.4812438348005,191.00791544042355,191.413330078125,34049900.0
2023-12-29,191.72973752393827,192.2241411947973,189.5840274029703,190.3750762939453,42672100.0
2024-01-02,185.0552730997862,186.33084291740326,181.83176685644636,183.5621795654297,82488700.0
2024-01-03,182.15806587250447,183.79948946618282,181.37689972544035,182.18772888183594,58414500.0
2024-01-04,180.1112512492328,181.04073256447913,178.85547678867908,179.8739471435547,71983600.0
2024-01-05,179.95304619735901,180.7144169560074,178.15340966673114,179.152099609375,62379700.0
2024-01-08,180.0519005320401,183.52262348166371,179.46850790157933,183.48306274414062,59144500.0
2024-01-09,181.86141829199212,183.0776469225398,180.68473531069785,183.06776428222656,42841800.0
2024-01-10,182.2866013010497,184.31364385660615,181.8614063874065,184.1060028076172,46792900.0
2024-01-11,184.45208965863696,184.9563909902637,181.56477442626638,183.51272583007812,49128400.0
2024-01-12,183.9775132511691,184.6499101684802,183.11725559073133,183.83908081054688,40477800.0
2024-01-16,180.12114381484557,182.1976301200088,178.90489995610474,181.57469177246094,65603000.0
2024-01-17,179.24109293861534,180.88250149305736,178.2819487070673,180.6352996826172,47317400.0
2024-01-18,184.00715864056133,187.0230241166397,183.7500741577492,186.51873779296875,78005800.0
2024-01-19,187.21088801676132,189.80155831594578,186.70660172518024,189.41592407226562,68903000.0
2024-01-22,190.14763349819026,193.14371820043874,190.1080727596782,191.71983337402344,60133900.0
2024-01-23,192.83720939883855,193.55903452389106,191.66052626402544,192.9954071044922,42355600.0
2024-01-24,193.23269884918452,194.18196038829024,192.16478527569066,192.322998046875,53631300.0
2024-01-25,193.03497008475262,194.07322080915367,190.94858599423335,191.99671936035156,54822100.0
2024-01-26,192.09561130867766,192.58011726192578,189.79168833424328,190.2663116455078,44594000.0
2024-01-29,189.86087972294905,190.04875551955823,187.4580852833725,189.58401489257812,47145600.0
2024-01-30,188.80285272092348,189.65322753238257,185.37169046557113,185.935302734375,55859400.0
2024-01-31,184.94652570867123,185.00586682539145,182.28664653050623,182.33607482910156,55467800.0
2024-02-01,181.93068222666935,184.85754373397813,181.7625867762094,184.7685546875,64885400.0
2024-02-02,177.84689023760967,185.23328233515724,177.2437171517322,183.7698516845703,102551700.0
2024-02-05,186.04410163536497,187.13179578344227,183.75995901240586,185.57936096191406,69668800.0
2024-02-06,184.76853636353553,187.19111127921153,184.67954732588265,187.1812286376953,43490800.0
2024-02-07,188.50623739169367,188.91165203661865,186.49895962721544,187.29000854492188,53439000.0
2024-02-08,187.27021997882892,187.418535043408,185.2530596605407,186.2122039794922,40962000.0
2024-02-09,186.77653768433356,188.10324181676,186.1329987846296,186.9745635986328,45155200.0
2024-02-12,186.54883497246297,186.79635226997033,184.93501735839288,185.29144287109375,41781900.0
2024-02-13,183.92512331150874,184.360756090923,181.68755769129083,183.20236206054688,56529500.0
2024-02-14,183.4796068721132,183.6875129162611,180.62820312290157,182.3212127685547,54630500.0
2024-02-15,181.727184392981,182.65785175424014,179.54903541760635,182.0341033935547,65434500.0
2024-02-16,181.59845842120637,183.0142649801448,179.86583763061847,180.49948120117188,49752500.0
2024-02-20,179.98463913307552,180.61828269677792,178.21242224791314,179.75692749023438,53665600.0
2024-02-21,180.13316833455778,181.0737309260645,178.86588113831095,180.5093994140625,41371400.0
2024-02-22,181.65787110291916,183.1231842228548,180.64801151557128,182.53903198242188,52292200.0
2024-02-23,183.17267506039363,183.20237592421455,180.42028422645075,180.70741271972656,45119700.0
2024-02-26,180.43019254491847,180.9450175834942,178.85597124394113,179.3609161376953,40867400.0
2024-02-27,179.3014951345761,182.09348175278842,177.77678047240937,180.81629943847656,54318900.0
2024-02-28,180.69750358801915,181.30144633523983,178.34114943443706,179.6183319091797,48953900.0
2024-02-29,179.4698267249393,180.75691955299587,177.74710108364005,178.95498657226562,136682600.0
2024-03-01,177.76690051629518,178.73716395290236,175.61845249589473,177.8758087158203,73563100.0
2024-03-04,174.4006596751229,175.14321147352493,172.06409607852763,173.36109924316406,81510100.0
2024-03-05,169.0641855800497,170.33147275577412,167.93550746706842,168.4305419921875,95132400.0
2024-03-06,169.3612273012443,169.53944760498507,167.00485787713032,167.44049072265625,68587700.0
2024-03-07,167.47017484778516,169.0344857697736,166.81674075207243,167.32167053222656,71765100.0
2024-03-08,167.32169984326515,171.97502220207014,167.26229810663585,169.03451538085938,76267000.0
2024-03-11,171.22253935977105,172.64824117092596,170.34137853305091,171.034423828125,60139500.0
2024-03-12,171.43043622416553,172.30170175265368,169.3116892312768,171.5096435546875,59825400.0
2024-03-13,171.05423942259554,171.4700666239107,169.06419090034882,169.43052673339844,52488700.0
2024-03-14,171.19284931228447,172.57893998999515,170.34138929390355,171.28195190429688,72913500.0
2024-03-15,169.47011882986195,170.9057159423828,168.59885322457814,170.9057159423828,121752700.0
2024-03-18,173.82643054023092,175.94517770513775,171.7967859641753,171.9947967529297,75604200.0
2024-03-19,172.6086493883763,174.8561105550952,171.31166123855039,174.3313751220703,55215200.0
2024-03-20,173.97494430389506,176.89564514160156,173.35119593354977,176.89564514160156,53423100.0
2024-03-21,175.29172116809335,175.72735394947048,169.14338597139206,169.66812133789062,106181300.0
2024-03-22,170.05423645695066,171.33143385532912,168.37112227286767,170.56907653808594,71160100.0
2024-03-25,168.87608692531137,170.2324767040703,167.76719930445816,169.15330505371094,54288300.0
2024-03-26,168.31174106723407,169.71763732680742,167.8959138727621,168.02462768554688,57388400.0
2024-03-27,168.7176579392829,171.87598039200594,168.42063422483255,171.58885192871094,60273300.0
2024-03-28,170.04437673388762,170.51960569647457,168.81668554767697,169.7770538330078,65672700.0
2024-04-01,169.48992969134684,169.54933141950085,167.79690490268092,168.34144592285156,46240500.0
2024-04-02,167.4008605129018,167.6582730022656,166.55929585931307,167.16323852539062,49329500.0
2024-04-03,167.11374996517486,168.98497988400436,166.90584392266877,167.9652099609375,47691700.0
2024-04-04,168.59888151299202,170.2126991824844,167.14349365234375,167.14349365234375,53704400.0
2024-04-05,167.90581505219322,168.69787335368648,167.2721714324497,167.8959197998047,42104800.0
2024-04-08,167.3513719945941,167.51968192191484,166.5692240844266,166.77713012695312,37425500.0
2024-04-09,167.02464767080627,168.39094781013864,166.67813256359855,167.98501586914062,42373800.0
2024-04-10,167.1236748074244,167.41078821247058,165.45045553411236,166.11380004882812,49709300.0
2024-04-11,166.66822184170525,173.7175238179071,166.49001666248702,173.3016815185547,91070300.0
2024-04-12,172.52942533467058,176.5887144383463,172.47993396851362,174.79669189453125,101670900.0
2024-04-15,173.6185038309996,174.8758957155582,170.78690583147454,170.9750213623047,73531800.0
2024-04-16,170.0443499195711,172.03438316124112,166.59891404642835,167.69789123535156,73711200.0
2024-04-17,167.92563121825307,168.95529649982927,166.3316192626953,166.3316192626953,50901200.0
2024-04-18,166.36129252101995,166.96523521407434,164.8959946340493,165.38111877441406,43122900.0
2024-04-19,164.55939469854349,164.7474951408098,162.4505426435407,163.3614044189453,68149400.0
2024-04-22,163.87623994630854,165.59895049362888,163.1336881290828,164.19305419921875,48116400.0
2024-04-23,163.70792820716713,165.39104261951863,163.28219064755024,165.24252319335938,49537800.0
2024-04-24,164.8861093338651,167.6187098522012,164.5593998092657,167.34149169921875,48251800.0
2024-04-25,167.84642483703811,168.91570135131437,166.48012455092012,168.20285034179688,50558300.0
2024-04-26,168.19292468782604,169.63841695172266,167.49986430971396,167.61868286132812,44838400.0
2024-04-29,171.64826373021612,174.28185098854456,171.38095596804143,171.7769775390625,68169400.0
2024-04-30,171.60868084411632,173.2521991943247,168.31174889120035,168.6384735107422,65934800.0
2024-05-01,167.8959009696714,170.9948217396029,167.43056733625505,167.61868286132812,50383100.0
2024-05-02,170.79680537480178,171.69777183075684,169.19289835753364,171.3116455078125,94214900.0
2024-05-03,184.7963833456082,185.14291355827163,180.84601747897057,181.55886840820312,163224100.0
2024-05-06,180.5390848280799,182.37070337959045,178.62824383792136,179.9054412841797,78569700.0
2024-05-07,181.6281373821679,183.0637342712393,179.51930088998813,180.58856201171875,77305800.0
2024-05-08,181.03414013837894,181.25195654794928,179.6480343404535,180.92523193359375,45057100.0
2024-05-09,180.74701199258516,182.82616313989396,180.30148392023486,182.737060546875,48983000.0
2024-05-10,183.3120539854214,183.50042466657956,180.56585391849484,181.4779510498047,50759500.0
2024-05-13,183.8474543189662,185.49320196467926,183.03448917069318,184.68023681640625,72044800.0
2024-05-14,185.89964252722956,186.68286641073877,184.69011878206607,185.82032775878906,52393600.0
2024-05-15,186.2962297111884,189.01268886802714,185.76085876781028,188.09068298339844,70400000.0
2024-05-16,188.83423487080034,189.458829238671,188.03119361367854,188.2096405029297,52845200.0
2024-05-17,187.8824709799172,189.1713095252472,187.55530322495105,188.2393798828125,41282900.0
2024-05-20,187.70400151197455,190.27175449259957,187.38674246856843,189.39930725097656,44361300.0
2024-05-21,189.44890089382775,191.07481584379752,189.28036268210627,190.69808959960938,42309400.0
2024-05-22,190.6187885434668,191.16406816634918,188.63596455316463,189.2605438232422,34648500.0
2024-05-23,189.3398657052663,189.35969818168277,185.02723244112752,185.27508544921875,51005900.0
2024-05-24,187.19840810516956,188.94328765804346,186.42509288132968,188.3484344482422,36327000.0
2024-05-28,189.86530324069457,191.3425125399711,187.4760118609873,188.35836791992188,52280100.0
2024-05-29,187.98160889548626,190.5989356775744,187.88246165547932,188.65576171875,53068000.0
2024-05-30,189.12172393667825,190.52952698465035,188.99285067972127,189.6471710205078,49889100.0
2024-05-31,189.7958815743219,190.916181773766,188.27902269727937,190.5989227294922,75158300.0
2024-06-03,191.24334718637152,193.31540952983562,190.86662095571478,192.3636474609375,50080500.0
2024-06-04,192.96841099700254,193.64257895328527,191.37223723797064,192.680908203125,47471400.0
2024-06-05,193.72190135445058,195.20901937445223,193.19645419760306,194.1878662109375,54156800.0
2024-06-06,194.0094143560484,194.8124556459051,192.5024638984892,192.80979919433594,41181800.0
2024-06-07,192.978343568532,195.2486855650071,192.47272888451312,195.19911193847656,53103900.0
2024-06-10,195.20899197297106,195.60556579928584,190.49978557066368,191.46145629882812,97010200.0
2024-06-11,191.98689659289002,205.3808802210458,191.96707924808354,205.37095642089844,172373300.0
2024-06-12,205.58908283581826,218.30889945026047,205.1231180281253,211.24014282226562,198134300.0
2024-06-13,212.8958066808934,214.888539245905,209.7827737762817,212.4001007080078,97862700.0
2024-06-14,212.01345147179217,213.32210737882852,209.4853479747781,210.66513061523438,70122700.0
2024-06-17,211.53754196526575,217.06962191331422,210.89313031273133,214.8092041015625,93728300.0
2024-06-18,215.72132373307375,216.75240063817128,211.1707464886947,212.4496612548828,79943300.0
2024-06-20,212.0927425591543,212.4000929584359,207.05638337080816,207.87924194335938,86172500.0
2024-06-21,208.58317289420788,210.07029091430852,205.33134270047418,205.7080841064453,241805100.0
2024-06-24,205.93607160503834,210.87329840415435,204.81577136869439,206.3524627685547,80727000.0
2024-06-25,207.35382052419757,209.56468024841507,206.8184646829133,207.27452087402344,55549700.0
2024-06-26,209.68362348048936,213.01476817493463,208.8310086144187,211.41859436035156,66213200.0
2024-06-27,212.84622088780682,213.88720639689362,210.52632069800987,212.26129150390625,49772700.0
2024-06-28,213.91693728719588,214.21436386520998,208.49391330369318,208.8111572265625,82542700.0
2024-07-01,210.26856627972688,215.64201747450758,210.10002805599396,214.8885498046875,60402900.0
2024-07-02,214.2936836981781,218.4873670751859,213.25271326862932,218.37831115722656,58046200.0
2024-07-03,218.11063203893852,219.64732360839844,217.1489612238199,219.64732360839844,37369800.0
2024-07-05,219.7464397478406,224.5052198536283,219.7464397478406,224.3961639404297,60412400.0
2024-07-08,225.13972278278513,225.89320550199054,221.3327047505454,225.86346435546875,59085900.0
2024-07-09,225.9725055332989,227.42988222637766,224.4259054004998,226.716064453125,48076100.0
2024-07-10,227.3307526887298,231.07828847688273,227.28117906796422,230.97914123535156,62627700.0
2024-07-11,229.40280147827102,230.39421338925845,223.83107137940016,225.61561584472656,64710600.0
2024-07-12,226.9540066999144,230.64206011910093,226.71606240173486,228.56008911132812,53046500.0
2024-07-15,234.44910163171727,235.1926606193721,231.0882156126273,232.386962890625,62631300.0
2024-07-16,232.98180687397965,234.24090427881208,230.33473879844306,232.80335998535156,43234300.0
2024-07-17,227.47946461019197,229.47221227385296,224.69359950369105,226.91436767578125,57345900.0
2024-07-18,228.3023336745397,228.46096321097224,220.36112971273346,222.2547149658203,66034600.0
2024-07-19,222.88923571935766,224.8522270905052,221.36245288688534,222.38360595703125,49151500.0
2024-07-22,225.06041535891617,225.82380677595344,221.174082433242,222.03662109375,48201800.0
2024-07-23,222.44310313331528,224.9910392063895,220.7676144514488,223.07760620117188,39960300.0
2024-07-24,222.0762625279836,222.86939506256107,215.2652677100796,216.66314697265625,61777600.0
2024-07-25,217.0497975364767,218.95332167523742,212.77681471652627,215.62217712402344,51391200.0
2024-07-26,216.8217851678197,217.6050090608147,214.15488466672127,216.08815002441406,41601300.0
2024-07-29,215.09676223529075,217.41666277155184,213.89714701413598,216.3657684326172,36311800.0
2024-07-30,217.3075789949067,218.43778796730905,214.2639371695869,216.92092895507812,41643800.0
2024-07-31,219.53825698895486,221.89782218872546,218.7352157578384,220.17276000976562,50036300.0
2024-08-01,222.44310665442717,222.55216258005441,215.15623749650504,216.48472595214844,62501000.0
2024-08-02,217.26790792406092,223.6625266661827,215.8402875210575,217.97181701660156,105568600.0
2024-08-05,197.3802115476467,211.6664621054212,194.3167520967801,207.47279357910156,119548600.0
2024-08-06,203.53686913101606,208.18659343179937,199.34320096724198,205.45028686523438,69660500.0
2024-08-07,205.12311510057037,211.80523672133984,204.61750047992084,208.01805114746094,63516400.0
2024-08-08,211.27980900719393,212.36044444161047,207.0365669160157,211.47808837890625,47161100.0
2024-08-09,210.2784745623819,214.91827509282652,210.1495861717322,214.38291931152344,42201600.0
2024-08-12,214.46232494953352,217.8767166928247,213.99582080224636,215.9114532470703,38028100.0
2024-08-13,217.38044783379533,220.23902400333975,217.38044783379533,219.62364196777344,44155300.0
2024-08-14,218.92885985517657,221.37054778476931,218.06532277692483,220.07029724121094,41960600.0
2024-08-15,222.9288560878089,223.67327566716008,221.1025352094067,223.04795837402344,46414000.0
2024-08-16,222.25391598005478,225.14226768918678,221.98592068094572,224.36807250976562,44340200.0
2024-08-19,224.04054098731652,224.30853630427512,221.38047353975193,224.2092742919922,40687800.0
2024-08-20,224.0901616619868,225.47973889834265,223.7725353535306,224.82464599609375,30299000.0
2024-08-21,224.8345868015738,226.28371522001356,223.37552309496598,224.71546936035156,34765500.0
2024-08-22,226.09511339685906,226.64102413052154,222.2340576918725,222.859375,43695300.0
2024-08-23,223.98097823318813,226.52192810531062,222.66087229355688,225.15219116210938,38677300.0
2024-08-26,225.0727813784282,225.58891654674125,222.22414052811973,225.48965454101562,30602200.0
2024-08-27,224.31843379232603,227.14723425887112,223.21669220638537,226.3333282470703,35934600.0
2024-08-28,226.22414704916858,228.14971479709,224.0008084384826,224.80479431152344,38052200.0
2024-08-29,228.38796742499142,231.18697758967758,227.1770435151196,228.08026123046875,51906300.0
2024-08-30,228.4772602189495,228.68568922028223,225.78741746908054,227.29611206054688,52990800.0
2024-09-03,226.84948058831634,227.2961293418145,219.52438650802387,221.11248779296875,50190600.0
2024-09-04,220.01074262314262,220.12984491677884,215.86183603349318,219.20677185058594,43840200.0
2024-09-05,219.9809527371486,223.80229748015876,219.87177059333374,220.72537231445312,36615400.0
2024-09-06,222.2837029728863,223.56411324365834,218.13481142105056,219.177001953125,48423000.0
2024-09-09,219.17700018247805,219.6236489368284,215.09757995493325,219.26632690429688,67180000.0
2024-09-10,217.29112653781655,219.83207646515766,215.1174187834135,218.47227478027344,51591000.0
2024-09-11,219.81221238330573,221.43007391385896,216.2687680395375,221.00328063964844,44587100.0
2024-09-12,220.84449248276735,221.8866830044339,218.1844402475294,221.11248779296875,37455600.0
2024-09-13,221.91644846858938,222.37301734416337,220.25887596851652,220.844482421875,36766600.0
2024-09-16,214.9288136198369,215.6037619118882,212.32831274384958,214.71046447753906,59357400.0
2024-09-17,214.14471619981742,215.28615358843467,212.904016801209,215.17697143554688,45519300.0
2024-09-18,215.9313221513165,221.05293280374121,215.92138686335736,219.04795837402344,59894900.0
2024-09-19,223.31596324984213,228.11002736409566,222.95864123060412,227.16708374023438,66781300.0
2024-09-20,228.2589097535001,231.3556905514529,225.92638886705737,226.5020751953125,318679900.0
2024-09-23,225.64847983003366,227.74278104335218,224.12986496132828,224.7849578857422,54146000.0
2024-09-24,226.94872814757065,227.64353192764617,224.05045616714196,225.67825317382812,43556100.0
2024-09-25,223.2564112941643,225.59885242729763,222.3531936181764,224.68569946289062,42308700.0
2024-09-26,225.60876888531146,226.7998372114188,223.73283210674714,225.82713317871094,36636700.0
2024-09-27,226.76013618443497,227.81224676693589,225.60876359989413,226.09510803222656,34026000.0
2024-09-30,228.3283747151782,231.266357421875,227.9412771261621,231.266357421875,54541900.0
2024-10-01,227.81225543239978,227.9412778656533,222.07526286618742,224.52688598632812,63285000.0
2024-10-02,224.2092739820147,225.67825786117984,221.36063294746157,225.0926513671875,32880600.0
2024-10-03,223.4648504260935,225.12242301224842,221.65839996957536,223.99090576171875,34044200.0
2024-10-04,226.20429410810965,226.3035561118749,222.46235586119454,225.11248779296875,37245100.0
2024-10-07,222.8296172342201,224.01076551273388,219.68320530273118,220.04052734375,39505400.0
2024-10-08,222.63108533790577,224.29857792676054,221.58889489724396,224.09014892578125,31855700.0
2024-10-09,223.554178398676,228.04055170887608,223.1571606453159,227.8321075439453,33591100.0
2024-10-10,226.08521111865923,227.7924147414137,225.47974919262126,227.33583068847656,28183500.0
2024-10-11,227.5939128444124,227.70309500312143,225.64848941975737,225.85693359375,31759200.0
2024-10-14,226.99837948655343,230.00583388937218,226.89913261283547,229.57904052734375,39882100.0
2024-10-15,231.87182665313995,235.7229623804217,230.6410474142004,232.11004638671875,64751400.0
2024-10-16,229.87678174389526,230.3929017691756,228.12986736523644,230.05543518066406,34082200.0
2024-10-17,231.69315867439417,232.11004699556463,228.8048220166126,230.4226837158203,32993800.0
2024-10-18,234.4226930307779,234.4226930307779,232.26884075534687,233.25148010253906,46431500.0
2024-10-21,232.7055644739604,235.08771628667242,232.7055644739604,234.720458984375,36254500.0
2024-10-22,232.14974382855843,234.4624093106695,230.86934872103873,234.10508728027344,38846600.0
2024-10-23,232.33833466706656,233.39044533687328,226.0653512199268,229.04302978515625,52287000.0
2024-10-24,228.26884002769643,229.10260155629064,226.710529416834,228.85446166992188,31109500.0
2024-10-25,228.03062932515897,231.484732210271,227.86189602437614,229.68820190429688,38802300.0
2024-10-28,231.58396917060392,232.983466430484,230.8196941830456,231.66336059570312,36087100.0
2024-10-29,231.36563017470797,232.5864741436605,230.59143496071306,231.93138122558594,35417200.0
2024-10-30,230.87925826342104,231.7328600109945,227.8420287171323,228.387939453125,47070900.0
2024-10-31,227.63358238786932,228.11994197442104,223.693120129287,224.22911071777344,64370100.0
2024-11-01,219.32586653780092,223.67328184782377,218.6310779402587,221.25143432617188,65276700.0
2024-11-04,219.34572401852256,221.13231895883285,218.0752491010658,220.35812377929688,44944500.0
2024-11-05,220.14971259990074,222.28370958768312,219.49461965793014,221.7874298095703,28111300.0
2024-11-06,220.95368405362794,224.3879467919736,219.54425129715867,221.0628662109375,54561100.0
2024-11-07,222.95864433437472,226.18446269494834,222.89909318788202,225.7874298095703,42137700.0
2024-11-08,225.72780810336752,227.20835428792034,224.9726384261151,225.51914978027344,38328800.0
2024-11-11,223.5715733715174,224.26712634517858,220.0937933412938,222.80645751953125,42005600.0
2024-11-12,223.1244332571579,224.15782408060912,221.94198562097503,222.80645751953125,40398300.0
2024-11-13,222.5878574334345,225.21109667354565,221.3457931121334,223.69081115722656,48566200.0
2024-11-14,223.59146688403666,227.41701609796436,223.57158960851197,226.77114868164062,44923900.0
2024-11-15,224.96268496170848,225.4793879673537,222.84621765747355,223.5715789794922,47923700.0
2024-11-18,223.8199993254601,228.28149999782985,223.74050538640262,226.57241821289062,44633700.0
2024-11-19,225.53901477922054,228.6988344551977,225.22105418122663,226.8307647705078,36211800.0
2024-11-20,226.61215353970658,228.47027695087482,224.45593165289552,227.5461883544922,35169600.0
2024-11-21,227.42694424740614,228.69881686539628,224.27707103239013,227.06922912597656,42108300.0
2024-11-22,226.6121530455377,229.25526960886552,226.6121530455377,228.41065979003906,38168300.0
2024-11-25,229.99057974831032,231.7692092379923,228.28149797848934,231.39161682128906,90152800.0
2024-11-26,231.84870566104107,234.07449047305911,231.84870566104107,233.56771850585938,45986200.0
2024-11-27,232.98145117337265,234.19370712659864,232.32563759305353,233.4385223388672,33498400.0
2024-11-29,233.3192972938568,236.3002516789311,232.48463370489634,235.82330322265625,28481400.0
2024-12-02,235.76370602927642,239.26134854667043,235.65440375298792,238.0689697265625,48137100.0
2024-12-03,238.28756099978403,241.21882985808793,237.3833345065081,241.10952758789062,38861000.0
2024-12-04,241.32812877991805,242.5602620666903,239.71841824290905,241.4672393798828,44383900.0
2024-12-05,242.4410361127995,242.98753231090083,240.59284370740727,241.49705505371094,40033900.0
2024-12-06,241.36788746709487,243.0769692456264,240.5431549096241,241.29832458496094,36870600.0
2024-12-09,240.29473874492055,245.67039687977774,240.21524480725012,245.18350219726562,44649200.0
2024-12-10,245.3226337747269,246.63426111556626,243.78247081974237,246.19705200195312,36914800.0
2024-12-11,246.3858398593606,249.20780656351602,244.69662013013263,244.9251708984375,45205800.0
2024-12-12,245.32258896675415,247.16085008725614,244.12026412392174,246.38580322265625,32777500.0
2024-12-13,246.24671899982582,247.70737273801882,244.67674782957272,246.55474853515625,33155300.0
2024-12-16,246.4156487620838,249.7841268474892,246.07779571830554,249.44627380371094,51694800.0
2024-12-17,248.49237939681157,252.2185726786221,248.19428090188288,251.87078857421875,51356400.0
2024-12-18,250.55917390522964,252.6657103008961,246.1672359539693,246.4752655029297,56774100.0
2024-12-19,245.92873792847348,250.400169527173,245.5213371883983,248.20419311523438,60882300.0
2024-12-20,246.46531011815415,253.38113119374523,244.13023820234332,252.87437438964844,147495300.0
2024-12-23,253.15257310041957,254.02697602810866,251.84094596601008,253.64939880371094,40858800.0
2024-12-24,253.868019379837,256.5707374276886,253.66927695641888,256.5608215332031,23234700.0
2024-12-26,256.5508929178466,258.44877099351584,255.99445048269988,257.3756103515625,27237100.0
2024-12-27,256.19316170058187,257.05766400729357,251.45345479939442,253.96739196777344,42355300.0
2024-12-30,250.6287158030117,251.890657464443,249.15811581542044,250.59890747070312,35557500.0
2024-12-31,250.83739579916153,251.6720594492945,247.84649497663966,248.83021545410156,39480700.0
2025-01-02,247.34966196417784,247.51859606258614,240.28481431614935,242.3019256591797,55740700.0
2025-01-03,241.81503295898438,242.62981931594805,240.3543640210219,241.81503295898438,40244100.0
2025-01-06,242.75898865424097,245.75982034447205,241.65603491404494,243.44461059570312,45045600.0
2025-01-07,241.4374181829594,243.99110961427562,239.81777667580207,240.6723175048828,40856000.0
2025-01-08,240.3841480569624,242.16279257722746,238.52602476613023,241.15919494628906,37628900.0
2025-01-10,238.48630187104285,238.63535869995312,231.5208099984783,235.34637451171875,61710900.0
2025-01-13,232.04745423938814,233.18021644375222,228.2616441132745,232.91192626953125,49630700.0
2025-01-14,233.2596800887061,234.62097773623856,230.9941559742804,231.79901123046875,39435300.0
2025-01-15,233.1503884256181,237.4429702030776,232.94171493841435,236.35987854003906,39832000.0
2025-01-16,235.8432019589194,236.4990004602556,226.58236221549976,226.81089782714844,71759100.0
2025-01-17,230.64637201374376,230.81529094249188,227.0294813062853,228.51995849609375,68488300.0
2025-01-21,222.57792910461188,222.99526090225285,217.98726416864307,221.2265625,98070400.0
2025-01-22,218.39466636780546,222.6971793763667,218.39466636780546,222.40902709960938,64126500.0
2025-01-23,223.3132424800993,225.58869773276695,220.88873040600683,222.24009704589844,60234800.0
2025-01-24,223.35296445648333,224.19757422629087,220.00436403066544,221.36566162109375,54697900.0
2025-01-27,222.59782027357136,230.67619691244207,222.55806572164707,228.40074157714844,94863400.0
2025-01-28,229.38444497187513,238.66514594376807,229.3446904229109,236.7473907470703,75707600.0
2025-01-29,232.6336842670617,238.33724933385383,232.52438199561368,237.84042358398438,45486100.0
2025-01-30,237.15477986216186,239.26131599650066,235.70405729633438,236.08163452148438,55658300.0
2025-01-31,245.62070152543137,245.62070152543137,231.9579942451269,234.50173950195312,100959800.0
2025-02-03,228.52992572925916,230.35824094469035,224.2671520837408,226.56248474121094,73063300.0
2025-02-04,225.8072836268673,231.64995878770605,225.21108671424065,231.32205200195312,45067300.0
2025-02-05,227.07916670947125,231.19288314320298,226.82082278842498,230.99415588378906,39620300.0
2025-02-06,229.8216550685821,232.31573010563136,228.96711414866223,231.73941040039062,29925300.0
2025-02-07,231.12335539671392,232.5144614947352,225.81724462416,226.18490600585938,39707200.0
2025-02-10,228.36336710225459,229.3779949636392,226.005813710008,226.4534454345703,33115600.0
2025-02-11,227.000572314181,233.99362125199642,226.93094812871882,231.3973388671875,53718400.0
2025-02-12,229.98480349517558,235.71453849328682,229.4675323792709,235.625,45243300.0
2025-02-13,235.66478598858163,241.06623819438488,234.33183277718044,240.260498046875,53614100.0
2025-02-14,239.98200861865794,244.2594111862318,239.72338062288463,243.3144073486328,40896200.0
2025-02-18,242.8667637165237,243.89134891584123,240.56890729516905,243.18508911132812,48822500.0
2025-02-19,243.37407429304395,244.716969605811,241.88195827091008,243.5829620361328,32204200.0
2025-02-20,243.65259654249155,245.4829218502696,243.00600383864503,244.5379180908203,32316900.0
2025-02-21,244.65729095432025,247.38289505871285,243.93113206298463,244.2593994140625,53197400.0
2025-02-24,243.64264638435856,247.55199828948733,243.1353323966777,245.80125427246094,51326400.0
2025-02-25,246.69652285022872,248.68601093773057,243.62276739789988,245.74156188964844,48013300.0
2025-02-26,243.04583027825979,243.6924078784846,237.8731639406897,239.09669494628906,44433600.0
2025-02-27,238.15166004001364,241.1856322165831,235.81400561415145,236.05274963378906,41153600.0
2025-02-28,235.70458076540925,240.8175641664438,228.9900589647863,240.56887817382812,56833400.0
2025-03-03,240.51914741730602,242.74737946323825,234.8690087281554,236.77891540527344,47184000.0
2025-03-04,236.46059966619734,238.80819608105105,233.44651142335266,234.68994140625,53798100.0
2025-03-05,234.18263593082168,235.30670153327668,228.0251680036218,234.50096130371094,47227600.0
2025-03-06,233.207802772317,236.60982567864426,231.93453157387603,234.09312438964844,45170400.0
2025-03-07,233.87426828677374,240.10136041796665,233.5261018066448,237.81346130371094,46273600.0
2025-03-10,234.30201287196223,234.9187645202326,223.04151782981955,226.2843780517578,72071200.0
2025-03-11,222.63366659789358,224.65299583409444,216.3070937419303,219.6792755126953,76137400.0
2025-03-12,218.98296406915986,220.58450266635003,213.78045671174684,215.83956909179688,62547500.0
2025-03-13,214.81496040955514,215.70028194858565,207.3245394208188,208.57791137695312,61368300.0
2025-03-14,210.13967261110687,212.8254784087618,208.4784519318959,212.36790466308594,60107600.0
2025-03-17,212.18885305172668,214.08881784956162,208.86641153353526,212.87522888183594,48073400.0
2025-03-18,213.0343879953175,214.019174884069,210.3784232206469,211.57211303710938,42432400.0
2025-03-19,213.0940452987452,217.61017604964766,212.62651443867486,214.1086883544922,54385400.0
2025-03-20,212.86527847830126,216.3468825511506,211.10457731145533,212.97470092773438,48862900.0
2025-03-21,210.44804823896536,217.68978368973626,210.16952111998106,217.12278747558594,94127800.0
2025-03-24,219.83843988574125,220.31591279023903,217.43116105321957,219.56985473632812,44299500.0
2025-03-25,219.60965673355645,222.92215637067883,218.9232808837126,222.57398986816406,34493600.0
2025-03-26,222.3352199198642,223.83729303324841,219.31120492080973,220.36563110351562,34466100.0
2025-03-27,220.22639996083643,223.80748486169014,219.40076052040095,222.67347717285156,37094800.0
2025-03-28,220.50488863250547,222.63364006926244,216.5358548246797,216.75469970703125,39818600.0
2025-03-31,215.86939419548492,224.43414081005062,215.09349507460487,220.96249389648438,65299300.0
2025-04-01,218.65466729819107,222.5043215641154,217.74944665223015,222.01690673828125,36412700.0
2025-04-02,220.15674221426906,224.0063965120705,219.85831598824518,222.71322631835938,35905900.0
2025-04-03,204.45969456936825,206.39945769712665,200.19224908119847,202.12205505371094,103419000.0
2025-04-04,192.87091122900438,198.82943318150367,186.3553350717911,187.38987731933594,125910900.0
2025-04-07,176.26863687444822,193.12954493623218,173.70219548773406,180.50625610351562,160466300.0
2025-04-08,185.71870692843436,189.33957458197378,168.32064359895526,171.51376342773438,120859500.0
2025-04-09,171.04621878540135,199.55558397169528,170.9865365771085,197.80484008789062,184395900.0
2025-04-10,188.0762635840202,193.7562435722064,182.0381599544528,189.41915893554688,121880000.0
2025-04-11,185.12186726950821,198.49121408156802,185.0820690088969,197.1085205078125,87435900.0
2025-04-14,210.32866545443895,211.82078139531484,200.10269875392328,201.45555114746094,101352900.0
2025-04-15,200.7990180691496,202.44033954558066,198.74984792281177,201.07754516601562,51343900.0
2025-04-16,197.31741584829123,199.64511311117855,191.35889396287376,193.24891662597656,59732400.0
2025-04-17,196.16351652823,197.78495412822454,193.39812938355274,195.94467163085938,52164700.0
2025-04-21,192.25416731460396,192.78138039340035,188.81234657174457,192.14474487304688,46742500.0
2025-04-22,195.0892017003565,200.53045296496776,194.93999616163734,198.690185546875,52976400.0
2025-04-23,204.9172632087338,206.9067512010516,201.7340854567431,203.52462768554688,52929200.0
2025-04-24,203.81307577336062,207.73236914311858,201.87332821636014,207.2747802734375,47311000.0
2025-04-25,205.28532955589748,208.6475693809006,205.11622488486222,208.18003845214844,38222300.0
2025-04-28,208.89625889548412,210.38837503045187,206.36961558551846,209.0355224609375,38743100.0
2025-04-29,207.59312493762445,211.12446912484504,207.27479957627347,210.09988403320312,36827600.0
2025-04-30,208.19993964532281,212.45744310704663,205.58375784941018,211.38311767578125,52286500.0
2025-05-01,207.98107159612528,213.43226431553572,207.8020097882055,212.19879150390625,57365700.0
2025-05-02,205.0067917796952,205.9020705063368,201.09745506032002,204.27069091796875,101010600.0
2025-05-05,202.03252954096354,203.0272736250085,197.1682315771274,197.8446502685547,69018500.0
2025-05-06,197.1682179665783,199.59538061408486,195.98447015970467,197.4666290283203,51216500.0
2025-05-07,198.1231564563361,198.39174158064424,192.23427392267118,195.218505859375,68536700.0
2025-05-08,196.68078271707188,198.99853803284546,193.65675249053749,196.45199584960938,50478900.0
2025-05-09,197.95405738682032,199.48595647897335,196.50172445806652,197.4865264892578,36453900.0
2025-05-12,210.13634313336473,210.435160708662,205.93301745006437,209.95704650878906,63775800.0
2025-05-13,209.59847136477597,212.55673652410627,208.17412935394688,212.08859252929688,51909300.0
2025-05-14,211.59057778761635,213.09462076548897,209.74789716231066,211.49098205566406,49325800.0
2025-05-15,210.11643191755599,212.11849916658366,208.71199985896817,210.6144561767578,45029500.0
2025-05-16,211.52084551122164,211.73002236916358,208.9410837213976,210.42518615722656,54737900.0
2025-05-19,207.0884445111699,208.65223273202483,203.45285841572866,207.9550018310547,46140500.0
2025-05-20,206.84938410987283,207.64622592622177,204.2198167548668,206.04258728027344,42496600.0
2025-05-21,204.3592586621154,206.22186440009241,199.91689108628387,201.2914276123047,59211800.0
2025-05-22,199.91690559460176,201.94883789272,198.91088686006037,200.5643310546875,46742400.0
2025-05-23,192.9046989896,196.91877297523902,192.6955373289648,194.49838256835938,78432900.0
2025-05-27,197.51641281084125,199.94677348688452,196.64984031499387,199.4188690185547,56288500.0
2025-05-28,199.79736291846774,201.9289060786693,199.11008702875665,199.62803649902344,45339700.0
2025-05-29,202.77554227533128,203.0046291598645,197.72556941325453,199.15988159179688,51396800.0
2025-05-30,198.5821728136608,201.1619498266407,196.00241099917397,200.05633544921875,70819900.0
2025-06-02,199.48856723355908,201.3312628058232,199.32919584599733,200.9029541015625,35423300.0
2025-06-03,200.55437033168948,202.96480586317466,200.16591202699755,202.46678161621094,46381600.0
2025-06-04,202.10819540070028,205.42503857555045,201.30139858491114,202.0185546875,43604000.0
2025-06-05,202.69585814733983,203.94091870107042,199.35908978394463,199.8372039794922,55126100.0
2025-06-06,202.19783403313102,204.8871617909174,201.2515910514923,203.11419677734375,46607700.0
2025-06-09,203.58233063284266,205.18596915505242,199.22960401477,200.65394592285156,72862600.0
2025-06-10,199.80734330812555,203.54252533508333,199.77746306778945,201.86915588378906,54672600.0
2025-06-11,202.6958722895077,203.69192080198684,197.62598900862739,197.99452209472656,60989900.0
2025-06-12,198.29333609984755,198.890956077424,196.58013147350607,198.41285705566406,43904600.0
2025-06-13,198.94075911963023,199.57822954037988,194.92668495173118,195.67372131347656,51447300.0
2025-06-16,196.52037110088898,197.90487790098294,195.78328974313985,197.6359405517578,43020700.0
2025-06-17,196.4207613301707,197.6060614779548,194.43863454049264,194.86692810058594,38856200.0
2025-06-18,195.16573699325735,196.7893008408277,194.2991796996429,195.80320739746094,45394700.0
2025-06-20,197.45666110928434,200.90298042554332,196.08210930882012,200.20574951171875,96813500.0
2025-06-23,200.83324176458547,201.50059236215068,198.1737943867686,200.70375061035156,55814300.0
2025-06-24,201.78945874554142,202.63610603642124,199.4089034764897,199.50851440429688,54064000.0
2025-06-25,200.65396860223956,202.8651975026319,199.82724651799433,200.76353454589844,39525700.0
2025-06-26,200.63404307360597,201.8392684520338,198.67184150130464,200.20574951171875,50799100.0
2025-06-27,201.09222774816857,202.41697405518968,199.20969672208463,200.28543090820312,73188600.0
2025-06-30,201.211736268348,206.57048164253425,198.4726031076903,204.3592529296875,91912800.0
2025-07-01,205.85334490237685,209.35943993298892,205.32544040497007,206.99880981445312,78788900.0
2025-07-02,208.08449026524102,212.49697770796604,207.31752868499885,211.6005401611328,67941800.0
2025-07-03,211.31165415399877,213.80177506176915,210.97300135818003,212.7061309814453,34955800.0
2025-07-07,211.83958469799765,215.37555986284275,207.97492690746134,209.12037658691406,50229000.0
2025-07-08,209.26980118177752,210.59453234535175,207.62631199643187,209.18014526367188,42848900.0
2025-07-09,208.70202548866368,210.49491569520316,206.40115605631001,210.3056640625,48749400.0
2025-07-10,209.67816220166208,212.63642743345136,209.2000631819418,211.57066345214844,44443600.0
2025-07-11,209.73794232575938,211.29177557167307,209.03074119537857,210.3256072998047,39765800.0
2025-07-14,209.10044482334126,210.07658325197187,206.71988962428105,207.79562377929688,38840100.0
2025-07-15,208.39325734338402,211.05270487364396,208.09443976951917,208.28369140625,42296300.0
2025-07-16,209.46900551017632,211.5606982702429,207.81556132948495,209.32955932617188,47490500.0
2025-07-17,209.7379236663323,210.96305897069354,208.761785269157,209.19009399414062,48068100.0
2025-07-18,210.0367321724359,210.95309492429405,208.87135730762196,210.3455047607422,48974600.0
2025-07-21,211.26189276464606,214.92734394651046,210.79374875413163,211.640380859375,51377400.0
2025-07-22,212.29776458434165,214.1006098348481,211.39135685335447,213.5527801513672,46404100.0
2025-07-23,214.15041924441525,214.29982043425818,211.57065737650467,213.30377197265625,46989300.0
2025-07-24,213.05477516619655,214.83771055173221,212.68624207244096,212.9153289794922,46022600.0
2025-07-25,213.85158759699283,214.38946224202752,212.55672164240056,213.0348358154297,40268800.0
2025-07-28,213.18425263148458,214.00101967144602,212.2180844005514,213.2041778564453,37858000.0
2025-07-29,213.33365491441555,213.96117031669576,209.9869466315705,210.43516540527344,51411700.0
2025-07-30,211.06266703997414,211.5507362671114,206.89919168476044,208.22393798828125,45512500.0
2025-07-31,207.66616446381488,209.01082086651627,206.34141808889078,206.7498016357422,80698400.0
2025-08-01,210.03671752861544,212.73601533219744,200.70374904924734,201.5802764892578,104434500.0
2025-08-04,203.70186769022786,207.0585613783641,200.88304868853191,202.5464630126953,75109300.0
2025-08-05,202.59624780213056,204.52858421879685,201.36115745633876,202.11814880371094,44155100.0
2025-08-06,204.81744899810374,214.52892145014,204.77759854868273,212.40733337402344,108483100.0
2025-08-07,218.01508808955717,219.97730473834642,215.7241736307253,219.16053771972656,90224800.0
2025-08-08,219.95737356583322,230.08718413442585,218.3836152444713,228.44371032714844,113854000.0
2025-08-11,227.27701087414155,228.91238364576833,224.12592192869855,226.53909301757812,61806100.0
2025-08-12,227.36674823663387,230.14888579943394,226.429412881848,229.0021209716797,55626200.0
2025-08-13,230.4181341091737,234.33703985510917,229.77992501054072,232.6717529296875,69878500.0
2025-08-14,233.39969406647393,234.4567012802976,230.19875827485632,232.12330627441406,51916300.0
2025-08-15,233.33985018068216,233.6190590405621,228.69299310222902,230.9366455078125,56038700.0
2025-08-18,231.04634466466607,232.46233685580373,229.46083388892833,230.23863220214844,37476200.0
2025-08-19,230.62753117126795,232.2130419457167,228.70298322789472,229.90956115722656,39402600.0
2025-08-20,229.33119207499826,229.81981519856654,225.13307755654054,225.3723907470703,42263900.0
2025-08-21,225.63166356522294,225.88095827873425,223.14868274098328,224.26551818847656,30621200.0
2025-08-22,225.53193619713707,228.44369658121065,224.77408575714253,227.11744689941406,42477800.0
2025-08-25,225.84106025439092,228.6531118971015,225.59176554347297,226.51914978027344,30983100.0
2025-08-26,226.22996704217394,228.84258604761433,224.05612439304167,228.6630859375,54575100.0
2025-08-27,227.96506627689797,230.24859923631865,227.6160475796746,229.8397674560547,31259500.0
2025-08-28,230.16884905542523,232.75153884501827,228.69301327644948,231.9039306640625,38074700.0
2025-08-29,231.85405874294378,232.7216147258446,230.71727541448905,231.485107421875,39418400.0
2025-09-02,228.6032698757151,230.19876225122124,226.32970313085187,229.0719451904297,44075600.0
2025-09-03,236.5408165177042,238.17618932549604,233.69885053091846,237.79725646972656,66427800.0
2025-09-04,237.7772812570227,239.22318747047024,236.07211403385233,239.10353088378906,47549400.0
2025-09-05,239.3229322237051,240.63921565449175,237.8171975861315,239.01380920410156,54870400.0
2025-09-08,238.62491556233425,239.47250850410185,235.6732593017711,237.20892333984375,48999500.0
2025-09-09,236.33140663047269,238.10638391026913,232.70167593051625,233.6888885498047,66313900.0
2025-09-10,231.53496736029473,231.76431424305812,225.31256565050364,226.1501922607422,83440800.0
2025-09-11,226.23995033725743,229.7998710451417,226.010588238333,229.3810577392578,50208600.0
2025-09-12,228.57335925244223,233.84842918261825,228.373926506362,233.40968322753906,55824200.0
2025-09-15,236.33139853346725,237.5180438551372,234.36695488957946,236.03224182128906,42699500.0
2025-09-16,236.51088466190768,240.53949594661788,235.65332541334,237.4781494140625,63421100.0
2025-09-17,238.2958480596019,239.42266510979977,237.05934071942244,238.3157958984375,46508000.0
2025-09-18,239.29302360434258,240.51954939992544,235.98238232851827,237.20892333984375,44249600.0
2025-09-19,240.5494606794321,245.60516498271895,239.53234916144805,244.8074188232422,163741300.0
2025-09-22,247.5995237986898,255.9160073848096,247.42002368458668,255.35755920410156,105517400.0
2025-09-23,255.15815615601056,256.6140289111009,252.86464151383097,253.7122344970703,60275200.0
2025-09-24,254.49998437943248,255.01852163586054,250.33176892231356,251.5981903076172,42303700.0
2025-09-25,252.49566170312627,256.4444966190252,250.99989343760635,256.14532470703125,55202100.0
2025-09-26,253.38315498635407,256.87328100426123,253.06405044687503,254.73931884765625,46076300.0
2025-09-29,253.8418726304012,254.28063380560434,252.29624220529692,253.7122344970703,40127700.0
2025-09-30,254.1410137555297,255.1980209495745,252.39595068950493,253.9116668701172,37704300.0
2025-10-01,254.32049261064776,258.0599285933123,254.21080232618834,254.72933959960938,48713900.0
2025-10-02,255.85613542550084,257.45162766856953,253.43299812845933,256.40460205078125,42630200.0
2025-10-03,253.9515436206674,258.5086431914624,253.23357360959045,257.2920837402344,49155600.0
2025-10-06,257.2621558739689,258.33912604890287,254.3304629034206,255.96583557128906,44664100.0
2025-10-07,256.0855101139428,256.6738420114173,254.70939836699205,255.75645446777344,31955800.0
2025-10-08,255.79633660873378,257.7906945345413,255.38748958216482,257.3320007324219,36496900.0
2025-10-09,257.08267167133846,257.27213808351553,252.42584836214985,253.32330322265625,38322000.0
2025-10-10,254.22079760361632,255.65673769030235,243.31165772832736,244.5780792236328,61999100.0
2025-10-13,248.67648318296307,248.98560621270488,244.86725241658198,246.96133422851562,38142900.0
2025-10-14,245.90431694508948,248.14796941642882,244.00966795095763,247.07101440429688,35478000.0
2025-10-15,248.78616738422895,251.10959602979932,246.77186176083558,248.63658142089844,33893600.0
2025-10-16,247.54965348458146,248.33741809379524,244.43846029169785,246.7519073486328,39777000.0
2025-10-17,247.3203043073955,252.66518358811555,246.57242016484557,251.5782470703125,49147000.0
2025-10-20,255.168106265739,263.63416054313814,254.90884523128253,261.50018310546875,90483000.0
2025-10-21,261.141213133835,264.5415968076956,261.0913359303388,262.0286865234375,46695900.0
2025-10-22,261.9090191460537,262.1084670888602,254.70938662410154,257.72088623046875,45015300.0
2025-10-23,259.2066564378435,259.8847307097371,257.2821086816683,258.84765625,32754900.0
2025-10-24,260.4531458541269,263.3848541030092,258.44880663072195,262.07855224609375,38253700.0
2025-10-27,264.13273028939324,268.3607587413759,263.9033682058253,268.0516357421875,44888200.0
2025-10-28,268.23110734142335,269.12859257872884,267.39348082722177,268.2410888671875,41534800.0
2025-10-29,268.5203194424725,270.6443152614699,266.35642794866993,268.93914794921875,51086700.0
2025-10-30,271.2226702585742,273.36662916750566,267.72259312931254,270.63433837890625,69886500.0
2025-10-31,276.2085578376442,276.53764389728985,268.4006608909581,269.60723876953125,86167100.0
2025-11-03,269.6571458353552,270.08592548154905,265.4988962118729,268.2909851074219,50194600.0
2025-11-04,267.5730004152706,270.72408938596277,266.86501191822913,269.2781982421875,49274800.0
2025-11-05,267.8521863717013,270.93349568379296,266.17693326929896,269.3778991699219,43683100.0
2025-11-06,267.1342708755924,272.6287059365568,267.1342708755924,269.0089416503906,51204000.0
2025-11-07,269.03885049148494,271.5218466038475,266.0173996929098,267.7126159667969,48227400.0
2025-11-10,268.46119877683986,273.2223721938244,266.9639805623884,268.9303283691406,41312400.0
2025-11-11,269.3096487524697,275.3983427074405,269.2996575494418,274.73956298828125,46208300.0
2025-11-12,274.49005224267427,275.2187095291286,271.19618380015726,272.962890625,48398000.0
2025-11-13,273.6016390736082,276.1868626363035,271.58539619817094,272.4438171386719,49602800.0
2025-11-14,270.5473523374902,275.4482508823214,269.10005949599775,271.90484619140625,47431300.0
2025-11-17,268.3214829895084,269.98836893107386,265.237217022597,266.9639892578125,45018300.0
2025-11-18,269.48928956232544,270.20795552947055,264.8279672087311,266.94403076171875,45677300.0
2025-11-19,265.0376012369211,271.70520656667077,265.0076580872151,268.0619812011719,40424500.0
2025-11-20,270.327749378444,274.91922505965954,265.42688147061517,265.7562561035156,45823600.0
2025-11-21,265.4568071090486,272.8230952896135,265.17732758833057,270.98651123046875,59030800.0
2025-11-24,270.397645153795,276.48633959077114,270.397645153795,275.4083557128906,65585800.0
2025-11-25,274.75950033189645,279.8600396675645,274.7395483878858,276.45635986328125,46914200.0
2025-11-26,276.4464065684995,279.0116481613461,276.11703191175064,277.0353088378906,33431400.0
2025-11-28,276.7458380127342,278.4826014787427,275.4781737009374,278.3328857421875,20135600.0
2025-12-01,277.4944549964911,282.89442609469603,275.62792768573877,282.57501220703125,46587700.0
2025-12-02,282.47518456741903,286.86701880065203,282.10587559562896,285.6592712402344,53669500.0
2025-12-03,285.6692634925469,288.0847586222564,282.77461708045536,283.623046875,43538700.0
2025-12-04,283.5731318378766,284.20196835267484,278.07334059490756,280.179443359375,43989100.0
2025-12-05,280.01974631085085,280.6186397013617,277.53434330937836,278.26300048828125,47265800.0
2025-12-08,277.6142094762677,279.15136205700173,275.6378704438954,277.3746643066406,38211800.0
2025-12-09,277.6441787437343,279.5107061083118,276.4064879695729,276.6659851074219,32193300.0
2025-12-10,277.23491184461454,279.2312028389952,275.92734368017386,278.26300048828125,33038300.0
2025-12-11,278.5824273392719,279.07150890817053,273.3022288840155,277.514404296875,33248000.0
2025-12-12,277.38461586894516,278.70217518025987,276.30663218031253,277.763916015625,39532900.0
2025-12-15,279.63046152672615,279.63046152672615,272.33402020742307,273.6016540527344,50409100.0
2025-12-16,272.3140798989353,274.9891026980292,271.2859911871425,274.1007385253906,37648600.0
2025-12-17,274.50001118897205,275.6478724530811,271.13626563598973,271.33587646484375,50138700.0
2025-12-18,273.1025913325419,273.12257373871984,266.4549687260805,271.68524169921875,51630700.0
2025-12-19,271.6453053723066,274.09077415448866,269.399477884542,273.1625061035156,144632000.0
2025-12-22,272.3539780142796,273.37210596231955,270.00836035897595,270.4674987792969,36571800.0
2025-12-23,270.3377490962612,271.99467443806464,269.06012395403746,271.85491943359375,29642000.0
2025-12-24,271.8349404799371,274.9192064044749,271.69521595033444,273.3022155761719,17910600.0
2025-12-26,273.65160578690546,274.8593534534055,272.35399820928086,272.89300537109375,21521800.0
2025-12-29,272.1843267483383,273.8512128461511,271.8449608988494,273.2523498535156,23715200.0
2025-12-30,272.30405905646904,273.57169281796894,271.77504318392386,272.57354736328125,22139600.0
2025-12-31,272.553621806917,273.17246717497864,271.24605357156486,271.3558349609375,27293600.0
2026-01-02,271.7551282774649,277.32476727085935,268.5011639041959,270.5074462890625,37838100.0
2026-01-05,270.1381413175191,271.00652312062255,265.64648609237463,266.764404296875,45647200.0
2026-01-06,266.5048844877732,267.05385240251036,261.63392891626114,261.87347412109375,52352100.0
2026-01-07,262.7119324450406,263.1910228349833,259.3282042611396,259.84722900390625,48309800.0
2026-01-08,256.5433578451618,258.80916773471864,255.22581364132833,258.55963134765625,50419300.0
2026-01-09,258.5995368285105,259.7274461787287,255.74485516422806,258.8890075683594,39997000.0
2026-01-12,258.679389570116,260.81540508500296,256.32375036738995,259.7673645019531,45263800.0
2026-01-13,258.24022168851656,261.3244878277737,257.9108470550362,260.5658874511719,45730800.0
2026-01-14,259.0087756526009,261.33447181199796,256.23393227813756,259.4779052734375,40019400.0
2026-01-15,260.16664839115424,260.55593980217856,256.57331808587395,257.7311706542969,39388600.0
2026-01-16,257.4217218192236,258.41986733264514,254.4572284259222,255.05612182617188,72142800.0
2026-01-20,252.26132447540706,254.31750190322293,242.9685916985444,246.2425079345703,80267500.0
2026-01-21,248.23880604127606,251.09350304772093,244.72532928784554,247.1907501220703,54641700.0
2026-01-22,248.737864640942,250.53452965267718,247.68980878155546,247.8894500732422,39708300.0
2026-01-23,246.86136630134166,248.94748685874615,244.22624741136653,247.58001708984375,41689000.0
2026-01-26,251.01365072947274,256.08423219515316,249.33677343540953,254.93637084960938,55969200.0
2026-01-27,258.6894015269614,261.4642450011371,257.73115984508394,257.7910461425781,49648300.0
2026-01-28,257.1721946066941,258.3799421919039,254.03801819206552,255.96444702148438,41288000.0
2026-01-29,257.52154586161765,259.16847988830324,253.93820707645818,257.801025390625,67253000.0
2026-01-30,254.6968198516284,261.4143357105436,251.71235892004358,258.99884033203125,92443400.0
2026-02-02,259.5477742456141,269.98836769074944,258.72928762151224,269.50927734375,73913400.0
2026-02-03,268.70080609664296,271.3758289780004,267.11372779647115,268.98028564453125,64394700.0
2026-02-04,271.7850411492978,278.432693698261,271.7850411492978,275.97723388671875,90545700.0
2026-02-05,277.6142303156022,278.98168486317746,272.72332314901723,275.3983459472656,52977400.0
2026-02-06,276.6060720438839,280.3890519626743,276.4164219647768,277.6042175292969,50453400.0
2026-02-09,277.6541982366954,277.9439398399519,271.4499228389202,274.3672180175781,44623400.0
2026-02-10,274.6369782150198,275.11651686144285,272.68876099546605,273.4280700683594,34376900.0
2026-02-11,274.44714753122867,279.92208361183503,274.1973776592452,275.24639892578125,51931300.0
2026-02-12,275.3363333447182,275.46621856633783,259.94051360693726,261.4891052246094,81077200.0
2026-02-13,261.7688319830923,261.9886306947134,255.21485759663088,255.5445556640625,56290700.0
2026-02-17,257.8124646511843,266.0449008431299,255.30478047881587,263.6371154785156,58469100.0
2026-02-18,263.35737977838915,266.57441720150126,262.20844437502524,264.106689453125,34203300.0
2026-02-19,262.35827847824623,264.2365527856389,259.81060750150084,260.3401184082031,30845300.0
2026-02-20,258.73163460792017,264.5063132392292,257.9223826043077,264.3364562988281,42070500.0
2026-02-23,263.24744081710827,269.1819753311392,263.13755670993424,265.9349670410156,37308200.0
2026-02-24,267.61343657617186,274.6369951599546,267.46358073991865,271.8895263671875,47014600.0
2026-02-25,271.5298429675081,274.6869380517792,270.8005039088116,273.97760009765625,33714300.0
2026-02-26,274.6969199809464,275.8558253670768,270.55071567552415,272.6987609863281,32345100.0
2026-02-27,272.5588900215503,272.5588900215503,262.6480379442022,263.93682861328125,72366500.0
2026-03-02,262.16844722421786,266.2846497598317,259.960490133898,264.476318359375,41827900.0
2026-03-03,263.23749216234586,265.31556422164516,259.8905695547566,263.5072326660156,38568900.0
2026-03-04,264.4063951364299,265.9050144519466,261.179387723623,262.2783508300781,39803100.0
2026-03-05,260.54995479568396,261.3192350446657,257.01320478174756,260.0504150390625,49658600.0
2026-03-06,258.39192833924307,258.53178361058343,254.13584003818684,257.2229919433594,41120000.0
2026-03-09,255.45463216869055,260.9095975388004,253.44647267699952,259.6407775878906,38218500.0
2026-03-10,257.4128391437035,262.2384104290217,256.71350175461305,260.58990478515625,30590800.0
2026-03-11,260.8496568052655,261.888707997661,259.3110658747261,260.5699157714844,26218900.0
2026-03-12,258.4219063383753,258.71164792954545,253.94601921584928,255.52456665039062,40794000.0
2026-03-13,255.24483747003174,256.0940459350445,249.29033192864068,249.8897705078125,36930000.0
2026-03-16,251.87794235419486,253.6563027081548,249.6499992581203,252.58729553222656,32074200.0
2026-03-17,252.72716690012706,254.89516767044782,251.94787083452104,253.99598693847656,32361600.0
2026-03-18,252.3974721128864,254.70534343896443,248.7708084606242,249.70994567871094,35757900.0
2026-03-19,249.17043241392184,251.5982036354298,247.0723745163624,248.73085021972656,34864100.0
2026-03-20,247.7517334570195,248.97061168291066,245.77356028907465,247.76173400878906,88331100.0
2026-03-23,253.73622734962268,254.3656523266213,250.0496214753341,251.25851440429688,40546100.0
2026-03-24,250.1195650925759,254.5954370944537,249.32029842391177,251.4083709716797,45152300.0
2026-03-25,253.86611511385965,254.76528059453105,251.3684162845015,252.38746643066406,28476700.0
2026-03-26,251.88793104116345,256.76344411909713,250.53918279672283,252.6572265625,41796700.0
2026-03-27,253.666280215245,255.2548282141602,247.8416601166152,248.57098388671875,47900000.0
2026-03-30,249.83982057534305,250.63907198816298,245.28400520065438,246.40298461914062,39446200.0
2026-03-31,247.6818040942864,255.24482803058763,246.87255213324852,253.55638122558594,49598100.0
2026-04-01,253.8461228128272,255.94418062939917,253.096813183035,255.3946990966797,40059400.0
2026-04-02,253.96601496217014,255.89424639361263,250.4192795609811,255.68443298339844,31289400.0
2026-04-06,256.27389167390277,261.9186847371787,256.2239194053331,258.6217041015625,29329900.0
2026-04-07,255.92421782448065,255.96418954301222,245.47383916108728,253.26666259765625,62148000.0
2026-04-08,258.2121146377317,259.51090582044134,256.29386854025813,258.66168212890625,41032800.0
2026-04-09,258.7615948993736,260.879638597066,255.8342992320816,260.2502136230469,28121600.0
2026-04-10,259.7406946341393,261.94865175168746,258.78155637925676,260.240234375,31291500.0
2026-04-13,259.49093671136296,259.9405042051452,256.4237552437805,258.96142578125,36234700.0
2026-04-14,259.01136264890187,261.68888841493145,256.9532612999924,258.59173583984375,48370700.0
2026-04-15,257.92237663273806,266.3146386359468,257.57269269729437,266.18475341796875,49913500.0
2026-04-16,266.55439590858066,266.91408037974617,261.0294875448873,263.15753173828125,43323100.0
2026-04-17,266.7142527536172,272.0493335842862,266.47448343207725,269.98126220703125,61436200.0
2026-04-20,270.08114756253855,274.0275237795767,270.04120633500696,272.79864501953125,36590200.0
2026-04-21,271.250098918132,272.5488901425708,265.1557075406741,265.9250183105469,50209800.0
2026-04-22,267.5734973129919,273.48803128351057,266.62435952726383,272.9185791015625,43249200.0
2026-04-23,274.79681820267325,275.5161566987003,271.39995382845746,273.1783142089844,33399600.0
2026-04-24,272.50893317942314,272.80864483253174,269.4017800912603,270.81048583984375,38157100.0
2026-04-27,265.84505761361925,268.1129570778125,264.8260075108844,267.3636474609375,41466800.0
2026-04-28,272.0893199684016,272.97851539952296,268.4127145556596,270.4608154296875,40018900.0
2026-04-29,267.3037117460274,270.7905199823619,266.7942019267937,269.92132568359375,30047900.0
2026-04-30,270.25102650288807,275.7459641951834,267.893213328058,271.1002502441406,91848200.0
2026-05-01,278.6032901046287,286.95561044034525,278.1137509144006,279.88214111328125,79915400.0
2026-05-04,279.4025768563376,280.3716851917065,274.60697695873915,276.5751647949219,46668400.0
2026-05-05,276.6750995896243,284.30808218316156,276.2455026895375,283.9184265136719,49311700.0
2026-05-06,281.66051049385584,287.76487170009636,280.8112868075762,287.245361328125,58336100.0
2026-05-07,289.00371711581823,291.8611003514943,285.5169394038565,287.1754150390625,45224300.0
2026-05-08,289.7430674686918,294.4886952888782,289.7330669166447,293.0500183105469,52692800.0
2026-05-11,291.9800109863281,293.8800048828125,290.2300109863281,292.67999267578125,42247300.0
2026-05-12,292.55999755859375,295.2699890136719,292.55999755859375,294.79998779296875,45748100.0
2026-05-13,293.5,300.9200134277344,293.5,298.8699951171875,52684300.0
2026-05-14,299.82000732421875,300.45001220703125,295.3800048828125,298.2099914550781,35324900.0
2026-05-15,297.8999938964844,303.20001220703125,296.5199890136719,300.2300109863281,54862800.0
2026-05-18,300.239990234375,300.6600036621094,294.9100036621094,297.8399963378906,34483000.0
2026-05-19,296.9700012207031,300.510009765625,296.3500061035156,298.9700012207031,42243600.0
2026-05-20,298.17999267578125,302.79998779296875,298.0799865722656,302.25,38229800.0
2026-05-21,301.05999755859375,305.5400085449219,300.3999938964844,304.989990234375,42965100.0
2026-05-22,306.1199951171875,311.3999938964844,305.8399963378906,308.82000732421875,43670200.0
2026-05-26,309.55999755859375,311.82000732421875,307.6700134277344,308.3299865722656,48000500.0
2026-05-27,308.3299865722656,313.260009765625,308.29998779296875,310.8500061035156,50430900.0
2026-05-28,310.67999267578125,312.79998779296875,309.57000732421875,312.510009765625,48220400.0
2026-05-29,311.7799987792969,315.0,309.5299987792969,312.05999755859375,70026800.0
2026-06-01,309.6300048828125,310.94000244140625,305.0199890136719,306.30999755859375,48849900.0
2026-06-02,307.4599914550781,315.45001220703125,306.69000244140625,315.20001220703125,44534700.0
2026-06-03,314.17999267578125,316.94000244140625,308.8500061035156,310.260009765625,50836700.0
2026-06-04,313.2300109863281,313.5400085449219,309.6499938964844,311.2300109863281,44869100.0
2026-06-05,312.8599853515625,315.1700134277344,307.1499938964844,307.3399963378906,65310500.0
2026-06-08,308.739990234375,317.3999938964844,301.1700134277344,301.5400085449219,77949100.0
2026-06-09,300.2799987792969,300.75,287.7799987792969,290.54998779296875,70108800.0
2026-06-10,290.739990234375,294.75,287.3800048828125,291.5799865722656,52793300.0
2026-06-11,293.7200012207031,297.0,289.5899963378906,295.6300048828125,42572500.0
2026-06-12,296.0299987792969,297.1400146484375,289.6199951171875,291.1300048828125,38742100.0
