Date,Open,High,Low,Close,Volume
2018-06-13,6.493385239607516,6.568297380275118,6.4783036887804855,6.487451553344727,338208000.0
2018-06-14,6.532449575844525,6.655572522514355,6.517615122268855,6.5989556312561035,430016000.0
2018-06-15,6.541844213493508,6.613047988906187,6.510939808543376,6.558161735534668,432260000.0
2018-06-18,6.5141537228346875,6.571512382860502,6.486958168246381,6.553958892822266,356268000.0
2018-06-19,6.4508615239808345,6.518109821084411,6.304993169028046,6.432319164276123,594932000.0
2018-06-20,6.473361638616656,6.538137068572519,6.435039999489939,6.485229015350342,369780000.0
2018-06-21,6.5171203519928484,6.535415610588816,6.349000332053163,6.356664657592773,359516000.0
2018-06-22,6.377432969323854,6.390783883407651,6.189039933407088,6.2043681144714355,434160000.0
2018-06-25,6.098058747082678,6.101767125588716,5.823380320618895,5.911890506744385,665816000.0
2018-06-26,6.02512384662331,6.073334649697153,5.931421277708338,5.982846260070801,478884000.0
2018-06-27,6.026359139611977,6.092618098974124,5.822389872414972,5.827829360961914,453892000.0
2018-06-28,5.817939830519477,5.966775746026835,5.810275503778183,5.95490837097168,338012000.0
2018-06-29,6.019932320220563,6.032540995603692,5.855767725120782,5.857004165649414,392300000.0
2018-07-02,5.787530159257591,5.99273540122519,5.7670095879044485,5.98902702331543,357572000.0
2018-07-03,6.023639820092612,6.029573507698457,5.8471136748373285,5.855519771575928,222732000.0
2018-07-05,5.910652695618231,6.00608541765982,5.871836865355554,6.00114107131958,306216000.0
2018-07-06,5.976663217169979,6.123273781470904,5.955400882185227,6.114867687225342,296352000.0
2018-07-09,6.189040085660409,6.198682150756022,6.083717724780583,6.1623382568359375,303880000.0
2018-07-10,6.174699951455548,6.283236013497181,6.134400582636994,6.261232376098633,360016000.0
2018-07-11,6.1685189048834905,6.203131684655478,6.1091820373261445,6.119813442230225,367508000.0
2018-07-12,6.165056356203789,6.259252611962953,6.155166723128034,6.211288928985596,345508000.0
2018-07-13,6.22983442026624,6.22983442026624,6.12203963713282,6.164069652557373,246988000.0
2018-07-16,6.136379718780518,6.189288243483045,6.124018143114712,6.136379718780518,197036000.0
2018-07-17,6.087179171672873,6.287192493015592,6.061713782436663,6.272110939025879,362136000.0
2018-07-18,6.264693310372985,6.278538422105761,6.171980104393504,6.222910404205322,277640000.0
2018-07-19,6.204121583157917,6.264694429372078,6.189040500139685,6.231070041656494,235752000.0
2018-07-20,6.228598117488264,6.2674139515510445,6.192007121605458,6.202885627746582,222352000.0
2018-07-23,6.176430833249131,6.178161472378731,6.014738681218389,6.166294097900391,301584000.0
2018-07-24,6.214256895024077,6.3007893105404325,6.131432856658911,6.14898681640625,354620000.0
2018-07-25,6.158383304050002,6.239723823051808,6.1005299654223775,6.227114677429199,319112000.0
2018-07-26,6.207087845992745,6.337380444989533,6.1902756543473405,6.30054235458374,325124000.0
2018-07-27,6.3371342789732275,6.344056836184781,6.176925650601559,6.230823040008545,295420000.0
2018-07-30,6.244916378672736,6.250850067126715,6.0008947967490665,6.035755157470703,340340000.0
2018-07-31,6.025369543202064,6.12846658338702,5.986553716003607,6.053801536560059,283988000.0
2018-08-01,6.085201800147668,6.140335158681855,6.029820870594712,6.093607425689697,283556000.0
2018-08-02,6.022403737369431,6.20016586196513,5.963561999832719,6.1962103843688965,269668000.0
2018-08-03,6.220685533246548,6.256534755260272,6.203873812770747,6.232800006866455,214288000.0
2018-08-06,6.22019135556885,6.283977902639579,6.173711199442598,6.280516624450684,207508000.0
2018-08-07,6.329222115783142,6.37125212463202,6.3025207594226975,6.3527092933654785,258132000.0
2018-08-08,6.353945411950338,6.434049476976423,6.319085060697001,6.389052391052246,262100000.0
2018-08-09,6.406855169719646,6.409574678675901,6.332931871124073,6.3405961990356445,204280000.0
2018-08-10,6.25875945093944,6.331693856492725,6.24763384766644,6.2993059158325195,256396000.0
2018-08-13,6.307959659290421,6.452839613844387,6.306229020221007,6.332188606262207,375208000.0
2018-08-14,6.43750992345539,6.477562186576666,6.354438789956748,6.463469505310059,466220000.0
2018-08-15,6.4842393065814905,6.518110795403107,6.326750653225636,6.40537166595459,591136000.0
2018-08-16,6.4750909943011195,6.477563403260773,6.304745648022211,6.364823818206787,801260000.0
2018-08-17,6.253567144663796,6.254308914377625,6.025863176630412,6.052812099456787,1143188000.0
2018-08-20,6.012267069902748,6.259996521428613,5.901999886921479,6.12747859954834,854388000.0
2018-08-21,6.143794418971897,6.267412011017353,6.124015623107172,6.2629618644714355,673988000.0
2018-08-22,6.230327431510983,6.502780453475233,6.2268661536883085,6.497835636138916,749856000.0
2018-08-23,6.459266851111327,6.662494314777757,6.445421739946275,6.597224235534668,720684000.0
2018-08-24,6.605631935332565,6.744825322111341,6.60118178731468,6.730238437652588,531512000.0
2018-08-27,6.759905786011847,6.895390782287352,6.728507181744651,6.821220397949219,505776000.0
2018-08-28,6.815286080173353,6.838031958112946,6.663730675070671,6.783639907836914,475384000.0
2018-08-29,6.775972895121321,6.914005776022429,6.755193863373623,6.889021396636963,420108000.0
2018-08-30,6.8578514316187205,6.968921097221528,6.835340816995856,6.872199058532715,346608000.0
2018-08-31,6.852161580332045,6.95605718709204,6.842266535963625,6.9431939125061035,306592000.0
2018-09-04,6.930083120296011,7.055499932969545,6.901635574694479,7.017899990081787,391720000.0
2018-09-05,7.0003375439705895,7.035711437732241,6.806398978892806,6.887289047241211,393156000.0
2018-09-06,6.870962477559457,6.873436239069993,6.713387691094614,6.746287822723389,322796000.0
2018-09-07,6.654265009196987,6.8504300666467355,6.609491018149843,6.725013256072998,295420000.0
2018-09-10,6.747525608084543,6.825694686641503,6.703741015834612,6.7960100173950195,220140000.0
2018-09-11,6.7497500993448964,6.837319263553331,6.728971071598156,6.748266220092773,243112000.0
2018-09-12,6.7084408696793165,6.727983257381165,6.4791283908914625,6.634477138519287,419092000.0
2018-09-13,6.700276708044495,6.8026879738979895,6.682960850511504,6.712150573730469,305536000.0
2018-09-14,6.802439735883755,6.904108811156967,6.765581499505459,6.8380608558654785,386936000.0
2018-09-17,6.812583141273332,6.8615624842390135,6.7569246897619335,6.776219367980957,205528000.0
2018-09-18,6.780177131055425,6.8828356280431455,6.697555486850269,6.7042341232299805,299520000.0
2018-09-19,6.685682284622454,6.74579332075343,6.63571352908889,6.727982521057129,224860000.0
2018-09-20,6.606028740721624,6.648328976373774,6.533054429241362,6.586981296539307,430584000.0
2018-09-21,6.598855352257606,6.64437152628743,6.4838280364211505,6.516975402832031,435128000.0
2018-09-24,6.486054919857725,6.576097869171685,6.398980673480155,6.572634696960449,293912000.0
2018-09-25,6.63868143865924,6.664655225404641,6.5530910878733595,6.6396708488464355,280388000.0
2018-09-26,6.644618053395329,6.684939465478431,6.586980784311211,6.60281229019165,268548000.0
2018-09-27,6.6379402369663145,6.65921421048837,6.583271659484446,6.614687442779541,214428000.0
2018-09-28,6.746536464489695,6.973869658510778,6.718583380184811,6.951606273651123,709396000.0
2018-10-01,7.029279962617605,7.224702405153943,6.99069013205169,7.157912731170654,622060000.0
2018-10-02,7.130454029817686,7.242017693488077,7.064406064856786,7.086669445037842,383964000.0
2018-10-03,7.156921256055768,7.164342538989474,6.988956990504696,7.092852592468262,320552000.0
2018-10-04,7.056737575588032,7.08097977620803,6.831877717918174,6.908810138702393,391220000.0
2018-10-05,6.88407290090465,6.946162752757861,6.618149457920154,6.675539493560791,426636000.0
2018-10-08,6.592422694508517,6.707697231251956,6.43361080939942,6.57436466217041,408612000.0
2018-10-09,6.553831523192497,6.648327012392944,6.500894553571158,6.568674087524414,273500000.0
2018-10-10,6.462800430668301,6.508564304974288,6.075418298363033,6.0776448249816895,684940000.0
2018-10-11,5.990570441807956,6.123903487582544,5.794900781144436,5.816421985626221,725436000.0
2018-10-12,6.073191641353088,6.1728818955498195,5.928232458306137,6.098670482635498,608236000.0
2018-10-15,6.0853145876937855,6.0853145876937855,5.821617630090751,5.822607040405273,449760000.0
2018-10-16,5.9351590180081795,6.092239305179087,5.885932447295425,6.0811076164245605,408712000.0
2018-10-17,6.143196710226425,6.181292059347911,5.963605832950217,6.012585163116455,329668000.0
2018-10-18,6.081851165619273,6.120193290794971,5.864907039094482,5.925265312194824,524020000.0
2018-10-19,5.980429307895091,5.9999712224305055,5.632626353675516,5.668989658355713,613608000.0
2018-10-22,5.721183256831157,5.8211207425069444,5.61704042485852,5.719698905944824,368844000.0
2018-10-23,5.452787124542647,5.545798757805471,5.360765373271096,5.468371868133545,626436000.0
2018-10-24,5.430028780507337,5.476534356991268,4.918961436491268,4.932814121246338,884288000.0
2018-10-25,4.835351186645003,5.188596121781388,4.791071657561693,5.141348361968994,951720000.0
2018-10-26,4.905601967171436,5.067134798939436,4.777216959611466,4.905107498168945,664784000.0
2018-10-29,5.046110572330848,5.049573744027559,4.353967871259537,4.591691017150879,758016000.0
2018-10-30,4.614696215400488,5.031515318709477,4.591690660137457,5.021620273590088,807192000.0
2018-10-31,5.186122279178459,5.258849356854251,5.046605057013986,5.2153120040893555,745772000.0
2018-11-01,5.251675099303029,5.40479776763911,5.125268865163143,5.395397663116455,566528000.0
2018-11-02,5.385997012579226,5.491624206588815,5.199974233183098,5.31648588180542,452960000.0
2018-11-05,5.3033763051890865,5.326629571616042,5.078021938042721,5.238565444946289,379332000.0
2018-11-06,5.230648486695261,5.314754480788869,5.183895201789508,5.221001148223877,299012000.0
2018-11-07,5.2875428470945876,5.378080230359152,5.223968655265801,5.288532257080078,483812000.0
2018-11-08,5.229410942305845,5.230153117792413,5.042151527072607,5.095583915710449,511352000.0
2018-11-09,5.006779295123947,5.177959556225846,4.973136983488978,5.087669372558594,413240000.0
2018-11-12,4.996387874034105,5.018404015671048,4.666890284037056,4.688659191131592,617116000.0
2018-11-13,4.786371444308816,5.051552240335643,4.780186805114317,4.930340766906738,644712000.0
2018-11-14,5.103251540849771,5.117599164823573,4.770044027789219,4.877897262573242,526580000.0
2018-11-15,4.871960150225753,5.078514687955519,4.836091327532918,5.006529808044434,840708000.0
2018-11-16,4.04005532435077,4.221625092561433,3.9977546126045596,4.067513465881348,1963520000.0
2018-11-19,4.002207400149291,4.002949103971042,3.577719498242671,3.579451084136963,1697820000.0
2018-11-20,3.316248565605062,3.8159367939608377,3.297695827476737,3.6877989768981934,1692032000.0
2018-11-21,3.824842525477642,3.8416636793208245,3.5524876549787154,3.579698324203491,1025496000.0
2018-11-23,3.5450660979424735,3.7004145730867912,3.532202822863743,3.58687162399292,411968000.0
2018-11-26,3.707835723938029,3.7963942952430196,3.625461319468034,3.7860047817230225,814832000.0
2018-11-27,3.760030521513061,3.883963208046904,3.7241619315247965,3.802825689315796,738060000.0
2018-11-28,3.9203273328214707,3.9648540955246956,3.7879841613545278,3.9596593379974365,804524000.0
2018-11-29,3.9618872084978345,3.9990298066187497,3.8663067589381757,3.8965160846710205,549172000.0
2018-11-30,3.9061734352238338,4.05746803205743,3.855906969630096,4.046820640563965,729564000.0
2018-12-03,4.273885794443076,4.3253903724284495,4.143638513343284,4.210495471954346,890804000.0
2018-12-04,4.165924565853092,4.170877038586875,3.8752211229519062,3.8903260231018066,812112000.0
2018-12-06,3.7499265231281838,3.9244971717933717,3.73432665914404,3.9195449352264404,692308000.0
2018-12-07,3.9237544176548105,3.9339068454543518,3.6058130711508896,3.6550889015197754,681676000.0
2018-12-10,3.610270140791863,3.78508851645278,3.6065557860673674,3.760326623916626,629472000.0
2018-12-11,3.8519450829701536,3.8601164740954412,3.590460566960948,3.6694507598876953,671912000.0
2018-12-12,3.6751457622945525,3.7831071606823317,3.5860033817538723,3.6870315074920654,654136000.0
2018-12-13,3.7338323010654992,3.797965325831158,3.650880253578719,3.6867847442626953,471384000.0
2018-12-14,3.6451844460507377,3.7288794023038903,3.6028418859003852,3.6263656616210938,471820000.0
2018-12-17,3.5964034794123507,3.6684601640487577,3.4973561485793327,3.5552988052368164,662868000.0
2018-12-18,3.5991269530294487,3.7224407310238683,3.5718890628796562,3.638498306274414,564372000.0
2018-12-19,3.6048227511923643,3.658308377154698,3.378252290415726,3.4297568798065186,745364000.0
2018-12-20,3.4213380375423146,3.5112233516860103,3.2856432890227416,3.3453192710876465,749588000.0
2018-12-21,3.37181451652954,3.4047478060595746,3.1809010440380523,3.2083866596221924,863740000.0
2018-12-24,3.132120004078285,3.2185386771140743,3.0828439351668155,3.1467294692993164,463840000.0
2018-12-26,3.1927860386286473,3.2967856023218456,3.081853202175488,3.295795202255249,695100000.0
2018-12-27,3.2435478766439565,3.277966760350411,3.0996817507019645,3.248004913330078,637044000.0
2018-12-28,3.2685574277578042,3.4020236512278625,3.226710068592887,3.3094143867492676,628728000.0
2018-12-31,3.352747616905251,3.385185466316199,3.2749955349610382,3.3057003021240234,465140000.0
2019-01-02,3.2348818385272353,3.4290142278852103,3.220272371599905,3.3730525970458984,508752000.0
2019-01-03,3.3128815634904654,3.346805254503346,3.161834649660386,3.1692631244659424,705552000.0
2019-01-04,3.242309862485577,3.410442449788006,3.211605332463338,3.372309446334839,585620000.0
2019-01-07,3.4295095174791683,3.587737410041579,3.378252408279678,3.55084228515625,709160000.0
2019-01-08,3.632306810967078,3.634535564712027,3.3898888697295715,3.4624409675598145,786016000.0
2019-01-09,3.5136986726392108,3.577831915590519,3.463184728907773,3.5305368900299072,617260000.0
2019-01-10,3.5112228156861867,3.6048222344457934,3.45080392460482,3.5961556434631348,523156000.0
2019-01-11,3.5738699331062063,3.7080790587125985,3.5461368423942865,3.685298204421997,874764000.0
2019-01-14,3.633050831449988,3.7504217433238005,3.6095270582266896,3.7251646518707275,730168000.0
2019-01-15,3.7578501011768437,3.7972214553578696,3.6927266924338165,3.711050510406494,617012000.0
2019-01-16,3.738288140373494,3.77122118343258,3.6800980083972665,3.6855454444885254,470104000.0
2019-01-17,3.6526127323510096,3.7967263343986897,3.6253746048394815,3.75685977935791,493436000.0
2019-01-18,3.806631579552326,3.9118692776016326,3.7551269898108366,3.885869264602661,651336000.0
2019-01-22,3.85566005430992,3.8672980837653896,3.653603762135762,3.6838130950927734,661552000.0
2019-01-23,3.7390309616559088,3.827678134421902,3.6654884510056647,3.696688175201416,591020000.0
2019-01-24,3.7811268114937553,3.925983108591916,3.7764220564709214,3.908402442932129,708972000.0
2019-01-25,3.848974150204566,3.9836782623502893,3.746460406726317,3.965602159500122,1154572000.0
2019-01-28,3.3812240707918275,3.5072616022722207,3.2437962272716665,3.4173762798309326,2511528000.0
2019-01-29,3.371319346140535,3.419605021487195,3.2440436966893182,3.258653163909912,1153932000.0
2019-01-30,3.3346716185944336,3.4163855399650047,3.255186215779982,3.4020237922668457,974228000.0
2019-01-31,3.398804447009973,3.595165565429852,3.3770139904824843,3.5595085620880127,842852000.0
2019-02-01,3.578079650274053,3.63478418856549,3.530537139421069,3.5837748050689697,625048000.0
2019-02-04,3.59962191780994,3.7311070778713593,3.5775839835067473,3.6939644813537598,528592000.0
2019-02-05,3.7058512530325722,3.7496796546639466,3.67217528107682,3.7130322456359863,542424000.0
2019-02-06,3.7462128231283276,3.8529363617477665,3.740765385567621,3.78855562210083,702464000.0
2019-02-07,3.7422507749665708,3.744479293492757,3.6075466655780306,3.6503844261169434,637120000.0
2019-02-08,3.5832798133270645,3.679603194977889,3.5689180664556606,3.6689558029174805,461604000.0
2019-02-11,3.624879825182458,3.6791081322542047,3.578079991863121,3.6263656616210938,495180000.0
2019-02-12,3.664745608215041,3.758840455010406,3.6503836277041213,3.7432403564453125,591060000.0
2019-02-13,3.7727078257234665,3.858631301098717,3.759088760291424,3.785583972930908,605372000.0
2019-02-14,3.7845932163287506,3.8546691011459306,3.7415075055631863,3.8264405727386475,827264000.0
2019-02-15,4.034935268337227,4.057715889737594,3.8732407469906733,3.896021604537964,1516748000.0
2019-02-19,3.8853734108841738,3.9591636461695914,3.866306911066765,3.878687620162964,551892000.0
2019-02-20,3.907906850947188,3.9930874019007936,3.8967642591234353,3.92598295211792,540988000.0
2019-02-21,3.938611744491741,3.9631256834479633,3.8425358444025264,3.857145309448242,448548000.0
2019-02-22,3.908897822960406,3.960649894447038,3.8952787573494283,3.94183087348938,401740000.0
2019-02-25,4.025278219081672,4.092630154426869,3.9207832069845323,3.929450035095215,656020000.0
2019-02-26,3.924745387991044,3.9807070143369634,3.856650296415104,3.8900787830352783,488464000.0
2019-02-27,3.8757166877971616,3.90221166213233,3.791278819599665,3.848231077194214,500256000.0
2019-02-28,3.8420340712614696,3.8643426940138186,3.8013829817409506,3.8236913681030273,324944000.0
2019-03-01,3.8735138360064068,3.9201139220134413,3.815263728497613,3.8779757022857666,357188000.0
2019-03-04,3.9163958269743024,3.939200158721884,3.8296401297034093,3.886155366897583,409992000.0
2019-03-05,3.870539680751214,3.917883454737757,3.816255487925633,3.879711151123047,362924000.0
2019-03-06,3.870787047533414,3.8792145963499296,3.7661845981278033,3.768911123275757,403524000.0
2019-03-07,3.745364104479161,3.7550312863394715,3.653651045477072,3.6997554302215576,450104000.0
2019-03-08,3.610520242646083,3.7446197054725094,3.5892030423944234,3.7339611053466797,422416000.0
2019-03-11,3.757509503280867,4.017032460304873,3.710413468340198,3.9942283630371094,859728000.0
2019-03-12,4.021990761412275,4.074787593786374,3.9458936443828994,4.028435707092285,579576000.0
2019-03-13,4.065863269613638,4.208885994672627,4.058426904875303,4.1796369552612305,768900000.0
2019-03-14,4.188808980129908,4.200706976177281,4.0961042731064214,4.103788375854492,519384000.0
2019-03-15,4.146919015168309,4.251769474433468,4.143448805085043,4.20913553237915,661484000.0
2019-03-18,4.240613433612085,4.294402140783058,4.16079816141345,4.187816619873047,486992000.0
2019-03-19,4.282256971964195,4.399749093979504,4.265401871257319,4.355379581451416,854972000.0
2019-03-20,4.3843807498112275,4.437673521455852,4.2882058347189105,4.322908401489258,719148000.0
2019-03-21,4.34596165711653,4.585654840496225,4.34100407895674,4.559380054473877,824312000.0
2019-03-22,4.532115139077216,4.580698090035863,4.38586986640265,4.399750709533691,747644000.0
2019-03-25,4.359097603757411,4.423296473818147,4.241357755437834,4.307539939880371,525212000.0
2019-03-26,4.449076869281443,4.505096182838272,4.327866769172918,4.384134292602539,703508000.0
2019-03-27,4.409664902880499,4.456016791288849,4.305558129393823,4.374962329864502,474372000.0
2019-03-28,4.400988673936663,4.45923903008485,4.340507738765139,4.393552780151367,480264000.0
2019-03-29,4.460231072796453,4.475103808001466,4.409913023083517,4.450811862945557,456896000.0
2019-04-01,4.542524289975378,4.548473288345791,4.470889045273274,4.518232822418213,483824000.0
2019-04-02,4.542276137523133,4.580448440193339,4.499393994882644,4.536078929901123,440920000.0
2019-04-03,4.585654537511932,4.734378563014394,4.5806969596797,4.675384521484375,783504000.0
2019-04-04,4.660014617003079,4.70884574803014,4.603747594715975,4.666459560394287,457376000.0
2019-04-05,4.709591252026839,4.750490560887049,4.673154046983878,4.7331390380859375,481744000.0
2019-04-08,4.702648785543708,4.778993845190917,4.678605063041256,4.753958702087402,424192000.0
2019-04-09,4.720497462602522,4.731651775718686,4.649109953215193,4.691248416900635,439972000.0
2019-04-10,4.690504589184223,4.787422721742926,4.686042958630669,4.761643886566162,444772000.0
2019-04-11,4.764122784482669,4.795602881676551,4.698436537073652,4.747763156890869,374600000.0
2019-04-12,4.786429756772202,4.7903959119740405,4.70116143856652,4.709836959838867,471708000.0
2019-04-15,4.702155077037097,4.707112655182622,4.5385587804801535,4.578218460083008,440092000.0
2019-04-16,4.617381019632482,4.684058672633451,4.584661771984165,4.665220260620117,394964000.0
2019-04-17,4.700171357591933,4.7209926145799885,4.6201083293303,4.642416954040527,351004000.0
2019-04-18,4.649109843021277,4.683068255652355,4.590115806147697,4.61787748336792,380988000.0
2019-04-22,4.594330578143774,4.687283045421213,4.562850948214162,4.671667098999023,279936000.0
2019-04-23,4.684802471796713,4.757429596465563,4.675135528567097,4.726197242736816,346856000.0
2019-04-24,4.736608356517647,4.779242762354824,4.67587969287701,4.73859167098999,318204000.0
2019-04-25,4.698436015926182,4.720744639511506,4.55343043540214,4.632997512817383,499296000.0
2019-04-26,4.479316438242559,4.483778541684182,4.295642587770011,4.414373874664307,868988000.0
2019-04-29,4.42230432475227,4.472870559501432,4.350173154603981,4.445108890533447,391920000.0
2019-04-30,4.412886002523264,4.512035177805658,4.39379985128873,4.486504554748535,362920000.0
2019-05-01,4.538806198242796,4.580944659564607,4.473119481229608,4.473367691040039,354280000.0
2019-05-02,4.483035663531513,4.582432605052308,4.439905771422172,4.54079008102417,394684000.0
2019-05-03,4.549216779186023,4.559131460862227,4.474854539101852,4.536327362060547,336824000.0
2019-05-06,4.35017405728094,4.470144962124929,4.312993175372154,4.457999229431152,422176000.0
2019-05-07,4.409664416633841,4.409664416633841,4.242845671273384,4.290933132171631,555220000.0
2019-05-08,4.263419322060434,4.391073871553678,4.251521324991654,4.311010837554932,419168000.0
2019-05-09,4.2421027574147105,4.251769704200405,4.099823663531328,4.218554496765137,660248000.0
2019-05-10,4.187818534882726,4.253257055607763,4.0651210721329365,4.184596061706543,569500000.0
2019-05-13,4.052726536980217,4.075778844553139,3.911686638804407,3.9275505542755127,656912000.0
2019-05-14,3.967210571591715,4.05173571178523,3.9285425526597293,4.016537666320801,524880000.0
2019-05-15,3.9610134971586377,3.991997646177927,3.9017719611969133,3.9555604457855225,502320000.0
2019-05-16,3.9501069539339073,4.013314643034374,3.9077207575150528,3.9706802368164062,781088000.0
2019-05-17,3.9287902508678076,4.057932163280862,3.8405474063361402,3.8799591064453125,1022068000.0
2019-05-20,3.7813046795605305,3.8363325454504054,3.736687439889769,3.761474847793579,572064000.0
2019-05-21,3.8222041530704325,3.8593850325820225,3.78353590599983,3.8435211181640625,361848000.0
2019-05-22,3.804853278528092,3.8308798480781565,3.761723163231834,3.772629737854004,325868000.0
2019-05-23,3.7104134146446532,3.7104134146446532,3.5919301179758825,3.651667594909668,591844000.0
2019-05-24,3.670505585881271,3.705703623090062,3.5911862518594124,3.597878932952881,357584000.0
2019-05-28,3.615478059102354,3.6481973089986552,3.550783006705381,3.5527660846710205,428356000.0
2019-05-29,3.5051745191916663,3.5401245858320607,3.4439499092198114,3.478652238845825,559800000.0
2019-05-30,3.481878746174516,3.5176132426818305,3.413883923885589,3.4521000385284424,394300000.0
2019-05-31,3.403212716131436,3.470462996970709,3.3597853510032443,3.3615224361419678,389720000.0
2019-06-03,3.372689895169221,3.4114022858816906,3.290550370638399,3.3198328018188477,478644000.0
2019-06-04,3.383857055869999,3.5538441164202785,3.361771221820737,3.548632860183716,641836000.0
2019-06-05,3.622334183105295,3.627793694268325,3.469718256894883,3.505949020385742,511616000.0
2019-06-06,3.5101685439330685,3.592556323518667,3.507686925854797,3.567988872528076,408140000.0
2019-06-07,3.5739440019215474,3.644916467249988,3.5548358302361285,3.610671043395996,348856000.0
2019-06-10,3.6667542880905364,3.751871926796755,3.6667542880905364,3.6833808422088623,402780000.0
2019-06-11,3.7431865683985013,3.7809064020945917,3.7014965248313723,3.740953207015991,383872000.0
2019-06-12,3.6975261070813854,3.7037301521005195,3.612904968297418,3.628042459487915,358892000.0
2019-06-13,3.6501285669002215,3.6975263857824703,3.63250945637403,3.6791629791259766,308080000.0
2019-06-14,3.5861038057770656,3.6104229972255584,3.544661783074375,3.589329719543457,394428000.0
2019-06-17,3.587593258472236,3.6359838666660242,3.5647628917155174,3.599008560180664,276040000.0
2019-06-18,3.6603028234074393,3.8491495539651006,3.6493840353792044,3.7938108444213867,581920000.0
2019-06-19,3.829048729718864,3.8404637930278342,3.7737097883346435,3.7997663021087646,331644000.0
2019-06-20,3.890343687227134,3.9042403700145063,3.8096929917731086,3.8240859508514404,350168000.0
2019-06-21,3.809196547210423,3.858331447746775,3.759565133744916,3.766017198562622,434428000.0
2019-06-24,3.787359221550051,3.8178824642901206,3.74020942002957,3.7883517742156982,282948000.0
2019-06-25,3.7933136703620995,3.868256813318075,3.7563383750415587,3.759068012237549,311868000.0
2019-06-26,3.8863733833757985,4.013181328461342,3.873469252695081,3.952134609222412,584072000.0
2019-06-27,4.037746947876291,4.0697590054385415,4.001764208089538,4.0506510734558105,445440000.0
2019-06-28,4.094575522317128,4.103757460552952,4.028814309330252,4.075467586517334,397668000.0
2019-07-01,4.282429770761454,4.316675433416628,4.086138206588349,4.123610019683838,709756000.0
2019-07-02,4.10698245953639,4.1280759700225715,4.012683368306694,4.0258355140686035,400228000.0
2019-07-03,4.049164102336375,4.054871872238148,3.978936144492796,4.038741588592529,246636000.0
2019-07-05,3.980424529216406,3.98489125243947,3.91292574796479,3.976205825805664,396552000.0
2019-07-08,3.9166487489638033,3.935508670509237,3.871236267341662,3.9012629985809326,329788000.0
2019-07-09,3.859075804161712,3.9317856035650762,3.8464199307929863,3.9037439823150635,342860000.0
2019-07-10,3.9471715391660767,4.029311065055204,3.933274856114401,3.971987247467041,452076000.0
2019-07-11,4.044943986198475,4.1670369236067675,4.007720668204289,4.126339435577393,682560000.0
2019-07-12,4.154131988605161,4.230316168126767,4.154131988605161,4.159343242645264,506392000.0
2019-07-15,4.180437961065009,4.196567767290937,4.122617637138921,4.150907039642334,289840000.0
2019-07-16,4.1360190100675105,4.173242342434457,4.090606288986848,4.146193504333496,341444000.0
2019-07-17,4.1479286938305515,4.218405115242195,4.118646270379244,4.211456775665283,348204000.0
2019-07-18,4.221880117074637,4.285904251028314,4.165300363666134,4.22312068939209,442192000.0
2019-07-19,4.2613376014460185,4.267789430326389,4.1739863418265974,4.1799421310424805,344896000.0
2019-07-22,4.201282090787382,4.264313656871329,4.193837238735219,4.251409530639648,315940000.0
2019-07-23,4.290619497940688,4.361095460427464,4.274985257379087,4.359110355377197,428176000.0
2019-07-24,4.402289972302886,4.439265279701187,4.326354252228074,4.433557510375977,366236000.0
2019-07-25,4.392115629259536,4.4047717408104745,4.279204597934952,4.3025312423706055,392700000.0
2019-07-26,4.32957936095483,4.3911218696456285,4.32957936095483,4.344468593597412,274160000.0
2019-07-29,4.33727334318946,4.3543961781025615,4.2501705763030255,4.338265895843506,248160000.0
2019-07-30,4.291860444144905,4.366059076714903,4.277467247976056,4.3538994789123535,197772000.0
2019-07-31,4.32238423825193,4.323377264365224,4.144704508666914,4.186891078948975,359416000.0
2019-08-01,4.197312436118388,4.2876413418581345,4.040477778383073,4.092590808868408,421212000.0
2019-08-02,4.000028610229492,4.069264478587115,3.952631028904131,4.000028610229492,428348000.0
2019-08-05,3.8166411229256076,3.81788193191472,3.6950446819140272,3.741946220397949,589156000.0
2019-08-06,3.816640753892801,3.862053222534789,3.7330121767256927,3.780658006668091,361272000.0
2019-08-07,3.719860261890786,3.830786174869618,3.7024894088489604,3.8188745975494385,372560000.0
2019-08-08,3.8764461197161166,3.9285589049351604,3.8191220796411756,3.9273180961608887,309300000.0
2019-08-09,3.886372482917003,3.889846652936848,3.775694845156045,3.826070547103882,341816000.0
2019-08-12,3.7739583908097614,3.8260711864760557,3.7364868102909505,3.75832462310791,279200000.0
2019-08-13,3.7568349859916856,3.9183846043104595,3.717874582569377,3.8724756240844727,351956000.0
2019-08-14,3.784380838530552,3.795547882888534,3.6804035054272526,3.724078893661499,419880000.0
2019-08-15,3.74293895838976,3.7627914298790195,3.6575732836539174,3.6918187141418457,477200000.0
2019-08-16,3.954367735321479,4.0087136529243805,3.8930730035786243,3.9595789909362793,1007960000.0
2019-08-19,4.072738797076498,4.253892668551874,4.056608515191072,4.238010406494141,815112000.0
2019-08-20,4.23255052653228,4.233047039437114,4.144703241392675,4.165796756744385,463188000.0
2019-08-21,4.231805651765932,4.304267184161182,4.21021609857475,4.249176502227783,427244000.0
2019-08-22,4.258855277687403,4.301289854666067,4.216172207597368,4.255381107330322,303488000.0
2019-08-23,4.178949032844092,4.233295188189043,4.011195350690422,4.031047821044922,568056000.0
2019-08-26,4.109713614737591,4.133784788125039,4.067527056360016,4.105742931365967,318208000.0
2019-08-27,4.1439581072062435,4.146687744486093,3.9858829048499236,4.015165328979492,290968000.0
2019-08-28,3.9888355777669298,4.057394231895982,3.949587864929308,4.004733085632324,255612000.0
2019-08-29,4.096145560926398,4.180602209505402,4.092667950942162,4.14831018447876,357976000.0
2019-08-30,4.194512135644787,4.244192678295925,4.14284452290001,4.160977840423584,290616000.0
2019-09-03,4.088196553572964,4.121233846385008,4.055159260760922,4.078011989593506,296140000.0
2019-09-04,4.138622569852106,4.199481224530756,4.138622569852106,4.192028999328613,227728000.0
2019-09-05,4.294121111738001,4.470983126943168,4.292382307110529,4.464773178100586,695676000.0
2019-09-06,4.441423285392116,4.498307311494924,4.399691971411544,4.437697410583496,376976000.0
2019-09-09,4.468745763885449,4.57009387519708,4.467255225069188,4.483649730682373,417524000.0
2019-09-10,4.4508622737446295,4.5768019505612365,4.441174715633058,4.550223350524902,352812000.0
2019-09-11,4.564879748688695,4.626980194188536,4.5358165961629755,4.578790187835693,361512000.0
2019-09-12,4.625241335341929,4.679889556180352,4.5693508402862735,4.57729959487915,327840000.0
2019-09-13,4.510726602118263,4.547738497384656,4.475701776434779,4.519420623779297,324592000.0
2019-09-16,4.444403357461807,4.5109749272595625,4.433970531330053,4.476447105407715,231832000.0
2019-09-17,4.4831541821322025,4.502032765310931,4.436702993756735,4.497809886932373,223048000.0
2019-09-18,4.49085449887501,4.506503737913489,4.384289956200634,4.470733642578125,258152000.0
2019-09-19,4.476695827451891,4.495077881473768,4.38453871342928,4.3952202796936035,245476000.0
2019-09-20,4.394227953809017,4.4178259541330585,4.2794663492857685,4.2896504402160645,350244000.0
2019-09-23,4.289898524535677,4.388513864421871,4.286172175945748,4.3430562019348145,249712000.0
2019-09-24,4.374355525713312,4.403915208854003,4.250154634909767,4.285676002502441,317268000.0
2019-09-25,4.2851787543212065,4.44688854752959,4.240466360368865,4.42726469039917,308432000.0
2019-09-26,4.417576506449211,4.426270529177949,4.354233799381316,4.405156135559082,234564000.0
2019-09-27,4.363424677428959,4.414098746594768,4.205937791199742,4.266548156738281,362056000.0
2019-09-30,4.292383506119842,4.3341148288361575,4.261084540293746,4.323930263519287,186184000.0
2019-10-01,4.347030554081502,4.496071696407756,4.3174708751842825,4.322190284729004,366008000.0
2019-10-02,4.300330251156426,4.312253616011611,4.226058196740605,4.298343181610107,293372000.0
2019-10-03,4.302814328068124,4.509981252762404,4.272509385416176,4.5037713050842285,450588000.0
2019-10-04,4.506006746476185,4.54947732882906,4.440925716255937,4.520165920257568,265524000.0
2019-10-07,4.585000137627918,4.678399071208503,4.576306113161044,4.578790187835693,480984000.0
2019-10-08,4.487128752025181,4.487128752025181,4.384290543295214,4.402423858642578,444436000.0
2019-10-09,4.4791806772945035,4.538300515433616,4.450366264875093,4.488868236541748,292412000.0
2019-10-10,4.486631772251904,4.597418723099208,4.481415359062825,4.546496391296387,309124000.0
2019-10-11,4.630458465616609,4.703240016207202,4.6115798744227705,4.620025634765625,446404000.0
2019-10-14,4.611330178825796,4.65430376772576,4.5802799580793065,4.6334381103515625,200040000.0
2019-10-15,4.723607294423642,4.95039809137239,4.709696384956442,4.877864360809326,664124000.0
2019-10-16,4.843834501041377,4.9486602675172895,4.812784279880855,4.8242106437683105,428944000.0
2019-10-17,4.868674685329174,4.913635344117551,4.771797674871035,4.826198101043701,263436000.0
2019-10-18,4.826693335136558,4.859234086458171,4.65753183937539,4.731803894042969,307440000.0
2019-10-21,4.7931591612441276,4.8823356610131095,4.7742805786822595,4.868921756744385,261868000.0
2019-10-22,4.92580670192421,5.030880725953008,4.851286366161707,4.858986854553223,328720000.0
2019-10-23,4.777014158325373,4.860228515074197,4.745218670685841,4.846069812774658,279916000.0
2019-10-24,4.8873037697684545,4.923570399024333,4.853272949352469,4.890036582946777,232020000.0
2019-10-25,4.970519620279404,5.101675728362133,4.962819131070851,5.080810070037842,423092000.0
2019-10-28,5.124528046514247,5.18911256029062,5.095216631561461,5.13670015335083,330792000.0
2019-10-29,5.122788692384218,5.12924737996355,5.021192759747854,5.040567874908447,211236000.0
2019-10-30,5.067395601925326,5.073109020316152,4.9744932110349795,5.042555332183838,205960000.0
2019-10-31,5.021689363981352,5.0425550187031005,4.9136347421803634,4.993371486663818,209732000.0
2019-11-01,4.958097563572623,5.064662102099228,4.933009034279544,5.032370090484619,283640000.0
2019-11-04,5.1133483148687064,5.241275501231398,5.090247330262,5.228855133056641,376716000.0
2019-11-05,5.228606715939394,5.254688777665802,5.1588058123273495,5.206747531890869,300868000.0
2019-11-06,5.182655086783872,5.208240156857396,5.070128820646721,5.157566547393799,269012000.0
2019-11-07,5.244009282725252,5.258664989551244,5.1304895027004385,5.175201892852783,280340000.0
2019-11-08,5.15831147084381,5.1928393025780455,5.120802560053755,5.16129207611084,189100000.0
2019-11-11,5.160545888806701,5.194328444770476,5.074350457459104,5.17122745513916,243436000.0
2019-11-12,5.209479870673362,5.262638002582163,5.1744550493631944,5.206747531890869,283504000.0
2019-11-13,5.175451155287931,5.203023769608301,5.1145929810242095,5.1809163093566895,300188000.0
2019-11-14,5.189856654544302,5.213455119376441,5.129992037877597,5.211219310760498,518080000.0
2019-11-15,5.208983478352055,5.2606510774349315,4.9839315040429035,5.07211446762085,1053628000.0
2019-11-18,5.064663926606224,5.299651800518444,5.061683321264874,5.273073196411133,574588000.0
2019-11-19,5.242022545733795,5.2656205425735925,5.108382371167746,5.166508197784424,414564000.0
2019-11-20,5.14365510051986,5.329459404346898,5.130986463740042,5.245748043060303,472588000.0
2019-11-21,5.241277291468851,5.296919043773521,5.199297238139873,5.220908164978027,288388000.0
2019-11-22,5.243511661537723,5.289962850869842,5.214945520920422,5.23854398727417,224100000.0
2019-11-25,5.366471697782979,5.499863607178879,5.353554794766883,5.4948954582214355,506476000.0
2019-11-26,5.477257177288771,5.481977059647323,5.38385827655539,5.390316963195801,385244000.0
2019-11-27,5.435809803647838,5.4701141901312225,5.3987705869446065,5.4251203536987305,215784000.0
2019-11-29,5.3942956186363,5.422633919033561,5.363967833757931,5.387832164764404,141556000.0
2019-12-02,5.380871533007133,5.394295337032082,5.186478142091579,5.20164155960083,372036000.0
2019-12-03,5.018185688510928,5.166093599459817,4.98089803166497,5.162116527557373,465232000.0
2019-12-04,5.245641816283171,5.268014509863485,5.177281018849271,5.205868244171143,273424000.0
2019-12-05,5.227742226876223,5.243403012120992,5.158386711185965,5.188962936401367,184884000.0
2019-12-06,5.258070886581136,5.307042264766786,5.2481272573677025,5.274228572845459,232236000.0
2019-12-09,5.251358984275902,5.328917585242667,5.242658545783317,5.274228572845459,211880000.0
2019-12-10,5.304307007637459,5.370928180069909,5.251607009810298,5.319222450256348,256388000.0
2019-12-11,5.329663470004647,5.408216340025426,5.327177562670897,5.40274715423584,233796000.0
2019-12-12,5.37391058398652,5.5881907344572985,5.364961698392132,5.570044040679932,404348000.0
2019-12-13,5.573028398203756,5.692100660056325,5.514113388523606,5.568056583404541,454704000.0
2019-12-16,5.6155364256371545,5.669230698851014,5.58744609823879,5.596892356872559,320976000.0
2019-12-17,5.6155358371238275,5.697568877641855,5.606089579480036,5.674947738647461,321196000.0
2019-12-18,5.709749502030859,5.7656812284331656,5.701297512416588,5.705275058746338,343548000.0
2019-12-19,5.739830048903232,5.866608507947781,5.734858233064986,5.853184700012207,445360000.0
2019-12-20,5.91955469427086,5.975734864041908,5.900413732209764,5.950379371643066,603044000.0
2019-12-23,5.978968410105755,6.011035813649375,5.92601995068614,5.936708927154541,355060000.0
2019-12-24,5.921295942461581,5.948888898777331,5.886991083444516,5.931736469268799,138864000.0
2019-12-26,5.935217188670649,5.973996494995526,5.916324669629933,5.945906639099121,182852000.0
2019-12-27,5.961069858692072,5.974493664872303,5.861884374139636,5.888234615325928,254644000.0
2019-12-30,5.866359228302341,5.871579491951401,5.743806782668627,5.775128364562988,258056000.0
2019-12-31,5.739829827740937,5.858653661348945,5.720688859053514,5.849207401275635,231004000.0
2020-01-02,5.934967621143992,5.963803291320801,5.884505079799994,5.963803291320801,237536000.0
2020-01-03,5.844233438817881,5.91209732246454,5.81937484385445,5.868346214294434,205384000.0
2020-01-06,5.775126734276773,5.898176042204706,5.749025423399727,5.892955780029297,262636000.0
2020-01-07,5.921296285635632,6.010041242778637,5.876302448700196,5.964301586151123,314856000.0
2020-01-08,5.960075367023141,6.016752920110511,5.920053346777654,5.97548770904541,277108000.0
2020-01-09,6.0617455010434655,6.113451228430026,5.987418636459854,6.041112899780273,255112000.0
2020-01-10,6.148255278650215,6.178582596612345,6.059261861441797,6.073431015014648,316296000.0
2020-01-13,6.156457378912361,6.288952968255434,6.133835764415242,6.263845920562744,319840000.0
2020-01-14,6.221087786571581,6.2464437516511,6.133834495989312,6.14700984954834,359088000.0
2020-01-15,6.15968858757517,6.182061279281712,6.078649810796071,6.1045026779174805,263104000.0
2020-01-16,6.1579480451360356,6.193992987350218,6.134581087056249,6.1880269050598145,284192000.0
2020-01-17,6.207168278849511,6.2146260007402,6.149248013832999,6.196727752685547,253792000.0
2020-01-21,6.160185135994632,6.196975895565761,6.129360458357694,6.163416862487793,217916000.0
2020-01-22,6.208660534025002,6.303868469663997,6.189768016004906,6.217360973358154,239240000.0
2020-01-23,6.257381102506814,6.2941713823084475,6.168636180724828,6.285719394683838,244516000.0
2020-01-24,6.401063843902919,6.450781034287568,6.17236562158241,6.22655725479126,373512000.0
2020-01-27,5.922289664238681,6.021972504994483,5.772890101483585,5.971012592315674,470536000.0
2020-01-28,6.036887788328454,6.196479436751818,5.9836904141412175,6.164163589477539,310976000.0
2020-01-29,6.149745962240131,6.185790910221257,6.063983811930669,6.103757858276367,258848000.0
2020-01-30,6.0060631260830695,6.123892669348195,5.951126138120667,6.110468864440918,290504000.0
2020-01-31,6.064729509694369,6.076661675944388,5.835534340017212,5.877296447753906,370420000.0
2020-02-03,5.859148005273648,5.993632572841682,5.852933475492537,5.9742431640625,255564000.0
2020-02-04,6.115938379346584,6.162423853757808,6.0659727292741294,6.143282413482666,271544000.0
2020-02-05,6.26409483893888,6.274286917530958,6.150242834852348,6.233519077301025,208220000.0
2020-02-06,6.267823274549807,6.320274353027344,6.186784499679763,6.320274353027344,218284000.0
2020-02-07,6.280253618296713,6.302377865506805,6.228796323255419,6.254152297973633,189752000.0
2020-02-10,6.2767724236215585,6.5377865327702835,6.2718006088987535,6.537041187286377,529608000.0
2020-02-11,6.645175046983783,6.7739420040767095,6.583277238541487,6.65934419631958,638556000.0
2020-02-12,6.712045540613247,6.781401084473175,6.673266234387665,6.774937629699707,374644000.0
2020-02-13,6.717016286330041,6.7983035102749065,6.689671780436804,6.731185436248779,528016000.0
2020-02-14,7.1408547082051,7.332513775197744,7.109533125809277,7.203746795654297,1041924000.0
2020-02-18,7.100580935567035,7.390680026519603,7.081191527750653,7.372284412384033,620164000.0
2020-02-19,7.49459070572819,7.840621144248622,7.49459070572819,7.822971343994141,694332000.0
2020-02-20,7.774994505818821,7.863242082400725,7.366817815393153,7.673820495605469,810052000.0
2020-02-21,7.561709436571416,7.586816487039171,7.225373675917475,7.310141086578369,768180000.0
2020-02-24,6.716516957612607,7.006864489323543,6.6620768843177185,6.79332971572876,856916000.0
2020-02-25,6.868403619519949,6.930301423578362,6.412498802092312,6.514170169830322,1055496000.0
2020-02-26,6.514419911465364,6.847275480502582,6.51292874628162,6.653378963470459,747732000.0
2020-02-27,6.340222943534122,6.641191014108092,6.190734008300934,6.283014297485352,906416000.0
2020-02-28,6.030798400803811,6.776999629298204,6.014133380463005,6.717552185058594,1133252000.0
2020-03-02,6.887436955320719,6.904599643014992,6.491950295924303,6.875746250152588,890744000.0
2020-03-03,6.931462350616747,6.991158383309481,6.528264939840169,6.613580703735352,652792000.0
2020-03-04,6.720785660126154,7.086175484127031,6.646165254678037,7.076723575592041,597408000.0
2020-03-05,6.877486969671298,7.044138573937588,6.753120114977706,6.797643661499023,540328000.0
2020-03-06,6.61830872490829,6.675766455106222,6.417331679428528,6.617313861846924,515412000.0
2020-03-09,5.967121698181325,6.452152626694076,5.924339753977124,6.104920387268066,614160000.0
2020-03-10,6.381015119188688,6.493940353393555,6.118601425283802,6.493940353393555,580648000.0
2020-03-11,6.354152540659785,6.382508269115836,6.033534832806254,6.13054084777832,499964000.0
2020-03-12,5.607949283641734,5.8730993757296215,5.367672653781858,5.3803582191467285,816540000.0
2020-03-13,5.733312981335359,5.9949809083831616,5.462442216383406,5.990503787994385,634836000.0
2020-03-16,5.283352557854332,5.623869353339023,4.825433894923929,4.885129928588867,726972000.0
2020-03-17,4.99730987245585,5.493533932299811,4.750814909910553,5.404238224029541,833632000.0
2020-03-18,4.977162031994791,5.221915838198457,4.494121265098619,5.0448174476623535,874268000.0
2020-03-19,5.023425962403423,5.390805960383329,4.810261552941919,5.2972822189331055,765512000.0
2020-03-20,5.44726918222169,5.728835787493225,5.102275677674732,5.117697238922119,804636000.0
2020-03-23,5.1167009402216665,5.384587537043199,4.937861436737908,5.290317058563232,643876000.0
2020-03-24,5.6960015590237685,6.284505766219802,5.672372028631309,6.197946071624756,1101644000.0
2020-03-25,6.3128613076656235,6.5123457531006785,6.060645342640623,6.1093974113464355,793432000.0
2020-03-26,6.3163425364120025,6.522294267647864,6.2183416952223975,6.398425102233887,696108000.0
2020-03-27,6.21834371533813,6.54468246183584,6.185510868111897,6.286248207092285,638828000.0
2020-03-30,6.351664371055623,6.615322467118645,6.307638489346079,6.606119155883789,602252000.0
2020-03-31,6.646164892139033,6.850126943033816,6.411111600364291,6.556621074676514,949960000.0
2020-04-01,6.358878296830433,6.505133575069819,6.001447838462549,6.045970916748047,656912000.0
2020-04-02,6.075071934994346,6.367582918996632,6.027066607171821,6.354400157928467,675764000.0
2020-04-03,6.316842172617156,6.358380662536107,5.929563928559885,6.066864967346191,663212000.0
2020-04-06,6.348680785913567,6.712827199705411,6.2912230611282824,6.676014423370361,727884000.0
2020-04-07,6.897386723143072,6.921016732850142,6.3999192267850225,6.442950248718262,784520000.0
2020-04-08,6.551895173160466,6.664820405786756,6.482000959912944,6.639946937561035,542444000.0
2020-04-09,6.765558616401672,6.788441887531379,6.477524680425089,6.540454387664795,525564000.0
2020-04-13,6.480756170782131,6.720784212249755,6.392455827392157,6.71207857131958,398408000.0
2020-04-14,6.840176949824809,7.0968700332485595,6.812567493136743,7.062793731689453,530948000.0
2020-04-15,6.894899655370678,7.068267211312,6.849630308417041,6.985438823699951,366148000.0
2020-04-16,7.140647674170319,7.437138127768252,7.127464912267185,7.3301825523376465,745620000.0
2020-04-17,7.412264162275912,7.433655370807423,7.137164937154515,7.270983695983887,539120000.0
2020-04-20,7.144626397895936,7.300333543679682,7.095625738085958,7.139900207519531,449388000.0
2020-04-21,7.022001664063456,7.083189755050889,6.643926307064967,6.703622341156006,735160000.0
2020-04-22,6.89564456745756,7.16029750557425,6.850126632313321,7.1175150871276855,483356000.0
2020-04-23,7.159552061322838,7.291380639717549,7.039164642874313,7.064286708831787,424160000.0
2020-04-24,7.054088912190543,7.205069902972947,6.979468506658928,7.203080177307129,352328000.0
2020-04-27,7.337396625716924,7.549068993615915,7.312771754298701,7.3893818855285645,479388000.0
2020-04-28,7.536632034839591,7.566480291999541,7.241634092483355,7.247106075286865,442904000.0
2020-04-29,7.381671326882136,7.476439012322255,7.306553724860844,7.423707485198975,379160000.0
2020-04-30,7.369732449705098,7.423707914343984,7.256061414449958,7.26999044418335,375916000.0
2020-05-01,7.072743452911202,7.1859172806554765,6.985437955761158,7.033692359924316,342096000.0
2020-05-04,6.986431845342625,7.259044141410754,6.986431845342625,7.245363712310791,317556000.0
2020-05-05,7.34933499237457,7.468727056760737,7.245364011573555,7.306303977966309,368896000.0
2020-05-06,7.385650337882286,7.511758322789601,7.34784270723366,7.407041072845459,323464000.0
2020-05-07,7.546083299397135,7.646322956404003,7.494844309602577,7.583144664764404,373732000.0
2020-05-08,7.654780572992808,7.779147440058237,7.620952864853898,7.7729291915893555,339216000.0
2020-05-11,7.767952289627352,8.071407666336281,7.7393479749152805,8.024645805358887,469060000.0
2020-05-12,8.082353219891191,8.131104815572956,7.753278525773543,7.762979030609131,493060000.0
2020-05-13,7.877397272370404,8.037581571057249,7.556281934861087,7.740593910217285,625852000.0
2020-05-14,7.802031949002812,7.995298185675127,7.648563075746474,7.989826202392578,602312000.0
2020-05-15,7.849789033988688,8.457445355701928,7.8341188748298665,8.447745323181152,987660000.0
2020-05-18,8.716127930897029,8.87133792590906,8.63653320763608,8.70592975616455,774460000.0
2020-05-19,8.745723725083494,9.041467831066088,8.718362871668345,8.760896682739258,717320000.0
2020-05-20,8.945458854708415,8.997195509235931,8.843726673941868,8.924565315246582,587536000.0
2020-05-21,9.005655143771433,9.006649532311567,8.693245401400757,8.730804443359375,761068000.0
2020-05-22,8.780546752937473,9.046941243580594,8.669114557191229,8.980528831481934,1038764000.0
2020-05-26,9.110370081279614,9.135244023656483,8.628075582392123,8.673593521118164,770780000.0
2020-05-27,8.581314301909094,8.589024607829826,7.956246272031052,8.482069969177246,1175892000.0
2020-05-28,8.369642255768241,8.716128787061324,8.336809405476911,8.444014549255371,734896000.0
2020-05-29,8.51117118789498,8.830545425415039,8.442023234926523,8.830545425415039,745256000.0
2020-06-01,8.788506115380583,8.795967821262852,8.645484076627753,8.761642456054688,389876000.0
2020-06-02,8.75169470369091,8.792486441936918,8.614144632127772,8.780547142028809,391320000.0
2020-06-03,8.77756676342232,8.821343582482726,8.655935390369573,8.725083351135254,365440000.0
2020-06-04,8.687753825722185,8.902011297144291,8.637486770862257,8.72607707977295,424280000.0
2020-06-05,8.753948023245258,8.955513667793715,8.667846716392749,8.87886905670166,481748000.0
2020-06-08,8.836316752947287,8.84875892563933,8.645700047300858,8.764400482177734,387736000.0
2020-06-09,8.759424561032304,9.067745950107147,8.710899416736416,9.004289627075195,468488000.0
2020-06-10,9.125477007268065,9.456194614625154,9.111291963518875,9.323558807373047,632180000.0
2020-06-11,9.10780969358321,9.218546652685198,8.745488699129474,8.755691528320312,583652000.0
2020-06-12,9.120249640232714,9.144885268344536,8.663116916824086,8.89130973815918,570908000.0
2020-06-15,8.774603216221042,9.139910604567905,8.703432128605263,9.131449699401855,400004000.0
2020-06-16,9.182465893211678,9.224023347395823,8.797996315079203,9.026686668395996,535716000.0
2020-06-17,9.071724048368797,9.25611913325876,9.02842374462219,9.19340991973877,408304000.0
2020-06-18,9.184453472998934,9.239697586467326,9.072472033633701,9.175495147705078,254408000.0
2020-06-19,9.1998831293818,9.40144879419368,9.184703242099346,9.218545913696289,524160000.0
2020-06-22,9.257118524157914,9.487302056324824,9.230491304611464,9.48282241821289,398468000.0
2020-06-23,9.506958630029597,9.598036991562761,9.364120951569074,9.406424522399902,375108000.0
2020-06-24,9.432553235534522,9.512433926958058,9.10233306985164,9.192914009094238,449372000.0
2020-06-25,9.312610716944958,9.461172555518514,9.1399106647532,9.44624137878418,376072000.0
2020-06-26,9.456196763382406,9.456196763382406,9.082925838512047,9.112787246704102,592084000.0
2020-06-29,9.12746835403248,9.162058106058364,8.858961583091999,9.157578468322754,342248000.0
2020-06-30,9.271052779473228,9.482323840413832,9.223772146240533,9.45395565032959,367892000.0
2020-07-01,9.476850244240778,9.53159694518685,9.369597135978692,9.48605728149414,326648000.0
2020-07-02,9.594555539183766,9.692601616807512,9.534085643354649,9.5679292678833,364056000.0
2020-07-06,9.696832079128551,9.863061885989403,9.667716802013167,9.793882369995117,315892000.0
2020-07-07,9.900386604188158,10.023565712221714,9.805326973795573,9.8262300491333,357800000.0
2020-07-08,9.947668620000956,10.177853089859866,9.919549138442747,10.168893814086914,365480000.0
2020-07-09,10.332386498774396,10.521261277875176,10.186312717025418,10.460542678833008,494548000.0
2020-07-10,10.539927092116987,10.606120184171951,10.330895325824207,10.43093204498291,497676000.0
2020-07-13,10.546145179705201,10.742485046509767,9.978772887106153,10.005897521972656,457076000.0
2020-07-14,10.028545492174292,10.354784490993348,9.740380097949847,10.329153060913086,542676000.0
2020-07-15,10.366227924927914,10.384890705042778,10.009380570559676,10.180089950561523,403984000.0
2020-07-16,9.968819626685535,10.15968501248177,9.84987050020244,10.088017463684082,344964000.0
2020-07-17,10.17834754249951,10.201241247818436,10.041233071795403,10.154458045959473,266284000.0
2020-07-20,10.226875749369688,10.482690699140393,10.109917234833206,10.462285041809082,284852000.0
2020-07-21,10.464524220514964,10.51130838501067,10.23931776030554,10.280875205993652,277036000.0
2020-07-22,10.319694993925742,10.553611049792725,10.244045222912812,10.390616416931152,367292000.0
2020-07-23,10.401814053155686,10.498366900172412,9.984995131598533,10.083041191101074,411660000.0
2020-07-24,9.829467523808882,10.31695925240339,9.731919815684156,10.147494316101074,473292000.0
2020-07-27,10.185068171231439,10.393601505544966,10.170634417210804,10.373445510864258,292132000.0
2020-07-28,10.326414528145886,10.334128352270644,10.162175384539536,10.16839599609375,271636000.0
2020-07-29,10.342836785635788,10.467757814861779,10.299288712626408,10.417242050170898,284508000.0
2020-07-30,10.327158564119097,10.574015125170751,10.247776248378544,10.565056800842285,308880000.0
2020-07-31,10.514540683956733,10.716854345267036,10.384891311193567,10.565803527832031,386080000.0
2020-08-03,10.683014733089749,11.047576067886391,10.665844208526481,10.959484100341797,412720000.0
2020-08-04,10.999047691929793,11.17597770690918,10.855711635123345,11.17597770690918,310336000.0
2020-08-05,11.19215269021843,11.319313061745826,11.11476100189389,11.234704971313477,249924000.0
2020-08-06,11.297415830981054,11.305628025623456,11.127204783408471,11.283231735229492,244316000.0
2020-08-07,11.260335560815758,11.45169930416,10.986604026340867,11.147856712341309,342516000.0
2020-08-10,11.281987829661926,11.35564602075613,10.806439976810287,11.113517761230469,427796000.0
2020-08-11,11.022687098568131,11.08539727357645,10.74596911283335,10.799969673156738,354512000.0
2020-08-12,10.940069605622536,11.414123210949473,10.90771920429623,11.387496948242188,464412000.0
2020-08-13,11.492759691857554,11.66770001890963,11.303387509274067,11.39023494720459,374460000.0
2020-08-14,11.47683562197929,11.650780187159281,11.387748824908543,11.510679244995117,366436000.0
2020-08-17,11.796601930068785,12.352526897277611,11.76275926318703,12.280112266540527,621300000.0
2020-08-18,12.392593371852119,12.438381746178354,12.03052110177565,12.204216003417969,503448000.0
2020-08-19,12.239799549527746,12.258213621054422,12.042214226825553,12.082528114318848,622624000.0
2020-08-20,11.91978322105072,12.317938426854452,11.823976501691238,12.085017204284668,921388000.0
2020-08-21,12.145485258162156,12.74968661731478,12.139014987859298,12.625014305114746,999868000.0
2020-08-24,12.824342222900356,12.85296007261866,12.449826868277539,12.661596298217773,490564000.0
2020-08-25,12.572511247772661,12.702409372757435,12.515773906574502,12.691211700439453,289076000.0
2020-08-26,12.74022967965195,12.80916045999538,12.619289925922455,12.71410083770752,321244000.0
2020-08-27,12.722561844110212,12.790746493496862,12.50855309966064,12.570018768310547,317604000.0
2020-08-28,12.61655223402345,13.087370673985497,12.5842018347794,13.087121963500977,537160000.0
2020-08-31,13.12196361348135,13.51240499533192,12.977632707337218,13.312829971313477,500840000.0
2020-09-01,13.421855269799934,13.933389350143239,13.378542954721397,13.761384963989258,511316000.0
2020-09-02,14.640327660475537,14.663229168155967,13.840044454467082,14.284619331359863,874012000.0
2020-09-03,13.769104949191176,13.824614387808259,12.823202579111951,12.959362983703613,945128000.0
2020-09-04,12.728609755391352,13.118172794342433,11.654264257485755,12.568056106567383,1463684000.0
2020-09-08,11.683884939027743,12.495867661284716,11.653765820445578,11.861615180969238,795728000.0
2020-09-09,12.346513484942513,12.753998485090438,12.178989130595118,12.660155296325684,736200000.0
2020-09-10,12.933225527994797,13.008897940882886,12.11452165542531,12.258647918701172,698684000.0
2020-09-11,12.431647488239708,12.597926996342265,11.844440927572224,12.112031936645508,636928000.0
2020-09-14,13.024576018782815,13.257565925803375,12.57676604844799,12.816725730895996,1201744000.0
2020-09-15,13.222720077777511,13.24138939468092,12.772421205731272,12.934967041015625,727556000.0
2020-09-16,12.901361003410214,13.036276504289093,12.459774389516712,12.46052074432373,556384000.0
2020-09-17,12.079918130588368,12.535445188714483,11.982838842675774,12.40973949432373,792512000.0
2020-09-18,12.539431169954202,12.578013731233012,11.937041086164525,12.136675834655762,698460000.0
2020-09-21,11.873564364275431,12.468487029467878,11.853152604133797,12.46325969696045,721044000.0
2020-09-22,12.520758452357143,12.593443526530567,12.103068535546553,12.583237648010254,646452000.0
2020-09-23,12.5212581987383,12.672105439487142,12.027149449148329,12.071456909179688,647012000.0
2020-09-24,12.020179888363417,12.515284736210981,11.962180709019703,12.294739723205566,731240000.0
2020-09-25,12.393811062020282,12.82793035635289,12.192931457497625,12.818222045898438,588016000.0
2020-09-28,12.984003310472113,12.995454064553032,12.695005420616106,12.978775978088379,573808000.0
2020-09-29,12.88169735695408,13.384768065727984,12.877466113660384,13.16870403289795,621460000.0
2020-09-30,13.100749928367792,13.563744463201456,13.093531365864601,13.47214126586914,689184000.0
2020-10-01,13.698657963887262,13.70338677682619,13.402689348438638,13.555776596069336,525004000.0
2020-10-02,13.167957222470799,13.461186360734684,12.994706996717781,13.005908966064453,552496000.0
2020-10-05,13.178908861614774,13.585397801441708,13.165715663762136,13.58365535736084,479820000.0
2020-10-06,13.77034771021102,14.081002250444271,13.606059434041683,13.677250862121582,784420000.0
2020-10-07,13.93936472563544,14.05834944334115,13.803701921805605,13.903768539428711,418084000.0
2020-10-08,14.014292260405256,14.023751786873135,13.698660090271776,13.779061317443848,378900000.0
2020-10-09,13.707619453210627,13.764622541474697,13.601827927722326,13.703387260437012,346892000.0
2020-10-12,13.929158832555586,14.285116896035671,13.852491292566945,14.16463851928711,434744000.0
2020-10-13,14.234835409119126,14.28661116418,13.958283407222073,14.186793327331543,344604000.0
2020-10-14,14.22886078382852,14.280885323875227,13.899786671772109,14.034453392028809,276100000.0
2020-10-15,13.751179945542122,13.945338546007145,13.70836519762374,13.909743309020996,267224000.0
2020-10-16,13.976204124626971,14.060588741120922,13.733007369325817,13.751925468444824,242392000.0
2020-10-19,13.843034950198934,13.923187396795523,13.348925170537576,13.439533233642578,298068000.0
2020-10-20,13.524908470657572,13.740226109835254,13.448738508609205,13.586641311645508,229212000.0
2020-10-21,13.56623229376561,13.732014232770208,13.419368456639658,13.466414451599121,219596000.0
2020-10-22,13.464172894859765,13.55303754182434,13.174676497160581,13.303369522094727,290480000.0
2020-10-23,13.391984314393348,13.534616880399183,13.233919487586048,13.53162956237793,233484000.0
2020-10-26,13.36908784573915,13.633691566965796,12.982263278351981,13.084569931030273,336896000.0
2020-10-27,13.248609003917073,13.384023046239228,13.134602813833258,13.338968276977539,250520000.0
2020-10-28,13.14107170884122,13.20280455155051,12.554612551785185,12.572534561157227,376520000.0
2020-10-29,12.783123011626987,13.13584495995668,12.695004720775675,12.967823028564453,320080000.0
2020-10-30,12.79457453694031,12.880700654470314,12.246946659369481,12.479937553405762,416820000.0
2020-11-02,12.603154900907724,12.781382741885674,12.3415385171396,12.526487350463867,299652000.0
2020-11-03,12.653684234543976,13.048473643303717,12.54839028330013,12.963342666625977,272900000.0
2020-11-04,13.331500678560896,13.767861003481139,13.27947612899768,13.734753608703613,410228000.0
2020-11-05,14.101411524013917,14.277149574314038,13.930651070984458,14.098921775817871,319028000.0
2020-11-06,14.048891455608413,14.525825518344906,13.835068378723031,14.499191284179688,383348000.0
2020-11-09,14.489731966855251,14.628132371643925,13.552044345915604,13.5719575881958,582976000.0
2020-11-10,13.547812230313847,13.547812230313847,12.573782058299438,12.714920997619629,644068000.0
2020-11-11,12.997446446842183,13.377052414591688,12.892401270410012,13.360125541687012,404744000.0
2020-11-12,13.420862549659276,13.706624366727366,13.258565493925284,13.39870834350586,365812000.0
2020-11-13,13.568472254694553,13.609793346805214,13.002922328890708,13.239646911621094,346312000.0
2020-11-16,13.115685579151505,13.590628474298281,13.099257223591238,13.456957817077637,413776000.0
2020-11-17,13.494044215080645,13.53760531971783,13.246367406234198,13.36435604095459,312028000.0
2020-11-18,13.407172128790208,13.54706619704426,13.128131296756674,13.370829582214355,510924000.0
2020-11-19,13.15575975818555,13.429324433422689,13.043496030611196,13.382278442382812,565936000.0
2020-11-20,13.395970878679213,13.436295883226773,13.008647818893134,13.03130054473877,341088000.0
2020-11-23,13.114440599717943,13.324778798429607,12.959362101310216,13.083325386047363,361356000.0
2020-11-24,13.085813935486797,13.105229608148392,12.829424883595962,12.901861190795898,346500000.0
2020-11-25,12.976288525531565,13.212265811659313,12.963842630406676,13.177665710449219,259916000.0
2020-11-27,13.317308922458194,13.349669004408476,13.113690805350098,13.204049110412598,167276000.0
2020-11-30,13.207784992620201,13.354648825249436,12.916297341464292,13.343695640563965,286952000.0
2020-12-01,13.4340539339607,13.470396474680498,13.171191763899333,13.332244873046875,296948000.0
2020-12-02,13.29291762801155,13.614524440565008,13.17716899170747,13.48608112335205,283360000.0
2020-12-03,13.532888346466882,13.605097180328642,13.275428168212782,13.342158317565918,199520000.0
2020-12-04,13.394450674202265,13.505503297047852,13.334941202298934,13.50376033782959,202244000.0
2020-12-07,13.5465833461892,13.676060962202541,13.445740595670882,13.552061080932617,223244000.0
2020-12-08,13.53040088587082,13.544095699558415,13.22812050077017,13.296345710754395,271920000.0
2020-12-09,13.24704630028033,13.360089795970154,12.81653345470106,12.878782272338867,401300000.0
2020-12-10,12.817278035078495,13.016225157346986,12.797855678959717,12.920112609863281,207764000.0
2020-12-11,12.915132393146711,12.96767096745661,12.77146224084269,12.96094799041748,209264000.0
2020-12-14,13.03540064988096,13.334941738833445,13.024942894150612,13.255263328552246,270156000.0
2020-12-15,13.385733618093893,13.40988618458932,13.133751149437082,13.306802749633789,193016000.0
2020-12-16,13.368553568795045,13.383244766098352,13.159397537413051,13.189277648925781,223116000.0
2020-12-17,13.313027895141222,13.32572727512773,13.12553489491259,13.287631034851074,231384000.0
2020-12-18,13.325229723016056,13.351125252225733,13.017970240699636,13.218660354614258,342064000.0
2020-12-21,13.022199838320807,13.316263107075995,12.915380685357526,13.278664588928223,302332000.0
2020-12-22,13.265719617640173,13.283646925526869,13.001535460648212,13.224884033203125,185580000.0
2020-12-23,13.202719748334621,13.221643434857638,12.95272913932163,12.956961631774902,179144000.0
2020-12-24,12.98485057196713,13.079717874685622,12.886747159830435,12.94152545928955,97884000.0
2020-12-28,13.009998457672015,13.009998457672015,12.711951569819655,12.848151206970215,212564000.0
2020-12-29,12.873053464210267,13.019960686571482,12.790635724681074,12.891229629516602,170372000.0
2020-12-30,12.938040099740185,13.160642074392083,12.844916701690002,13.092915534973145,225396000.0
2020-12-31,13.083705468045695,13.098146858978987,12.86309526953434,13.002532958984375,192424000.0
2021-01-04,13.051582318788373,13.597629030369669,12.910401695595096,13.060794830322266,560640000.0
2021-01-05,13.04710135296224,13.389469813350296,13.03440292226786,13.350875854492188,322760000.0
2021-01-06,13.169357986731624,13.191767596146791,12.53541670344203,12.563801765441895,580424000.0
2021-01-07,12.915381167862042,13.323982965116926,12.834707343598083,13.29036808013916,461480000.0
2021-01-08,13.3087946092629,13.367058829260577,12.989582367036666,13.223388671875,292528000.0
2021-01-11,13.36481806161411,13.904889317137515,13.30879451781324,13.566753387451172,518344000.0
2021-01-12,13.697227113464349,13.699219880759559,13.291365574551167,13.430553436279297,291476000.0
2021-01-13,13.435784283748028,13.570241954933193,13.33120672827616,13.47736644744873,210028000.0
2021-01-14,13.520440755047291,13.545091039577693,13.12752650374872,13.147196769714355,283120000.0
2021-01-15,13.174835229375097,13.271694358141557,12.79686103451609,12.807816505432129,277780000.0
2021-01-19,12.963935787634238,13.041373506221632,12.79237828621631,12.972900390625,226188000.0
2021-01-20,13.059051005987701,13.376520268382707,13.00427270745559,13.312030792236328,258572000.0
2021-01-21,13.364570804688677,13.942987225711319,13.199736263087742,13.811766624450684,337780000.0
2021-01-22,13.68477736022851,13.78611878930567,13.572480460380298,13.657387733459473,246820000.0
2021-01-25,13.72635884482473,13.772921018082734,13.183300345613404,13.59837532043457,251112000.0
2021-01-26,13.52591884373518,13.589910611709367,13.33369468135409,13.381253242492676,163980000.0
2021-01-27,13.176825567795346,13.179564910137588,12.742329208441202,12.86583137512207,371272000.0
2021-01-28,12.944017154210293,13.28613673623266,12.90841044886563,12.998546600341797,228316000.0
2021-01-29,13.022448269146302,13.281154636734682,12.859605581781828,12.937541007995605,271552000.0
2021-02-01,13.000787159383922,13.21741272526366,12.850891747211746,13.183798789978027,217204000.0
2021-02-02,13.3448990521838,13.517451986494493,13.232103488617547,13.502264022827148,220440000.0
2021-02-03,13.581197172944663,13.875759181686776,13.462178228664209,13.47612190246582,245408000.0
2021-02-04,13.476618341474891,13.618545550549243,13.284145319662846,13.609333038330078,201340000.0
2021-02-05,13.669838214950548,13.682038927768824,13.491307924573183,13.536375999450684,169152000.0
2021-02-08,13.672080435543572,14.41558027564343,13.672080435543572,14.380721092224121,434624000.0
2021-02-09,14.283112900004856,14.524638573331769,14.165338264412211,14.205924987792969,287560000.0
2021-02-10,14.405123197998494,14.845097404880885,14.283862625755715,14.704913139343262,485352000.0
2021-02-11,14.920043907883057,15.21087016144193,14.865015793501902,15.18945598602295,450828000.0
2021-02-12,14.989512421221601,15.229792846310929,14.715617109549683,14.901119232177734,374756000.0
2021-02-16,15.003705976694079,15.310717529206354,14.88991497110362,15.268636703491211,321960000.0
2021-02-17,15.110022686286715,15.162312394769682,14.720594438842404,14.846088409423828,274756000.0
2021-02-18,14.66980213100204,14.813472286009498,14.516420797901691,14.769400596618652,233868000.0
2021-02-19,14.964116101576446,15.116003352736659,14.787080847428777,14.866510391235352,271724000.0
2021-02-22,14.71536943669712,15.07242908936118,14.267427053399269,14.298053741455078,325884000.0
2021-02-23,14.018680862200867,14.181524533940966,13.335686902429352,14.085163116455078,391780000.0
2021-02-24,14.065991018346837,14.44844754946419,13.70071427051266,14.440728187561035,448320000.0
2021-02-25,13.989050761356713,14.316977835811675,13.163134143029106,13.254016876220703,824436000.0
2021-02-26,13.697226388407962,13.798816671905104,13.307300359607096,13.659379959106445,500932000.0
2021-03-01,13.819235683276025,13.869034920751616,13.49877912411454,13.78611946105957,353184000.0
2021-03-02,13.844135500255799,13.864553293096154,13.342161365725818,13.352370262145996,264116000.0
2021-03-03,13.372287481607765,13.397435479736185,12.747309006591404,12.75328540802002,377592000.0
2021-03-04,12.749302617793662,12.922852894444349,12.035184286271841,12.32053279876709,573344000.0
2021-03-05,12.499560385516855,12.499560385516855,11.632309598213094,12.411416053771973,542840000.0
2021-03-08,12.399962837749444,12.421127205316727,11.520013555432708,11.546656608581543,543112000.0
2021-03-09,12.085666683941009,12.570378398131114,12.014927537191268,12.474233627319336,521824000.0
2021-03-10,12.793307713265953,12.932294680154964,12.411715915223251,12.422426223754883,384376000.0
2021-03-11,12.902404444000641,12.99830122675379,12.687696596615787,12.945744514465332,299916000.0
2021-03-12,12.601760564337006,12.841377047074598,12.543725188641066,12.808747291564941,243964000.0
2021-03-15,12.817465165722231,13.158208142901147,12.720323681685503,13.142765045166016,221988000.0
2021-03-16,13.307409797577044,13.462836579062207,13.068541055091844,13.242400169372559,272128000.0
2021-03-17,12.99182597197509,13.40380609566732,12.941760599252106,13.292218208312988,243864000.0
2021-03-18,13.088220142222372,13.135545224725465,12.670261569305001,12.675741195678711,293896000.0
2021-03-19,12.703138366761953,12.874008237088663,12.566143927350314,12.79853630065918,299208000.0
2021-03-22,12.865293491438804,13.345272507132586,12.85931502565977,13.137787818908691,297804000.0
2021-03-23,13.205538615360009,13.295456950984734,12.973395115950051,13.022713661193848,222048000.0
2021-03-24,13.102913101614503,13.110884070467083,12.590304455981338,12.59653091430664,245840000.0
2021-03-25,12.45356156367243,12.668020482645497,12.22689771964549,12.489179611206055,295144000.0
2021-03-26,12.508358356195133,12.80899952364286,12.328023824665465,12.792061805725098,363968000.0
2021-03-29,12.773131644958724,13.014491751038356,12.653323847339317,12.90066146850586,273520000.0
2021-03-30,12.794802331642357,12.927562839023832,12.658305758509186,12.824442863464355,200204000.0
2021-03-31,12.9676641139645,13.420991773399177,12.934785406687192,13.29919147491455,314776000.0
2021-04-01,13.522368421618353,13.819023625386853,13.461591793310602,13.760988235473633,308276000.0
2021-04-05,13.816533522907958,13.962494731258166,13.682527344785477,13.936092376708984,255672000.0
2021-04-06,13.948296742716591,14.0025960659606,13.722878585220865,13.810554504394531,191744000.0
2021-04-07,13.829732533836207,14.191149339324006,13.66110505727589,14.091517448425293,251284000.0
2021-04-08,14.20036470482768,14.41831069368707,14.196627689733756,14.264378547668457,244416000.0
2021-04-09,14.161756371198454,14.355043569885416,14.122900156085661,14.34707260131836,195172000.0
2021-04-12,14.237230908904042,15.296074841669363,14.087283745856782,15.153101921081543,869324000.0
2021-04-13,15.175520404329175,15.642298695804206,15.07015897630807,15.62187385559082,676212000.0
2021-04-14,15.56757342143402,15.66272242258447,15.171534315585967,15.220852851867676,385500000.0
2021-04-15,15.604930665768292,16.15465281373212,15.574044473789503,16.07793617248535,598480000.0
2021-04-16,15.994000959162806,16.106337579853726,15.806941121261284,15.854018211364746,335208000.0
2021-04-19,15.479397321409937,15.74940120021796,15.177012626643881,15.305289268493652,404420000.0
2021-04-20,15.26693366441033,15.440045020755381,14.908008137498932,15.115492820739746,334132000.0
2021-04-21,15.063183469763409,15.306038182131777,15.046744591326041,15.304045677185059,216776000.0
2021-04-22,15.318492618235641,15.381759641026642,14.729166263249828,14.795671463012695,277788000.0
2021-04-23,14.879362682597167,15.278639983279946,14.845488196208844,15.209146499633789,227500000.0
2021-04-26,15.129190614058306,15.422109741768356,15.069410715459696,15.421113014221191,197796000.0
2021-04-27,15.52124478193989,15.612906665769394,15.29806806262324,15.325218200683594,164572000.0
2021-04-28,15.308030914991681,15.475164740857569,15.15957836730446,15.220602989196777,209416000.0
2021-04-29,15.34340000196832,15.379765830719082,15.016107543211453,15.268426895141602,173196000.0
2021-04-30,15.118729701211409,15.308528865809581,14.941881343927635,14.95433521270752,201912000.0
2021-05-03,15.069412383191088,15.190714804224188,14.733153148096715,14.782221794128418,203912000.0
2021-05-04,14.583452977403262,14.583701921742202,13.958757564248552,14.298503875732422,405324000.0
2021-05-05,14.65493927929447,14.759055975565776,14.334621071122196,14.405360221862793,292024000.0
2021-05-06,14.441974587843967,14.517695473850004,14.165744240795117,14.469622611999512,193380000.0
2021-05-07,14.753825582724902,14.91572777547651,14.617826904664591,14.757810592651367,229328000.0
2021-05-10,14.732903760867538,14.75158504127591,14.197628684614322,14.2133207321167,268904000.0
2021-05-11,13.774189592576713,14.301992504029124,13.699465425742892,14.253670692443848,285584000.0
2021-05-12,13.958010377250185,14.20783933441675,13.658864784297744,13.70793342590332,303408000.0
2021-05-13,13.982170917934267,14.028999059175959,13.409533367126928,13.615025520324707,285404000.0
2021-05-14,13.838951467039104,14.275341444847527,13.697971040090284,14.190653800964355,258616000.0
2021-05-17,14.104967840462367,14.11717276437191,13.802584080647618,14.113436698913574,216980000.0
2021-05-18,14.214565019489333,14.351310534500186,13.952531130875531,13.964238166809082,186256000.0
2021-05-19,13.516637860643087,14.027752884459964,13.49347368536492,14.014053344726562,344000000.0
2021-05-20,14.249934831389337,14.62978403099266,14.21805284914082,14.558795928955078,321592000.0
2021-05-21,15.108016123390577,15.166052454228243,14.814848087607245,14.93664836883545,672992000.0
2021-05-24,15.156590063922868,15.687133265807587,15.120224232908976,15.554622650146484,554816000.0
2021-05-25,15.708053851798939,15.760360666635048,15.425596101514737,15.590238571166992,435408000.0
2021-05-26,15.676422124487875,15.735703186240535,15.528966303165006,15.642297744750977,370440000.0
2021-05-27,15.642048790934533,15.692114160752126,15.403180033259336,15.431077003479004,581476000.0
2021-05-28,15.444032817878627,16.21767885890233,15.444032817878627,16.184799194335938,644536000.0
2021-06-01,16.21020775073869,16.328023072260283,15.8448048527253,16.204727172851562,472804000.0
2021-06-02,16.19251743061265,16.85656787926671,16.17582865881313,16.716583251953125,594168000.0
2021-06-03,16.639368724927916,17.19556736897667,16.522051333849653,16.907379150390625,580008000.0
2021-06-04,17.04960345412486,17.596087541905547,17.032667639127915,17.513643264770508,617120000.0
2021-06-07,17.506673820238802,17.747036276594248,17.129564882139565,17.55424690246582,575756000.0
2021-06-08,17.462830794677384,17.556734115441593,17.18759528524921,17.392839431762695,323848000.0
2021-06-09,17.455370605646817,17.51441623745511,17.196266649300334,17.298412322998047,381656000.0
2021-06-10,17.290194588207186,17.43170530908903,17.1167945825232,17.36493492126465,287772000.0
2021-06-11,17.419248285060828,17.877414660065863,17.383622077318115,17.76380729675293,416308000.0
2021-06-14,17.84427977971432,17.97731876578179,17.601868346834245,17.956640243530273,321376000.0
2021-06-15,17.85325126082189,17.954151966900646,17.666895541106463,17.72718620300293,243032000.0
2021-06-16,17.729423980176904,17.8928582145457,17.52388380440414,17.748855590820312,307124000.0
2021-06-17,17.713234404849683,18.770078247109847,17.695047795899175,18.592941284179688,809656000.0
2021-06-18,18.719256436939983,19.308219005834278,18.51994502882804,18.574506759643555,968856000.0
2021-06-21,18.371703230531587,18.472605819565104,17.76131527148521,18.363731384277344,672384000.0
2021-06-22,18.407826383212395,18.898379965112767,18.322620399758176,18.821643829345703,580144000.0
2021-06-23,18.942229189755093,19.086729825944072,18.842573513046347,18.991558074951172,332356000.0
2021-06-24,19.161471913925485,19.353058520618433,19.022451210045137,19.139297485351562,320924000.0
2021-06-25,19.214042880819722,19.27881936597167,18.829373695027133,18.965402603149414,278364000.0
2021-06-28,19.294510415626913,20.00953782998567,19.25240637349924,19.91611099243164,495436000.0
2021-06-29,19.813968049037626,20.02947213929642,19.589245203319127,19.957721710205078,367632000.0
2021-06-30,19.93031668352851,20.09300396046819,19.795283772661914,19.933555603027344,326568000.0
2021-07-01,20.055630160644014,20.38548859722356,19.949994640023817,20.142330169677734,480136000.0
2021-07-02,20.36979576583469,20.43457225231236,20.21782125954532,20.416383743286133,342764000.0
2021-07-06,20.666016614407923,20.770156218101576,20.280102477408526,20.627151489257812,446708000.0
2021-07-07,20.781612978874016,20.8030384978874,20.26191108865375,20.301523208618164,418428000.0
2021-07-08,19.788052722862183,20.063598390632993,19.632839339363898,19.834142684936523,503300000.0
2021-07-09,19.89369121039719,20.011035507147476,19.68615897824223,19.981138229370117,296624000.0
2021-07-12,20.170229888571328,20.46197014862544,20.118160092279034,20.441791534423828,321984000.0
2021-07-13,20.330179245184596,20.390720799183015,20.044667777946696,20.180198669433594,290708000.0
2021-07-14,20.287576714298133,20.34736936190273,19.684662607285635,19.77310562133789,380100000.0
2021-07-15,19.743461697812513,19.778589906396334,18.793496553631783,18.900875091552734,550564000.0
2021-07-16,18.964908142192918,19.0909713145451,18.010707893409265,18.098403930664062,688224000.0
2021-07-19,17.85350083008128,18.97636621146561,17.80392103012152,18.71502113342285,749060000.0
2021-07-20,18.665437217414535,18.773064743639477,18.101388235116307,18.54784393310547,434687000.0
2021-07-21,18.816914001718725,19.459691152678595,18.677397187844907,19.343093872070312,371017000.0
2021-07-22,19.574299353352185,19.81845383790225,19.209559734509735,19.526464462280273,323826000.0
2021-07-23,19.5882451844346,19.632094138275786,19.18364454445937,19.490583419799805,195672000.0
2021-07-26,19.244436793032506,19.374983858977348,18.848803969588506,19.227495193481445,203943000.0
2021-07-27,19.198591207828677,19.554360946532352,18.676397315586588,19.141788482666016,248863000.0
2021-07-28,19.25241185691331,19.5782844245796,18.929529207405572,19.43577766418457,202191000.0
2021-07-29,19.451718199146022,19.78456845561129,19.261376580692936,19.594226837158203,190781000.0
2021-07-30,19.351065420539463,19.562334550057216,19.19660092206327,19.431787490844727,183497000.0
2021-08-02,19.632096019964017,19.892196048997913,19.29426383352367,19.681922912597656,217444000.0
2021-08-03,19.67195614363054,20.152295043077654,19.153748123448008,19.7466983795166,301811000.0
2021-08-04,19.921091596810026,20.247961956223463,19.759649378379862,20.204113006591797,231309000.0
2021-08-05,20.429335766295853,20.66153240927619,20.271879455166875,20.56586265563965,211435000.0
2021-08-06,20.45325366267707,20.49909462866521,20.140334945269064,20.29579734802246,178497000.0
2021-08-09,20.37552283364435,20.4373093965313,20.073567760929837,20.22504425048828,146443000.0
2021-08-10,20.251952033949838,20.359579568061065,19.76662927363891,19.86728286743164,179238000.0
2021-08-11,19.973913844041807,19.979893679889088,19.363027803581907,19.631099700927734,185925000.0
2021-08-12,19.801512240234526,19.95996268817905,19.552373948791477,19.83639144897461,151652000.0
2021-08-13,19.836392233443082,20.144327189050774,19.78257750881628,20.11841583251953,183063000.0
2021-08-16,20.065593064053427,20.217069532094754,19.385942869614865,19.8812313079834,210876000.0
2021-08-17,19.61714701214786,19.70185501306102,19.2005885511107,19.39093017578125,204585000.0
2021-08-18,19.432784446374054,19.566323330393175,18.934507922108054,18.9743709564209,285913000.0
2021-08-19,19.42680433496521,20.424355275719023,18.697327164065186,19.72975730895996,766555000.0
2021-08-20,19.92209227489408,20.79308023295475,19.864293533156978,20.74424934387207,675741000.0
2021-08-23,20.898719011758836,21.921181725380446,20.877791484608885,21.88231658935547,575807000.0
2021-08-24,21.678021018612597,21.883310344893474,21.46077202046187,21.71788215637207,297299000.0
2021-08-25,21.662071688084197,22.392544826376568,21.64712400159845,22.136430740356445,347701000.0
2021-08-26,22.12347879676051,22.262995617571487,21.71489219229339,21.991933822631836,237940000.0
2021-08-27,22.107528492260414,22.643674033280696,22.090586896089597,22.55797004699707,304722000.0
2021-08-30,22.751305343048546,22.963570482185514,22.473267719877327,22.60979461669922,262580000.0
2021-08-31,22.620754812880616,22.620754812880616,22.04763702019903,22.311769485473633,259850000.0
2021-09-01,22.41144855038439,22.622754957763057,22.28386700045794,22.367591857910156,201767000.0
2021-09-02,22.4443354699411,22.51909087939799,22.222065406056725,22.322734832763672,187834000.0
2021-09-03,22.2519691858628,22.91080616281464,22.12737809725463,22.768274307250977,280532000.0
2021-09-07,22.758307882725695,22.82409196545465,22.4483244181334,22.587867736816406,198107000.0
2021-09-08,22.439353122725205,22.53603592576677,21.905105352001236,22.26592254638672,254434000.0
2021-09-09,22.239016490910437,22.464277065145424,22.058608795237394,22.10445785522461,196856000.0
2021-09-10,22.2748946360381,22.55198511877038,22.197150672313043,22.404470443725586,248376000.0
2021-09-13,22.60979964648237,22.888884438479984,21.78650131614353,22.079540252685547,297500000.0
2021-09-14,22.202132041411108,22.336690647857136,22.013751133052175,22.169240951538086,199755000.0
2021-09-15,22.236018912995096,22.293829735980275,21.89414058393964,22.267913818359375,166538000.0
2021-09-16,22.11043394136282,22.204126304937887,21.855270869830687,22.169240951538086,156033000.0
2021-09-17,22.227052672404977,22.247983887075033,21.758590795663608,21.82836151123047,294503000.0
2021-09-20,21.076823046954424,21.362884811342862,20.594407146067287,21.04393196105957,349440000.0
2021-09-21,21.346942396030226,21.354915649191057,20.88147094862816,21.176502227783203,204688000.0
2021-09-22,21.296108496012426,21.888165314452635,21.126664510196306,21.86922836303711,268726000.0
2021-09-23,22.067578357802937,22.46128674955399,21.818396120154357,22.40846061706543,248555000.0
2021-09-24,21.99780629061381,22.076548344372082,21.789490317687935,22.008769989013672,217655000.0
2021-09-27,21.638987075221507,21.727696661560007,21.255248058410707,21.58915138244629,245215000.0
2021-09-28,21.144601235884615,21.34893052299368,20.58344140631402,20.631284713745117,343069000.0
2021-09-29,20.87149907318932,20.94824684688675,20.400044932702517,20.44988250732422,218394000.0
2021-09-30,20.700065269029956,20.99709081329455,20.62032703375371,20.648235321044922,221009000.0
2021-10-01,20.682119903644967,20.790762583446227,20.136908439010178,20.67414665222168,240978000.0
2021-10-04,20.436927789431792,20.474803591708355,19.491032716054217,19.66745376586914,345635000.0
2021-10-05,19.884737541485297,20.58045410102996,19.789050920867343,20.384098052978516,279282000.0
2021-10-06,20.054181613694748,20.65221729292301,20.01431155448803,20.63228416442871,297202000.0
2021-10-07,21.023000423462637,21.25224946522736,20.903394046211478,21.006057739257812,256919000.0
2021-10-08,21.03197467494621,21.136630744836808,20.707040866525467,20.76285743713379,151258000.0
2021-10-11,20.507697674953654,20.994100339135553,20.44390594615488,20.627304077148438,163388000.0
2021-10-12,20.759862367878053,20.98811330819256,20.460844548765365,20.603376388549805,162134000.0
2021-10-13,20.849571259430128,20.921336231312484,20.645241941754325,20.870502471923828,180652000.0
2021-10-14,21.218361862587606,21.683833248654274,21.052904524091133,21.674863815307617,243589000.0
2021-10-15,21.738653534036047,21.85925800191469,21.59113886513245,21.790483474731445,226994000.0
2021-10-18,21.677858693551304,22.21808560723997,21.573200707932173,22.149311065673828,189494000.0
2021-10-19,22.20313265408627,22.305796372358465,21.964916022213767,22.21708869934082,161473000.0
2021-10-20,22.23203574791411,22.359617290338466,21.910092397516213,22.030696868896484,146276000.0
2021-10-21,22.024720007697436,22.636711910105085,22.01076586305689,22.617773056030273,187590000.0
2021-10-22,22.748343744609,23.054338727467037,22.487201638503425,22.651660919189453,249384000.0
2021-10-25,22.897850050486433,23.27860041757706,22.69551498837549,23.090219497680664,230235000.0
2021-10-26,23.9105273389636,25.17637336256749,23.84573943509634,24.636144638061523,485898000.0
2021-10-27,24.393939116260093,25.00792321942295,24.20256586759915,24.371013641357422,245990000.0
2021-10-28,24.796615700863228,24.86838066580957,24.4427774851292,24.85940933227539,234204000.0
2021-10-29,24.91921749719109,25.624901707362692,24.91822131585797,25.483366012573242,292503000.0
2021-11-01,25.565094542912135,25.80929200930688,25.144474150231424,25.742511749267578,265740000.0
2021-11-02,25.737533548022185,26.59073246242579,25.715604250404937,26.314638137817383,294112000.0
2021-11-03,26.582753200243893,26.696380585852886,26.14917676933632,26.510988235473633,239910000.0
2021-11-04,27.139927249878582,31.26239704427072,27.02929029769168,29.703514099121094,1153631000.0
2021-11-05,30.088249068059874,31.29728030818793,29.313790454475946,29.654672622680664,851260000.0
2021-11-08,30.050371960024457,30.99826111038882,29.8091630510037,30.703229904174805,503101000.0
2021-11-09,32.17639923609389,32.204307519629445,29.86598118563401,30.556713104248047,646746000.0
2021-11-10,29.259972850188642,30.749085226450433,28.683862559196594,29.362634658813477,636206000.0
2021-11-11,30.368330421751022,30.489931064518142,29.679590905724567,30.290584564208984,332172000.0
2021-11-12,29.911828494952534,30.57963679954635,29.53307052458696,30.290584564208984,413054000.0
2021-11-15,30.45205912496515,30.543757233968925,29.151327703396426,29.926782608032227,384909000.0
2021-11-16,29.661652535322734,30.29058701140295,29.608824510774056,30.104198455810547,264484000.0
2021-11-17,30.31849611458015,30.409199941675634,28.705788874793846,29.165281295776367,428508000.0
2021-11-18,32.26112405677025,32.65283625350955,31.21854422447708,31.571386337280273,781711000.0
2021-11-19,32.137524780788404,32.97976178244582,31.800631120790957,32.877098083496094,533867000.0
2021-11-22,33.40735981814446,34.53366450538527,31.79565055921418,31.85146713256836,754335000.0
2021-11-23,31.431842568314533,32.25414458908274,30.778984519657556,31.642152786254883,532163000.0
2021-11-24,31.358077087355277,32.74751577697891,30.8268198317491,32.567108154296875,435162000.0
2021-11-26,32.49335390329238,32.60299466798655,31.24744493690994,31.399944305419922,283069000.0
2021-11-29,32.26012091262168,33.30269671767384,31.93119862998533,33.266815185546875,454964000.0
2021-11-30,33.06049048348585,33.24389046679486,31.759761224855104,32.5691032409668,622066000.0
2021-12-01,33.114388375070114,33.184167626613956,31.281177159177126,31.33600425720215,484368000.0
2021-12-02,31.11570313644076,32.375722550194084,30.9272972457991,32.02482986450195,472890000.0
2021-12-03,31.899227266863253,32.027822639120906,30.035115336865402,30.596343994140625,544325000.0
2021-12-06,29.78589864714848,30.145761817550646,27.949700565814876,29.942405700683594,658938000.0
2021-12-07,30.85950333447819,32.34680493925572,30.554465406943,32.32487106323242,593053000.0
2021-12-08,31.898230293439173,32.18831425036044,31.322049493917223,31.72577476501465,475551000.0
2021-12-09,31.634061878266106,32.103581165831095,30.33217500414839,30.393980026245117,488507000.0
2021-12-10,31.051903118678588,31.206415682530494,29.766962833942674,30.102901458740234,488825000.0
2021-12-13,30.153740973557664,30.19859933646938,28.02745685315274,28.072315216064453,598344000.0
2021-12-14,27.61177134537967,28.587688427433932,27.16418590298591,28.24776268005371,667035000.0
2021-12-15,28.31056319651723,30.403950320139508,27.750332756169268,30.363079071044922,698297000.0
2021-12-16,31.053897441434426,31.061871670056004,28.004530741243016,28.297603607177734,707366000.0
2021-12-17,27.896868119225253,28.83091752139496,27.672576326059648,27.71344757080078,713758000.0
2021-12-20,27.219012340762006,28.05536898927544,27.059516359346297,27.6317081451416,461847000.0
2021-12-21,28.284645850680768,29.028296854991318,27.31470852270142,28.98343849182129,524385000.0
2021-12-22,28.80001904458484,29.461927576880676,28.359409624344213,29.307415008544922,395184000.0
2021-12-23,29.66129709262339,29.964340611891693,29.338318000778614,29.546659469604492,343022000.0
2021-12-27,29.566590756031,30.989096709482265,29.54665328628474,30.847543716430664,403686000.0
2021-12-28,31.21338914387757,31.231332106487933,29.917482103381964,30.22650718688965,420591000.0
2021-12-29,30.177667453136895,30.451801065304423,29.273522212886757,29.906522750854492,343139000.0
2021-12-30,29.733070560375477,30.361087673132488,29.446975608009016,29.492830276489258,308864000.0
2021-12-31,29.58055069803875,29.935430483532848,29.23863045980728,29.318378448486328,266530000.0
2022-01-03,29.721106030264906,30.61428422261977,29.69119982289277,30.026142120361328,391547000.0
2022-01-04,30.18165084016446,30.372049319821922,28.25972307978426,29.1977596282959,527154000.0
2022-01-05,28.857834470045624,29.323364772152377,27.446295212189224,27.517070770263672,498064000.0
2022-01-06,27.55295802996534,28.348445375941616,26.97976990821359,28.089263916015625,454186000.0
2022-01-07,28.052377508601495,28.33249270432617,26.971789766731415,27.161191940307617,409939000.0
2022-01-10,26.497291979306667,27.38249602616525,25.563242453455118,27.31371307373047,594681000.0
2022-01-11,27.23695493896439,27.97661882621992,26.754479886883722,27.729398727416992,404089000.0
2022-01-12,27.978612384474925,28.504949514228787,27.52105820708782,27.91082763671875,383413000.0
2022-01-13,28.289625832276567,28.390307586035668,26.414549141387052,26.491308212280273,540171000.0
2022-01-14,26.21717640732011,27.111352875878474,26.12745967935316,26.857154846191406,395832000.0
2022-01-18,26.177302480368454,26.554112344866216,25.688845811972694,25.821426391601562,424270000.0
2022-01-19,25.996874104337753,26.45941170270569,24.973107843056518,24.988059997558594,488315000.0
2022-01-20,25.224317030343393,25.49845065849649,24.00217604422895,24.073949813842773,435181000.0
2022-01-21,23.432974653185838,24.744830454694682,23.189743544758542,23.30039405822754,718958000.0
2022-01-24,22.259676871868574,23.30636938474509,20.822218672511546,23.29839515686035,913982000.0
2022-01-25,22.474995512389242,22.870746504571382,21.9307154992586,22.253694534301758,664616000.0
2022-01-26,23.166811526105583,23.98123803745793,22.229771275614063,22.700284957885742,755959000.0
2022-01-27,23.493779360509365,23.91943467808651,21.606739331750255,21.874893188476562,573353000.0
2022-01-28,21.94267865750041,22.78601509261585,21.22893388945279,22.7680721282959,543774000.0
2022-01-31,23.10899542114048,24.43181805477135,22.97940564831107,24.408889770507812,564680000.0
2022-02-01,25.024941605227585,25.065812851502276,23.81476408120491,24.560409545898438,518925000.0
2022-02-02,25.712769688020778,25.735696069563566,24.475676742278374,25.162508010864258,543419000.0
2022-02-03,24.380977535591192,24.998027675942943,23.70511318165473,23.872583389282227,410178000.0
2022-02-04,23.896509010672386,24.557421239348365,23.557579565128698,24.242416381835938,354829000.0
2022-02-07,24.29524762592509,25.10269624776117,24.125782912567686,24.650127410888672,376868000.0
2022-02-08,24.282283286827955,25.150540457970152,23.90447719428148,25.0289249420166,410359000.0
2022-02-09,25.541315145745,26.640842398091195,25.27316313381303,26.62090492248535,524282000.0
2022-02-10,25.913134866611202,26.84020442347212,25.519378382520046,25.742671966552734,513200000.0
2022-02-11,25.834385491481136,26.069642339244744,23.698134593993387,23.873579025268555,605472000.0
2022-02-14,23.858630725496297,24.79666745710509,23.680193553099095,24.190582275390625,440424000.0
2022-02-15,24.870429246985168,26.461403743864466,24.705949858768733,26.411561965942383,699869000.0
2022-02-16,26.176305909012655,26.498288671486034,25.47153166394175,26.42751121520996,732676000.0
2022-02-17,25.549285582156386,25.703798143147747,24.088900885684307,24.42982292175293,810595000.0
2022-02-18,24.590314838865833,24.9073141846699,23.027253892651444,23.567546844482422,761255000.0
2022-02-22,22.962457916801178,23.98821671585555,22.927568291074294,23.31633949279785,633422000.0
2022-02-23,23.727040557473366,24.078929495655366,22.230768194872702,22.316495895385742,566511000.0
2022-02-24,20.948825757300856,23.72505598485366,20.824219366831368,23.673219680786133,735801000.0
2022-02-25,23.646297234789348,24.140733592878306,23.30736782876033,24.080923080444336,528866000.0
2022-02-28,23.91644455057124,24.587325461796915,23.632342229680074,24.30820655822754,477319000.0
2022-03-01,24.214504305072836,24.300233919081215,23.059153777179308,23.403066635131836,412056000.0
2022-03-02,23.685224100178537,24.336278491001387,23.34524043941183,24.14784049987793,389642000.0
2022-03-03,24.18971640143085,24.2535268091343,23.399079682408747,23.64335060119629,365095000.0
2022-03-04,23.31433339065873,23.609451053409828,22.4150202714538,22.86766815185547,431415000.0
2022-03-07,22.749018838877227,22.964376798114145,21.2664496692882,21.28838348388672,450821000.0
2022-03-08,21.24551242955818,22.306341548855194,20.588475444727642,21.449901580810547,557467000.0
2022-03-09,22.32029806776181,23.15081636408371,22.18071580003234,22.945430755615234,492742000.0
2022-03-10,22.463875524126543,22.72010983636164,21.816808864999828,22.590497970581055,428066000.0
2022-03-11,22.953412795419776,23.07604745226114,21.980320637514282,22.034160614013672,367209000.0
2022-03-14,21.80384458359265,22.195673358229172,21.095960818464654,21.266450881958008,385354000.0
2022-03-15,21.45388943534592,22.96936124008591,21.258474245006287,22.90455436706543,491996000.0
2022-03-16,23.429982841181694,24.523714502325593,23.102960984324504,24.423015594482422,671422000.0
2022-03-17,24.04813783867153,24.767984935801795,23.83477472930563,24.69221305847168,471941000.0
2022-03-18,24.725114127062692,26.489841079768297,24.550636279337244,26.37418556213379,730719000.0
2022-03-21,26.428023517702794,27.071102224698404,25.88963151138114,26.654346466064453,591727000.0
2022-03-22,26.64736727935604,27.156846357898804,25.99432004218782,26.44497299194336,547007000.0
2022-03-23,26.048163421646912,26.532715564299693,25.498806299804944,25.55763053894043,502120000.0
2022-03-24,26.08804154718275,28.235623263570396,25.829812434294954,28.066129684448242,877379000.0
2022-03-25,27.80292125310054,28.27351518468518,27.189753699361987,27.609498977661133,579016000.0
2022-03-28,27.67330593129394,28.165833619637276,27.124943427788132,28.134925842285156,425494000.0
2022-03-29,28.60950485138546,28.85975646589663,27.896634994206327,28.570621490478516,488984000.0
2022-03-30,28.219676873805547,28.411104299754804,27.421062639533556,27.607505798339844,463487000.0
2022-03-31,27.69922874957192,28.163840001448694,27.188755016987574,27.2047061920166,523440000.0
2022-04-01,27.293440575757664,27.414080364707395,26.188741881916698,26.632415771484375,517235000.0
2022-04-04,26.64836548964832,27.475892457358686,26.533708356361036,27.27848243713379,397120000.0
2022-04-05,27.172798887898374,27.237605758755578,25.743071345725753,25.853740692138672,436615000.0
2022-04-06,24.859712215391237,25.224620987328382,23.931486259303167,24.33428192138672,703833000.0
2022-04-07,24.368179386256767,24.64834229932388,23.40804924530621,24.135873794555664,557992000.0
2022-04-08,23.845742196501757,23.851724837527705,22.99329001527572,23.050119400024414,524781000.0
2022-04-11,22.147815823189774,22.253499000395795,21.595465570939584,21.851699829101562,575207000.0
2022-04-12,22.4698511510868,22.657290726979376,21.21858938714233,21.43992805480957,662258000.0
2022-04-13,21.663265165709976,22.432964462991524,21.39107781519928,22.13684844970703,516943000.0
2022-04-14,22.437944431565548,22.70913525716762,21.099943928443917,21.194660186767578,569097000.0
2022-04-18,21.13683828693259,22.02219119866503,21.016198500677564,21.718101501464844,525701000.0
2022-04-19,21.655284301108995,22.306338557655973,21.250493846316246,22.131860733032227,512781000.0
2022-04-20,22.449913552276662,22.602457585796717,21.1368379554735,21.417997360229492,468974000.0
2022-04-21,21.644320110833693,22.325285752038848,19.940412249254727,20.122867584228516,656209000.0
2022-04-22,20.24250411918814,20.424959410233836,19.441897262175168,19.456851959228516,624713000.0
2022-04-25,19.144787739155014,19.885574017830244,19.039104567845087,19.842702865600586,641566000.0
2022-04-26,19.659254708106264,19.72904585331805,18.614376672651343,18.732025146484375,653143000.0
2022-04-27,18.542591397089467,19.109896444638807,18.235510346277362,18.360137939453125,499460000.0
2022-04-28,18.910490135420694,19.977303851455268,18.43491199008361,19.72306251525879,570327000.0
2022-04-29,19.344197292068042,20.06803419949643,18.461833687592772,18.491744995117188,500435000.0
2022-05-02,18.48576074197281,19.515682143130196,18.336208020718836,19.47480583190918,572049000.0
2022-05-03,19.3421965619345,19.765931398834063,19.07599190108986,19.543594360351562,475751000.0
2022-05-04,19.863641752299557,20.33921986356432,18.695132726502678,20.27341651916504,648855000.0
2022-05-05,19.807809899114023,19.86563575823811,18.444882087815973,18.787857055664062,626331000.0
2022-05-06,18.680180965141894,19.453868144607874,17.936403191321382,18.619361877441406,633297000.0
2022-05-09,17.980269856071814,18.200610175903677,16.776865264300895,16.899499893188477,644455000.0
2022-05-10,17.636295630660026,18.1437798648561,16.974274428777502,17.54257583618164,761474000.0
2022-05-11,17.295316703632178,17.70010720962238,16.518638315122686,16.58045196533203,670167000.0
2022-05-12,16.170677698614824,16.73798268883239,15.520620763164581,16.126808166503906,708728000.0
2022-05-13,16.73798356385744,17.874586549641382,16.543564832253985,17.653247833251953,670437000.0
2022-05-16,17.456831495925755,17.734999526687567,17.05503238408511,17.212560653686523,521446000.0
2022-05-17,18.020152825002086,18.316268876415904,17.581465054882198,18.122846603393555,585830000.0
2022-05-18,17.652254100833233,18.064023819021532,16.813759960216448,16.88753890991211,545161000.0
2022-05-19,16.88653775929863,17.634303190844598,16.684141563200637,17.072980880737305,621310000.0
2022-05-20,17.280361950120188,17.358128675360334,15.708059831340721,16.644262313842773,739105000.0
2022-05-23,16.2255129579709,16.864603890150594,16.130796688219526,16.847654342651367,639889000.0
2022-05-24,16.46081535470086,16.547556066863233,15.732989600282986,16.10587501525879,588550000.0
2022-05-25,15.972272324867756,17.060021530351076,15.952331454150205,16.924427032470703,781132000.0
2022-05-26,15.9882223241749,18.03809652185166,15.974264096032462,17.797815322875977,996575000.0
2022-05-27,18.131822949886057,18.824752172684995,18.046078711105714,18.754961013793945,738379000.0
2022-05-31,18.923448310065066,19.14279403338094,18.295326242537005,18.61636734008789,664100000.0
2022-06-01,18.668216603337324,18.9962349851399,18.068008952451528,18.265419006347656,544514000.0
2022-06-02,18.237498762615502,19.560544628460704,18.14377897274522,19.53362464904785,648656000.0
2022-06-03,19.025147490431646,19.274402636121195,18.466814594887644,18.66422462463379,598779000.0
2022-06-06,19.081980946985432,19.279391018883036,18.508693228823383,18.730031967163086,422406000.0
2022-06-07,18.416965795176733,18.9433925831492,18.133811531545238,18.869613647460938,388914000.0
2022-06-08,18.74695362356912,19.12689931949138,18.4836845843309,18.596372604370117,363252000.0
2022-06-09,18.42983530392258,18.880583584037574,17.991052933850728,17.99803352355957,395574000.0
2022-06-10,17.551274019304014,17.648005592341615,16.822296926639886,16.9270076751709,465248000.0
2022-06-13,15.955702020878928,16.266838484183843,15.562792805356883,15.603679656982422,604153000.0
2022-06-14,15.687446432401757,16.021518975223227,15.369329385877796,15.792156219482422,469680000.0
2022-06-15,16.050443647151294,16.82130447221136,15.881911815742903,16.48124885559082,563936000.0
2022-06-16,15.816090696879078,15.897864407425715,15.358361819515217,15.557807922363281,545749000.0
2022-06-17,15.604677679322638,15.950717118320277,15.285563915858456,15.83603572845459,630334000.0
2022-06-21,16.42939200862002,16.960915525718583,16.361579464356936,16.520139694213867,483089000.0
2022-06-22,16.18107890643938,16.615872682415247,16.135206727012413,16.314708709716797,437135000.0
2022-06-23,16.473267119438244,16.53908438669256,15.80911149125112,16.180082321166992,463680000.0
2022-06-24,16.454316515193973,17.092543941061024,16.26484203486428,17.078582763671875,472153000.0
2022-06-27,17.26407044859053,17.282020263994987,16.579968879448046,16.822296142578125,427968000.0
2022-06-28,16.853210426478878,17.15437435755345,15.900854507260869,15.937752723693848,461149000.0
2022-06-29,15.770218251263673,15.776201206281394,15.128001145361374,15.498970985412598,482352000.0
2022-06-30,15.318471504237966,15.523901498559498,14.820853441865891,15.11703109741211,686070000.0
2022-07-01,14.857751323588166,15.021296837715987,14.352155016267275,14.482791900634766,577610000.0
2022-07-05,14.135756912052631,14.929552726095583,14.016089244404482,14.922572135925293,651397000.0
2022-07-06,14.968444218161782,15.27658874989287,14.748055399282007,15.088111877441406,529066000.0
2022-07-07,15.413210854402083,15.90085644107172,15.34639595387205,15.81409740447998,492903000.0
2022-07-08,15.387279970974781,15.992599747893234,15.346393120597432,15.794150352478027,467972000.0
2022-07-11,15.483015309181383,15.484012943856513,14.996366451757986,15.110051155090332,437321000.0
2022-07-12,15.225729017833062,15.388277846313347,14.835811736826283,15.040244102478027,458483000.0
2022-07-13,14.549605743927154,15.33243221201758,14.424951823504246,15.122015953063965,521918000.0
2022-07-14,15.06617297485196,15.430162236147307,14.687224899011335,15.329442024230957,456235000.0
2022-07-15,15.615648276832916,15.73830694346338,15.40224003829484,15.718362808227539,385935000.0
2022-07-18,16.25686498780902,16.850216937133126,15.957696353307478,16.056421279907227,670517000.0
2022-07-19,16.440356240924725,17.062629156569145,16.127226415976143,16.944955825805664,702366000.0
2022-07-20,16.900082197018165,17.88335248572077,16.754486493931914,17.757699966430664,760538000.0
2022-07-21,17.835484504614854,18.093766321144624,17.496425663382336,18.00002670288086,557049000.0
2022-07-22,17.843463625700892,17.917258166341586,17.089556062811305,17.271053314208984,536671000.0
2022-07-25,16.971882360366042,17.0765931156567,16.602907762705456,16.976869583129883,480748000.0
2022-07-26,16.84224178303558,16.872159411075533,16.43238035984879,16.487228393554688,397865000.0
2022-07-27,16.984844729606653,17.886343144331377,16.866174710818715,17.740747451782227,569776000.0
2022-07-28,17.925235866496404,18.089778068252926,17.39171718778261,17.9342098236084,474646000.0
2022-07-29,17.763679641541707,18.19348605858086,17.64301437349248,18.11271095275879,435460000.0
2022-08-01,18.131658489520138,18.7938215256265,17.94019064521122,18.389942169189453,476469000.0
2022-08-02,18.071831460159476,18.88557246042544,18.041913826316232,18.474712371826172,489527000.0
2022-08-03,18.133661328929822,18.91549138084864,18.08679055626089,18.8406982421875,418146000.0
2022-08-04,18.796816360490926,19.220638962108396,18.708062062276774,19.161802291870117,409652000.0
2022-08-05,18.757920901412877,19.17576145516048,18.614320486775554,18.936426162719727,386068000.0
2022-08-08,17.453543487866224,18.188502488777342,17.19426311465401,17.743736267089844,981859000.0
2022-08-09,17.204237068091455,17.398696888442636,16.67769900606931,17.0386962890625,668263000.0
2022-08-10,17.648998636902306,18.067835838460873,17.269053012858226,18.046894073486328,597422000.0
2022-08-11,18.080804181955322,18.65520971795895,17.82650909360647,17.89232635498047,509327000.0
2022-08-12,18.109720093847795,18.6661757172825,17.90329248620022,18.65719985961914,478094000.0
2022-08-15,18.649226086629287,19.110943606719005,18.56147037086015,18.97930908203125,457666000.0
2022-08-16,18.867617579479603,19.08900306515244,18.449777011947884,18.826730728149414,451240000.0
2022-08-17,18.47171611346851,18.636258289146177,18.094762422807918,18.28423500061035,446799000.0
2022-08-18,18.2503302730506,18.812767894027008,18.132656951420675,18.721023559570312,415447000.0
2022-08-19,18.355042477008766,18.468727183536906,17.72080358497965,17.799585342407227,441588000.0
2022-08-22,17.44157616837466,17.509388691765842,16.91902677104241,16.986839294433594,409593000.0
2022-08-23,16.941964523094743,17.41664650068236,16.923016122259966,17.133432388305664,369986000.0
2022-08-24,16.964902510641934,17.357812751409767,16.8482277414163,17.1743221282959,522661000.0
2022-08-25,16.797364674114142,17.897311489093674,16.786395448843106,17.863405227661133,770691000.0
2022-08-26,17.807563767738106,17.874377717185446,16.192047853448514,16.214984893798828,769127000.0
2022-08-29,15.97564911347893,16.292767620206746,15.723349284871533,15.757254600524902,496132000.0
2022-08-30,15.915813141555713,15.994593942634191,15.13996723606161,15.425175666809082,530181000.0
2022-08-31,15.341407879469896,15.496976116815032,14.91758433882462,15.052210807800293,573710000.0
2022-09-01,14.169659947404499,14.340186988303111,13.233260527452883,13.89841365814209,1178865000.0
2022-09-02,14.060962564890257,14.131765139366534,13.553371026300562,13.609216690063477,743157000.0
2022-09-06,13.6929833994128,13.74085083822802,13.314035378216058,13.427720069885254,535751000.0
2022-09-07,13.529468012385438,13.803788702525829,13.313004492414725,13.680094718933105,512657000.0
2022-09-08,13.425724579883743,13.973368010349136,13.335947888457856,13.955411911010742,624873000.0
2022-09-09,14.122000907484114,14.438217613905524,14.091078359455306,14.351432800292969,486612000.0
2022-09-12,14.333475654409431,14.511035078989412,14.16289794182431,14.469139099121094,484159000.0
2022-09-13,13.767878093148786,13.887581309355834,13.06661601426547,13.098536491394043,714956000.0
2022-09-14,13.221230840390966,13.25714208600549,12.881074316326442,13.095542907714844,588507000.0
2022-09-15,12.98282630284783,13.200286850426261,12.758382138910898,12.897038459777832,523625000.0
2022-09-16,12.710497048087857,13.179335313818578,12.585806090810705,13.165369987487793,670751000.0
2022-09-19,12.97983183509863,13.429717086609914,12.977836924096026,13.348917007446289,569685000.0
2022-09-20,13.182330035591837,13.449667136036723,13.024720650726076,13.143425941467285,524818000.0
2022-09-21,13.180335452104883,13.99631305335464,13.07758944681726,13.228216171264648,807679000.0
2022-09-22,13.037686800354493,13.116491960905076,12.397274767166287,12.529945373535156,759162000.0
2022-09-23,12.389292603820046,12.579820356134693,12.226695501941084,12.485054969787598,663309000.0
2022-09-26,12.460119453590893,12.627704338358164,12.183803837251507,12.197769165039062,547343000.0
2022-09-27,12.47607929062904,12.70451323216134,12.227695289178223,12.382311820983887,553854000.0
2022-09-28,12.379317430021313,12.79129643757293,12.323456127659455,12.704511642456055,542414000.0
2022-09-29,12.417225794477423,12.469097284845578,11.916466992118151,12.189789772033691,532763000.0
2022-09-30,12.057118225117197,12.601768874936441,12.045147807986924,12.108989715576172,565638000.0
2022-10-03,12.316475611950034,12.646657634128852,12.075073310975306,12.481067657470703,547478000.0
2022-10-04,12.847159012438114,13.187316515119232,12.847159012438114,13.13444709777832,584182000.0
2022-10-05,12.879083123852421,13.288069415589456,12.589800067405486,13.176345825195312,507131000.0
2022-10-06,13.187317554392024,13.622239538294219,13.07060622540916,13.097539901733398,644157000.0
2022-10-07,12.474084749119333,12.638676791416017,11.992279039061453,12.04614543914795,672478000.0
2022-10-10,12.007239883816968,12.094024681790135,11.379795288609536,11.64114761352539,698699000.0
2022-10-11,11.532417118510912,11.816712348676244,11.255104551505667,11.557355880737305,667482000.0
2022-10-12,11.550374224944592,11.705987738753207,11.316952527256786,11.471569061279297,492590000.0
2022-10-13,10.943875273241852,12.048138702279783,10.78626591637664,11.93043041229248,850103000.0
2022-10-14,12.0271914472458,12.081057843251315,11.176300644723986,11.199243545532227,713432000.0
2022-10-17,11.489524053285416,11.9184612819513,11.488527073512962,11.858609199523926,580774000.0
2022-10-18,12.313483940586105,12.461117830022587,11.589278871439754,11.937416076660156,659362000.0
2022-10-19,11.849633087075178,12.319469375980995,11.80474425754511,12.021207809448242,523131000.0
2022-10-20,12.08305357020032,12.73743191217373,12.075072975272215,12.163853645324707,652398000.0
2022-10-21,12.06809134335418,12.467103048862125,11.857613479696207,12.435181617736816,609494000.0
2022-10-24,12.477077391333092,12.678577660700563,12.034174829585528,12.567852020263672,517457000.0
2022-10-25,12.662618457515958,13.267120266355917,12.632691937809854,13.228216171264648,505482000.0
2022-10-26,12.837185850244591,13.354901886783574,12.676583621317251,12.864118576049805,532953000.0
2022-10-27,13.596304034739564,13.803789999892798,13.08955953917814,13.143425941467285,583113000.0
2022-10-28,13.07160504486287,13.815761110569417,13.02871112658398,13.799799919128418,521040000.0
2022-10-31,13.74393706149706,13.803789144395994,13.264126272475048,13.463631629943848,486341000.0
2022-11-01,13.776855711937651,13.89057419579045,13.485577789770767,13.50951862335205,432817000.0
2022-11-02,13.815759886644688,14.174869538553562,13.17833970749939,13.186319351196289,672628000.0
2022-11-03,13.010753571214046,13.746928905168618,12.923968770800348,13.387818336486816,500065000.0
2022-11-04,13.951421470670343,14.193820714796013,13.66313547617811,14.121001243591309,612576000.0
2022-11-07,14.192825541805423,14.376370676305802,13.919503702415724,14.265645027160645,410061000.0
2022-11-08,14.764406302820655,14.854183943001459,14.180852592961925,14.565898895263672,595292000.0
2022-11-09,14.12698780032859,14.175867398651944,13.724984235954823,13.741942405700684,454414000.0
2022-11-10,14.763411236851555,15.734005334197544,14.511036451418649,15.71106243133545,700819000.0
2022-11-11,15.767920535169456,16.348481436653724,15.443724222491777,16.28663444519043,655487000.0
2022-11-14,16.17790566297231,16.49911010478808,15.882636965812782,16.254714965820312,527852000.0
2022-11-15,16.680659131421315,16.955975861509707,16.341499544736198,16.624797821044922,545876000.0
2022-11-16,16.122044306055884,16.321548716407033,15.833758273609781,15.87066650390625,649547000.0
2022-11-17,15.67614983892832,16.22578826120925,15.496594526959475,15.638243675231934,710894000.0
2022-11-18,15.926526078879489,15.962438276776751,15.082617967788815,15.370903968811035,492072000.0
2022-11-21,15.109553993521583,15.438738093483565,15.042719242364662,15.279133796691895,404739000.0
2022-11-22,15.290103580749188,16.018299245315394,15.0846125617215,15.998348236083984,472866000.0
2022-11-23,16.05820398423219,16.486144313073122,16.008328349427657,16.47816276550293,427241000.0
2022-11-25,16.277658047637875,16.44623895293213,16.13201909254946,16.22977638244629,167934000.0
2022-11-28,15.986378789361892,16.316561753105944,15.686124245692138,15.787871360778809,303741000.0
2022-11-29,15.787871978822768,15.89261289133373,15.481631739149844,15.600337028503418,298384000.0
2022-11-30,15.662199992090873,16.89246723894382,15.562422258629718,16.885482788085938,565298000.0
2022-12-01,16.96130961638063,17.226718672364875,16.598116373493134,17.097007751464844,470977000.0
2022-12-02,16.622065055941654,16.895457726979757,16.408538823613274,16.83858299255371,371389000.0
2022-12-05,16.64202269753776,16.95732209492753,16.435480895818028,16.57317543029785,352255000.0
2022-12-06,16.493353544908274,16.53625748277145,15.783929395985323,15.951557159423828,352694000.0
2022-12-07,15.737033837548465,16.150116510882306,15.632266127408133,16.08426284790039,372388000.0
2022-12-08,16.23692949045217,17.14092136041118,15.923624431398595,17.130943298339844,515456000.0
2022-12-09,17.12196007850354,17.544022719840193,16.937370713784656,16.96331214904785,465338000.0
2022-12-12,16.999231007459425,17.49911978299442,16.759763296368646,17.496126174926758,457328000.0
2022-12-13,18.48991481040543,18.748341354532826,17.67173314781312,18.031932830810547,656589000.0
2022-12-14,17.947122938893273,18.21153673692968,17.38138052214265,17.634817123413086,496888000.0
2022-12-15,17.107985485394817,17.281599496574888,16.662975165285864,16.91441535949707,478542000.0
2022-12-16,16.826607479780677,17.003215060282987,16.373613669888076,16.534255981445312,478232000.0
2022-12-19,16.53526189450194,16.57217862044,16.10920846876325,16.217966079711914,354039000.0
2022-12-20,16.02838403707244,16.27383892516191,15.816855115740298,16.04933738708496,403260000.0
2022-12-21,16.078275356146534,16.590138515163844,16.066300925017234,16.46441650390625,325025000.0
2022-12-22,16.058317929250357,16.102221001275094,14.849005155476785,15.304991722106934,565045000.0
2022-12-23,15.162308930007534,15.304991533429133,14.850003158774006,15.172286987304688,349326000.0
2022-12-27,15.04058027199165,15.066522651056324,14.024836646016347,14.089693069458008,464902000.0
2022-12-28,13.896123310795858,14.230380640006066,13.853218422811985,14.004881858825684,351066000.0
2022-12-29,14.370070713593025,14.650446912717559,14.195458504097823,14.570624351501465,354923000.0
2022-12-30,14.302221216588292,14.59656727894766,14.201445300640174,14.5816011428833,310490000.0
2023-01-03,14.818074155568226,14.962753137456133,14.064747927725566,14.283262252807617,401277000.0
2023-01-04,14.534703367464905,14.820068566207876,14.20942594066625,14.716299057006836,431324000.0
2023-01-05,14.458873382334806,14.531711494421922,14.116633408077806,14.23337459564209,389168000.0
2023-01-06,14.441909831289994,14.976721722809424,14.002885769126838,14.826056480407715,405044000.0
2023-01-09,15.250114184790577,16.020401941381497,15.1074306292161,15.593351364135742,504231000.0
2023-01-10,15.472620524555069,15.926611700930899,15.437698272766157,15.873729705810547,384101000.0
2023-01-11,15.804882316459198,15.992465239813418,15.528496008879637,15.965524673461914,353285000.0
2023-01-12,16.064305755567425,16.60011394726638,15.457652972865747,16.474393844604492,551409000.0
2023-01-13,16.241914296385605,16.88448766180026,16.129165833633266,16.86153793334961,447287000.0
2023-01-17,16.861536645437063,17.688699300985697,16.861536645437063,17.662755966186523,511102000.0
2023-01-18,17.627828386104188,17.833371016829354,17.243681783190326,17.338472366333008,439624000.0
2023-01-19,16.998229980422312,17.158874241400532,16.693907773124163,16.72783088684082,452932000.0
2023-01-20,16.973286475081306,17.816414337109105,16.787699916065623,17.79945182800293,564967000.0
2023-01-23,18.023952936401,19.202336426570977,17.778499909823832,19.15045166015625,655163000.0
2023-01-24,18.78526133289635,19.451781589199925,18.778276881927304,19.2222900390625,496204000.0
2023-01-25,18.87107002531869,19.327057588077132,18.538808102919397,19.280160903930664,449537000.0
2023-01-26,19.657320791237296,20.121289984084356,19.235258296776955,19.75809669494629,489535000.0
2023-01-27,19.418852978689333,20.582268342414245,19.36198013839365,20.31985092163086,542142000.0
2023-01-30,19.90577336731511,20.095350783793005,19.107545755024255,19.11952018737793,488611000.0
2023-01-31,19.12750161644277,19.643355663941833,18.907990025151328,19.493688583374023,498017000.0
2023-02-01,19.647343286751223,21.14501488817615,19.567520729990026,20.896568298339844,660477000.0
2023-02-02,20.953441855430544,21.900337276933485,20.65410773302951,21.660869598388672,564276000.0
2023-02-03,20.953438276075058,21.69678728086083,20.742905669015506,21.0532169342041,429366000.0
2023-02-06,20.759872338931974,21.522178471104034,20.739916222678673,21.042245864868164,452197000.0
2023-02-07,21.33459738007037,22.209653931499272,21.10311135974189,22.123844146728516,664150000.0
2023-02-08,22.337365045310303,22.82727757872674,21.95920561326959,22.15576934814453,559651000.0
2023-02-09,22.555882109825383,22.96896380674192,22.07095953858251,22.287477493286133,523876000.0
2023-02-10,21.641912436236254,22.02905079986804,20.76486152389426,21.217853546142578,550737000.0
2023-02-13,21.49024697725974,21.99911645552033,20.91552384659178,21.73969268798828,474919000.0
2023-02-14,21.530157577256894,22.997896827890425,21.318627718423105,22.92007064819336,675474000.0
2023-02-15,22.499008003095835,22.804329348665444,22.056991258302702,22.713531494140625,420575000.0
2023-02-16,22.083928543019674,22.50000383331045,21.878385888019974,21.95322036743164,412026000.0
2023-02-17,21.58304317749563,21.691800771351655,20.92849743532747,21.3405818939209,465888000.0
2023-02-21,20.953443519073346,21.446347815635267,20.57229043408108,20.609209060668945,410015000.0
2023-02-22,20.661090150563847,21.05720930150761,20.375723053454355,20.707984924316406,513184000.0
2023-02-23,23.388033612605756,23.8350403425162,22.973952761903,23.611536026000977,1117995000.0
2023-02-24,23.17350751127071,23.421955993730073,22.89612399551086,23.234371185302734,589716000.0
2023-02-27,23.617520428698207,23.827053916300855,23.401999726272685,23.448894500732422,452994000.0
2023-02-28,23.32017832540314,23.77217493415635,23.15454602243009,23.16452407836914,455963000.0
2023-03-01,23.14057875941402,23.204437941311127,22.458095290551928,22.647674560546875,460026000.0
2023-03-02,22.438148550640456,23.328169423400574,22.382271034207484,23.26231575012207,389415000.0
2023-03-03,23.268298244670323,23.8470122834048,23.07871895003249,23.837034225463867,412393000.0
2023-03-06,23.838034225602097,24.19424120106475,23.434928663312892,23.501781463623047,437429000.0
2023-03-07,23.551677824513874,24.07560247170694,23.193411743392723,23.24031639099121,515154000.0
2023-03-08,23.438905826491442,24.150447084590173,23.37603510396069,24.131484985351562,513573000.0
2023-03-09,24.125499097663184,24.403929057492398,23.33512096029611,23.38801383972168,501257000.0
2023-03-10,23.36106553205838,23.578619542231447,22.679463555166457,22.9179744720459,474866000.0
2023-03-13,22.705413316762304,23.250294843227117,22.25134506080111,22.918973922729492,421890000.0
2023-03-14,23.447888767567775,24.169407892174178,23.411961279895785,24.01372718811035,474910000.0
2023-03-15,23.712347660414334,24.23627231190452,23.312169659954225,24.17839241027832,524486000.0
2023-03-16,23.97780109757633,25.535603606038674,23.845072112678007,25.48870086669922,583253000.0
2023-03-17,25.9287988632653,26.3449448193976,25.61544073749828,25.672325134277344,848547000.0
2023-03-20,25.562549518958868,25.970712430849073,25.07854201438664,25.846965789794922,432747000.0
2023-03-21,26.12639693275394,26.337962757604163,25.329033093000934,26.145357131958008,547408000.0
2023-03-22,26.370893785694037,27.532511945846586,26.18327899167826,26.413806915283203,797295000.0
2023-03-23,27.059479880369732,27.442694389660254,26.635350859477686,27.135324478149414,564889000.0
2023-03-24,26.975653609349873,27.111374826778054,26.301037139360137,26.72416877746582,454920000.0
2023-03-27,26.782050151047695,26.944716509158773,26.3110164665487,26.47667694091797,361026000.0
2023-03-28,26.392847592513167,26.45871243560378,25.79706988863312,26.35592269897461,356104000.0
2023-03-29,26.770074250919894,27.02255456693602,26.542540461107045,26.928747177124023,393694000.0
2023-03-30,27.17324699449219,27.44269460926943,27.04650622795167,27.32693099975586,364516000.0
2023-03-31,27.08442846214019,27.777007695296096,27.049500279209546,27.720125198364258,433933000.0
2023-04-03,27.452673959085395,27.942667821784,27.280027855037655,27.907739639282227,398716000.0
2023-04-04,27.908735793018696,27.94266656976958,27.251084780335454,27.396785736083984,368592000.0
2023-04-05,26.774068490200907,26.942721186079208,26.340957083573166,26.82596206665039,515015000.0
2023-04-06,26.529564526400943,27.024549174224266,26.372886420842022,26.981637954711914,397654000.0
2023-04-10,26.768080783046805,27.56444724045996,26.61439676276979,27.522533416748047,395279000.0
2023-04-11,27.667232866582555,27.733097708803008,27.07045586293639,27.11336898803711,314378000.0
2023-04-12,27.31395651647884,27.4117554199044,26.39384357131544,26.44074821472168,446259000.0
2023-04-13,26.67926041012461,26.831947015202942,26.275090880655256,26.408815383911133,353615000.0
2023-04-14,26.44972742157741,26.827951053263416,26.16630857297882,26.70320701599121,395660000.0
2023-04-17,26.510607005107396,26.950704014318593,26.378877313961777,26.946712493896484,321471000.0
2023-04-18,27.476627054688475,28.05244531067526,27.300986821273888,27.6103515625,604812000.0
2023-04-19,27.304975350464428,27.94266686552096,27.176239781728775,27.873807907104492,358660000.0
2023-04-20,27.614340416338198,27.972606485594795,26.944714827313312,27.04850196838379,427713000.0
2023-04-21,26.896811075410813,27.12733896388513,26.667282494525807,27.06346893310547,345103000.0
2023-04-24,26.957689535565127,27.309965480209698,26.61638884445198,26.986629486083984,339282000.0
2023-04-25,27.02255332861515,27.191207903080986,26.171301222877446,26.187267303466797,378527000.0
2023-04-26,26.946707940661295,27.27403540128356,26.650315233944067,26.900800704956055,406337000.0
2023-04-27,27.306972360442714,27.43870204664904,26.57048262204744,27.170251846313477,377161000.0
2023-04-28,27.1692571711631,27.70116489389645,27.015571252856407,27.692184448242188,292216000.0
2023-05-01,27.782998298498846,28.99850487853989,27.723121680285786,28.850807189941406,570329000.0
2023-05-02,28.621277734605123,28.776958460184716,28.025499975903916,28.152238845825195,402730000.0
2023-05-03,27.782993707204334,28.30891502450401,27.415747210218576,27.745071411132812,383387000.0
2023-05-04,27.594378381183077,27.801952644290193,27.18422068244442,27.50556182861328,321850000.0
2023-05-05,27.769021662211923,28.696118323225086,27.674216876393494,28.621273040771484,361494000.0
2023-05-08,28.46359870886539,29.16016946274796,28.291951910306917,29.091310501098633,344979000.0
2023-05-09,28.839828282414175,28.913676170511692,28.3917482221622,28.51249885559082,314869000.0
2023-05-10,28.94560847700235,29.053389041510602,28.402723651406696,28.825855255126953,369350000.0
2023-05-11,28.8368313012262,28.890721581405018,28.188162647959096,28.519481658935547,322149000.0
2023-05-12,28.470583157825374,28.72107056378974,27.988572349830026,28.281970977783203,274222000.0
2023-05-15,28.44962451405931,28.909680980904948,28.094354488734744,28.893712997436523,293926000.0
2023-05-16,28.781944947212995,29.808839206478215,28.77296450239682,29.153182983398438,449405000.0
2023-05-17,29.52342540212538,30.13716594058163,29.369741392303435,30.116209030151367,432535000.0
2023-05-18,30.347734802848134,31.762830690352914,30.25791892725925,31.61313819885254,748725000.0
2023-05-19,31.471427932457345,31.515338464823536,30.85269847604877,31.19998550415039,473908000.0
2023-05-22,30.83773268250388,31.455466733996577,30.61718638905539,31.112171173095703,372000000.0
2023-05-23,30.936525465603022,31.223935873295638,30.568281535055462,30.625164031982422,356253000.0
2023-05-24,30.14814019154648,30.54432854642124,29.74496810397816,30.4754695892334,721419000.0
2023-05-25,38.44412443571779,39.399165745558044,36.55998955658973,37.90223693847656,1543911000.0
2023-05-26,37.812419131021514,39.08979709643769,37.47311513309701,38.86625671386719,714397000.0
2023-05-30,40.511872036620545,41.852120390586535,39.86719498674433,40.02886199951172,923401000.0
2023-05-31,39.40713938095961,40.21248609510539,37.74455048395033,37.756526947021484,1002580000.0
2023-06-01,38.410192719285774,39.967997415586815,38.26149953067262,39.68857192993164,635873000.0
2023-06-02,40.014895164925456,40.4170698367897,38.97802122010776,39.2464714050293,482731000.0
2023-06-05,38.82932905392205,39.48398404045427,38.627743010740026,39.09079360961914,396094000.0
2023-06-06,38.75050177628396,39.07982415887529,38.06989507940597,38.574859619140625,388729000.0
2023-06-07,38.8393365135724,39.42220064737449,37.28336583715142,37.40213394165039,511998000.0
2023-06-08,37.650652361661095,38.78843525380602,37.43208020342754,38.435123443603516,417772000.0
2023-06-09,38.96109737948555,39.6337866781629,38.492013810296655,38.694618225097656,427717000.0
2023-06-12,39.12378209838564,39.45313848189554,38.542912981212005,39.40523147583008,388701000.0
2023-06-13,40.107864800357326,41.0210866253636,39.66273283742683,40.942237854003906,613208000.0
2023-06-14,40.744627187256896,42.91639507972652,40.47315286932789,42.91340255737305,740465000.0
2023-06-15,42.51917264005908,43.20483722073351,42.06505544214176,42.570072174072266,568622000.0
2023-06-16,43.3655191410193,43.63599213320871,42.5780517641451,42.60899353027344,655709000.0
2023-06-20,42.91440888005399,43.90448091606777,42.59103745727722,43.72283172607422,451153000.0
2023-06-21,43.41641836747542,43.530198935249985,41.998183661789234,42.9613037109375,551603000.0
2023-06-22,42.170843097037455,43.3415626918256,42.15188284213235,42.94134521484375,417737000.0
2023-06-23,42.381435491620046,42.72576209923424,41.93330719856048,42.126930236816406,358140000.0
2023-06-26,42.37844394803587,42.68085624285854,40.02203424973249,40.553001403808594,594322000.0
2023-06-27,40.71967293420545,41.858453292545065,40.369357466339395,41.794578552246094,462175000.0
2023-06-28,40.58094756482351,41.763645026068765,40.439225350764865,41.03705978393555,582639000.0
2023-06-29,41.47719909021722,41.51911724853508,40.52106150883683,40.74263000488281,380514000.0
2023-06-30,41.59896098123988,42.467268355429134,41.420308161971434,42.219749450683594,501148000.0
2023-07-03,42.434329951938,42.814589668673115,42.11994379587202,42.33053207397461,198209000.0
2023-07-05,42.053080590984536,43.09305457985884,42.003178561095986,42.2347297668457,323618000.0
2023-07-06,41.76264953628558,42.09699732253943,41.265616640980895,42.02114486694336,303582000.0
2023-07-07,42.23971652222752,43.129984404943556,42.097994303095824,42.42036437988281,355881000.0
2023-07-10,42.57406572515449,42.727765640952,41.568022298100566,42.097991943359375,353908000.0
2023-07-11,42.39839653240351,42.67485834432988,41.985203882736315,42.32254409790039,298244000.0
2023-07-12,42.949329116868,43.84957572671799,42.69382635632928,43.8166389465332,481277000.0
2023-07-13,44.43144838419821,46.065262910266576,44.40549795947818,45.887611389160156,478204000.0
2023-07-14,46.49243252940778,47.994507542631396,44.97239476607481,45.38059997558594,772075000.0
2023-07-17,46.1990038397671,46.40559830268811,45.1740001632929,46.37066650390625,510488000.0
2023-07-18,46.6101959109385,47.80287207706954,45.64507706670889,47.40165328979492,569164000.0
2023-07-19,47.37171073363014,47.7250225002053,46.65111448328101,46.9854621887207,427502000.0
2023-07-20,46.416572252146125,46.99544633379389,44.974382199398164,45.43149185180664,537865000.0
2023-07-21,45.698971418551594,45.776822685139486,44.01425371443011,44.22284698486328,963769000.0
2023-07-24,44.644025212328465,45.02129240158318,43.95437069346409,44.5252571105957,382516000.0
2023-07-25,44.85362675642214,46.09320880823953,44.83566019898798,45.59019088745117,348081000.0
2023-07-26,45.93151847506049,45.96345774796509,44.54322423850326,45.363624572753906,364237000.0
2023-07-27,46.42856035632444,47.30285671883618,45.661054414701624,45.81076431274414,455976000.0
2023-07-28,46.57726209617673,46.93556524542494,46.29082136263418,46.65910339355469,331194000.0
2023-07-31,46.66309454574556,47.03836291442901,46.41557565297474,46.63814163208008,251055000.0
2023-08-01,46.36966307349115,46.808809981833214,45.9375063312931,46.41657257080078,237858000.0
2023-08-02,45.74188936339505,45.750870737209425,43.302641133046315,44.182926177978516,530142000.0
2023-08-03,43.714845270967245,45.03028366723633,43.714845270967245,44.4284553527832,324176000.0
2023-08-04,44.897535492129286,45.55325576078865,44.30668747221976,44.5931282043457,362666000.0
2023-08-07,45.023299970859505,45.45146680674041,44.47636500012794,45.328704833984375,322154000.0
2023-08-08,44.765783919063374,45.15402744710867,43.970332803377254,44.577152252197266,353843000.0
2023-08-09,44.18792110075107,44.22584923169371,42.052082281111176,42.47126770019531,586449000.0
2023-08-10,42.07802662294512,43.489278793199354,41.75365777083557,42.30558395385742,492705000.0
2023-08-11,41.66982393739307,41.936306917018776,40.55998646089097,40.77556610107422,533085000.0
2023-08-14,40.40728424676243,43.714840105511556,40.23262525589616,43.667930603027344,690286000.0
2023-08-15,44.473365790467945,45.17998944739272,43.62501611478745,43.85456848144531,676512000.0
2023-08-16,44.43344112151487,44.58813853982079,43.32160482572684,43.401451110839844,527451000.0
2023-08-17,43.88450979004493,43.97632996907339,42.91739206244817,43.259727478027344,452395000.0
2023-08-18,42.55211030275554,43.49327777920653,41.57900735332103,43.214820861816406,583768000.0
2023-08-21,44.407491420923556,46.97349186656967,44.13602090022551,46.87568283081055,692573000.0
2023-08-22,48.04141091720703,48.09331176452581,45.24486061801989,45.57920837402344,755293000.0
2023-08-23,45.776832751180166,47.10823894798695,45.120111028865615,47.0244026184082,779046000.0
2023-08-24,50.11836604551162,50.16826807045973,47.06731047667301,47.0713005065918,1156044000.0
2023-08-25,46.92059466008382,47.71205208326433,44.936457196698406,45.92852783203125,925341000.0
2023-08-28,46.39162792536596,46.88866080793937,44.80072902830529,46.74394226074219,685192000.0
2023-08-29,46.57526237156326,48.98556752704201,46.30079556232575,48.689144134521484,701397000.0
2023-08-30,48.94863563426867,49.829918115562,48.33083976005429,49.168209075927734,735206000.0
2023-08-31,49.283989932424504,49.64728061160453,48.86280955740575,49.259037017822266,528570000.0
2023-09-01,49.66524637506185,49.7031706927899,48.0483934780796,48.41468048095703,463830000.0
2023-09-05,48.1292368066892,48.75601791251672,47.76694364415611,48.45360565185547,382653000.0
2023-09-06,48.35080099771677,48.45859779156676,46.49326626281809,46.97336959838867,468670000.0
2023-09-07,45.440229441727205,46.25770462589442,45.067922908266546,46.1548957824707,433330000.0
2023-09-08,45.856458279277405,46.519219579428515,45.186706235848995,45.487144470214844,473069000.0
2023-09-11,46.062063171640766,46.07703462980452,44.229483586598796,45.0938720703125,473966000.0
2023-09-12,44.654699054902544,45.587959502588625,44.448083747449665,44.78645324707031,349256000.0
2023-09-13,44.516948715229006,45.844473946840324,44.420129217307256,45.40030288696289,398355000.0
2023-09-14,45.86444047531069,45.90137033130358,45.04696523433204,45.49612808227539,370097000.0
2023-09-15,45.25656332752661,45.514082288276775,43.726417212467545,43.8182487487793,506831000.0
2023-09-18,42.668394445794135,44.15961175484726,41.92178629799531,43.884124755859375,500271000.0
2023-09-19,43.7513779115944,43.8841296709857,42.921924053303314,43.438961029052734,373064000.0
2023-09-20,43.51881278602881,43.82124998391259,42.14437793528599,42.16034698486328,367108000.0
2023-09-21,41.505568360727295,42.021603947761406,40.903690569058845,40.94062042236328,450736000.0
2023-09-22,41.494585230845004,42.03657715904044,41.154220620543846,41.53251647949219,479236000.0
2023-09-25,41.51355366859355,42.4567936946112,41.1003231092512,42.14337921142578,419091000.0
2023-09-26,41.92278696484624,42.74026210135053,41.577430601284675,41.83295440673828,402282000.0
2023-09-27,42.2511801171412,42.79217068875673,41.55148521974545,42.388919830322266,444935000.0
2023-09-28,42.38093579889095,43.36509986355093,42.03658080053992,43.008766174316406,424663000.0
2023-09-29,43.74538375843628,44.06179477214428,43.22635166055895,43.41799545288086,397830000.0
2023-10-02,43.948009813372195,45.09087814744479,43.77932579033049,44.698612213134766,433298000.0
2023-10-03,44.724558993956826,45.045961784832514,43.165467413747166,43.43596267700195,470850000.0
2023-10-04,43.6605451941074,44.06079943552314,43.21138241263282,43.958988189697266,361821000.0
2023-10-05,43.96797721587723,44.81639678263096,43.80628011216114,44.60478973388672,393483000.0
2023-10-06,44.11070601288464,45.70373466330227,43.944017177662325,45.67678451538086,434436000.0
2023-10-09,44.75849682767498,45.52007649973999,44.28538045832398,45.18869400024414,409675000.0
2023-10-10,45.22563248789511,46.17286291728584,45.00404573819931,45.71272277832031,368582000.0
2023-10-11,46.109973069324404,46.77174044276166,45.964245041548175,46.71883773803711,378137000.0
2023-10-12,46.68989566086201,47.52034710135052,46.24372943331202,46.857582092285156,481325000.0
2023-10-13,46.87255588078778,47.02826743741539,45.19568386802554,45.376346588134766,474115000.0
2023-10-16,44.9790832052808,46.13891807478204,44.82836342341364,46.00916290283203,375099000.0
2023-10-17,43.91807074145932,44.67066838631244,42.40090056802487,43.85618591308594,812333000.0
2023-10-18,42.51168892025405,43.13852165493323,41.74711648202066,42.11742401123047,627294000.0
2023-10-19,42.731290656514126,43.21638582989178,41.80401951663401,42.022613525390625,501233000.0
2023-10-20,41.81199826924351,42.39092011000652,41.00150997673177,41.3099365234375,477266000.0
2023-10-23,41.15222663549808,43.16746801501632,40.86875508234883,42.89497375488281,478530000.0
2023-10-24,42.99678817947999,43.615632642963874,42.61150915403504,43.581695556640625,401463000.0
2023-10-25,43.31718712471628,43.56872058494652,41.477620479123594,41.701202392578125,398379000.0
2023-10-26,41.775064849583806,42.17731428874224,39.80573926150373,40.25090789794922,541001000.0
2023-10-27,41.053411354619094,41.1292700454015,39.94048596248548,40.424583435058594,416784000.0
2023-10-30,41.01049849985918,41.68823125867914,40.405624059194345,41.08435821533203,388028000.0
2023-10-31,40.374672312145435,40.802874255163,39.15694305189198,40.70405578613281,517969000.0
2023-11-01,40.80787414060049,42.30208841819016,40.79290267934758,42.246192932128906,437593000.0
2023-11-02,43.247317846401735,43.802282272530825,42.814127888386025,43.42498779296875,409172000.0
2023-11-03,43.93803330221259,45.22463078266812,43.641585445769095,44.921199798583984,424610000.0
2023-11-06,45.200677734191665,45.849468936509936,44.815394894536624,45.665809631347656,400733000.0
2023-11-07,45.63386613375853,46.131933661639785,45.07390997743288,45.86942672729492,343165000.0
2023-11-08,46.014157765591044,46.77973167159943,45.882403587242706,46.48727798461914,346719000.0
2023-11-09,47.3786111235174,48.14019083451283,46.662947187934414,46.86257553100586,540496000.0
2023-11-10,47.41155087354873,48.38174104695151,47.194955890683396,48.2449951171875,421245000.0
2023-11-13,48.23002031531456,49.02453947075824,48.009431181663935,48.52946090698242,384136000.0
2023-11-14,49.58749498042509,49.74120755867973,48.948687284637685,49.56353759765625,416954000.0
2023-11-15,49.84202561896839,49.866976786022875,48.11025546793517,48.796974182128906,475497000.0
2023-11-16,48.58835975878918,49.43278516309001,48.24001057724096,49.38786697387695,339756000.0
2023-11-17,49.43178439121729,49.62442581647781,48.9157487529458,49.206207275390625,325205000.0
2023-11-20,49.22018224237135,50.45388089415767,49.08942564411514,50.31513977050781,414120000.0
2023-11-21,50.03266205340574,50.422932832163035,49.130346021791986,49.85100173950195,565747000.0
2023-11-22,49.7591723537565,50.2412708632355,47.6011956303171,48.62528610229492,899420000.0
2023-11-24,48.37974638442562,48.829906801279186,47.656094105123046,47.68703842163086,294645000.0
2023-11-27,47.7109937696309,48.43963402417859,47.56327053938668,48.15217208862305,395662000.0
2023-11-28,48.14617697047183,48.233016759843025,47.38459731024166,47.73194885253906,401491000.0
2023-11-29,48.288918833586436,48.67120510025969,47.770884217997974,48.05036163330078,382005000.0
2023-11-30,47.934577593167546,48.02041980667685,46.33556313621097,46.68291473388672,526247000.0
2023-12-01,46.43836652084653,47.11210883022558,46.10099466756543,46.67791748046875,369317000.0
2023-12-04,45.99119263522652,45.99119263522652,44.92617831886354,45.42524719238281,437543000.0
2023-12-05,45.385328820380614,46.51731562556562,45.19067511548695,46.48337936401367,371718000.0
2023-12-06,47.13122440124437,47.30292009715476,45.331422145943435,45.42226028442383,380590000.0
2023-12-07,45.618910872891085,46.54626331215597,45.52308054469381,46.51332092285156,350823000.0
2023-12-08,46.51232804934258,47.65629461849747,46.467405912391875,47.42171096801758,359224000.0
2023-12-11,47.40673880790064,47.446664942684954,45.74868658721169,46.54426956176758,509728000.0
2023-12-12,45.96430321028968,47.581427820158346,45.96430321028968,47.572444915771484,372387000.0
2023-12-13,47.54449269431196,48.50778063121328,47.52353004634861,48.00267791748047,447792000.0
2023-12-14,48.30413968812158,48.58364165791398,47.337858729747325,48.26420974731445,391232000.0
2023-12-15,48.10848518903452,49.31633726064535,48.034615184125286,48.80324935913086,479948000.0
2023-12-18,49.312347036005846,50.34351123549537,49.06279063158867,49.98814392089844,412587000.0
2023-12-19,49.33630266590499,49.61181391094036,48.80824198487287,49.51598358154297,464444000.0
2023-12-20,49.56689784156496,49.91028926259113,48.012661158302954,48.025638580322266,397894000.0
2023-12-21,48.72439672866285,49.00789323083867,48.33309014213933,48.903079986572266,300425000.0
2023-12-22,49.107708829124014,49.29537497058781,48.38099994161529,48.74335861206055,252507000.0
2023-12-26,48.88111364335506,49.51199224313979,48.87312841671405,49.19156265258789,244200000.0
2023-12-27,49.42315016052461,49.591849010515,48.99790354922427,49.329315185546875,233648000.0
2023-12-28,49.55491912329638,49.79548883206165,49.324326187941345,49.43413162231445,246587000.0
2023-12-29,49.72461566156116,49.90829110638661,48.664499712290464,49.43413162231445,389293000.0
2024-01-02,49.156625856562634,49.20753405733888,47.510553413556266,48.08253479003906,411254000.0
2024-01-03,47.40074566328975,48.09850289557728,47.23603751691528,47.484596252441406,320896000.0
2024-01-04,47.68224884044641,48.41395003873669,47.42370949212884,47.912841796875,306535000.0
2024-01-05,48.37601604637922,49.459090025386296,48.22029079492016,49.0098876953125,415039000.0
2024-01-08,49.424151981929796,52.18225008334284,49.39120958940494,52.16028594970703,642510000.0
2024-01-09,52.30802809263291,54.22861420741035,51.598287244233845,53.04571533203125,773100000.0
2024-01-10,53.52086794542818,54.50311934146144,53.39409057576156,54.253562927246094,533796000.0
2024-01-11,54.9014155282273,55.247799966123495,53.46496957614301,54.724727630615234,596759000.0
2024-01-12,54.52308221048439,54.872463461679565,54.23359967517569,54.61292266845703,352994000.0
2024-01-16,54.92038130782368,56.73415487746208,54.80259064863885,56.281959533691406,449580000.0
2024-01-17,56.24702551752996,56.370806056804064,54.64287831771136,55.953548431396484,474394000.0
2024-01-18,57.15840086229008,57.497797746406825,56.00744677307047,57.005672454833984,491650000.0
2024-01-19,57.88610696898355,59.394427545023596,57.12346261571884,59.38544464111328,543501000.0
2024-01-22,59.94245635666948,60.223957503871716,58.96519328035112,59.54815673828125,452955000.0
2024-01-23,59.46430941121268,59.803706328736965,58.481056408623395,59.76677322387695,294654000.0
2024-01-24,60.197006547482026,62.73748925623283,59.83165479543139,61.25312805175781,560271000.0
2024-01-25,62.239368666397,62.607717226695215,60.742030169454694,61.50767135620117,482777000.0
2024-01-26,60.85184105783135,61.67338271174931,60.46553046315559,60.92271423339844,390309000.0
2024-01-29,61.12335395532468,62.37812361839996,60.79893365210522,62.35416793823242,348733000.0
2024-01-30,62.78839260190601,63.38033889790534,62.14952501071203,62.66261291503906,410735000.0
2024-01-31,61.33099160859471,62.158523170614345,60.59230665111332,61.41783905029297,453795000.0
2024-02-01,61.98981538927627,63.07888305643791,61.54061686379006,62.9151725769043,369146000.0
2024-02-02,63.86049910404713,66.48183961937383,63.57700256861582,66.0426254272461,476578000.0
2024-02-05,68.10394628020288,69.37369252800232,67.08575942583846,69.208984375,680078000.0
2024-02-06,69.50645284574946,69.630233381063,66.18236704818828,68.1019515991211,683111000.0
2024-02-07,68.19777661316522,70.09540449820057,67.48005062301553,69.97461700439453,495575000.0
2024-02-08,69.94967122078744,70.66839500514845,69.3317737851438,69.51744079589844,414422000.0
2024-02-09,70.40783795325798,72.05690694381363,70.08740841333696,72.0050048828125,436637000.0
2024-02-12,72.47118484090161,74.4786183227707,71.1235816589561,72.11981201171875,613710000.0
2024-02-13,70.27509946360114,73.31968365428922,69.4964845401849,72.00003051757812,602580000.0
2024-02-14,73.07211558631658,74.1042774694229,71.8103584587589,73.76887512207031,504917000.0
2024-02-15,73.73794078168315,73.84374789733648,72.27154539670707,72.52908325195312,420122000.0
2024-02-16,73.96850692718213,74.2699729733596,72.37234535124092,72.48414611816406,495327000.0
2024-02-20,71.81934169951924,71.82832841143384,67.61381946264177,69.32877349853516,704833000.0
2024-02-21,67.88532873628714,68.76576751724065,66.13045246980936,67.35227966308594,673755000.0
2024-02-22,74.89189108055353,78.43558804957509,74.08831901858908,78.3986587524414,865100000.0
2024-02-23,80.64666119604064,82.24781162101127,77.43237298519631,78.67716217041016,829388000.0
2024-02-26,79.55859846095663,80.50292689292228,78.36571885591441,78.9516830444336,503973000.0
2024-02-27,79.24014935736925,79.33898034064636,77.0250924240117,78.56135559082031,391705000.0
2024-02-28,77.48227691873889,78.7929431019633,76.98815248522881,77.52519989013672,393110000.0
2024-02-29,78.95366810218512,79.84807446200602,78.2109848648127,78.97163391113281,507289000.0
2024-03-01,79.85805518730493,82.15397732028299,79.29405523547015,82.13301086425781,479135000.0
2024-03-04,83.98070887832954,87.53938523582946,83.57044270492621,85.08574676513672,615616000.0
2024-03-05,85.12270452666515,85.94827947163024,83.2729084960246,85.81550598144531,520639000.0
2024-03-06,87.8699456446009,89.56900130568565,86.87965493223747,88.54676818847656,582520000.0
2024-03-07,90.00224735235656,92.60674140930558,89.44720809741612,92.5089111328125,608119000.0
2024-03-08,94.97364703765751,97.23174040772027,86.35655527181379,87.37679290771484,1142269000.0
2024-03-11,86.27969890435133,88.6436045203793,84.0206076407832,85.6258316040039,678364000.0
2024-03-12,87.8969031445505,91.80114256968415,86.0011815049168,91.75422668457031,668075000.0
2024-03-13,90.89769886633881,91.34592070136199,88.28222228746216,90.73098754882812,635713000.0
2024-03-14,89.42225054534444,90.48940398821422,86.45038860441925,87.79206848144531,602318000.0
2024-03-15,86.77983369344113,89.39131202190967,86.10799973550625,87.68526458740234,642086000.0
2024-03-18,90.2318598178106,92.24537384693531,86.93456418081807,88.30220031738281,668976000.0
2024-03-19,86.5502309225731,90.38759254394184,84.86315541638959,89.24357604980469,672171000.0
2024-03-20,89.64187768825083,90.25382534481801,88.07059918494765,90.21588897705078,479063000.0
2024-03-21,92.14054972284487,92.48794810720764,90.24881917443113,91.27703857421875,480372000.0
2024-03-22,90.9835495525749,94.61426754269417,90.67708069798141,94.12611389160156,586719000.0
2024-03-25,93.77871885813295,96.59883562555477,93.34846365413705,94.83788299560547,552136000.0
2024-03-26,95.68541767838448,96.20851455285562,92.34220396856466,92.4011001586914,513648000.0
2024-03-27,92.95115660792449,93.07893385392306,88.96904884364167,90.09410095214844,586067000.0
2024-03-28,89.8445252112995,91.1422825108375,89.03892009399118,90.19991302490234,435212000.0
2024-04-01,90.14300911365386,92.0656767674512,89.04989954343785,90.20689392089844,452441000.0
2024-04-02,88.295199136712,89.93835929549583,87.46863424504667,89.29747009277344,433064000.0
2024-04-03,88.33115142365672,90.21788597554938,88.24729689318218,88.81031799316406,370067000.0
2024-04-04,90.24982348069041,90.47743406262694,85.73164109008061,85.75659942626953,434965000.0
2024-04-05,86.71594667786945,88.32816244191248,85.7775755946387,87.8559799194336,399678000.0
2024-04-08,88.54676191015398,88.67654220104028,86.58216705957724,86.98247528076172,283220000.0
2024-04-09,87.2909487172583,87.48361610941927,82.87858592167979,85.20655059814453,501700000.0
2024-04-10,83.78102746556362,87.24902545092569,83.56439945092491,86.8886489868164,431929000.0
2024-04-11,87.26898672835297,90.58225365038547,86.77584440203218,90.45946502685547,431637000.0
2024-04-12,89.54405551793229,90.0192388417283,87.37880342967303,88.0336685180664,426805000.0
2024-04-15,88.94407438415881,90.45645646962656,85.78055040974887,85.85242462158203,443077000.0
2024-04-16,86.28369399477991,87.96578088273147,85.91533573267348,87.26399993896484,370453000.0
2024-04-17,88.18737923912188,88.62163290761173,83.80496405819224,83.88982391357422,495400000.0
2024-04-18,84.82321393436638,86.0411075798554,82.25964941091485,84.52472686767578,447260000.0
2024-04-19,83.00637428065669,84.17834237736079,75.47540651529913,76.06837463378906,875198000.0
2024-04-22,77.96907171420484,79.93467203595871,76.26802061217705,79.38063049316406,596341000.0
2024-04-23,80.62947459576492,82.62601974052421,80.1253496885507,82.2806167602539,438559000.0
2024-04-24,83.80497344877082,83.93674919660243,79.0462101404743,79.53936004638672,512208000.0
2024-04-25,78.73174524823247,83.17905069622672,78.08786289005887,82.48925018310547,424641000.0
2024-04-26,83.67321658546781,88.17842147858853,83.2429613231266,87.58345031738281,551011000.0
2024-04-29,87.44368500312586,87.8399947565515,85.11870586410434,87.60540771484375,388971000.0
2024-04-30,87.0893041357892,88.66557903150859,86.15093302077396,86.25275421142578,363709000.0
2024-05-01,84.93002290842145,85.85142484392729,81.11461964994571,82.89753723144531,559863000.0
2024-05-02,84.30310641773906,86.08801954331209,83.05626359727954,85.66874694824219,377898000.0
2024-05-03,87.6373400551101,89.12675929539812,86.8896334546632,88.63561248779297,398341000.0
2024-05-06,89.23557796278553,92.06069095925291,88.90115758999175,91.98082733154297,376203000.0
2024-05-07,90.94061902784969,91.62243773928878,88.8572265315021,90.3975601196289,437342000.0
2024-05-08,89.32841761603471,91.03646035901207,89.26552291616532,90.25581359863281,325721000.0
2024-05-09,90.37261598217049,90.91467725150264,88.07858911055452,88.59369659423828,378013000.0
2024-05-10,90.14898917811553,91.24309639621146,89.07284860877868,89.72272491455078,335325000.0
2024-05-13,90.32169428450598,90.84080023922876,88.37606371894472,90.24283599853516,289680000.0
2024-05-14,89.44421267221655,91.49266969851776,88.78036057605543,91.19818115234375,296507000.0
2024-05-15,92.31226052004403,94.69813133508781,91.44076747625896,94.4665298461914,417735000.0
2024-05-16,94.74604980958085,95.65347613046144,93.94043705092355,94.19599914550781,323952000.0
2024-05-17,94.20598653059943,94.57634022771545,91.64741042469609,92.31924438476562,359691000.0
2024-05-20,93.58805245494568,95.03554461976276,93.27859039868353,94.61627197265625,318764000.0
2024-05-21,93.43729892728764,95.23519004733342,93.01902406434208,95.2212142944336,328946000.0
2024-05-22,95.29408831779949,95.85411617010452,93.0879071432018,94.78596496582031,548648000.0
2024-05-23,101.85176064066984,106.13634662239213,101.34463491102811,103.61970520019531,835065000.0
2024-05-24,104.26855020743297,106.29105104139217,102.82205601462691,106.28506469726562,429494000.0
2024-05-28,110.05355122917427,114.74044007562202,109.69317481392171,113.70423126220703,652728000.0
2024-05-29,112.85471267036033,115.29248791517858,110.70942292973874,114.62664031982422,557442000.0
2024-05-30,114.45194499585061,115.61892428256706,109.47356046717066,110.30911254882812,484553000.0
2024-05-31,112.32561724375552,112.52228313915187,106.75526253688238,109.44361114501953,613263000.0
2024-06-03,113.42471506551881,114.80133056640625,111.80950641949946,114.80133056640625,438392000.0
2024-06-04,115.51610755402032,116.39857553569502,113.8479889155611,116.23585510253906,403324000.0
2024-06-05,118.16651413530396,122.2374646244509,117.26507420610801,122.22848510742188,528402000.0
2024-06-06,123.83368952695288,125.37003219208192,118.11558846545381,120.7889633178711,664696000.0
2024-06-07,119.56309618694148,121.48178065904402,117.81812234412239,120.67916870117188,412386000.0
2024-06-10,120.16206002224595,122.88733960177423,116.80786391189227,121.57960510253906,313434100.0
2024-06-11,121.56962216023484,122.66781818606155,118.54460929253459,120.71104431152344,222551200.0
2024-06-12,122.85750988511934,126.67122400488891,122.36831828276222,124.99398803710938,299595000.0
2024-06-13,129.1770893049594,129.5864183097163,126.9507630154097,129.396728515625,260704500.0
2024-06-14,129.7461556011969,132.62140615970972,128.10885485479358,131.66299438476562,309320400.0
2024-06-17,132.77118307637525,133.5099557271365,129.3667902512595,130.7644805908203,288504400.0
2024-06-18,130.92420671975586,136.10566894087242,130.47495024767164,135.35690307617188,294335100.0
2024-06-20,139.56996619369176,140.52837801062054,129.30688285479897,130.56480407714844,517768400.0
2024-06-21,126.91083052082259,130.4150570517715,124.09547105255645,126.36173248291016,649445800.0
2024-06-24,123.03719724453093,124.2551908621237,117.8457572795687,117.91564178466797,476060900.0
2024-06-25,121.00056206941291,126.29184395373642,119.1236583558784,125.88251495361328,414192600.0
2024-06-26,125.92244138152637,127.9091645624237,122.39825146602374,126.19200134277344,362975900.0
2024-06-27,123.8957921998042,126.2019962793405,122.71773358253314,123.78597259521484,252571700.0
2024-06-28,124.3750052910358,127.49985213027985,122.54801473015355,123.33671569824219,315516700.0
2024-07-01,123.26682297750608,124.63456367500987,118.63445902087864,124.095458984375,284885500.0
2024-07-02,120.93068040128533,123.20693510758652,120.83084647254137,122.46814727783203,218374000.0
2024-07-03,121.45982152361671,128.0689239501953,121.16031210370706,128.0689239501953,215749000.0
2024-07-05,127.17039258704797,128.63798252741702,125.47319299554034,125.6229476928711,214176700.0
2024-07-08,127.28019064518816,130.5547992263396,126.83093424608442,127.98902130126953,237677300.0
2024-07-09,130.1355144487565,133.59980576329167,128.43829962119838,131.163818359375,285366600.0
2024-07-10,133.80947706102873,134.87772388494272,132.20212541064316,134.6880340576172,248978600.0
2024-07-11,135.52661932549566,135.92595502009132,126.84093848175796,127.19036102294922,374782700.0
2024-07-12,128.04894535138322,131.70292655352904,127.01066335258953,129.02734375,252680500.0
2024-07-15,130.34514408452472,131.1737800395054,126.97070905664152,128.2286376953125,208326200.0
2024-07-16,128.2286636887716,128.82766729187324,124.37501443079199,126.15208435058594,214769500.0
2024-07-17,121.15031675281162,121.64949400158038,116.52793817127537,117.79584503173828,390086200.0
2024-07-18,121.64949097287113,122.19858897958201,116.36819489836525,120.89073944091797,320979500.0
2024-07-19,120.15196272062997,121.39990584738524,117.176870571876,117.73594665527344,217223800.0
2024-07-22,120.15196240961751,123.86584236392231,119.66277083791101,123.33671569824219,258068900.0
2024-07-23,122.57796493987696,124.48482570104972,121.89908357161131,122.38827514648438,173911000.0
2024-07-24,118.97391446537992,119.75262982559674,113.25334693957731,114.06201171875,327776900.0
2024-07-25,112.85399693651604,116.43808604158575,106.12508953993542,112.09524536132812,460067000.0
2024-07-26,115.99880916186419,116.00878722251285,111.3963944118867,112.87395477294922,293399100.0
2024-07-29,113.50292255867154,116.08865698961546,111.1168559757427,111.4063720703125,248152100.0
2024-07-30,111.33647720819822,111.80570498592243,102.37125913301429,103.5593032836914,486833300.0
2024-07-31,112.71421539482289,118.1452582531107,110.6975352036146,116.82743072509766,473174200.0
2024-08-01,117.3365974252001,119.96227450650746,106.63423649015627,109.03028869628906,523462300.0
2024-08-02,103.58925680976456,108.54109382170915,101.20319035397925,107.09347534179688,482027500.0
2024-08-05,91.90851250035082,103.239842127859,90.5407717150732,100.28470611572266,552842400.0
2024-08-06,103.6691316762756,107.5327664843651,100.38455194570304,104.07846069335938,409012100.0
2024-08-07,107.6325862976113,108.6209626457341,98.52759897070796,98.74723815917969,411440400.0
2024-08-08,101.83215026963444,105.32639072006307,97.35951914167633,104.7972640991211,391910000.0
2024-08-09,105.46616394434741,106.42458330646772,103.25980151433504,104.57762908935547,290844200.0
2024-08-12,106.14505252549102,110.88723650727509,106.08515369153115,108.84060668945312,325559900.0
2024-08-13,112.25498209343158,116.03874655153282,111.39639661656214,115.94889068603516,312646700.0
2024-08-14,118.3349528711921,118.40483737868666,113.88229289564154,117.88569641113281,339246400.0
2024-08-15,118.56458490618095,123.03720888953038,117.27670666159618,122.6578369140625,318086700.0
2024-08-16,121.73934484458584,124.79430704362497,120.98059332504539,124.375,302589900.0
2024-08-19,124.07548340044629,129.78607177734375,123.21689800857207,129.78607177734375,318333600.0
2024-08-20,128.18871285893894,129.6662885004724,125.68284852553639,127.04061126708984,300087400.0
2024-08-21,127.11050029285343,129.13716641620366,126.45159025428316,128.28855895996094,257883600.0
2024-08-22,129.8060412523951,130.53483568716868,122.89742312741959,123.53636932373047,376189100.0
2024-08-23,125.65290085977209,129.38675225949072,125.01395457447234,129.15711975097656,323230300.0
2024-08-26,129.35679802537265,131.04400430992783,124.16535012958609,126.25190734863281,331964700.0
2024-08-27,124.84424526829238,128.98741074794592,123.67616460225028,128.08889770507812,303134600.0
2024-08-28,127.90917706049713,128.118838213882,122.43819852070378,125.40331268310547,448101100.0
2024-08-29,121.16030028839229,124.22524823697073,116.51795043355128,117.39649963378906,453023300.0
2024-08-30,119.33330911013266,121.54965726206557,117.02711271158417,119.17357635498047,333751600.0
2024-09-03,115.8191103772934,116.01877823521122,107.1134577156826,107.8222885131836,477155100.0
2024-09-04,105.23655349888746,113.0836130103624,103.94867525541761,106.03523254394531,372470300.0
2024-09-05,104.817243866478,109.4695798052194,104.58762658147727,107.0335922241211,306850700.0
2024-09-06,107.86221523834789,107.97203483673319,100.78387825686288,102.6607894897461,413638100.0
2024-09-09,104.70740474857429,106.3746623538231,103.51936821450626,106.29479217529297,273912000.0
2024-09-10,107.63259542371279,109.21998302790867,104.77730096516093,107.922119140625,268283700.0
2024-09-11,109.20999122026392,116.99715887318843,107.24323176128858,116.71762084960938,441422400.0
2024-09-12,116.6577172050991,120.60155948017247,115.19999582839206,118.95413208007812,366052700.0
2024-09-13,118.8942191250157,119.77284345041441,117.41652479583126,118.9141845703125,238358300.0
2024-09-16,116.60779536966285,117.99562620382233,114.1815861384539,116.59780883789062,248772300.0
2024-09-17,117.98563701926243,118.61465900940927,114.65085152654682,115.40966033935547,231925900.0
2024-09-18,115.70919560695407,117.51636932909096,113.04336298957726,113.19313049316406,310318900.0
2024-09-19,117.16691844656921,119.47331975028854,117.06707598202318,117.68611145019531,293506400.0
2024-09-20,116.87737463970251,118.43494609535816,115.2099818009,115.81903076171875,382462400.0
2024-09-23,116.36816938577523,116.80747774675662,114.68080357526898,116.07862091064453,206228500.0
2024-09-24,116.33820757520982,121.60997636399935,115.19998675947464,120.68142700195312,354966800.0
2024-09-25,121.82962567540989,124.74507579152808,121.42026930294443,123.31730651855469,284692900.0
2024-09-26,126.6021852727835,127.47082313052574,121.609985658202,123.84648895263672,302582900.0
2024-09-27,123.7765997601264,123.83650371853182,119.07394858799772,121.21060943603516,271009200.0
2024-09-30,118.12541998168962,121.31044564232414,117.96567356169257,121.25054168701172,226553700.0
2024-10-01,121.58002164337385,122.24898215671047,115.60935538711523,116.81746673583984,302094500.0
2024-10-02,116.25834508658102,119.19375323018366,114.96037016184738,118.66458129882812,221845900.0
2024-10-03,120.73135113827638,124.16598683922703,120.15225416683853,122.65834045410156,277118000.0
2024-10-04,124.7450859792245,124.84492844767553,121.63993722019764,124.72511291503906,243678100.0
2024-10-07,124.7949925984476,130.43617917860723,124.75505409102715,127.52073669433594,346250200.0
2024-10-08,130.0567764001493,133.27175410957346,129.2180905372518,132.68267822265625,285722500.0
2024-10-09,133.90079866653508,134.31016275245554,131.17506153574655,132.4430694580078,246191600.0
2024-10-10,131.70421594134592,134.7893916948541,130.79563194093248,134.5996856689453,242311300.0
2024-10-11,133.80093033986074,135.5681732923908,133.4514855032485,134.58970642089844,170209500.0
2024-10-14,136.25710420849128,139.38222619629536,136.08737124143596,137.8546142578125,232347700.0
2024-10-15,137.65492238931424,138.35384259997033,128.53917525345673,131.39471435546875,377831000.0
2024-10-16,133.77097927850218,136.40686011825153,131.37472950963348,135.50827026367188,264879700.0
2024-10-17,139.12261346955344,140.6701983777905,136.65646567187503,136.71636962890625,306435900.0
2024-10-18,138.45365135367973,138.68328825202838,137.06582057977474,137.78469848632812,176090200.0
2024-10-21,137.91449801128798,143.4857940673828,137.78469595874105,143.4857940673828,264554500.0
2024-10-22,142.68705023422552,144.194689003585,141.55880826832362,143.36598205566406,226311600.0
2024-10-23,141.80841766733155,142.20778753302577,137.24555525009052,139.34226989746094,285930000.0
2024-10-24,140.6003124972593,141.12948441968888,138.2439937495604,140.19094848632812,172354900.0
2024-10-25,140.71011917970793,143.90513885209074,140.58033236044267,141.3191680908203,205122100.0
2024-10-28,142.77689244758375,142.91667341121004,139.83149806296922,140.30076599121094,173586700.0
2024-10-29,140.0711235834401,142.0380513591214,138.68329276437913,141.02963256835938,157593600.0
2024-10-30,139.32228929215535,140.1110653014331,136.59655278062618,139.1226043701172,179418100.0
2024-10-31,137.38533225522045,137.39531116933003,131.90389188236236,132.55287170410156,270039600.0
2024-11-01,134.4898767241073,137.0958059615883,134.36008987253786,135.18878173828125,207127800.0
2024-11-04,136.99593186321135,138.7432015157854,135.3584911981984,135.83773803710938,187528200.0
2024-11-05,137.23555788662173,140.151000495864,137.11574997671616,139.6917266845703,160537400.0
2024-11-06,142.73698322061895,146.2614750565614,141.73854326176877,145.38284301757812,242043900.0
2024-11-07,146.1616297903136,148.69766066609404,145.9419717733186,148.6477508544922,207323300.0
2024-11-08,148.5378942315628,149.53633403774526,146.03180056765603,147.39967346191406,175665800.0
2024-11-11,148.44804913905642,148.61779734270107,143.3460354590936,145.03338623046875,182325600.0
2024-11-12,146.55100082856893,149.41651833977537,145.78219787373922,148.0586395263672,198634700.0
2024-11-13,148.83744386134128,149.09703275189045,145.6723759576151,146.04180908203125,191903300.0
2024-11-14,147.40965302668107,148.76753177848803,145.32291747893564,146.53102111816406,194463300.0
2024-11-15,144.6439744081883,145.0134075079149,139.86145428913719,141.75848388671875,250132900.0
2024-11-18,139.2823404686185,141.32914493468758,136.9360010405669,139.9313201904297,221205300.0
2024-11-19,141.09952959154865,146.90046279249913,140.77004260660007,146.7806396484375,227834900.0
2024-11-20,147.1800476536701,147.3298075633363,142.5073404172706,145.66241455078125,309871700.0
2024-11-21,149.11700420524105,152.65147472524168,140.4804899844899,146.44117736816406,400946600.0
2024-11-22,145.7023485163706,146.93044074143577,140.87989650374584,141.7285614013672,236406200.0
2024-11-25,141.76847182265374,141.82837577269152,135.60810012239304,135.8077850341797,344941900.0
2024-11-26,137.4851722903331,139.08268223719327,135.45834049580736,136.70639038085938,190287700.0
2024-11-27,134.7993582371888,137.00591700209634,131.59437486042492,135.12884521484375,226370900.0
2024-11-29,136.56660913585418,139.1326070072914,135.83775227020575,138.03431701660156,141863200.0
2024-12-02,138.6134117376161,140.23087948399635,137.60499293345052,138.41372680664062,171682800.0
2024-12-03,138.04431859051348,140.3207607312636,137.73480460641824,140.04119873046875,164414000.0
2024-12-04,141.77845844597738,145.56253876730494,140.07111960214385,144.91355895996094,231224300.0
2024-12-05,144.89360218968224,146.32146235801875,143.73532840807314,144.8436737060547,172621200.0
2024-12-06,144.38438282581114,145.482733396531,141.09928024490165,142.22760009765625,188505600.0
2024-12-09,138.76274660606958,139.74128080496888,136.92549436926976,138.6029815673828,189308600.0
2024-12-10,138.80268748950093,141.60850970621567,133.5904709096604,134.8685760498047,210020900.0
2024-12-11,137.15514511831444,139.9609519122756,135.00835767243856,139.10223388671875,184905200.0
2024-12-12,136.8755860719742,138.2335586289744,135.59749604609573,137.13519287109375,159211400.0
2024-12-13,138.73281333743972,139.3918327936691,132.34234795745746,134.0498046875,231514900.0
2024-12-16,133.9798724705664,134.19954557462145,130.2254857362255,131.80313110351562,237951100.0
2024-12-17,128.89747709842524,131.39374870651014,126.67080709010266,130.19554138183594,259410300.0
2024-12-18,133.6603731199009,136.49613412730267,128.08869283192976,128.71775817871094,277444500.0
2024-12-19,131.56348324328064,133.8301019554315,129.35678784338916,130.48509216308594,209719200.0
2024-12-20,129.61639349168385,135.0782365234782,128.02876854092193,134.4990997314453,306528600.0
2024-12-23,136.0767567466981,139.58151660116854,134.91848306333998,139.46170043945312,176053500.0
2024-12-24,139.79122163679293,141.6883821217358,138.44322876231024,140.01089477539062,105157000.0
2024-12-26,139.4916759779926,140.6399702368576,137.52461242783102,139.72132873535156,116205600.0
2024-12-27,138.34337590905767,138.81267619141968,134.50910636621433,136.8056640625,170582600.0
2024-12-30,134.628921256616,140.06081067569033,133.82013169900247,137.2849578857422,167734700.0
2024-12-31,137.82418093259395,137.86412982039317,133.6304466398302,134.08975219726562,155659200.0
2025-01-02,135.7971616952867,138.67287117142274,134.42920986844504,138.1037139892578,198247200.0
2025-01-03,139.8011917981673,144.6838985290199,139.52161059265686,144.25454711914062,229322500.0
2025-01-06,148.36840963752263,151.93309314343088,147.599568879649,149.2071533203125,265377400.0
2025-01-07,152.80175881286766,152.90161576007478,139.80117351290727,139.9309844970703,351782200.0
2025-01-08,142.36737985085435,143.73533196712347,137.3548616440079,139.90106201171875,227349900.0
2025-01-10,137.24501786219508,139.71133557177419,134.0198390250661,135.7073211669922,207602500.0
2025-01-13,129.7961674567433,133.29094833912805,129.31687225149923,133.0313262939453,204808900.0
2025-01-14,135.84711813885167,136.1766278538369,129.85606565410438,131.56350708007812,195590500.0
2025-01-15,133.45070049814615,136.24652830000477,131.0942190240699,136.03684997558594,185217300.0
2025-01-16,138.4332346192246,138.54307117698642,133.2909213149963,133.3708038330078,209235600.0
2025-01-17,136.4861555399997,138.29345383465838,135.25799411499426,137.504638671875,201188800.0
2025-01-21,138.95247218370304,141.6184885428412,136.88555189361048,140.61997985839844,197749000.0
2025-01-22,144.4442829463215,147.56960504936464,143.45575377479585,146.85069274902344,237651400.0
2025-01-23,144.83369562852502,147.0104373660888,143.50567717742842,147.00045776367188,155915500.0
2025-01-24,148.14871188401736,148.74782312135466,141.66840100577613,142.40728759765625,234657600.0
2025-01-27,124.61389107098998,128.20851331467108,116.52596435964819,118.24340057373047,818830900.0
2025-01-28,121.62833781559046,128.8076175411123,116.0766320864675,128.79763793945312,579666400.0
2025-01-29,126.31136108771855,126.70077890376498,119.87098248262683,123.51553344726562,467120600.0
2025-01-30,122.91641979157204,124.81358785050304,117.92387627755191,124.464111328125,392925500.0
2025-01-31,123.59540412169352,127.6593341751579,119.01225290264883,119.89093780517578,388161100.0
2025-02-03,114.57886776806536,118.39317051235568,112.84146484737198,116.48602294921875,371235700.0
2025-02-04,116.78557844108887,121.01925326141507,116.52596404203554,118.47306060791016,256550000.0
2025-02-05,121.57840827352435,124.81357397798935,120.57989968170043,124.64382934570312,262230800.0
2025-02-06,127.22998260932282,128.5779755110731,125.02327919443763,128.48809814453125,251483600.0
2025-02-07,129.02727661770408,130.17555536084487,124.81356929927793,129.64634704589844,228186300.0
2025-02-10,129.89598286165247,134.79866384787866,129.76618710141213,133.3708038330078,216989100.0
2025-02-11,132.38227086076154,134.2794310897884,130.82459989612354,132.60194396972656,178902400.0
2025-02-12,129.8261026458349,132.04279313100764,128.88750205027108,130.94442749023438,160278600.0
2025-02-13,131.36379338160384,136.29642846871295,130.97437562399168,135.08822631835938,197430000.0
2025-02-14,136.2764682668825,139.04234173663804,135.29793396994222,138.6429443359375,195479600.0
2025-02-18,141.05932980350207,143.226091877041,137.72429913092634,139.19210815429688,219176600.0
2025-02-19,139.30195061666387,141.14919790373787,137.01537227663152,139.02236938476562,167536000.0
2025-02-20,139.8211794831435,140.45024487315197,136.5860056380014,139.90106201171875,143903600.0
2025-02-21,139.83114145453473,141.2490371129211,133.83011008980694,134.22950744628906,228217600.0
2025-02-24,136.35635785611953,138.38332947991822,129.88602516626045,130.08572387695312,251381100.0
2025-02-25,129.78614928447132,130.0058224050398,124.25441810041912,126.44114685058594,271428700.0
2025-02-26,129.79614381296275,133.53055638167015,128.29838085048883,131.08421325683594,322553800.0
2025-02-27,134.7986782828192,134.80865788512716,119.83103458283094,119.9708251953125,443175800.0
2025-02-28,117.8439993429124,124.90345590188022,116.22642004317107,124.73371124267578,389091100.0
2025-03-03,123.32581202011416,123.51552349340123,112.11255593535711,113.88990020751953,411381400.0
2025-03-04,110.4849986041218,119.132080722439,109.94580294596078,115.81703186035156,398163300.0
2025-03-05,117.40465751759531,118.10361057672029,114.3392360416895,117.12507629394531,284337900.0
2025-03-06,113.3606904001891,115.17797591196373,110.05562907278994,110.40510559082031,321181900.0
2025-03-07,111.08409477767312,113.31077256873955,107.39959517379882,112.5219497680664,341755500.0
2025-03-10,109.73610869113334,111.68319762733589,105.30272758345134,106.82046508789062,366487400.0
2025-03-11,106.83044416478043,112.0726148635708,104.6137536218378,108.59780883789062,354865700.0
2025-03-12,113.96030532134075,116.59661034457649,112.72203506897391,115.57803344726562,323857500.0
2025-03-13,116.86621875800482,117.59520049683546,113.63075517539951,115.41825103759766,299033100.0
2025-03-14,118.44401014075397,121.70943054003341,117.98465480860956,121.49972534179688,277593500.0
2025-03-17,122.56822336901756,122.71801496792263,117.86481592318836,119.36271667480469,255501500.0
2025-03-18,117.83486627342975,118.85343549406599,114.37970924440411,115.26846313476562,299686900.0
2025-03-19,117.10588726826337,120.28143743378797,115.51811599486,117.35553741455078,273426200.0
2025-03-20,116.3868956857552,120.03178155242583,116.30700581426807,118.36412048339844,248829700.0
2025-03-21,116.77634740953133,117.82487338576216,115.25847035053427,117.5352783203125,266498500.0
2025-03-24,119.71223179694545,122.04896105750126,119.17298658297102,121.24009704589844,228452500.0
2025-03-25,120.38129943766901,121.12026171196634,118.75357566400419,120.52110290527344,167447200.0
2025-03-26,118.5638454632065,118.6736845133834,112.55226594608844,113.60079956054688,293463300.0
2025-03-27,111.19417323533278,114.28983351449122,110.50514401476981,111.27406311035156,236902100.0
2025-03-28,111.33397804410711,112.71205173921601,108.91736643615505,109.51652526855469,229872500.0
2025-03-31,104.98287310192077,110.80471613819729,103.50494855407659,108.22832489013672,299212700.0
2025-04-01,108.36813339033893,110.04578269736857,106.32100673854832,109.99585723876953,222614000.0
2025-04-02,107.1398479774266,111.82328673498283,106.64054773013802,110.26546478271484,220601200.0
2025-04-03,103.36514539947606,105.48217369637304,101.45781468579652,101.65753936767578,338769400.0
2025-04-04,98.7715853475697,99.98987163475934,91.98109847139008,94.17801666259766,532273800.0
2025-04-07,87.33758937851368,101.6075898958186,86.49876870613649,97.50334167480469,611041300.0
2025-04-08,103.66472218207363,105.70186824827938,94.3278084260022,96.16523742675781,476243400.0
2025-04-09,98.75161045127601,114.9389248904037,97.39351305704149,114.17000579833984,612918300.0
2025-04-10,109.21694044618194,110.70485307181585,99.01124202201945,107.4194564819336,437812400.0
2025-04-11,108.34816524857224,111.39390013023589,107.32959598741144,110.77476501464844,313417300.0
2025-04-14,113.95031245540225,114.13006086401796,108.91736463288024,110.55506896972656,264705000.0
2025-04-15,110.81470199440513,113.46099492172469,110.3453585264742,112.04297637939453,228966900.0
2025-04-16,104.40369410395131,106.64055727885454,100.30942561460589,104.3437728881836,397016900.0
2025-04-17,104.30381795694564,104.3237942331935,99.90998190333623,101.34796142578125,292517500.0
2025-04-21,98.63178134580184,99.30084956133582,94.90700524452377,96.7743911743164,288501100.0
2025-04-22,98.64174788818333,99.67030509782194,97.14384726396014,98.75159454345703,241004800.0
2025-04-23,104.37372584399631,104.6533403969428,101.87722447592722,102.5662612915039,247526000.0
2025-04-24,103.33518320501399,106.39089830035945,102.96569827687256,106.28105163574219,220815000.0
2025-04-25,106.70047033928225,111.76337496991529,105.58204256681438,110.85465240478516,251064700.0
2025-04-28,109.53649833991803,110.21554702841466,105.8716284785824,108.57784271240234,207708500.0
2025-04-29,107.51932238432487,110.04578062718967,107.2896485179105,108.867431640625,170444300.0
2025-04-30,104.32379376082015,108.76756286621094,103.93434018163836,108.76756286621094,235044600.0
2025-05-01,112.92174799120272,114.7791455573913,111.14424029465428,111.45380401611328,236121500.0
2025-05-02,114.02021557227994,115.23850951002053,113.21135153306962,114.33976745605469,190194800.0
2025-05-05,112.75199823422925,114.50952981770942,112.50234808238875,113.66072082519531,133163200.0
2025-05-06,111.32399638135878,114.57942879752297,110.66491633937942,113.38111114501953,158525600.0
2025-05-07,112.89179643623137,117.51531428959993,112.12286973799952,116.89617919921875,206758800.0
2025-05-08,118.08451525459601,118.51391379663416,115.68787240644632,117.20574951171875,198428100.0
2025-05-09,117.1857803819228,118.06455379711826,115.0487756801452,116.48676300048828,132972200.0
2025-05-12,121.79930827024249,122.82786560058594,120.11167093091153,122.82786560058594,225023300.0
2025-05-13,124.80509195257008,131.0363568449821,124.29580357204036,129.74815368652344,330430100.0
2025-05-14,133.01359953083553,135.2504704050171,131.4957223220182,135.15060424804688,281180800.0
2025-05-15,134.10207402259,136.10927107264604,132.47436533136158,134.64132690429688,226632600.0
2025-05-16,136.02938538145307,136.15920834538713,133.27325299959534,135.2105255126953,226542500.0
2025-05-19,132.20472197026768,135.67984750647184,132.20472197026768,135.38027954101562,193154600.0
2025-05-20,134.10203943343691,134.3916420789913,132.43437861355363,134.19192504882812,161514200.0
2025-05-21,132.87380141479636,137.20772462329396,130.4072565649854,131.61557006835938,270608700.0
2025-05-22,132.0449376190489,134.0621148614722,131.3658966044825,132.64410400390625,187344000.0
2025-05-23,129.81807417545411,132.49431639064062,128.97925335315108,131.10626220703125,198821300.0
2025-05-27,133.96223193245194,135.47012822500798,133.1234112887049,135.3103485107422,192953600.0
2025-05-28,135.83963178227697,137.05792567392893,134.60136161311598,134.621337890625,304021100.0
2025-05-29,142.0509238917618,143.28919402135628,137.71700129433316,138.99520874023438,369241900.0
2025-05-30,138.52589083809553,139.42462537646244,132.73400370907126,134.94091796875,333170900.0
2025-06-02,135.30038976970178,137.9266987725352,135.21050414256473,137.187744140625,197663100.0
2025-06-03,138.58576663563605,141.80126124338923,137.7569264491721,141.02235412597656,225578800.0
2025-06-04,141.9910314762443,142.19074856243475,139.34473056255086,141.72140502929688,167120800.0
2025-06-05,141.97103980754113,143.79848066110154,138.63571759363617,139.79409790039062,231397900.0
2025-06-06,142.31055518995854,143.0695013401578,141.31195466595716,141.52166748046875,153986200.0
2025-06-09,142.98961854621228,144.7970831461155,141.74136782943543,142.43040466308594,185114500.0
2025-06-10,142.4903028059026,144.08805440763362,141.33192260937975,143.75852966308594,155881900.0
2025-06-11,144.41764573923192,144.79714515361243,141.6812848999734,142.6400146484375,167694000.0
2025-06-12,141.78117540604916,144.80714416503906,141.66133988719625,144.80714416503906,162365000.0
2025-06-13,142.2904745799642,143.38901749969733,140.6626531024409,141.78115844726562,180820600.0
2025-06-16,143.159329390418,145.98555166191812,143.00951976951112,144.49754333496094,183133700.0
2025-06-17,144.29781716982143,145.02684191909495,143.58875484653294,143.9282989501953,139108000.0
2025-06-18,143.81843788371728,145.4562558084884,142.92962233744194,145.28648376464844,161494100.0
2025-06-20,145.2565234707711,146.00552584195606,142.46024490398213,143.65866088867188,242956200.0
2025-06-23,142.31046402404658,144.58743022935184,141.84108794116847,143.97824096679688,154308900.0
2025-06-24,145.36637857516104,147.76319531946535,145.3064608232896,147.70326232910156,187566100.0
2025-06-25,149.07147669890958,154.24458003760031,149.0614802461701,154.10476684570312,269146500.0
2025-06-26,155.77251147358507,156.5115326130379,153.795149532093,154.8137969970703,198145700.0
2025-06-27,155.83242906789442,158.49889084686143,155.05346784206984,157.5401611328125,263234500.0
2025-06-30,158.1893045239527,158.4489684480595,155.7525627920192,157.7798614501953,194580300.0
2025-07-01,156.08211312403307,156.9909063970138,151.2885097592641,153.09609985351562,213143600.0
2025-07-02,152.77650803107835,157.39037305932783,152.7665268185242,157.04083251953125,171224100.0
2025-07-03,158.15934077500395,160.76586971787668,157.56014800239086,159.1280517578125,143716100.0
2025-07-07,157.98957042846925,159.09809459400483,157.1307137305003,158.02952575683594,140139000.0
2025-07-08,159.11806346268276,160.00687898854957,158.17931139836438,159.78717041015625,138133000.0
2025-07-09,161.0055497766517,164.2012901564699,160.9456320255445,162.66334533691406,183656400.0
2025-07-10,164.10145299216728,164.28120626813552,161.39505073108006,163.88174438476562,167704100.0
2025-07-11,163.50223698698784,167.66668863474402,163.25256951238498,164.7006378173828,193633300.0
2025-07-14,165.15003478890583,165.2698855378492,161.80449980139463,163.85177612304688,136975800.0
2025-07-15,170.96229989605533,172.17068192225182,168.97494134085255,170.4729461669922,230627400.0
2025-07-16,170.83247408910898,171.52155877211666,168.67534340451815,171.14205932617188,158831500.0
2025-07-17,171.79120519874627,173.92835823409905,170.60278554683865,172.7698974609375,160841100.0
2025-07-18,173.40903901870553,174.01822826089457,171.03219980516573,172.18067932128906,146456400.0
2025-07-21,172.52022673163836,173.1493936504508,170.77255439137573,171.1520538330078,123126100.0
2025-07-22,171.1120956061046,171.1620321483939,164.3610926233022,166.80783081054688,193114300.0
2025-07-23,169.30450383433347,171.03219846298632,167.74658125695927,170.55284118652344,154082200.0
2025-07-24,172.21063723590794,173.59878776513457,171.07215417768242,173.5089111328125,128984600.0
2025-07-25,173.3790956402227,174.4876199263022,172.7299662493585,173.2692413330078,122316800.0
2025-07-28,173.78854323017163,176.7645753161742,173.73860668662087,176.51490783691406,140023500.0
2025-07-29,177.72327281792994,179.1413820135887,174.78718135767542,175.27651977539062,154077500.0
2025-07-30,176.27521653092245,179.65072563032518,175.80584046425426,179.03155517578125,174312200.0
2025-07-31,182.65671589592668,183.05619299307685,175.69598557745124,177.63340759277344,221685400.0
2025-08-01,173.85844036702034,176.3051785902702,170.66269971388826,173.4889373779297,204529000.0
2025-08-04,174.9270307365029,179.9603205403546,174.28788258302183,179.76058959960938,148174600.0
2025-08-05,179.38107983649965,180.0202279532499,175.6660266458598,178.02288818359375,156407600.0
2025-08-06,176.09546439011424,179.66070799076476,176.01556896990587,179.1813507080078,137192300.0
2025-08-07,181.32849521637667,183.63542017290519,178.56217541570945,180.52955627441406,151878400.0
2025-08-08,181.30852119793246,183.05619350177665,180.16004168373897,182.4569854736328,123396700.0
2025-08-11,181.80785936297346,183.59547178906817,180.01025048518693,181.81784057617188,138323200.0
2025-08-12,182.7166509044063,184.234618174838,179.22130626788388,182.9163818359375,145485700.0
2025-08-13,182.37707840680864,183.72528876478472,179.11143905360885,181.34844970703125,179871700.0
2025-08-14,179.51090820642335,182.7765629312542,179.22130065055427,181.77789306640625,129554000.0
2025-08-15,181.63806666422465,181.65802908835272,177.80316308129093,180.2099609375,156602200.0
2025-08-18,180.3597704757432,182.69665413107447,180.34977402519155,181.76788330078125,132008000.0
2025-08-19,182.1873336556069,182.25724785967336,175.25657768801665,175.4063720703125,185229200.0
2025-08-20,174.93701244991922,175.76591033294957,168.57548977611862,175.1667022705078,215142700.0
2025-08-21,174.61742144674352,176.66468235557974,173.57879631630271,174.7472381591797,140040900.0
2025-08-22,172.38040151215634,178.35244288234992,170.97227338198675,177.7532501220703,172789400.0
2025-08-25,178.11278178635797,181.6680441727565,176.33515059315872,179.57083129882812,163012800.0
2025-08-26,179.82049655621498,182.14739921043056,178.57215920342722,181.52822875976562,168688200.0
2025-08-27,181.7379436715125,182.24727507184866,178.86178472902657,181.35845947265625,235518900.0
2025-08-28,180.5794881684096,184.22462699678687,176.17535050737845,179.9303436279297,281787800.0
2025-08-29,177.87308356836775,177.91302365652732,172.91967451951007,173.94830322265625,243257900.0
2025-09-02,169.77387989783634,172.15071909272382,166.99757884564528,170.55284118652344,231164900.0
2025-09-03,170.83246833565184,172.18067877773825,168.6553752976972,170.39305114746094,164424900.0
2025-09-04,170.34313981864827,171.6314173426514,169.18467902530818,171.4316864013672,141670100.0
2025-09-05,167.8065026792569,168.80517258283567,163.8517783946414,166.7978515625,224441400.0
2025-09-08,167.32715219255022,170.73262035939155,167.12742125141602,168.0861358642578,163769100.0
2025-09-09,168.86509051949957,170.75257602974241,166.51822538667548,170.53286743164062,157548400.0
2025-09-10,176.4050468150653,179.05151589898875,175.2366048852674,177.09413146972656,226852000.0
2025-09-11,179.4511179779685,180.050359799309,176.2551971559751,176.94432067871094,151159300.0
2025-09-12,177.5435512454145,178.37249577533527,176.22522541777622,177.59349060058594,124911000.0
2025-09-15,175.44623766911022,178.62219505337407,174.28771156721004,177.52359008789062,147061600.0
2025-09-16,176.77455192141375,177.2739150624347,174.1578939390572,174.65725708007812,140737800.0
2025-09-17,172.42008695754546,172.97937117956877,168.1954794867923,170.0730743408203,211843800.0
2025-09-18,173.7583871307785,176.87442336525442,172.73969733735942,176.01551818847656,191763300.0
2025-09-19,175.54609885389235,177.8531538116004,174.95683884616588,176.4449462890625,237182100.0
2025-09-22,175.07671637070237,184.31493427279133,174.48747153493287,183.37612915039062,269637000.0
2025-09-23,181.73821238324945,182.18763613663097,175.9855548133895,178.2027130126953,192559600.0
2025-09-24,179.54100413716742,179.5509859124944,175.17656050171237,176.74456787109375,143564100.0
2025-09-25,174.25773588995062,180.0303718676576,172.90946471941734,177.46365356445312,191586700.0
2025-09-26,177.94304916264082,179.54101721374016,174.70717071687335,177.96302795410156,148573700.0
2025-09-29,180.2001578366391,183.76561762390497,180.09031258631592,181.6183624267578,193063500.0
2025-09-30,181.848063160254,187.11135435179565,181.2488213615314,186.3423309326172,236981000.0
2025-10-01,185.00405809785752,187.9003581593927,183.665753326035,187.0015106201172,173844900.0
2025-10-02,189.35850113919957,190.80665113886596,187.82045419605362,188.64939880371094,136805800.0
2025-10-03,188.9490194719917,190.11752734214045,185.14387494216948,187.38101196289062,137596900.0
2025-10-06,185.2637075602064,186.9914995955013,183.09647356463947,185.30364990234375,157678100.0
2025-10-07,185.99279275388864,188.8191899838309,183.76563739379807,184.80430603027344,140088000.0
2025-10-08,186.33235229407293,189.35849142592937,186.30237648821537,188.86911010742188,130168900.0
2025-10-09,191.9851285494953,195.05122522476873,190.816620752273,192.32470703125,182997200.0
2025-10-10,193.26350393527704,195.37081685366852,181.81811007166195,182.92669677734375,268774400.0
2025-10-13,187.73056363822363,189.8678370807686,185.72312947730666,188.0801239013672,153482800.0
2025-10-14,184.5346420566055,184.56460262310264,179.47109296765566,179.80067443847656,205641400.0
2025-10-15,184.56460739230218,184.63451030281777,177.06416377208902,179.60093688964844,214450500.0
2025-10-16,181.99786281424815,183.04652832403656,179.5410050089342,181.57839965820312,179723300.0
2025-10-17,179.950466813544,183.8654866543178,179.52102189247293,182.98660278320312,173135200.0
2025-10-20,182.89672994644732,184.96408521149223,181.4985041529273,182.4073486328125,128544700.0
2025-10-21,182.55715836486127,182.55715836486127,179.5709767314294,180.9292449951172,124240200.0
2025-10-22,180.9092744574391,183.2063479075077,176.53484855405173,180.0503692626953,162249600.0
2025-10-23,180.19017423035882,182.7968501503985,179.5609718650331,181.92796325683594,111363700.0
2025-10-24,183.60580497197222,187.23118563906056,183.26624175096782,186.02272033691406,131296700.0
2025-10-27,189.74798924630224,191.75542334831323,188.18996363054165,191.24607849121094,153452700.0
2025-10-28,192.8040950113927,202.8912204382634,191.66554775855593,200.77392578125,297986200.0
2025-10-29,207.715080745974,211.9197249544373,204.51915980095313,206.77627563476562,308829600.0
2025-10-30,204.88867704045037,205.89740027142088,201.1534507471854,202.63156127929688,178864400.0
2025-10-31,206.18701808603035,207.70508615602077,201.81260775338424,202.23207092285156,179802200.0
2025-11-03,207.81493866642379,211.07078042213968,205.29814450690722,206.61647033691406,180267300.0
2025-11-04,202.7414122562426,203.71017785907821,197.67786326579136,198.43690490722656,188919300.0
2025-11-05,198.51682788141107,202.66153586727006,194.40206522559174,194.96136474609375,171350300.0
2025-11-06,196.16981228388872,197.3682807609907,186.14260723026618,187.84043884277344,223029800.0
2025-11-07,184.66446402160466,188.08012095739036,178.68210397488247,187.9103240966797,264942300.0
2025-11-10,194.8614791513322,199.68532876518447,193.5431531870904,198.7964630126953,198897100.0
2025-11-11,194.91140808059743,195.17107140540628,191.05632435423007,192.91395568847656,176483300.0
2025-11-12,195.4706988945922,195.64048052491762,190.88654915774768,193.5531463623047,154935300.0
2025-11-13,190.8066439854392,191.1961465947379,183.61581837719615,186.62197875976562,207423100.0
2025-11-14,182.62706393415107,190.76667594021126,180.34996953708986,189.92774963378906,186591900.0
2025-11-17,185.73311754704963,188.75925679396335,184.08522536919267,186.36231994628906,173628900.0
2025-11-18,183.14641371605563,184.5646030780414,179.42115405263684,181.1289825439453,213598900.0
2025-11-19,184.5546024199349,187.62069907956393,182.5971076589588,186.28240966796875,247246400.0
2025-11-20,195.70039225393623,195.7503316108911,179.62090987236718,180.40989685058594,343504800.0
2025-11-21,181.00913979899244,184.32490281868388,172.70971237567008,178.6521453857422,346926200.0
2025-11-24,179.2613745727385,183.26626122561635,176.25519889972114,182.31747436523438,256618300.0
2025-11-25,174.68719385821646,177.93305383278917,169.33402110596253,177.59349060058594,320600300.0
2025-11-26,181.3986455127995,182.67701383620675,178.01296428701193,180.03038024902344,183852000.0
2025-11-28,178.7819702942556,179.0616124091028,176.27517303639212,176.7745361328125,121332800.0
2025-12-01,174.5373804488289,180.07033197943204,173.45875435362808,179.69081115722656,188131000.0
2025-12-02,181.52847225165078,185.4235136530611,179.7707195907086,181.22886657714844,182632200.0
2025-12-03,180.8493441127912,182.21759414523953,178.88185225801445,179.36123657226562,165138000.0
2025-12-04,181.3987504426599,184.2952268834804,179.74078419330877,183.1566162109375,167364900.0
2025-12-05,183.66598269849337,184.43504894381925,180.6896172324408,182.1877899169922,143971100.0
2025-12-08,182.41751577930148,187.7709870845105,182.17780264974235,185.323974609375,204378100.0
2025-12-09,185.33395229946427,185.4937610485011,183.09669077375298,184.7446746826172,144719700.0
2025-12-10,184.74467463147755,185.2540478736652,181.8182359713298,183.55612182617188,162785400.0
2025-12-11,180.060377409269,181.09911899111663,176.40483245042134,180.70957946777344,182136600.0
2025-12-12,180.88937065842447,182.59729422559735,174.40727135263347,174.80679321289062,204274900.0
2025-12-15,177.7232402429772,178.20265125135413,174.8167814768023,176.0752410888672,164775600.0
2025-12-16,176.0452813318811,178.27257580423,174.68693742218818,177.50350952148438,148588100.0
2025-12-17,175.88548356566727,175.91544580087532,170.10252832729947,170.7317657470703,222775500.0
2025-12-18,174.3173807251694,175.93540231223645,171.6106906687844,173.9278564453125,176096000.0
2025-12-19,176.45477147838753,181.2289470656948,176.12517166919682,180.76951599121094,324925900.0
2025-12-22,183.6959478478248,183.935660967629,182.1278683380167,183.4662322998047,129064400.0
2025-12-23,182.7471036477755,189.099356383118,182.67718160782493,188.97950744628906,174873600.0
2025-12-24,187.71105179508496,188.67987134928,186.36269028434322,188.38023376464844,65528500.0
2025-12-26,189.68863982420257,192.45526970950266,187.7709805748158,190.2978973388672,139740300.0
2025-12-29,187.4813341773615,188.53004285167208,185.68352392965699,187.99070739746094,120006100.0
2025-12-30,188.01069817319677,188.75978454971104,186.70228116711607,187.31153869628906,97687300.0
2025-12-31,189.33907943283364,190.32786369396138,186.26282955778902,186.27281188964844,120100500.0
2026-01-02,189.60873357074172,192.69496568024334,188.03065649528438,188.6199493408203,148240500.0
2026-01-05,191.52640398377517,193.39413642527967,185.9232371396652,187.89083862304688,183529700.0
2026-01-06,190.2879203285983,191.935904267691,186.5924305704924,187.0119171142578,176862600.0
2026-01-07,188.34028795646717,191.13686475404677,186.3327268208183,188.87962341308594,153543200.0
2026-01-08,188.87963997886857,189.31910643994627,183.48622397884648,184.81459045410156,172457000.0
2026-01-09,184.8545293482555,186.1129888751533,183.44624341374129,184.63479614257812,131327500.0
2026-01-12,182.99680052530172,186.89204340473577,182.79704721562317,184.71470642089844,137968500.0
2026-01-13,184.7746378408776,187.88084992986475,183.17658082293008,185.58364868164062,160128900.0
2026-01-14,184.0954557419801,184.23528457453645,180.57973978602013,182.91688537597656,159586100.0
2026-01-15,186.27281050248445,189.46890929684608,186.103019420931,186.8221435546875,206188600.0
2026-01-16,188.84966224271636,190.20800608356458,185.85331687968656,186.0031280517578,187967200.0
2026-01-20,181.67839380225757,182.1578200140757,177.39362681050815,177.8530731201172,223345300.0
2026-01-21,178.8318922054109,185.15418310637224,178.18267486272933,183.09669494628906,200381000.0
2026-01-22,184.52493568425237,185.94320399708803,183.70592730123704,184.6148223876953,139636600.0
2026-01-23,187.27158465782284,189.3690325020707,186.59242035942677,187.44137573242188,142748100.0
2026-01-26,186.93200550896393,188.88960930416175,185.76343263076708,186.2428436279297,124799600.0
2026-01-27,187.01190478720812,189.76853699604698,185.47377232125424,188.29034423828125,143711600.0
2026-01-28,191.03700193406064,192.1156881225865,189.60873601436586,191.2866973876953,148552700.0
2026-01-29,191.10690928022157,193.244301759811,185.83334250366076,192.27548217773438,171764400.0
2026-01-30,190.97707539362895,194.25307849059112,189.23918956869622,190.8971710205078,179489500.0
2026-02-02,186.97195532434574,190.0681850900544,184.6547894061738,185.38389587402344,165794100.0
2026-02-03,186.01312186532803,186.04308409913696,176.01530661894333,180.12030029296875,204019600.0
2026-02-04,179.24138264216026,179.36123157735668,171.70057725198066,173.97779846191406,207014100.0
2026-02-05,174.71688060291817,176.604592702014,170.82163795446576,171.6706085205078,206312900.0
2026-02-06,176.47474973392875,186.77218713146127,174.3872995354016,185.1841278076172,231346200.0
2026-02-09,184.03552934237337,193.42408742490235,183.7259094221984,189.80848693847656,196387400.0
2026-02-10,191.1468699498802,192.24552080983682,187.89083145679504,188.31031799316406,136764800.0
2026-02-11,192.2155516352278,193.0245624433192,188.54004197866425,189.8184814453125,144192700.0
2026-02-12,192.79485804306626,193.3741533411549,186.28279615580217,186.7122802734375,189932500.0
2026-02-13,187.25162028422807,187.27160018883805,181.36879569323744,182.58731079101562,161888000.0
2026-02-17,181.5285959992061,186.92201173748992,178.9617194034806,184.7446746826172,162276900.0
2026-02-18,188.52005804720127,190.13807962880853,186.53247684939709,187.75099182128906,164749100.0
2026-02-19,186.8321237354349,188.20044994409497,185.43383529156333,187.6710968017578,126554500.0
2026-02-20,186.342734664171,190.09814888521723,185.71349722992974,189.58877563476562,178422300.0
2026-02-23,191.16683922839312,193.71373598373438,189.3490641935772,191.31666564941406,171584800.0
2026-02-24,191.2567378902843,193.53395924081437,187.171708627792,192.61508178710938,175123600.0
2026-02-25,194.2131137016724,197.38924768090467,193.5539140704845,195.32176208496094,250637100.0
2026-02-26,194.03334246429932,194.0533071271398,184.09546670933034,184.66476440429688,360807900.0
2026-02-27,181.0292033274304,182.36756729714082,176.1651407824763,176.97415161132812,311636500.0
2026-03-02,174.79680413295333,183.2365228635074,174.42725972943845,182.25770568847656,209095300.0
2026-03-03,178.27256086028186,180.67961330625172,176.70446619030554,179.83065795898438,178099400.0
2026-03-04,180.22019302825058,184.47499807110998,179.84065106191534,182.8170166015625,177731200.0
2026-03-05,180.94929874286032,183.83577756501342,177.6633132926684,183.1166534423828,198779700.0
2026-03-06,179.6209064601764,182.5373473445644,176.60459654479845,177.60337829589844,189021900.0
2026-03-09,176.61458806542097,182.68718325690133,175.34613090826778,182.427490234375,177213600.0
2026-03-10,182.17779858894656,186.21288569214076,181.7882742872215,184.544921875,179118500.0
2026-03-11,185.6935753620157,187.40157611978597,184.23526832414757,185.8134307861328,145280400.0
2026-03-12,183.83574790315467,184.72471123223085,181.53842231669145,182.9268035888672,155762700.0
2026-03-13,184.70472270189353,185.87335881208497,179.73052445930352,180.0401611328125,160988400.0
2026-03-16,182.7570048934839,188.66012868968363,181.19882333613754,183.0067138671875,217307400.0
2026-03-17,184.8445618023411,185.1841623368753,181.4684917186082,181.71820068359375,182497800.0
2026-03-18,182.26756764801692,183.16652908726184,180.12007659614625,180.1899871826172,156683100.0
2026-03-19,177.80276430906588,179.77047215436778,175.5853475010711,178.3521270751953,170968500.0
2026-03-20,177.79278016290237,178.05247199547227,171.52009228430225,172.4989471435547,241323500.0
2026-03-23,177.0536408486584,178.16234927411983,174.55655117338722,175.43553161621094,182836300.0
2026-03-24,174.6264683383626,176.01484951930743,173.777451794472,174.99603271484375,147667800.0
2026-03-25,176.89383761026875,181.00903649280792,176.64412864426953,178.47198486328125,162602100.0
2026-03-26,175.86504388946904,176.30451888215924,170.9407749866337,171.04066467285156,186152200.0
2026-03-27,169.80209026823204,170.77096223786808,166.81556566439232,167.32498168945312,196212700.0
2026-03-30,168.58352034150624,169.25273855906806,164.07877596313077,164.97772216796875,185627000.0
2026-03-31,166.77563225072552,174.41672082635512,166.7656493784466,174.1969757080078,226181300.0
2026-04-01,175.79511913229018,177.16351944386196,174.54657425208924,175.54541015625,168132000.0
2026-04-02,171.97954556798163,177.28337661769746,171.170490985778,177.18348693847656,143143200.0
2026-04-06,176.953760088437,177.58301630024127,175.55538077559635,177.43319702148438,107564300.0
2026-04-07,175.52541836668527,178.0225079733855,173.4578360976707,177.89266967773438,132534900.0
2026-04-08,184.28522303450282,185.0443328296099,180.09011531444295,181.8680419921875,147732700.0
2026-04-09,181.6283100364998,183.86570786090292,180.40972906189933,183.69590759277344,116428500.0
2026-04-10,184.09543736125556,189.77881591864653,184.08545448929232,188.41041564941406,160459500.0
2026-04-13,185.81343445538195,189.43921351677633,185.52377876103736,189.08961486816406,133648200.0
2026-04-14,190.61783708872017,196.28123474121094,190.54792650193752,196.28123474121094,161307000.0
2026-04-15,196.31119931453722,200.166706463506,195.5121427945441,198.63848876953125,185338400.0
2026-04-16,197.20015246424893,199.6173486077875,195.58204328148997,198.1190948486328,134012900.0
2026-04-17,199.66727910555997,201.46518667284232,199.03802288778024,201.44520568847656,160324400.0
2026-04-20,199.7471876833392,201.9346406188145,197.6096795882359,201.82476806640625,119381400.0
2026-04-21,201.89470437258373,202.51397775047528,198.76834314349978,199.64732360839844,107945300.0
2026-04-22,200.75603026628932,202.26426696777344,198.76834136586132,202.26426696777344,107501000.0
2026-04-23,202.22431724671497,203.59271751351986,196.99041179336916,199.4075927734375,113561800.0
2026-04-24,199.72721882416832,210.70441481695215,199.57738430538978,208.0275421142578,214134400.0
2026-04-27,209.4059296471886,216.5775789683675,207.13858324348888,216.3578338623047,187172400.0
2026-04-28,209.24613572912838,214.4800260296235,207.95762889823203,212.92184448242188,180275400.0
2026-04-29,212.4523894424142,212.47237042757808,207.33835459433345,209.00640869140625,123711800.0
2026-04-30,209.68560172993963,210.05518135667162,198.46867945247158,199.33767700195312,225239200.0
2026-05-01,201.0456862731779,202.76368521944246,196.89052532216473,198.21897888183594,128647000.0
2026-05-04,199.26774870200734,201.49514834231712,194.51329562325486,198.24893188476562,125368100.0
2026-05-05,199.06798360144137,200.00689171848026,195.80178617585554,196.271240234375,113406600.0
2026-05-06,199.65729931010404,208.0275486883452,198.37879062945476,207.5880584716797,188362800.0
2026-05-07,208.0974592073836,213.95063795079753,206.25960488465944,211.2537841796875,168307900.0
2026-05-08,212.7820061205359,217.5464575316693,212.642169707093,214.94947814941406,136421400.0
2026-05-11,213.79081709888328,222.04121091513153,213.64099781886503,219.18453979492188,160685800.0
2026-05-12,218.29558003818886,223.48952345691538,214.6698009927987,220.52297973632812,159176600.0
2026-05-13,224.6681467194947,227.57476278227756,221.3120728008497,225.56710815429688,150405400.0
2026-05-14,229.58243343997336,236.26463268418732,229.03307065698914,235.465576171875,180782900.0
2026-05-15,229.49252726355346,231.23050718880455,223.97896415639156,225.05770874023438,180977600.0
2026-05-18,229.60240180074675,229.7322553439391,218.1157890335498,222.0612030029297,146280900.0
2026-05-19,219.36432694236115,224.21866983705235,217.6563261548179,220.35317993164062,140948200.0
2026-05-20,222.9201831873553,225.8667612103758,220.2433103590018,223.20985412597656,184201600.0
2026-05-21,222.03121805596584,227.13526994336974,217.6762930684293,219.25445556640625,203381800.0
2026-05-22,220.64283833374193,220.75271088945502,214.54994865072538,215.07933044433594,169275700.0
2026-05-26,216.28791550863897,217.92600574795006,211.75320730356688,214.60987854003906,187202600.0
2026-05-27,213.87072806866348,213.90069192498567,208.53694826896,212.35250854492188,167601200.0
2026-05-28,211.03403615445995,215.2691056248748,210.97410844231206,214.00057983398438,143996000.0
2026-05-29,214.33020874183248,217.6063892667686,210.88422794322287,210.8942108154297,289410600.0
2026-06-01,215.47885750139108,224.60821672379726,215.44889364463796,224.09881591796875,212850700.0
2026-06-02,226.91551751623658,232.00958636747916,221.09231801448135,222.56060791015625,193362900.0
2026-06-03,221.46188713313538,222.56061267075634,214.2602739078757,214.5,160907000.0
2026-06-04,213.91000366210938,221.60000610351562,210.97000122070312,218.66000366210938,169022200.0
2026-06-05,214.52999877929688,214.8699951171875,204.3300018310547,205.10000610351562,219655500.0
2026-06-08,210.17999267578125,210.47000122070312,206.0,208.63999938964844,138372800.0
2026-06-09,210.6199951171875,211.39999389648438,199.33999633789062,208.19000244140625,180962500.0
2026-06-10,204.42999267578125,207.22000122070312,199.9199981689453,200.4199981689453,161746600.0
2026-06-11,201.49000549316406,205.66000366210938,199.5399932861328,204.8699951171875,158643200.0
2026-06-12,204.86000061035156,207.07000732421875,203.44000244140625,205.19000244140625,112001800.0
